episode,episode_cost,episode_reward,epsilon,mean_loss,global_step
1,720950.0,-7209.499999999999,0.9989661185487222,,50
2,1000985.0,-10009.85,0.9979122973149935,,100
3,709377.5,-7093.775,0.9968596463434807,,150
4,1058140.0,-10581.4,0.9958081643346144,,200
5,780907.5,-7809.075,0.9947578499902687,,250
6,1036137.5,-10361.375000000002,0.993708702013759,,300
7,817152.5,-8171.525,0.9926607191098409,,350
8,878425.0,-8784.25,0.9916138999847082,,400
9,939407.5,-9394.074999999997,0.990568243345991,,450
10,839650.0,-8396.5,0.9895237479027558,,500
11,798050.0,-7980.499999999999,0.9884804123655013,,550
12,969827.5,-9698.275,0.987438235446159,,600
13,1079930.0,-10799.3,0.9863972158580908,,650
14,763462.5,-7634.625,0.985357352316087,,700
15,776830.0,-7768.2999999999965,0.9843186435363654,,750
16,838695.0,-8386.949999999999,0.9832810882365692,,800
17,1035870.0,-10358.7,0.982244685135766,,850
18,869345.0,-8693.449999999999,0.9812094329544455,,900
19,917260.0,-9172.599999999997,0.9801753304145185,,950
20,758795.0,-7587.949999999998,0.9791423762393152,,1000
21,1124455.0,-11244.550000000001,0.9781105691535833,,1050
22,807675.0,-8076.75,0.9770799078834866,,1100
23,776897.5,-7768.975,0.976050391156604,,1150
24,710262.5,-7102.624999999999,0.9750220177019268,,1200
25,605835.0,-6058.349999999999,0.973994786249858,,1250
26,613922.5,-6139.2249999999985,0.9729686955322107,,1300
27,1042807.5,-10428.075000000003,0.9719437442822059,,1350
28,903422.5,-9034.225,0.9709199312344715,,1400
29,1126725.0,-11267.249999999996,0.969897255125041,,1450
30,786577.5,-7865.774999999999,0.9688757146913508,,1500
31,878735.0,-8787.35,0.96785530867224,,1550
32,1142507.5,-11425.075000000003,0.9668360358079479,,1600
33,911745.0,-9117.449999999999,0.9658178948401126,,1650
34,714510.0,-7145.1,0.9648008845117699,,1700
35,849057.5,-8490.575,0.9637850035673516,,1750
36,856355.0,-8563.55,0.9627702507526834,,1800
37,985392.5,-9853.925000000003,0.9617566248149839,,1850
38,742250.0,-7422.499999999999,0.960744124502863,,1900
39,847812.5,-8478.124999999998,0.95973274856632,,1950
40,883342.5,-8833.425000000001,0.9587224957567426,164.47909545898438,2000
41,853332.5,-8533.324999999997,0.957713364826905,168.4795358276367,2050
42,704195.0,-7041.950000000001,0.9567053545309665,141.43117874145508,2100
43,1025277.5,-10252.775,0.9556984636244698,105.07925994873047,2150
44,925685.0,-9256.850000000002,0.9546926908643394,87.85559463500977,2200
45,858730.0,-8587.300000000001,0.9536880350088807,78.14642868041992,2250
46,935257.5,-9352.575,0.9526844948177773,63.40039817810059,2300
47,803675.0,-8036.75,0.951682069052091,51.218596649169925,2350
48,887817.5,-8878.175000000001,0.9506807564742588,41.569591979980466,2400
49,917622.5,-9176.225000000002,0.9496805558480921,35.98400611877442,2450
50,873042.5,-8730.425,0.9486814659387753,32.53197605133057,2500
51,906605.0,-9066.050000000001,0.9476834855128639,31.491495628356933,2550
52,1057195.0,-10571.949999999995,0.9466866133382833,30.030659484863282,2600
53,823670.0,-8236.699999999999,0.9456908481843268,28.636497650146485,2650
54,998770.0,-9987.700000000003,0.9446961888216546,28.588322677612304,2700
55,1265867.5,-12658.675000000005,0.9437026340222923,27.969640846252442,2750
56,619787.5,-6197.875,0.9427101825596286,27.42278308868408,2800
57,952455.0,-9524.550000000001,0.9417188332084148,26.398190269470216,2850
58,703675.0,-7036.75,0.9407285847447626,25.121940956115722,2900
59,947820.0,-9478.200000000003,0.9397394359461432,25.214281997680665,2950
60,757832.5,-7578.325,0.9387513855913846,24.395608291625976,3000
61,1034352.5,-10343.525,0.9377644324606719,94.0443832397461,3050
62,780437.5,-7804.374999999999,0.936778575335544,61.20814109802246,3100
63,987247.5,-9872.475,0.9357938129988934,45.89142181396485,3150
64,756630.0,-7566.300000000001,0.934810144234964,40.226287269592284,3200
65,949995.0,-9499.949999999999,0.9338275678293497,38.71803455352783,3250
66,756105.0,-7561.05,0.9328460825689932,38.44713386535645,3300
67,928350.0,-9283.499999999998,0.931865687242184,36.392509841918944,3350
68,1288405.0,-12884.049999999997,0.9308863806385576,36.50284969329834,3400
69,650285.0,-6502.85,0.9299081615490931,35.90244434356689,3450
70,939800.0,-9397.999999999996,0.9289310287661127,36.18107723236084,3500
71,1295092.5,-12950.924999999997,0.9279549810832795,36.094528923034666,3550
72,784040.0,-7840.399999999999,0.9269800172955961,36.100327491760254,3600
73,692965.0,-6929.650000000001,0.9260061361994035,34.93611434936523,3650
74,697757.5,-6977.575,0.9250333365923792,34.37126430511475,3700
75,736422.5,-7364.225,0.924061617273536,33.281446647644046,3750
76,883835.0,-8838.35,0.9230909770432201,33.82304531097412,3800
77,840420.0,-8404.199999999999,0.9221214147031102,35.15406566619873,3850
78,967597.5,-9675.975000000002,0.9211529290562157,34.5487198638916,3900
79,1126280.0,-11262.800000000005,0.9201855189068752,33.95429233551025,3950
80,938807.5,-9388.075,0.9192191830607549,33.61259422302246,4000
81,1125157.5,-11251.574999999997,0.9182539203248474,78.08677322387695,4050
82,671345.0,-6713.449999999999,0.9172897295074706,54.513626708984376,4100
83,891865.0,-8918.65,0.9163266094182649,44.90015167236328,4150
84,901830.0,-9018.300000000001,0.9153645588681932,44.24539115905762,4200
85,952852.5,-9528.524999999998,0.9144035766695388,44.02386360168457,4250
86,751257.5,-7512.574999999999,0.9134436616359035,43.02768043518066,4300
87,575607.5,-5756.075000000001,0.9124848125822071,42.13164276123047,4350
88,947525.0,-9475.249999999998,0.9115270283246852,41.12126670837402,4400
89,764562.5,-7645.625,0.910570307680888,41.50120651245117,4450
90,569650.0,-5696.5,0.9096146494696786,40.530930023193356,4500
91,911915.0,-9119.149999999998,0.908660052511232,38.96077011108398,4550
92,852642.5,-8526.425000000001,0.9077065156270336,39.66868896484375,4600
93,657355.0,-6573.549999999998,0.9067540376398768,39.410317497253416,4650
94,817545.0,-8175.449999999998,0.905802617373863,38.42932689666748,4700
95,905800.0,-9058.0,0.9048522536543993,37.97332794189453,4750
96,964670.0,-9646.699999999999,0.9039029453081966,38.196939659118655,4800
97,588745.0,-5887.449999999999,0.9029546911632694,37.43121570587158,4850
98,855680.0,-8556.8,0.9020074900489335,38.272636566162106,4900
99,597170.0,-5971.700000000001,0.9010613407958047,36.64658542633057,4950
100,624807.5,-6248.074999999999,0.9001162422357973,36.93607921600342,5000
101,860902.5,-8609.025,0.8991721932021228,47.33345283508301,5050
102,888315.0,-8883.15,0.8982291925292886,40.18105117797852,5100
103,561480.0,-5614.799999999999,0.897287239053096,39.481212577819825,5150
104,658092.5,-6580.924999999999,0.8963463316106396,38.7781364440918,5200
105,1027442.5,-10274.425,0.895406469040305,38.46562877655029,5250
106,800457.5,-8004.575000000001,0.8944676501817679,39.262066230773925,5300
107,780092.5,-7800.924999999999,0.8935298738759926,38.0447815322876,5350
108,514400.0,-5144.000000000001,0.8925931389652305,36.42887702941894,5400
109,646970.0,-6469.7,0.8916574442930186,36.92797805786133,5450
110,682380.0,-6823.8,0.8907227887041781,36.82070209503174,5500
111,964675.0,-9646.749999999996,0.8897891710448133,36.647490615844724,5550
112,620847.5,-6208.474999999997,0.8888565901623093,36.233891525268554,5600
113,693785.0,-6937.85,0.887925044905332,36.14052959442139,5650
114,973415.0,-9734.15,0.8869945341238251,34.872876472473145,5700
115,1079465.0,-10794.65,0.8860650566690099,35.389513931274415,5750
116,605262.5,-6052.624999999999,0.8851366113933832,34.88226684570313,5800
117,774900.0,-7749.000000000001,0.8842091971507161,35.520054512023925,5850
118,666657.5,-6666.575000000001,0.8832828127960527,35.654949035644535,5900
119,630420.0,-6304.199999999998,0.8823574571857085,33.97953193664551,5950
120,928715.0,-9287.15,0.881433129177269,35.73713829040528,6000
121,632932.5,-6329.325,0.8805098276295883,43.19039688110352,6050
122,656587.5,-6565.874999999999,0.8795875514027881,39.099139060974125,6100
123,727242.5,-7272.425000000001,0.8786662993582555,38.249408111572265,6150
124,532997.5,-5329.975,0.877746070358642,38.04497871398926,6200
125,855290.0,-8552.899999999998,0.8768268632678626,36.36633693695068,6250
126,697630.0,-6976.3,0.8759086769510934,37.450499534606934,6300
127,543417.5,-5434.174999999999,0.8749915102747711,37.58248340606689,6350
128,983257.5,-9832.574999999999,0.874075362106591,37.77882511138916,6400
129,747205.0,-7472.05,0.8731602313155057,36.515280418395996,6450
130,657645.0,-6576.449999999999,0.8722461167717241,36.627125396728516,6500
131,654875.0,-6548.749999999999,0.8713330173467098,36.531225051879886,6550
132,743150.0,-7431.499999999998,0.8704209319131792,35.86644855499267,6600
133,673702.5,-6737.025,0.8695098593451007,36.66215934753418,6650
134,874717.5,-8747.175000000003,0.8685997985176935,36.903056144714355,6700
135,753210.0,-7532.0999999999985,0.8676907483074254,35.82044815063477,6750
136,496645.0,-4966.449999999999,0.8667827075920123,36.053552894592286,6800
137,516172.5,-5161.724999999999,0.8658756752504158,34.584822235107424,6850
138,707512.5,-7075.125000000002,0.8649696501628431,36.159925079345705,6900
139,968152.5,-9681.525,0.8640646312107446,35.12014156341553,6950
140,887175.0,-8871.75,0.8631606172768126,36.0891162109375,7000
141,969892.5,-9698.925000000005,0.8622576072449805,40.305455169677735,7050
142,537845.0,-5378.450000000002,0.8613556000004211,39.74878135681152,7100
143,658750.0,-6587.500000000001,0.8604545944295449,38.429974746704104,7150
144,426145.0,-4261.45,0.8595545894199993,37.876360206604005,7200
145,827170.0,-8271.700000000003,0.858655583860667,38.090390052795414,7250
146,769317.5,-7693.174999999999,0.8577575766416644,38.12037101745605,7300
147,641292.5,-6412.925,0.8568605666543405,38.47562828063965,7350
148,922187.5,-9221.875000000002,0.8559645527912755,36.1599116897583,7400
149,978362.5,-9783.625000000002,0.855069533946279,37.13526527404785,7450
150,674145.0,-6741.45,0.85417550901439,35.67203941345215,7500
151,788487.5,-7884.874999999999,0.8532824768918733,36.63455574035645,7550
152,865872.5,-8658.724999999999,0.8523904364762204,36.68302612304687,7600
153,591830.0,-5918.299999999998,0.8514993866661463,37.56092456817627,7650
154,594957.5,-5949.575000000003,0.8506093263615898,35.34415977478027,7700
155,710735.0,-7107.35,0.8497202544637107,35.51730625152588,7750
156,841830.0,-8418.300000000001,0.8488321698748893,35.807063026428224,7800
157,997075.0,-9970.75,0.8479450714987248,37.00386940002441,7850
158,700327.5,-7003.275,0.8470589582400339,37.13972862243652,7900
159,740722.5,-7407.225,0.8461738290048494,35.659249496459964,7950
160,1148052.5,-11480.525,0.8452896827004192,34.37458293914795,8000
161,822740.0,-8227.4,0.8444065182352043,43.67415161132813,8050
162,504305.0,-5043.049999999999,0.8435243345188784,41.53121246337891,8100
163,541320.0,-5413.199999999999,0.8426431304623254,42.445263900756835,8150
164,733987.5,-7339.875,0.8417629049776392,40.9760673904419,8200
165,892575.0,-8925.749999999998,0.8408836569781213,39.31925220489502,8250
166,746667.5,-7466.674999999997,0.8400053853782806,40.71901741027832,8300
167,589175.0,-5891.749999999999,0.8391280890938306,39.592658882141116,8350
168,536247.5,-5362.4749999999985,0.8382517670416897,40.46375160217285,8400
169,729577.5,-7295.775000000001,0.8373764181399785,40.03071720123291,8450
170,826920.0,-8269.199999999999,0.8365020413080195,39.9200316619873,8500
171,924147.5,-9241.475,0.8356286354663347,40.393751525878905,8550
172,593290.0,-5932.900000000001,0.8347561995366455,38.289061012268064,8600
173,642672.5,-6426.724999999999,0.83388473244187,39.29401863098145,8650
174,822795.0,-8227.95,0.8330142331061232,39.95172592163086,8700
175,686555.0,-6865.549999999999,0.832144700454714,39.741797256469724,8750
176,781022.5,-7810.224999999999,0.8312761334141457,38.376558532714846,8800
177,646692.5,-6466.924999999999,0.8304085309121129,38.79878463745117,8850
178,904717.5,-9047.175,0.8295418918775013,37.21392639160156,8900
179,643307.5,-6433.075000000002,0.828676215240386,38.60820987701416,8950
180,574240.0,-5742.399999999999,0.8278114999320305,38.43158493041992,9000
181,749272.5,-7492.7249999999985,0.8269477448848848,47.73286949157715,9050
182,655705.0,-6557.050000000002,0.8260849490325846,44.57358711242676,9100
183,651152.5,-6511.5250000000015,0.8252231113099495,44.81673606872559,9150
184,665067.5,-6650.675000000002,0.8243622306529825,44.32622299194336,9200
185,679747.5,-6797.474999999999,0.8235023059988678,43.09751747131347,9250
186,941130.0,-9411.3,0.8226433362859698,43.44929359436035,9300
187,802845.0,-8028.449999999999,0.821785320453832,44.04007797241211,9350
188,646145.0,-6461.45,0.8209282574431755,43.7270174407959,9400
189,1105337.5,-11053.374999999996,0.8200721461958979,43.42536056518555,9450
190,638707.5,-6387.075000000001,0.8192169856550712,43.98560073852539,9500
191,1036022.5,-10360.225000000002,0.8183627747649418,42.77038505554199,9550
192,553175.0,-5531.75,0.8175095124709283,42.32813751220703,9600
193,654785.0,-6547.849999999999,0.8166571977196203,42.7596312713623,9650
194,596000.0,-5959.999999999999,0.8158058294587772,43.718223876953125,9700
195,492637.5,-4926.375,0.8149554066373269,42.00969612121582,9750
196,589250.0,-5892.499999999998,0.8141059282053648,42.02452857971191,9800
197,419577.5,-4195.775000000001,0.8132573931141518,41.65323371887207,9850
198,577495.0,-5774.949999999999,0.8124098003161137,42.72109489440918,9900
199,559882.5,-5598.825000000001,0.8115631487648394,42.91572425842285,9950
200,473607.5,-4736.075000000001,0.8107174374150801,41.4049195098877,10000
201,749115.0,-7491.15,0.8098726652227476,45.510459365844724,10050
202,616990.0,-6169.9,0.8090288311449131,44.22349739074707,10100
203,532635.0,-5326.349999999998,0.808185934139806,44.33965797424317,10150
204,486790.0,-4867.9,0.8073439731668127,43.99636085510254,10200
205,673652.5,-6736.524999999999,0.8065029471864751,42.4399144744873,10250
206,554572.5,-5545.7249999999985,0.8056628551604893,42.97988433837891,10300
207,713500.0,-7135.000000000002,0.8048236960517048,44.25964546203613,10350
208,561865.0,-5618.65,0.8039854688241221,41.62547409057617,10400
209,663762.5,-6637.625,0.8031481724428933,42.45902359008789,10450
210,531900.0,-5318.999999999997,0.8023118058743185,42.729672012329104,10500
211,676765.0,-6767.65,0.8014763680858467,42.0853458404541,10550
212,774432.5,-7744.324999999999,0.8006418580460727,41.40517890930176,10600
213,578372.5,-5783.725000000002,0.7998082747247374,41.084311981201175,10650
214,563712.5,-5637.124999999999,0.7989756170927254,42.53378791809082,10700
215,573907.5,-5739.075000000001,0.7981438841220642,42.63210212707519,10750
216,760715.0,-7607.149999999998,0.7973130747859228,41.05691642761231,10800
217,653572.5,-6535.725000000001,0.7964831880586107,42.70566223144531,10850
218,564075.0,-5640.750000000001,0.7956542229155762,41.98633934020996,10900
219,780992.5,-7809.925000000001,0.7948261783334054,42.00299407958985,10950
220,526565.0,-5265.649999999999,0.793999053289821,41.24053619384765,11000
221,549150.0,-5491.5,0.7931728467636808,43.18155418395996,11050
222,710915.0,-7109.15,0.7923475577349768,41.41768341064453,11100
223,642712.5,-6427.125000000002,0.7915231851848333,42.273515625,11150
224,464427.5,-4644.275000000001,0.7906997280955065,40.34205924987793,11200
225,620352.5,-6203.5250000000015,0.7898771854503824,41.17388069152832,11250
226,595265.0,-5952.649999999999,0.7890555562339765,40.62970680236816,11300
227,344087.5,-3440.8749999999995,0.7882348394319314,41.26530155181885,11350
228,444370.0,-4443.699999999999,0.7874150340310162,40.15115859985352,11400
229,477235.0,-4772.350000000001,0.7865961390191257,39.87245727539062,11450
230,492275.0,-4922.750000000002,0.7857781533852781,40.26603149414063,11500
231,549327.5,-5493.275,0.7849610761196147,39.54099285125732,11550
232,680747.5,-6807.4749999999985,0.7841449062133977,39.89026016235351,11600
233,664342.5,-6643.424999999998,0.7833296426590101,39.734273529052736,11650
234,696867.5,-6968.675000000002,0.7825152844499537,39.47735534667969,11700
235,720335.0,-7203.35,0.7817018305808474,39.70683582305908,11750
236,715400.0,-7154.000000000001,0.7808892800474273,39.77335006713867,11800
237,654047.5,-6540.474999999999,0.7800776318465447,40.31525283813477,11850
238,596825.0,-5968.25,0.7792668849761645,38.97400924682617,11900
239,595835.0,-5958.350000000002,0.7784570384353645,39.55056098937988,11950
240,343872.5,-3438.7250000000013,0.7776480912243341,39.6863342666626,12000
241,734700.0,-7347.000000000002,0.776840042344373,39.49222869873047,12050
242,532122.5,-5321.2249999999985,0.7760328907978898,40.222269744873046,12100
243,424957.5,-4249.575000000001,0.7752266355884011,40.90238388061523,12150
244,711662.5,-7116.625000000002,0.7744212757205299,39.14009956359863,12200
245,483315.0,-4833.149999999999,0.7736168102000045,38.261421279907225,12250
246,610640.0,-6106.399999999999,0.772813238033658,38.7562580871582,12300
247,476892.5,-4768.924999999999,0.7720105582294253,38.67385219573975,12350
248,541420.0,-5414.200000000001,0.771208769796344,39.80391143798828,12400
249,748990.0,-7489.9000000000015,0.7704078717445514,39.747687339782715,12450
250,739905.0,-7399.050000000001,0.7696078630852848,38.76189655303955,12500
251,564797.5,-5647.974999999999,0.7688087428308786,39.275191917419434,12550
252,541795.0,-5417.950000000002,0.768010509994765,37.598727493286134,12600
253,544767.5,-5447.675,0.7672131635914707,39.353031883239744,12650
254,551322.5,-5513.225000000001,0.7664167026366179,39.31333164215088,12700
255,358110.0,-3581.0999999999995,0.7656211261469209,39.131783180236816,12750
256,599565.0,-5995.650000000001,0.7648264331401865,39.108614654541014,12800
257,533295.0,-5332.950000000001,0.7640326226353124,37.55903018951416,12850
258,651837.5,-6518.374999999998,0.7632396936522852,38.066220169067385,12900
259,516822.5,-5168.225,0.7624476452121803,38.82323661804199,12950
260,619067.5,-6190.675000000001,0.7616564763371599,38.93289478302002,13000
261,518357.5,-5183.575,0.7608661860504724,37.65302360534668,13050
262,626372.5,-6263.725,0.7600767733764505,37.249800567626956,13100
263,543100.0,-5430.999999999998,0.7592882373405107,37.9072318649292,13150
264,537080.0,-5370.800000000001,0.7585005769691515,37.212566986083985,13200
265,464035.0,-4640.349999999999,0.7577137912899525,36.9911213684082,13250
266,582222.5,-5822.225,0.7569278793315736,35.82004680633545,13300
267,533000.0,-5329.999999999999,0.7561428401237525,34.9007861328125,13350
268,568100.0,-5681.000000000002,0.7553586726973054,34.263491744995115,13400
269,476237.5,-4762.375000000001,0.754575376084124,35.304059257507326,13450
270,735600.0,-7356.0,0.7537929493171753,36.17533561706543,13500
271,543825.0,-5438.250000000001,0.7530113914305006,36.101940956115726,13550
272,500930.0,-5009.299999999999,0.752230701459213,35.51041980743408,13600
273,290772.5,-2907.725,0.751450878439498,35.81320365905762,13650
274,370912.5,-3709.1250000000005,0.7506719214086109,35.90678173065186,13700
275,500517.5,-5005.174999999999,0.7498938294048763,35.882277717590334,13750
276,537855.0,-5378.549999999999,0.7491166014676865,35.73344776153564,13800
277,388105.0,-3881.0499999999993,0.748340236637501,34.95107448577881,13850
278,432635.0,-4326.349999999999,0.7475647339558446,34.824612312316894,13900
279,644065.0,-6440.649999999999,0.7467900924653061,34.645362548828125,13950
280,727607.5,-7276.075000000003,0.7460163112095384,35.052655410766604,14000
281,663477.5,-6634.775000000001,0.7452433892332556,36.1917578125,14050
282,542520.0,-5425.2,0.744471325582233,36.375737228393554,14100
283,535882.5,-5358.825000000002,0.7437001193033054,37.02198101043701,14150
284,373737.5,-3737.3749999999995,0.7429297694443663,36.00354389190674,14200
285,463252.5,-4632.525000000001,0.7421602750543664,36.339915618896484,14250
286,432550.0,-4325.499999999999,0.7413916351833126,35.91222103118896,14300
287,434787.5,-4347.875000000001,0.7406238488822665,36.07627693176269,14350
288,594940.0,-5949.399999999999,0.7398569152033438,36.41079216003418,14400
289,241695.0,-2416.95,0.7390908331997127,36.17495796203613,14450
290,336470.0,-3364.7000000000007,0.7383256019255928,35.25458736419678,14500
291,389710.0,-3897.1000000000004,0.737561220436254,35.97255294799805,14550
292,421200.0,-4212.000000000001,0.7367976877880156,34.97033760070801,14600
293,919912.5,-9199.124999999998,0.7360350030382442,36.229130058288575,14650
294,471165.0,-4711.65,0.735273165245354,36.754992446899415,14700
295,786777.5,-7867.775,0.734512173468804,35.76375679016113,14750
296,699205.0,-6992.049999999998,0.7337520267690986,34.358139495849606,14800
297,451030.0,-4510.299999999999,0.7329927242077845,34.921742820739745,14850
298,453240.0,-4532.400000000001,0.7322342648474512,34.3550931930542,14900
299,797955.0,-7979.550000000001,0.7314766477517292,34.55761066436767,14950
300,524357.5,-5243.575000000001,0.7307198719852884,35.69401096343994,15000
301,401542.5,-4015.425000000001,0.7299639366138377,35.59425354003906,15050
302,470967.5,-4709.674999999999,0.7292088407041237,36.66565250396729,15100
303,633052.5,-6330.525000000001,0.7284545833239288,34.46803039550781,15150
304,457755.0,-4577.55,0.7277011635420711,35.26584228515625,15200
305,421075.0,-4210.75,0.7269485804284027,34.772921600341796,15250
306,444450.0,-4444.5,0.7261968330538084,35.01115028381348,15300
307,608795.0,-6087.95,0.7254459204902051,34.24047245025635,15350
308,405517.5,-4055.1749999999997,0.7246958418105398,35.772931518554685,15400
309,454885.0,-4548.849999999999,0.7239465960887898,33.66800968170166,15450
310,548737.5,-5487.374999999999,0.7231981823999599,34.41235450744629,15500
311,417515.0,-4175.15,0.7224505998200828,33.73142276763916,15550
312,472877.5,-4728.775000000001,0.7217038474262168,33.37080223083496,15600
313,700042.5,-7000.424999999998,0.7209579242964453,35.388962211608884,15650
314,436682.5,-4366.824999999999,0.7202128295098753,34.40188270568848,15700
315,321707.5,-3217.0750000000003,0.7194685621466369,34.08152698516846,15750
316,356122.5,-3561.224999999999,0.7187251212878812,33.02966621398926,15800
317,520490.0,-5204.9000000000015,0.71798250601578,33.86309425354004,15850
318,409660.0,-4096.6,0.7172407154135241,34.62630561828613,15900
319,612612.5,-6126.124999999998,0.7164997485653225,33.33885852813721,15950
320,678582.5,-6785.824999999999,0.7157596045564013,32.71044784545899,16000
321,336257.5,-3362.575000000001,0.7150202824730025,34.70176933288574,16050
322,421990.0,-4219.900000000001,0.7142817814023825,33.722485046386716,16100
323,655490.0,-6554.900000000002,0.7135441004328116,32.861614837646485,16150
324,617150.0,-6171.499999999998,0.7128072386535725,34.04294445037842,16200
325,354927.5,-3549.2750000000005,0.7120711951549591,34.625259475708006,16250
326,420375.0,-4203.75,0.7113359690282756,33.60022144317627,16300
327,352142.5,-3521.4250000000006,0.7106015593658354,33.08649200439453,16350
328,502785.0,-5027.850000000001,0.7098679652609599,34.09574001312256,16400
329,343982.5,-3439.8250000000003,0.7091351858079771,34.85929409027099,16450
330,409500.0,-4095.0000000000005,0.708403220102221,34.111602516174315,16500
331,367985.0,-3679.8500000000004,0.7076720672400301,32.31194828033447,16550
332,468120.0,-4681.200000000001,0.7069417263187464,33.80194076538086,16600
333,564695.0,-5646.949999999999,0.7062121964367146,32.51727001190186,16650
334,330995.0,-3309.9499999999994,0.7054834766932802,32.234799728393554,16700
335,535712.5,-5357.125000000001,0.7047555661887892,32.18187564849853,16750
336,753245.0,-7532.450000000003,0.7040284640245865,31.795145149230958,16800
337,316762.5,-3167.624999999999,0.703302169303015,32.85336875915527,16850
338,396622.5,-3966.225,0.7025766811274147,31.67395179748535,16900
339,469747.5,-4697.4749999999985,0.7018519986021208,31.866033210754395,16950
340,556632.5,-5566.324999999999,0.7011281208324635,32.40065235137939,17000
341,534600.0,-5345.999999999999,0.7004050469247664,33.61056064605713,17050
342,483752.5,-4837.524999999999,0.6996827759863457,33.0095182800293,17100
343,505767.5,-5057.674999999999,0.6989613071255087,32.519912567138675,17150
344,582992.5,-5829.924999999998,0.6982406394515531,32.13524585723877,17200
345,304645.0,-3046.45,0.6975207720747656,32.070312309265134,17250
346,434855.0,-4348.549999999999,0.696801704106421,33.20928764343262,17300
347,435980.0,-4359.8,0.6960834346587806,31.769326438903807,17350
348,376310.0,-3763.100000000001,0.6953659628450924,32.079204063415524,17400
349,382110.0,-3821.1,0.6946492877795887,32.55665763854981,17450
350,386007.5,-3860.0749999999994,0.6939334085774848,31.52767765045166,17500
351,475682.5,-4756.825000000001,0.6932183243549795,31.91368152618408,17550
352,386310.0,-3863.1,0.6925040342292527,31.46239128112793,17600
353,539610.0,-5396.1,0.6917905373184645,31.673733673095704,17650
354,589977.5,-5899.775,0.6910778327417546,32.07165287017822,17700
355,473182.5,-4731.824999999998,0.6903659196192407,32.535388488769534,17750
356,543765.0,-5437.6500000000015,0.6896547970720173,31.761531372070312,17800
357,509065.0,-5090.65,0.6889444642221556,32.17666591644287,17850
358,510142.5,-5101.425,0.6882349201927013,32.17156364440918,17900
359,361017.5,-3610.175,0.687526164107674,30.85175220489502,17950
360,393727.5,-3937.275,0.686818195092066,31.244132041931152,18000
361,334842.5,-3348.4249999999997,0.6861110122718415,31.8440673828125,18050
362,371625.0,-3716.2499999999995,0.6854046147739351,31.69823341369629,18100
363,690182.5,-6901.825000000003,0.6846990017262511,31.960759468078614,18150
364,507112.5,-5071.125000000002,0.6839941722576622,32.78075572967529,18200
365,456312.5,-4563.125000000001,0.6832901254980086,31.633731842041016,18250
366,411807.5,-4118.075,0.6825868605780965,31.478762588500977,18300
367,599270.0,-5992.700000000001,0.6818843766296975,32.27749103546142,18350
368,659667.5,-6596.674999999999,0.6811826727855474,31.424603309631348,18400
369,353472.5,-3534.725,0.6804817481793451,33.21966506958008,18450
370,420352.5,-4203.524999999999,0.6797816019457517,31.88947410583496,18500
371,528917.5,-5289.174999999998,0.6790822332203886,31.626510429382325,18550
372,239437.5,-2394.375,0.6783836411398378,32.38918846130371,18600
373,499295.0,-4992.950000000001,0.6776858248416399,30.557376098632812,18650
374,460450.0,-4604.5,0.6769887834642933,31.171455841064454,18700
375,409030.0,-4090.2999999999993,0.6762925161472526,31.551027145385742,18750
376,399235.0,-3992.3500000000004,0.6755970220309286,30.85402744293213,18800
377,584335.0,-5843.349999999999,0.6749023002566868,29.92390983581543,18850
378,610905.0,-6109.049999999999,0.6742083499668455,31.277999992370606,18900
379,566757.5,-5667.574999999999,0.6735151703046761,30.997497596740722,18950
380,494762.5,-4947.625,0.672822760414401,29.762007751464843,19000
381,385127.5,-3851.2749999999987,0.6721311194411933,31.096019096374512,19050
382,529612.5,-5296.124999999999,0.6714402465311751,30.944747047424315,19100
383,440610.0,-4406.099999999999,0.6707501408314166,31.15266716003418,19150
384,428792.5,-4287.925,0.6700608014899355,29.763035621643066,19200
385,447952.5,-4479.525000000001,0.6693722276556955,31.820094718933106,19250
386,348685.0,-3486.850000000001,0.6686844184786054,30.00293571472168,19300
387,529155.0,-5291.55,0.6679973731095179,30.68067253112793,19350
388,334567.5,-3345.675,0.6673110907002288,29.728388595581055,19400
389,439422.5,-4394.224999999999,0.6666255704034758,30.58382511138916,19450
390,333307.5,-3333.0750000000007,0.6659408113729374,30.727418518066408,19500
391,661147.5,-6611.475000000001,0.6652568127632319,29.689526786804198,19550
392,372057.5,-3720.5750000000007,0.6645735737299167,29.442356185913084,19600
393,829127.5,-8291.275,0.6638910934294866,29.72075550079346,19650
394,361860.0,-3618.5999999999995,0.6632093710193733,29.648477325439455,19700
395,327635.0,-3276.350000000001,0.662528405657944,29.26695400238037,19750
396,586770.0,-5867.700000000001,0.6618481965045008,28.98634006500244,19800
397,361065.0,-3610.6500000000015,0.6611687427192792,29.525210304260256,19850
398,543125.0,-5431.25,0.6604900434634471,31.17666904449463,19900
399,261767.5,-2617.6749999999997,0.6598120978991042,29.468237495422365,19950
400,660175.0,-6601.750000000001,0.6591349051892808,29.24248706817627,20000
401,489810.0,-4898.099999999999,0.6584584644979361,28.791322784423826,20050
402,330185.0,-3301.8500000000004,0.6577827749899582,29.004315223693848,20100
403,392495.0,-3924.9500000000007,0.6571078358311624,28.020888023376465,20150
404,499020.0,-4990.199999999999,0.6564336461882905,29.20189624786377,20200
405,350312.5,-3503.1250000000005,0.6557602052290094,28.027563362121583,20250
406,433585.0,-4335.849999999999,0.6550875121219103,27.80923397064209,20300
407,496382.5,-4963.824999999998,0.6544155660365082,29.155931510925292,20350
408,295270.0,-2952.7,0.6537443661432396,29.951946716308594,20400
409,274167.5,-2741.675,0.6530739116134626,27.918880348205565,20450
410,391637.5,-3916.3749999999995,0.6524042016194557,27.68504081726074,20500
411,610990.0,-6109.899999999999,0.6517352353344161,28.33115867614746,20550
412,322415.0,-3224.1499999999996,0.6510670119324595,28.918643951416016,20600
413,714437.5,-7144.374999999999,0.6503995305886188,26.76955177307129,20650
414,298775.0,-2987.7500000000014,0.6497327904788426,28.99259292602539,20700
415,643815.0,-6438.1500000000015,0.6490667907799951,27.853750801086427,20750
416,221560.0,-2215.6,0.6484015306698542,28.951680374145507,20800
417,454050.0,-4540.499999999999,0.6477370093271112,26.873380928039552,20850
418,290877.5,-2908.7750000000005,0.6470732259313692,27.52988842010498,20900
419,618485.0,-6184.849999999999,0.6464101796631423,27.30986511230469,20950
420,467360.0,-4673.599999999999,0.6457478697038552,27.776583404541014,21000
421,399610.0,-3996.1000000000004,0.6450862952358407,28.07315975189209,21050
422,498525.0,-4985.25,0.6444254554423405,28.762276191711425,21100
423,414662.5,-4146.625,0.6437653495075027,28.651018829345702,21150
424,491162.5,-4911.625000000001,0.6431059766163818,29.081512451171875,21200
425,354000.0,-3539.9999999999995,0.6424473359549367,28.23827835083008,21250
426,579115.0,-5791.150000000002,0.6417894267100314,27.715500259399413,21300
427,571362.5,-5713.625000000001,0.6411322480694315,27.383865737915038,21350
428,601807.5,-6018.075,0.6404757992218055,27.702012252807616,21400
429,522832.5,-5228.325000000001,0.6398200793567229,27.23416015625,21450
430,462325.0,-4623.249999999999,0.6391650876646525,26.9276139831543,21500
431,544127.5,-5441.275000000002,0.6385108233369627,26.4699556350708,21550
432,456770.0,-4567.7,0.6378572855659198,27.527072563171387,21600
433,509895.0,-5098.95,0.6372044735446867,28.345600929260254,21650
434,472310.0,-4723.099999999999,0.6365523864673227,28.06743770599365,21700
435,373095.0,-3730.9500000000003,0.635901023528782,27.716669616699217,21750
436,395565.0,-3955.65,0.6352503839249126,27.92997798919678,21800
437,280967.5,-2809.6749999999997,0.6346004668524557,27.892690658569336,21850
438,425125.0,-4251.25,0.6339512715090445,27.70030128479004,21900
439,418602.5,-4186.024999999999,0.6333027970932033,27.477596740722657,21950
440,309195.0,-3091.950000000001,0.6326550428043459,27.51088924407959,22000
441,437530.0,-4375.299999999999,0.6320080078427761,29.02058277130127,22050
442,501305.0,-5013.050000000001,0.6313616914096848,28.704274368286132,22100
443,622425.0,-6224.25,0.6307160927071506,29.69992275238037,22150
444,312242.5,-3122.4249999999997,0.630071210938138,28.529314765930177,22200
445,458257.5,-4582.575,0.6294270453064965,29.389380531311033,22250
446,242477.5,-2424.7749999999996,0.6287835950169599,29.257476654052734,22300
447,425735.0,-4257.349999999999,0.628140859275145,28.204566345214843,22350
448,355140.0,-3551.3999999999996,0.6274988372875506,29.284364585876464,22400
449,556425.0,-5564.249999999998,0.6268575282615572,30.12010509490967,22450
450,338902.5,-3389.0250000000005,0.6262169314054249,29.36250286102295,22500
451,370097.5,-3700.9750000000004,0.6255770459282936,28.445509185791014,22550
452,415125.0,-4151.25,0.624937871040181,28.44685615539551,22600
453,414045.0,-4140.45,0.6242994059519822,28.694848861694336,22650
454,275770.0,-2757.6999999999994,0.6236616498754686,27.070178833007812,22700
455,392575.0,-3925.749999999999,0.6230246020232869,28.142029571533204,22750
456,496295.0,-4962.95,0.6223882616089583,28.41850158691406,22800
457,621870.0,-6218.699999999999,0.6217526278468772,29.184716415405273,22850
458,356417.5,-3564.1749999999997,0.6211176999523107,27.82255142211914,22900
459,339047.5,-3390.4750000000004,0.6204834771413968,29.021784362792967,22950
460,306885.0,-3068.850000000001,0.6198499586311443,28.746502494812013,23000
461,349197.5,-3491.9749999999995,0.6192171436394318,29.10553596496582,23050
462,503545.0,-5035.449999999999,0.6185850313850059,28.089410400390626,23100
463,383375.0,-3833.750000000001,0.617953621087481,27.73995891571045,23150
464,408067.5,-4080.6750000000006,0.6173229119673384,28.78385799407959,23200
465,327777.5,-3277.7749999999996,0.6166929032459244,29.161109924316406,23250
466,620220.0,-6202.200000000002,0.6160635941454509,27.66894260406494,23300
467,522935.0,-5229.350000000001,0.6154349838889924,29.098976020812987,23350
468,353707.5,-3537.0750000000003,0.6148070717004872,30.408091201782227,23400
469,500092.5,-5000.925,0.6141798568047347,28.073508033752443,23450
470,366865.0,-3668.6499999999996,0.6135533384273958,28.89611171722412,23500
471,416040.0,-4160.400000000001,0.6129275157949906,28.07364692687988,23550
472,368465.0,-3684.6499999999996,0.6123023881348987,27.932661018371583,23600
473,325790.0,-3257.9,0.6116779546753572,27.97779197692871,23650
474,383450.0,-3834.500000000001,0.6110542146454608,28.094194221496583,23700
475,393015.0,-3930.15,0.6104311672751601,28.528142471313476,23750
476,397380.0,-3973.8,0.6098088117952605,28.70665313720703,23800
477,370082.5,-3700.8249999999994,0.6091871474374217,27.86656379699707,23850
478,278452.5,-2784.5249999999996,0.6085661734341571,27.020572242736815,23900
479,300362.5,-3003.625000000001,0.6079458890188318,27.426825637817384,23950
480,446742.5,-4467.424999999999,0.6073262934256626,27.871716079711913,24000
481,305975.0,-3059.75,0.6067073858897166,27.958222427368163,24050
482,385290.0,-3852.8999999999996,0.6060891656469103,28.32364715576172,24100
483,514770.0,-5147.7,0.6054716319340087,27.268072624206543,24150
484,478435.0,-4784.349999999999,0.6048547839886245,27.75274841308594,24200
485,527612.5,-5276.125,0.6042386210492169,26.27673999786377,24250
486,358987.5,-3589.875,0.603623142355091,27.21742431640625,24300
487,429940.0,-4299.4,0.6030083471463962,27.294915504455567,24350
488,539955.0,-5399.549999999999,0.6023942346641262,27.309024658203125,24400
489,487100.0,-4871.0,0.6017808041501173,27.304124298095704,24450
490,313647.5,-3136.4750000000004,0.6011680548470478,27.405567398071287,24500
491,450377.5,-4503.7750000000015,0.600555985998437,27.102886619567872,24550
492,523397.5,-5233.975000000001,0.5999445968486442,26.95131820678711,24600
493,417810.0,-4178.1,0.5993338866428682,27.11451560974121,24650
494,293470.0,-2934.7000000000003,0.5987238546271454,28.282825698852537,24700
495,470675.0,-4706.750000000001,0.5981145000483498,27.6427982711792,24750
496,411987.5,-4119.875000000002,0.5975058221541918,27.56135810852051,24800
497,349060.0,-3490.6000000000004,0.596897820193217,27.12222183227539,24850
498,465750.0,-4657.5,0.5962904934148059,27.136274070739745,24900
499,405800.0,-4057.9999999999995,0.595683841069172,28.252697944641113,24950
500,310995.0,-3109.95,0.5950778624073618,26.609257469177248,25000
501,441287.5,-4412.875,0.5944725566812535,28.966760902404786,25050
502,456072.5,-4560.725,0.593867923143556,27.62251091003418,25100
503,368522.5,-3685.2249999999995,0.5932639610478079,27.634200706481934,25150
504,647755.0,-6477.550000000001,0.592660669648377,26.820310707092286,25200
505,559615.0,-5596.1500000000015,0.5920580482004592,26.796289863586427,25250
506,506785.0,-5067.8499999999985,0.591456095960077,27.53679843902588,25300
507,312997.5,-3129.9750000000004,0.5908548121840795,26.74191020965576,25350
508,517315.0,-5173.150000000001,0.5902541961301412,25.880702743530275,25400
509,255690.0,-2556.9,0.5896542470567605,27.981824035644532,25450
510,420877.5,-4208.775,0.5890549642232595,27.105553970336913,25500
511,269632.5,-2696.3250000000003,0.5884563468897829,26.11430103302002,25550
512,262335.0,-2623.35,0.5878583943172967,27.052389221191405,25600
513,370405.0,-3704.05,0.5872611057675879,27.78373249053955,25650
514,350460.0,-3504.600000000001,0.5866644805032631,26.61173286437988,25700
515,379840.0,-3798.400000000001,0.5860685177877478,27.240768852233888,25750
516,577585.0,-5775.849999999999,0.5854732168852854,26.670723419189454,25800
517,405017.5,-4050.1749999999997,0.5848785770609368,26.565162086486815,25850
518,393320.0,-3933.2000000000007,0.5842845975805783,27.076644134521484,25900
519,301307.5,-3013.0750000000003,0.5836912777109019,26.88776542663574,25950
520,368597.5,-3685.9749999999985,0.5830986167194139,26.983045234680176,26000
521,316492.5,-3164.925000000001,0.5825066138744341,29.003214416503905,26050
522,290422.5,-2904.225000000001,0.5819152684450946,27.392933311462404,26100
523,323917.5,-3239.1749999999997,0.5813245797013393,27.951552543640137,26150
524,228110.0,-2281.1000000000004,0.5807345469139226,27.49168170928955,26200
525,449572.5,-4495.725,0.5801451693544092,28.356766471862795,26250
526,456610.0,-4566.100000000001,0.579556446295172,28.90286060333252,26300
527,331840.0,-3318.4,0.5789683770093926,27.938758850097656,26350
528,371692.5,-3716.9250000000006,0.5783809607710595,27.5545560836792,26400
529,356975.0,-3569.7500000000005,0.5777941968549672,27.700102081298827,26450
530,350905.0,-3509.05,0.5772080845367159,27.915564346313477,26500
531,422872.5,-4228.724999999999,0.57662262309271,27.947902336120606,26550
532,323507.5,-3235.075,0.5760378118001575,28.377511672973633,26600
533,538775.0,-5387.750000000002,0.5754536499370692,27.628618812561037,26650
534,413927.5,-4139.275,0.5748701367822573,28.063793296813966,26700
535,479020.0,-4790.199999999999,0.5742872716153352,27.831514167785645,26750
536,429450.0,-4294.5,0.5737050537167163,27.413020896911622,26800
537,206475.0,-2064.75,0.5731234823676131,27.27711738586426,26850
538,303600.0,-3036.0,0.572542556850036,27.650538482666015,26900
539,296490.0,-2964.9000000000005,0.5719622764467929,27.897658004760743,26950
540,354567.5,-3545.675000000001,0.5713826404414883,27.693336029052734,27000
541,444950.0,-4449.500000000001,0.5708036481185221,28.3128409576416,27050
542,307295.0,-3072.9500000000003,0.5702252987630888,26.637255477905274,27100
543,363580.0,-3635.8,0.569647591661177,28.25883129119873,27150
544,400422.5,-4004.2250000000004,0.5690705260995677,27.271264610290526,27200
545,240535.0,-2405.3500000000004,0.5684941013658341,26.538667907714842,27250
546,237662.5,-2376.625,0.5679183167483413,27.30689842224121,27300
547,379855.0,-3798.55,0.5673431715362433,27.877113304138184,27350
548,342702.5,-3427.025000000001,0.5667686650194846,27.09648609161377,27400
549,381062.5,-3810.625,0.5661947964887979,27.510816230773926,27450
550,301345.0,-3013.450000000001,0.565621565235703,27.060193176269532,27500
551,260572.5,-2605.7249999999995,0.5650489705525074,26.92895496368408,27550
552,439292.5,-4392.924999999998,0.5644770117323037,27.46722999572754,27600
553,394752.5,-3947.5249999999996,0.5639056880689701,28.23164505004883,27650
554,304245.0,-3042.45,0.5633349988571684,27.10198570251465,27700
555,308215.0,-3082.150000000001,0.5627649433923442,26.45480743408203,27750
556,282307.5,-2823.0750000000003,0.562195520970725,25.7041605758667,27800
557,339897.5,-3398.975000000001,0.5616267308893202,27.096370735168456,27850
558,559230.0,-5592.300000000001,0.5610585724459198,27.343382873535155,27900
559,320412.5,-3204.125000000001,0.5604910449390936,26.503875732421875,27950
560,524625.0,-5246.250000000002,0.5599241476681901,28.90427032470703,28000
561,294647.5,-2946.4749999999995,0.5593578799333361,28.18044506072998,28050
562,328157.5,-3281.575,0.5587922410354356,27.58704635620117,28100
563,257910.0,-2579.1000000000004,0.5582272302761689,27.471990699768067,28150
564,372772.5,-3727.7250000000004,0.557662846957992,26.26615463256836,28200
565,401197.5,-4011.975,0.5570990903841349,29.415758438110352,28250
566,407530.0,-4075.2999999999993,0.5565359598586018,27.091093597412108,28300
567,195032.5,-1950.325,0.5559734546861701,27.571720962524413,28350
568,252115.0,-2521.1499999999996,0.5554115741723887,26.381588401794435,28400
569,300640.0,-3006.4000000000005,0.5548503176235778,27.830335388183595,28450
570,628302.5,-6283.025,0.5542896843468281,25.95070007324219,28500
571,326385.0,-3263.8499999999995,0.5537296736499997,25.582528038024904,28550
572,333062.5,-3330.6249999999995,0.5531702848417213,26.59994930267334,28600
573,293615.0,-2936.15,0.5526115172313892,25.43521900177002,28650
574,501510.0,-5015.0999999999985,0.5520533701291671,26.644927558898925,28700
575,385547.5,-3855.474999999999,0.5514958428459841,25.86394844055176,28750
576,274865.0,-2748.6500000000005,0.5509389346935349,26.13021514892578,28800
577,280032.5,-2800.3250000000007,0.5503826449842788,25.91257694244385,28850
578,202750.0,-2027.500000000001,0.5498269730314379,26.254584274291993,28900
579,445177.5,-4451.775,0.5492719181489977,26.408313827514647,28950
580,465122.5,-4651.225000000002,0.5487174796517049,26.872149238586427,29000
581,257807.5,-2578.0750000000003,0.5481636568550676,28.654527473449708,29050
582,321515.0,-3215.1499999999996,0.5476104490753539,26.173971061706542,29100
583,273537.5,-2735.375,0.5470578556295913,26.28496006011963,29150
584,258562.5,-2585.6250000000005,0.5465058758355653,26.77746036529541,29200
585,430020.0,-4300.200000000001,0.5459545090118196,27.160394706726073,29250
586,323767.5,-3237.675,0.5454037544776541,25.61436408996582,29300
587,301667.5,-3016.6749999999984,0.544853611553125,26.78335548400879,29350
588,396870.0,-3968.6999999999985,0.5443040795590434,26.254453926086427,29400
589,334752.5,-3347.524999999999,0.5437551578169745,25.429519844055175,29450
590,222202.5,-2222.0249999999996,0.5432068456492373,25.200938987731934,29500
591,326597.5,-3265.975,0.5426591423789031,26.869215393066405,29550
592,342580.0,-3425.7999999999997,0.5421120473297949,25.29131645202637,29600
593,357822.5,-3578.2249999999995,0.5415655598264866,25.36700611114502,29650
594,254637.5,-2546.3749999999995,0.5410196791943023,26.356804580688475,29700
595,251837.5,-2518.3749999999995,0.5404744047593152,26.440074195861815,29750
596,310355.0,-3103.5499999999997,0.5399297358483468,25.525359115600587,29800
597,268997.5,-2689.9750000000004,0.5393856717889663,25.503352851867675,29850
598,299015.0,-2990.1500000000005,0.5388422119094899,26.04168357849121,29900
599,244440.0,-2444.3999999999996,0.538299355538979,25.185793533325196,29950
600,303692.5,-3036.9249999999997,0.5377571020072407,26.216096534729004,30000
601,273597.5,-2735.9750000000004,0.5372154506448261,27.72193405151367,30050
602,248072.5,-2480.725,0.5366744007830297,27.39297908782959,30100
603,368385.0,-3683.85,0.5361339517538888,27.3622794342041,30150
604,355697.5,-3556.9750000000004,0.5355941028901822,26.55018295288086,30200
605,263267.5,-2632.675,0.5350548535254296,28.079182586669923,30250
606,369070.0,-3690.6999999999994,0.534516202993891,26.00068344116211,30300
607,273967.5,-2739.6750000000006,0.533978150630566,28.18956760406494,30350
608,320710.0,-3207.0999999999995,0.5334406957711921,26.724866676330567,30400
609,206300.0,-2062.9999999999995,0.5329038377522446,25.686385078430177,30450
610,392735.0,-3927.35,0.5323675759109361,26.477741889953613,30500
611,304450.0,-3044.5,0.5318319095852146,26.366244888305665,30550
612,284902.5,-2849.0249999999996,0.5312968381137637,26.195986824035643,30600
613,280812.5,-2808.125,0.5307623608360013,28.035397987365723,30650
614,437787.5,-4377.875,0.5302284770920785,25.29544692993164,30700
615,324810.0,-3248.1000000000004,0.52969518622288,26.23106563568115,30750
616,307127.5,-3071.2750000000005,0.5291624875700217,26.092405738830568,30800
617,339452.5,-3394.525,0.5286303804758509,25.68854850769043,30850
618,343917.5,-3439.1749999999997,0.5280988642834451,26.824736366271974,30900
619,250497.5,-2504.975,0.5275679383366115,27.521074028015136,30950
620,272247.5,-2722.4749999999995,0.5270376019798859,26.123971405029298,31000
621,360357.5,-3603.574999999999,0.5265078545585319,26.272015533447266,31050
622,301185.0,-3011.85,0.5259786954185406,26.79545021057129,31100
623,426945.0,-4269.45,0.5254501239066285,26.48091693878174,31150
624,497312.5,-4973.125,0.5249221393702386,26.546400833129884,31200
625,279755.0,-2797.5499999999993,0.5243947411575377,26.06840114593506,31250
626,385350.0,-3853.4999999999995,0.5238679286174172,25.861335906982422,31300
627,316027.5,-3160.2749999999996,0.5233417010994909,25.431829833984374,31350
628,313775.0,-3137.750000000001,0.5228160579540951,26.780679931640623,31400
629,262510.0,-2625.100000000001,0.5222909985322879,25.96378261566162,31450
630,353055.0,-3530.549999999999,0.5217665221858474,26.436244735717775,31500
631,231607.5,-2316.0750000000003,0.521242628267272,26.661890029907227,31550
632,316735.0,-3167.3500000000004,0.520719316129779,25.32154041290283,31600
633,242935.0,-2429.3500000000004,0.5201965851273039,26.174868202209474,31650
634,296930.0,-2969.300000000001,0.5196744346144999,25.395215911865236,31700
635,230845.0,-2308.45,0.5191528639467365,25.937343521118166,31750
636,198432.5,-1984.3250000000003,0.5186318724800993,25.952405166625976,31800
637,262167.5,-2621.6749999999997,0.5181114595713889,26.00485908508301,31850
638,374062.5,-3740.625,0.5175916245781201,26.387101516723632,31900
639,185475.0,-1854.7500000000002,0.5170723668585213,25.834358406066894,31950
640,235980.0,-2359.7999999999997,0.5165536857715336,26.100915565490723,32000
641,416817.5,-4168.174999999999,0.5160355806768098,29.405488510131836,32050
642,442917.5,-4429.174999999999,0.5155180509347138,26.603902435302736,32100
643,373825.0,-3738.2499999999995,0.5150010959063201,26.887043838500976,32150
644,328840.0,-3288.399999999999,0.5144847149534125,26.199762763977052,32200
645,367950.0,-3679.5000000000005,0.5139689074384837,26.90915184020996,32250
646,414665.0,-4146.65,0.513453672724734,27.214431762695312,32300
647,346960.0,-3469.6,0.5129390101760712,26.68319725036621,32350
648,325750.0,-3257.5,0.5124249191571095,26.33095199584961,32400
649,297587.5,-2975.8750000000005,0.5119113990331684,26.056157112121582,32450
650,339732.5,-3397.3249999999994,0.5113984491702724,25.681162452697755,32500
651,300587.5,-3005.875,0.5108860689351502,27.190213623046876,32550
652,429977.5,-4299.775,0.5103742576952331,26.758921089172365,32600
653,279862.5,-2798.625,0.5098630148186558,25.936760292053222,32650
654,263225.0,-2632.2500000000005,0.5093523396742539,26.009241638183592,32700
655,247610.0,-2476.100000000001,0.5088422316315642,26.4417590713501,32750
656,248220.0,-2482.2000000000003,0.5083326900608238,26.034150161743163,32800
657,182975.0,-1829.7499999999995,0.5078237143329688,25.617070770263673,32850
658,391310.0,-3913.1000000000004,0.5073153038196341,25.580693321228026,32900
659,251427.5,-2514.275,0.5068074578931522,25.932338142395018,32950
660,504635.0,-5046.35,0.506300175926553,25.652646598815917,33000
661,234987.5,-2349.875,0.5057934572935623,27.81123752593994,33050
662,135830.0,-1358.3,0.5052873013686013,27.087313652038574,33100
663,401412.5,-4014.1249999999986,0.5047817075267864,26.555273399353027,33150
664,416555.0,-4165.55,0.5042766751439274,28.147609901428222,33200
665,257240.0,-2572.3999999999996,0.5037722035965275,26.280359230041505,33250
666,229890.0,-2298.9,0.5032682922617824,27.894869651794433,33300
667,270742.5,-2707.4250000000006,0.5027649405175789,26.647750816345216,33350
668,292432.5,-2924.3250000000003,0.5022621477424954,26.458793983459472,33400
669,332987.5,-3329.8750000000005,0.5017599133157999,27.657935523986815,33450
670,265535.0,-2655.35,0.5012582366174498,25.266398239135743,33500
671,375677.5,-3756.7750000000005,0.5007571170280911,26.60965816497803,33550
672,280127.5,-2801.275000000001,0.5002565539290577,25.105660018920897,33600
673,296857.5,-2968.5750000000003,0.4997565467023702,25.908403968811037,33650
674,347205.0,-3472.0499999999997,0.49925709473073565,26.76159065246582,33700
675,218290.0,-2182.9,0.4987581973975469,26.54803424835205,33750
676,275407.5,-2754.0750000000003,0.49825985408688095,26.274329528808593,33800
677,459252.5,-4592.525000000001,0.4977620641834993,27.390883750915528,33850
678,354825.0,-3548.2500000000005,0.49726482707284625,26.346814231872557,33900
679,280735.0,-2807.3500000000004,0.496768142141049,26.36199085235596,33950
680,343610.0,-3436.1,0.49627200877491595,25.749559326171877,34000
681,260745.0,-2607.449999999999,0.49577642636193686,28.231742095947265,34050
682,230287.5,-2302.875000000001,0.49528139429028156,25.884955596923827,34100
683,376040.0,-3760.4,0.4947869119487991,25.094776420593263,34150
684,262990.0,-2629.9,0.49429297872701766,26.611736183166503,34200
685,305227.5,-3052.275,0.49379959401514284,27.07281997680664,34250
686,286435.0,-2864.35,0.49330675720405776,28.21962947845459,34300
687,332567.5,-3325.6749999999997,0.49281446768532183,25.402924880981445,34350
688,679250.0,-6792.5,0.4923227248511702,27.060092239379884,34400
689,436087.5,-4360.875,0.49183152809451275,25.522206649780273,34450
690,352520.0,-3525.2,0.49134087680893385,25.96590049743652,34500
691,281220.0,-2812.2,0.490850770388691,26.891934394836426,34550
692,297247.5,-2972.4749999999995,0.49036120822871443,26.40363723754883,34600
693,239987.5,-2399.8750000000005,0.4898721897246065,26.06306007385254,34650
694,361430.0,-3614.2999999999993,0.48938371427264044,26.89737735748291,34700
695,365140.0,-3651.4,0.4888957812697602,26.315031509399414,34750
696,192662.5,-1926.625,0.4884083901135793,27.05058910369873,34800
697,393680.0,-3936.7999999999993,0.48792154020238004,26.455924949645997,34850
698,271332.5,-2713.3250000000003,0.48743523093511326,25.610152130126952,34900
699,282197.5,-2821.9749999999995,0.486949461711397,24.98122013092041,34950
700,301380.0,-3013.8,0.48646423193151617,25.2558913230896,35000
701,297695.0,-2976.9500000000003,0.4859795409964215,26.264811515808105,35050
702,347062.5,-3470.625,0.48549538830772915,24.56173812866211,35100
703,327295.0,-3272.9500000000003,0.4850117732677196,25.904745292663574,35150
704,312767.5,-3127.6749999999997,0.4845286952793373,26.149952850341798,35200
705,280662.5,-2806.625,0.4840461537461896,26.38757297515869,35250
706,306215.0,-3062.1500000000005,0.48356414807254594,26.01813373565674,35300
707,312807.5,-3128.075,0.48308267766333784,25.165862770080565,35350
708,185775.0,-1857.7499999999998,0.48260174192415706,27.420221633911133,35400
709,255687.5,-2556.8749999999995,0.48212134026125586,26.616509437561035,35450
710,430542.5,-4305.425,0.4816414720815457,25.12729736328125,35500
711,249930.0,-2499.3,0.4811621367925966,27.575602111816405,35550
712,261540.0,-2615.400000000001,0.4806833338026366,25.71823787689209,35600
713,207417.5,-2074.175,0.48020506252055084,26.01740795135498,35650
714,273492.5,-2734.925,0.47972732235588084,25.76692165374756,35700
715,246362.5,-2463.624999999999,0.47925011271882384,25.509396438598632,35750
716,273972.5,-2739.725000000001,0.4787734330202321,25.927747344970705,35800
717,274560.0,-2745.6,0.4782972826716122,23.795590744018554,35850
718,301287.5,-3012.8750000000005,0.477821661085124,25.78095115661621,35900
719,385100.0,-3850.9999999999995,0.4773465676735805,24.164673347473144,35950
720,239615.0,-2396.15,0.4768720018504463,26.256419982910156,36000
721,395160.0,-3951.6,0.47639796302983783,26.09991512298584,36050
722,415550.0,-4155.5,0.4759244506265218,26.449689826965333,36100
723,438930.0,-4389.3,0.47545146405591493,26.116794376373292,36150
724,357802.5,-3578.025000000001,0.47497900273408317,26.15220199584961,36200
725,292517.5,-2925.1749999999997,0.47450706607774085,27.023149681091308,36250
726,227172.5,-2271.725,0.4740356535042501,26.095599250793455,36300
727,382930.0,-3829.2999999999993,0.47356476443162,27.504902877807616,36350
728,196092.5,-1960.925,0.47309439827850597,26.59392158508301,36400
729,335130.0,-3351.2999999999993,0.4726245544642089,26.066836853027343,36450
730,438032.5,-4380.325,0.47215523240867485,25.793347396850585,36500
731,291110.0,-2911.1,0.4716864315324936,26.02264877319336,36550
732,388672.5,-3886.724999999999,0.47121815125689875,26.02399429321289,36600
733,308337.5,-3083.375,0.47075039100376626,26.208639183044433,36650
734,194967.5,-1949.6750000000002,0.4702831501956144,25.58774803161621,36700
735,382502.5,-3825.0250000000005,0.46981642825560266,24.844371681213378,36750
736,226792.5,-2267.9249999999997,0.4693502246075309,25.91047477722168,36800
737,388047.5,-3880.475000000001,0.4688845386758391,25.478079986572265,36850
738,490400.0,-4904.000000000001,0.4684193698856063,25.08349292755127,36900
739,325585.0,-3255.850000000001,0.4679547176625499,26.111840972900392,36950
740,373542.5,-3735.425,0.4674905814330252,26.42502700805664,37000
741,395390.0,-3953.8999999999996,0.4670269606240245,28.796180572509765,37050
742,381532.5,-3815.325,0.4665638546631763,25.309751319885255,37100
743,442885.0,-4428.850000000002,0.4661012629787447,26.65556495666504,37150
744,332597.5,-3325.9749999999995,0.4656391849996289,26.07553409576416,37200
745,262647.5,-2626.475,0.46517762015536224,26.216407356262206,37250
746,420832.5,-4208.325,0.4647165678761115,28.006708335876464,37300
747,333920.0,-3339.2000000000003,0.46425602759267615,25.735523834228516,37350
748,278312.5,-2783.125,0.463795998736488,25.408948249816895,37400
749,312485.0,-3124.8500000000004,0.4633364807396101,26.229533500671387,37450
750,365535.0,-3655.3499999999995,0.4628774730347363,26.77488914489746,37500
751,365812.5,-3658.125,0.4624189750551903,25.884373626708985,37550
752,394205.0,-3942.05,0.46196098623492504,25.689070014953614,37600
753,354660.0,-3546.6,0.46150350600852236,27.318125495910646,37650
754,427337.5,-4273.374999999999,0.46104653381119165,26.505338134765626,37700
755,399245.0,-3992.4500000000007,0.46059006907876976,25.121819648742676,37750
756,394710.0,-3947.1000000000004,0.4601341112477198,25.98740047454834,37800
757,397012.5,-3970.1249999999986,0.4596786597551309,25.817635383605957,37850
758,309602.5,-3096.0250000000005,0.45922371403871726,25.212697944641114,37900
759,398772.5,-3987.725000000001,0.4587692735368173,26.5344176864624,37950
760,420872.5,-4208.724999999999,0.4583153376883934,27.93421016693115,38000
761,368942.5,-3689.4249999999997,0.45786190593303083,29.300747871398926,38050
762,491662.5,-4916.625000000001,0.4574089777109373,27.432722511291505,38100
763,275915.0,-2759.150000000001,0.45695655246294203,28.305374145507812,38150
764,376232.5,-3762.325,0.4565046296304954,28.03406753540039,38200
765,203017.5,-2030.1749999999995,0.4560532086556678,27.36943370819092,38250
766,290870.0,-2908.7,0.45560228898114935,27.76040241241455,38300
767,225607.5,-2256.075,0.45515187005024915,26.436182289123536,38350
768,267662.5,-2676.625,0.45470195130689417,25.237666969299315,38400
769,349430.0,-3494.3,0.45425253219562933,28.380006637573242,38450
770,420760.0,-4207.6,0.453803612161616,28.977779121398925,38500
771,404452.5,-4044.5250000000005,0.453355190650632,27.36308437347412,38550
772,430830.0,-4308.299999999999,0.45290726710907037,27.129889183044433,38600
773,280930.0,-2809.3000000000006,0.4524598409839391,27.944399299621583,38650
774,360625.0,-3606.2500000000005,0.4520129117228602,26.04637752532959,38700
775,244117.5,-2441.1749999999997,0.4515664787740689,27.861511459350584,38750
776,335530.0,-3355.2999999999997,0.4511205415864137,27.230978507995605,38800
777,300397.5,-3003.975,0.4506750996093545,28.35277599334717,38850
778,291927.5,-2919.2750000000005,0.450230152292963,26.882320251464844,38900
779,315097.5,-3150.9750000000004,0.4497856990879215,27.81776985168457,38950
780,478995.0,-4789.950000000001,0.4493417394455222,26.33436367034912,39000
781,243582.5,-2435.825,0.4488982728176668,28.3210200881958,39050
782,362710.0,-3627.099999999999,0.4484552986568655,28.086621551513673,39100
783,273262.5,-2732.6250000000005,0.44801281641623664,26.032226524353028,39150
784,231295.0,-2312.95,0.4475708255495058,26.221786766052247,39200
785,288735.0,-2887.3500000000013,0.4471293255110051,27.163822059631347,39250
786,266712.5,-2667.124999999999,0.44668831575567275,26.93037197113037,39300
787,376767.5,-3767.6749999999993,0.44624779573905227,26.98244815826416,39350
788,403652.5,-4036.525,0.44580776491729157,26.664104881286622,39400
789,307695.0,-3076.95,0.4453682227471429,27.121856117248534,39450
790,276037.5,-2760.375,0.4449291686859613,27.308656883239745,39500
791,330537.5,-3305.3749999999995,0.4444906021917048,26.757490768432618,39550
792,179212.5,-1792.1250000000002,0.4440525227229333,26.250141639709472,39600
793,239262.5,-2392.625,0.4436149297388077,27.50198429107666,39650
794,345255.0,-3452.55,0.44317782269908984,27.167959327697755,39700
795,312122.5,-3121.2250000000004,0.4427412010641413,27.317310638427735,39750
796,264830.0,-2648.3,0.442305064294923,29.312286262512206,39800
797,345882.5,-3458.825,0.44186941185299433,25.618610153198244,39850
798,261607.5,-2616.075,0.4414342432005128,25.75752643585205,39900
799,306902.5,-3069.0249999999996,0.4409995578002331,26.125309104919435,39950
800,323865.0,-3238.65,0.44056535511550654,27.07399124145508,40000
801,209232.5,-2092.3250000000003,0.4401316346102803,28.218649559020996,40050
802,297915.0,-2979.1500000000005,0.43969839574909697,27.636021385192873,40100
803,298077.5,-2980.775,0.4392656379970937,27.459428939819336,40150
804,479947.5,-4799.4749999999985,0.4388333608200017,25.822915115356444,40200
805,350885.0,-3508.850000000001,0.4384015636841451,27.04135917663574,40250
806,322467.5,-3224.675,0.4379702460564413,26.43663398742676,40300
807,282225.0,-2822.2499999999995,0.4375394074043991,26.973269805908203,40350
808,290955.0,-2909.5499999999997,0.43710904719611904,27.18845287322998,40400
809,421317.5,-4213.175,0.436679164900292,27.252503700256348,40450
810,221790.0,-2217.8999999999996,0.43624975998619925,26.663776397705078,40500
811,399065.0,-3990.65,0.435820831923711,27.0700057220459,40550
812,296525.0,-2965.2499999999995,0.4353923801832865,28.334385623931883,40600
813,313862.5,-3138.625000000001,0.43496440423597293,25.900453872680664,40650
814,300002.5,-3000.024999999999,0.43453690355340485,26.967473411560057,40700
815,407887.5,-4078.875,0.43410987760780356,26.655149459838867,40750
816,377730.0,-3777.2999999999997,0.43368332587197644,25.446264877319337,40800
817,351485.0,-3514.85,0.4332572478193165,26.95830551147461,40850
818,234522.5,-2345.225,0.4328316429238013,26.0014994430542,40900
819,349882.5,-3498.8250000000007,0.4324065106599926,26.868710231781005,40950
820,353980.0,-3539.7999999999997,0.4319818505030358,27.11907066345215,41000
821,302335.0,-3023.35,0.43155766192865896,29.762200241088866,41050
822,190312.5,-1903.125,0.43113394441317254,27.730935554504395,41100
823,449125.0,-4491.25,0.4307106974334683,27.646801376342772,41150
824,340082.5,-3400.825,0.4302879204670192,28.232261772155763,41200
825,328495.0,-3284.9499999999985,0.42986561299187814,27.469789581298826,41250
826,176982.5,-1769.8250000000003,0.429443774486678,27.08306873321533,41300
827,214197.5,-2141.9750000000004,0.4290224044306303,27.6605131149292,41350
828,275097.5,-2750.975,0.4286015023035251,26.835823402404785,41400
829,355647.5,-3556.475,0.42818106758573016,26.79666774749756,41450
830,195630.0,-1956.3000000000002,0.42776109975819004,26.776610946655275,41500
831,209172.5,-2091.7250000000004,0.42734159830242613,27.02222858428955,41550
832,298147.5,-2981.4750000000004,0.42692256270053514,26.60123664855957,41600
833,414150.0,-4141.500000000001,0.42650399243518916,26.08409538269043,41650
834,241635.0,-2416.3499999999995,0.4260858869896348,27.62150344848633,41700
835,268645.0,-2686.45,0.42566824584769236,28.338375816345216,41750
836,243592.5,-2435.9249999999997,0.4252510684937555,25.817220191955567,41800
837,224480.0,-2244.7999999999993,0.4248343544127903,26.752863388061524,41850
838,317882.5,-3178.825,0.42441810309033506,25.732644081115723,41900
839,311200.0,-3112.0,0.424002314012499,27.3865816116333,41950
840,235502.5,-2355.0249999999996,0.42358698666596234,26.82712188720703,42000
841,227312.5,-2273.125,0.42317212053797515,28.38013431549072,42050
842,222820.0,-2228.2,0.42275771511635707,27.938039741516114,42100
843,234427.5,-2344.275,0.42234376988949635,27.566457138061523,42150
844,256637.5,-2566.375,0.42193028434634944,26.839241638183594,42200
845,269115.0,-2691.150000000001,0.4215172579764403,26.259757843017578,42250
846,195947.5,-1959.4750000000001,0.4211046902698598,26.87849178314209,42300
847,240097.5,-2400.9749999999995,0.42069258071726506,26.75029365539551,42350
848,369002.5,-3690.0249999999996,0.4202809288098787,26.390246658325196,42400
849,303260.0,-3032.5999999999995,0.4198697340394887,26.53615623474121,42450
850,211987.5,-2119.8750000000005,0.41945899589844676,24.878608169555665,42500
851,290177.5,-2901.7749999999996,0.4190487138796691,25.368456077575683,42550
852,252052.5,-2520.524999999999,0.4186388874766343,26.254420776367187,42600
853,228102.5,-2281.0249999999996,0.418229516183384,27.56568359375,42650
854,364962.5,-3649.6250000000005,0.4178205994945215,26.2921138381958,42700
855,312247.5,-3122.475,0.4174121369052112,26.842175712585448,42750
856,203015.0,-2030.1500000000003,0.4170041279111783,26.990680122375487,42800
857,272447.5,-2724.4750000000004,0.416596572008708,26.00916748046875,42850
858,283455.0,-2834.5499999999997,0.4161894686946448,27.26408016204834,42900
859,266757.5,-2667.5749999999994,0.41578281746639184,26.947952156066894,42950
860,218075.0,-2180.7500000000005,0.41537661782191065,27.20233623504639,43000
861,275922.5,-2759.225,0.4149708692597201,29.046412925720215,43050
862,218820.0,-2188.2,0.414565571278896,27.604781036376952,43100
863,171292.5,-1712.9249999999997,0.41416072337907034,27.895145683288575,43150
864,443827.5,-4438.274999999999,0.41375632506043086,26.50988124847412,43200
865,300327.5,-3003.2749999999987,0.41335237582372053,26.77138111114502,43250
866,268835.0,-2688.3499999999995,0.41294887517023626,26.472558479309082,43300
867,208895.0,-2088.95,0.4125458226018292,27.194990196228026,43350
868,405620.0,-4056.2,0.41214321762090356,26.448783798217775,43400
869,181300.0,-1813.0,0.41174105973041597,26.820392990112303,43450
870,182450.0,-1824.5,0.4113393484338752,26.112598037719728,43500
871,317610.0,-3176.1000000000004,0.41093808323534137,26.25651050567627,43550
872,245125.0,-2451.2500000000005,0.4105372636394254,27.001325187683104,43600
873,202705.0,-2027.0499999999997,0.41013688915128793,27.06447425842285,43650
874,210300.0,-2102.9999999999995,0.4097369592766397,27.224751663208007,43700
875,225240.0,-2252.4,0.40933747352174,27.36113151550293,43750
876,498715.0,-4987.15,0.4089384313933964,27.939919319152832,43800
877,216942.5,-2169.425,0.40853983239896435,26.64805191040039,43850
878,264132.5,-2641.3250000000003,0.40814167604634616,26.08941177368164,43900
879,250892.5,-2508.9250000000006,0.40774396184399087,27.2168221282959,43950
880,390337.5,-3903.374999999999,0.40734668930089313,26.506347312927247,44000
881,284205.0,-2842.0500000000006,0.406949857926593,28.397993240356445,44050
882,389622.5,-3896.225,0.40655346723117525,27.41890682220459,44100
883,310560.0,-3105.599999999999,0.4061575167252684,28.002785148620607,44150
884,262005.0,-2620.0499999999993,0.40576200592004474,27.00985622406006,44200
885,280080.0,-2800.800000000001,0.40536693432721926,26.482335891723633,44250
886,295507.5,-2955.0750000000007,0.40497230145904917,26.75012626647949,44300
887,244722.5,-2447.225,0.4045781068283334,27.381108322143554,44350
888,265940.0,-2659.4,0.40418434994841185,27.000229797363282,44400
889,251435.0,-2514.3499999999995,0.4037910303331648,28.470671501159668,44450
890,361762.5,-3617.625,0.4033981474970126,25.938995094299315,44500
891,288792.5,-2887.9249999999993,0.40300570095491445,26.982927589416505,44550
892,234727.5,-2347.275,0.4026136902223685,26.77004192352295,44600
893,276220.0,-2762.1999999999994,0.4022221148154108,27.909214553833007,44650
894,197695.0,-1976.9500000000003,0.401830974250615,27.662476081848144,44700
895,294230.0,-2942.2999999999997,0.40144026804509125,25.980185165405274,44750
896,233145.0,-2331.449999999999,0.40104999571648625,27.374976501464843,44800
897,215470.0,-2154.7,0.40066015678298234,27.144260063171387,44850
898,194952.5,-1949.525,0.40027075076329677,28.253561401367186,44900
899,298712.5,-2987.1249999999986,0.3998817771766813,27.997373161315917,44950
900,266865.0,-2668.65,0.3994932355429216,25.786318283081055,45000
901,315860.0,-3158.6,0.39910512538233656,29.25175510406494,45050
902,300712.5,-3007.125,0.39871744621577787,27.065031242370605,45100
903,368167.5,-3681.675,0.3983301975646292,28.737323875427247,45150
904,200507.5,-2005.075,0.39794337895080556,27.15515781402588,45200
905,202822.5,-2028.2249999999997,0.39755698989675337,28.200037117004396,45250
906,176220.0,-1762.2,0.3971710299254489,27.741085529327393,45300
907,207272.5,-2072.725,0.39678549856039824,28.429437980651855,45350
908,247312.5,-2473.125,0.39640039532563676,27.15729736328125,45400
909,270207.5,-2702.0750000000003,0.3960157197457283,26.90937225341797,45450
910,314942.5,-3149.4249999999997,0.3956314713457648,26.619411087036134,45500
911,224097.5,-2240.975,0.3952476496513654,28.836550521850587,45550
912,243817.5,-2438.175,0.394864254188676,28.528100929260255,45600
913,194762.5,-1947.6249999999998,0.3944812844843689,28.329409790039062,45650
914,262962.5,-2629.625000000001,0.39409874006564194,28.22971431732178,45700
915,181467.5,-1814.675,0.3937166204602181,26.90099479675293,45750
916,259680.0,-2596.7999999999997,0.39333492519634466,28.16340133666992,45800
917,358157.5,-3581.5749999999994,0.3929536538027928,27.43999252319336,45850
918,354365.0,-3543.650000000001,0.39257280580885706,28.29566047668457,45900
919,261227.5,-2612.2750000000005,0.39219238074435475,28.24532455444336,45950
920,229037.5,-2290.375,0.3918123781396253,27.734027824401856,46000
921,298705.0,-2987.0500000000006,0.39143279752552945,28.500859680175783,46050
922,265270.0,-2652.7,0.3910536384334493,26.413652572631836,46100
923,216377.5,-2163.775,0.390674900395287,27.663895416259766,46150
924,193972.5,-1939.7250000000001,0.3902965829434648,27.579343566894533,46200
925,201395.0,-2013.9500000000005,0.3899186856109241,28.403931350708007,46250
926,164607.5,-1646.0750000000003,0.38954120793112473,27.922971229553223,46300
927,284937.5,-2849.3750000000005,0.38916414943804495,29.141746749877928,46350
928,204392.5,-2043.9249999999993,0.3887875096661804,27.72193557739258,46400
929,206562.5,-2065.625,0.38841128815054377,27.653974494934083,46450
930,181730.0,-1817.2999999999997,0.38803548442666386,27.369771118164063,46500
931,217742.5,-2177.4250000000006,0.3876600980305854,27.012583923339843,46550
932,215100.0,-2150.9999999999995,0.38728512849886826,27.411369018554687,46600
933,199552.5,-1995.5249999999999,0.3869105753685873,27.680764617919923,46650
934,206185.0,-2061.8500000000004,0.3865364381773311,27.755567054748536,46700
935,240550.0,-2405.4999999999995,0.38616271646320177,27.340943450927735,46750
936,210307.5,-2103.075,0.38578940976481446,26.336774978637695,46800
937,266465.0,-2664.6499999999996,0.38541651762129664,27.237007369995116,46850
938,183490.0,-1834.9,0.38504403957228767,27.810776557922363,46900
939,253510.0,-2535.1000000000004,0.384671975157938,27.299491004943846,46950
940,468822.5,-4688.224999999999,0.38430032391890884,26.292621459960937,47000
941,214812.5,-2148.1249999999995,0.38392908539637133,28.098435859680176,47050
942,305090.0,-3050.899999999999,0.3835582591320064,27.075859909057616,47100
943,252030.0,-2520.2999999999997,0.38318784466800376,27.716524925231933,47150
944,336892.5,-3368.9249999999997,0.3828178415470616,28.243093032836914,47200
945,171225.0,-1712.2500000000002,0.3824482493123858,26.636523361206056,47250
946,165117.5,-1651.175,0.3820790675076896,27.150759048461914,47300
947,197642.5,-1976.4250000000004,0.38171029567719306,28.052034492492677,47350
948,238580.0,-2385.7999999999993,0.3813419333656222,26.704372596740722,47400
949,199622.5,-1996.2249999999997,0.3809739801182087,27.113201026916503,47450
950,200335.0,-2003.3500000000001,0.3806064354806892,26.543888015747072,47500
951,322232.5,-3222.325,0.38023929899930486,26.871914710998535,47550
952,294627.5,-2946.2749999999996,0.3798725702208008,26.38700466156006,47600
953,222527.5,-2225.275,0.3795062486924253,27.769832649230956,47650
954,188175.0,-1881.75,0.3791403339619296,27.84417781829834,47700
955,292505.0,-2925.0499999999993,0.37877482557756686,27.62305332183838,47750
956,215935.0,-2159.35,0.37840972308809234,27.03962219238281,47800
957,200380.0,-2003.7999999999997,0.3780450260427622,26.270265731811524,47850
958,188200.0,-1881.9999999999998,0.377680733991333,26.550738410949705,47900
959,202947.5,-2029.4750000000004,0.37731684648406133,27.357459259033202,47950
960,164167.5,-1641.675,0.3769533630717036,26.787958641052246,48000
961,246425.0,-2464.250000000001,0.3765902833055146,26.24514835357666,48050
962,413047.5,-4130.474999999999,0.37622760673724764,26.311173133850097,48100
963,248990.0,-2489.899999999999,0.375865332919154,27.001210021972657,48150
964,206350.0,-2063.5000000000005,0.3755034614039818,26.544265213012697,48200
965,294012.5,-2940.1249999999995,0.3751419917449762,26.691495399475098,48250
966,266127.5,-2661.275,0.3747809234958782,26.830178909301758,48300
967,203655.0,-2036.55,0.3744202562109246,26.0028763961792,48350
968,270655.0,-2706.55,0.374059989444847,27.226812324523927,48400
969,210432.5,-2104.3250000000003,0.3737001227528715,26.11008617401123,48450
970,216782.5,-2167.825,0.3733406556907184,27.45712543487549,48500
971,294162.5,-2941.625000000001,0.37298158781460106,26.551941795349123,48550
972,193512.5,-1935.1249999999998,0.3726229186812257,26.224598693847657,48600
973,215277.5,-2152.775,0.3722646478477909,26.885329208374024,48650
974,259970.0,-2599.7,0.37190677487198703,25.602530784606934,48700
975,295007.5,-2950.075,0.3715492993119955,26.810045928955077,48750
976,193020.0,-1930.1999999999994,0.3711922207264884,26.620696563720703,48800
977,467500.0,-4674.999999999999,0.3708355386746279,26.28148391723633,48850
978,217110.0,-2171.0999999999995,0.37047925271606574,26.209455299377442,48900
979,262035.0,-2620.349999999999,0.37012336241094274,26.259167747497557,48950
980,212090.0,-2120.9000000000005,0.3697678673198881,25.539725608825684,49000
981,208102.5,-2081.025,0.3694127670040189,26.641391067504884,49050
982,208602.5,-2086.0249999999996,0.36905806102493954,26.572500114440917,49100
983,155050.0,-1550.4999999999998,0.3687037489447416,26.686432304382325,49150
984,394095.0,-3940.9500000000003,0.3683498303260026,27.05266914367676,49200
985,181337.5,-1813.375,0.3679963047317859,25.0346741104126,49250
986,250447.5,-2504.4750000000004,0.36764317172564015,26.513882331848144,49300
987,268170.0,-2681.7,0.3672904308715985,26.330829467773437,49350
988,210055.0,-2100.55,0.3669380817341785,26.09993377685547,49400
989,153175.0,-1531.75,0.36658612387838124,25.991455955505373,49450
990,194022.5,-1940.2249999999997,0.36623455686969064,24.859465217590333,49500
991,244695.0,-2446.9499999999994,0.3658833802740734,25.95712230682373,49550
992,171327.5,-1713.2750000000003,0.365532593657978,26.386227951049804,49600
993,146770.0,-1467.6999999999996,0.36518219658833473,25.951637420654297,49650
994,166132.5,-1661.3249999999994,0.3648321886325544,26.146635360717774,49700
995,131802.5,-1318.0249999999999,0.36448256935852846,26.16498264312744,49750
996,161187.5,-1611.8750000000002,0.36413333833462797,26.21159721374512,49800
997,258545.0,-2585.45,0.3637844951297037,25.28410789489746,49850
998,169247.5,-1692.4750000000001,0.3634360393130849,25.235519676208497,49900
999,261715.0,-2617.150000000001,0.363087970454579,25.014208984375,49950
1000,134097.5,-1340.975,0.3627402881244716,26.002790718078614,50000
1001,172510.0,-1725.1000000000004,0.3623929918935249,25.97216091156006,50050
1002,237845.0,-2378.45,0.3620460813329784,25.502493896484374,50100
1003,194810.0,-1948.1,0.36169955601454723,26.380187034606934,50150
1004,185925.0,-1859.2500000000002,0.36135341551042227,25.49147773742676,50200
1005,187675.0,-1876.7500000000005,0.36100765939326956,25.270837287902832,50250
1006,164890.0,-1648.9000000000003,0.36066228723622973,25.71462085723877,50300
1007,255432.5,-2554.325000000001,0.36031729861291734,25.638084526062013,50350
1008,146832.5,-1468.325,0.3599726930974204,25.782213439941405,50400
1009,140120.0,-1401.1999999999998,0.35962847026430006,25.043078269958496,50450
1010,343470.0,-3434.7000000000003,0.35928462968858954,25.463558349609375,50500
1011,156127.5,-1561.275,0.35894117094579464,24.7245601272583,50550
1012,164002.5,-1640.0250000000005,0.35859809361189193,25.888814277648926,50600
1013,210207.5,-2102.0750000000003,0.3582553972633292,24.69932804107666,50650
1014,176372.5,-1763.7250000000001,0.3579130814770245,25.39288631439209,50700
1015,177455.0,-1774.5499999999993,0.3575711458303656,24.99871643066406,50750
1016,160837.5,-1608.3750000000002,0.3572295899012098,24.935583992004396,50800
1017,152365.0,-1523.6499999999999,0.356888413267883,25.266988639831542,50850
1018,160097.5,-1600.9749999999992,0.35654761550917946,26.30573703765869,50900
1019,139515.0,-1395.1499999999999,0.3562071962043611,25.163771171569824,50950
1020,164082.5,-1640.8249999999996,0.3558671549331573,25.66628231048584,51000
1021,337512.5,-3375.1250000000005,0.35552749127576383,24.961954803466796,51050
1022,149307.5,-1493.0750000000003,0.35518820481284286,25.770766677856447,51100
1023,179010.0,-1790.1,0.3548492951255221,25.382210121154785,51150
1024,183067.5,-1830.6750000000002,0.35451076179539454,24.438834495544434,51200
1025,257757.5,-2577.5750000000003,0.3541726044045178,22.988825225830077,51250
1026,237632.5,-2376.3250000000003,0.35383482253541354,23.686414394378662,51300
1027,188910.0,-1889.1,0.35349741577106697,24.3947670173645,51350
1028,186520.0,-1865.2000000000003,0.3531603836949266,24.126940269470214,51400
1029,208620.0,-2086.2000000000003,0.35282372589090344,24.299688186645508,51450
1030,158942.5,-1589.4249999999997,0.35248744194337034,23.108970527648925,51500
1031,216315.0,-2163.15,0.3521515314371621,24.22533905029297,51550
1032,160317.5,-1603.175,0.35181599395757424,23.929633255004884,51600
1033,183855.0,-1838.55,0.3514808290903629,23.965926246643065,51650
1034,263712.5,-2637.125,0.3511460364217443,24.166624450683592,51700
1035,225942.5,-2259.425,0.35081161553839413,24.41173858642578,51750
1036,352445.0,-3524.4500000000007,0.350477566027447,23.745530014038085,51800
1037,215992.5,-2159.9249999999993,0.35014388747649616,23.343903980255128,51850
1038,206637.5,-2066.375,0.3498105794735925,25.096250381469726,51900
1039,198185.0,-1981.8500000000004,0.3494776416072449,23.24899791717529,51950
1040,224837.5,-2248.3749999999995,0.3491450734664189,24.692945098876955,52000
1041,177020.0,-1770.2,0.3488128746405363,24.56014205932617,52050
1042,157947.5,-1579.4749999999995,0.3484810447194751,24.11014343261719,52100
1043,247570.0,-2475.700000000001,0.3481495832935688,24.142785530090332,52150
1044,231507.5,-2315.0749999999994,0.34781848995360576,23.783463020324707,52200
1045,270687.5,-2706.8750000000005,0.34748776429082856,24.81953681945801,52250
1046,147975.0,-1479.7500000000005,0.347157405896934,24.18108470916748,52300
1047,139152.5,-1391.5249999999999,0.34682741436407205,23.843384475708007,52350
1048,168792.5,-1687.9249999999997,0.3464977892848458,23.747895030975343,52400
1049,213667.5,-2136.675,0.3461685302523107,22.2829052734375,52450
1050,191240.0,-1912.4000000000003,0.34583963685997393,23.44210205078125,52500
1051,213312.5,-2133.1250000000005,0.34551110870179436,23.29368824005127,52550
1052,149732.5,-1497.3249999999996,0.3451829453721816,22.782297401428224,52600
1053,176850.0,-1768.4999999999995,0.3448551464659957,23.105880088806153,52650
1054,327240.0,-3272.4,0.34452771157854656,23.128120765686035,52700
1055,148070.0,-1480.7,0.34420064030559355,23.483779067993165,52750
1056,118342.5,-1183.425,0.34387393224334495,23.69132598876953,52800
1057,156560.0,-1565.6,0.34354758698845744,22.94179042816162,52850
1058,189442.5,-1894.4249999999993,0.34322160413803565,23.24514705657959,52900
1059,190840.0,-1908.4,0.34289598328963145,23.59846710205078,52950
1060,162855.0,-1628.55,0.3425707240412438,24.057228202819825,53000
1061,152212.5,-1522.125,0.34224582599131814,24.365492858886718,53050
1062,196952.5,-1969.5250000000005,0.34192128873874555,24.73269889831543,53100
1063,157512.5,-1575.1250000000002,0.34159711188286296,23.947944393157957,53150
1064,124285.0,-1242.85,0.3412732950234517,23.922254524230958,53200
1065,229232.5,-2292.3250000000007,0.3409498377607379,23.93647392272949,53250
1066,138215.0,-1382.1499999999996,0.34062673969539176,22.896222133636474,53300
1067,221780.0,-2217.8,0.34030400042852654,23.798787727355958,53350
1068,148125.0,-1481.2499999999998,0.3399816195616987,23.62985565185547,53400
1069,203850.0,-2038.4999999999998,0.3396595966969072,23.162606563568115,53450
1070,192250.0,-1922.4999999999998,0.3393379314365928,23.63162868499756,53500
1071,185862.5,-1858.6249999999995,0.33901662338363797,24.22093235015869,53550
1072,177965.0,-1779.6500000000003,0.338695672141366,24.042420501708985,53600
1073,163545.0,-1635.45,0.3383750773135407,23.106733474731445,53650
1074,176032.5,-1760.3249999999996,0.338054838504366,23.054306945800782,53700
1075,255312.5,-2553.1249999999995,0.3377349553184853,22.63854377746582,53750
1076,153320.0,-1533.2,0.3374154273609811,21.922761116027832,53800
1077,154747.5,-1547.475,0.3370962542373743,23.93785472869873,53850
1078,232447.5,-2324.475000000001,0.33677743555362405,22.445033264160156,53900
1079,148492.5,-1484.9249999999997,0.33645897091612686,22.68540538787842,53950
1080,183047.5,-1830.475,0.33614085993171666,23.498366661071778,54000
1081,181087.5,-1810.8750000000002,0.33582310220766376,24.726637344360352,54050
1082,161657.5,-1616.5749999999998,0.33550569735167446,24.50400043487549,54100
1083,158052.5,-1580.5249999999999,0.335188644971891,22.161328163146973,54150
1084,246865.0,-2468.65,0.3348719446768907,23.60858726501465,54200
1085,171355.0,-1713.5500000000004,0.3345555960756854,23.313538818359376,54250
1086,170620.0,-1706.2000000000005,0.33423959877772136,23.673327560424806,54300
1087,127757.5,-1277.575,0.33392395239287825,23.02600299835205,54350
1088,220362.5,-2203.6249999999995,0.33360865653146915,23.596286964416503,54400
1089,140060.0,-1400.6000000000004,0.3332937108042401,24.033902168273926,54450
1090,149490.0,-1494.8999999999999,0.3329791148223689,23.10381042480469,54500
1091,210480.0,-2104.7999999999997,0.3326648681974656,23.635158309936525,54550
1092,158270.0,-1582.7,0.33235097054157126,21.945583400726317,54600
1093,201972.5,-2019.725,0.3320374214671578,24.23037643432617,54650
1094,153910.0,-1539.1000000000001,0.33172422058712775,23.24645721435547,54700
1095,184015.0,-1840.1499999999996,0.3314113675148132,22.535937728881837,54750
1096,171957.5,-1719.5749999999996,0.33109886186397586,22.72456241607666,54800
1097,239587.5,-2395.875000000001,0.33078670324880594,23.084069900512695,54850
1098,161382.5,-1613.8249999999996,0.33047489128392277,22.792030029296875,54900
1099,197272.5,-1972.7249999999995,0.3301634255843731,22.55616142272949,54950
1100,227210.0,-2272.1,0.32985230576563135,22.911055870056153,55000
1101,198095.0,-1980.95,0.3295415314435989,22.244890899658202,55050
1102,128680.0,-1286.8,0.3292311022346036,22.093884811401367,55100
1103,177997.5,-1779.9750000000004,0.3289210177553998,23.257726974487305,55150
1104,171400.0,-1714.0,0.3286112776231669,22.436975173950195,55200
1105,130862.5,-1308.6250000000005,0.32830188145550965,22.37732368469238,55250
1106,139057.5,-1390.575,0.32799282887045733,22.597217712402344,55300
1107,157127.5,-1571.275,0.32768411948646375,22.839299278259276,55350
1108,229340.0,-2293.4,0.327375752922406,22.868346118927,55400
1109,159045.0,-1590.4500000000005,0.32706772879758467,21.99591354370117,55450
1110,217022.5,-2170.225,0.32676004673172293,22.494589614868165,55500
1111,144715.0,-1447.1499999999994,0.32645270634496626,22.33813678741455,55550
1112,173427.5,-1734.2749999999994,0.3261457072578823,21.68315715789795,55600
1113,189512.5,-1895.1250000000005,0.32583904909145966,21.75405710220337,55650
1114,147415.0,-1474.1499999999999,0.3255327314671079,22.152725563049316,55700
1115,164670.0,-1646.6999999999994,0.3252267540066573,22.296305580139162,55750
1116,265987.5,-2659.8749999999995,0.32492111633235754,21.728931140899657,55800
1117,154437.5,-1544.3749999999998,0.3246158180668784,21.27119649887085,55850
1118,149022.5,-1490.225,0.32431085883330824,22.560177421569826,55900
1119,142477.5,-1424.7749999999999,0.32400623825515423,22.174327583312987,55950
1120,272250.0,-2722.4999999999995,0.32370195595634144,22.03628894805908,56000
1121,239630.0,-2396.2999999999997,0.32339801156121284,22.781269836425782,56050
1122,196340.0,-1963.4,0.3230944046945282,22.19129634857178,56100
1123,187817.5,-1878.175,0.3227911349814644,22.812721138000487,56150
1124,185715.0,-1857.1499999999996,0.3224882020476142,22.235257034301757,56200
1125,161235.0,-1612.3500000000004,0.3221856055189863,22.219159336090087,56250
1126,153182.5,-1531.825,0.3218833450220047,21.882776794433592,56300
1127,217427.5,-2174.275,0.3215814201835083,21.762388000488283,56350
1128,134642.5,-1346.4249999999995,0.3212798306307504,22.230401878356933,56400
1129,132160.0,-1321.6000000000004,0.32097857599139795,21.80756591796875,56450
1130,170262.5,-1702.6249999999998,0.32067765589353187,22.44774129867554,56500
1131,133560.0,-1335.6000000000004,0.3203770699656457,21.3971697807312,56550
1132,235015.0,-2350.1499999999996,0.3200768178366457,22.238872032165528,56600
1133,128817.5,-1288.1749999999995,0.3197768991358501,22.117027359008787,56650
1134,128330.0,-1283.2999999999997,0.319477313492989,22.89022819519043,56700
1135,171567.5,-1715.6750000000002,0.31917806053820347,21.9853169631958,56750
1136,134057.5,-1340.575,0.31887913990204536,21.753521728515626,56800
1137,227872.5,-2278.725000000001,0.3185805512154769,22.22506742477417,56850
1138,174267.5,-1742.675,0.3182822941098699,22.24124153137207,56900
1139,188062.5,-1880.625,0.31798436821700576,21.61850757598877,56950
1140,179685.0,-1796.8500000000001,0.3176867731690747,21.534860973358153,57000
1141,246062.5,-2460.625,0.31738950859867543,22.26030502319336,57050
1142,161167.5,-1611.6749999999995,0.31709257413881453,21.374786567687988,57100
1143,156282.5,-1562.8249999999996,0.31679596942290617,20.599454250335693,57150
1144,172457.5,-1724.5750000000003,0.31649969408477185,21.137045288085936,57200
1145,141147.5,-1411.475,0.31620374775863935,21.914985694885253,57250
1146,141670.0,-1416.7000000000007,0.31590813007914276,20.79086305618286,57300
1147,164852.5,-1648.5250000000008,0.3156128406813221,21.030865879058837,57350
1148,140847.5,-1408.4750000000001,0.3153178792006224,20.830618534088135,57400
1149,204640.0,-2046.3999999999999,0.31502324527289366,21.388104190826414,57450
1150,152502.5,-1525.0249999999999,0.3147289385343903,21.08476463317871,57500
1151,180877.5,-1808.7750000000003,0.3144349586217707,21.127992515563964,57550
1152,161200.0,-1612.0000000000002,0.3141413051720964,21.227415199279786,57600
1153,173512.5,-1735.1249999999998,0.3138479778228325,21.081621208190917,57650
1154,147295.0,-1472.95,0.3135549762118463,20.527133922576905,57700
1155,206767.5,-2067.6749999999993,0.31326229997740745,21.67293302536011,57750
1156,165117.5,-1651.1750000000009,0.31296994875818723,20.014193172454835,57800
1157,179457.5,-1794.575,0.312677922193258,22.040168800354003,57850
1158,149012.5,-1490.125,0.31238621992209337,21.27439115524292,57900
1159,159692.5,-1596.925,0.3120948415845669,21.184398651123047,57950
1160,123685.0,-1236.8499999999997,0.31180378682095217,21.31476652145386,58000
1161,151842.5,-1518.425,0.31151305527192236,21.73310386657715,58050
1162,131857.5,-1318.575,0.3112226465785495,21.932359523773194,58100
1163,174642.5,-1746.425,0.3109325603823044,21.087412223815917,58150
1164,166370.0,-1663.6999999999998,0.31064279632505587,21.117551708221434,58200
1165,150660.0,-1506.5999999999997,0.31035335404907044,21.40322006225586,58250
1166,161352.5,-1613.5250000000003,0.31006423319701204,19.730012035369874,58300
1167,143127.5,-1431.275,0.3097754334119412,19.61011812210083,58350
1168,175662.5,-1756.6249999999993,0.309486954337315,19.292554264068603,58400
1169,140867.5,-1408.6749999999997,0.3091987956169863,21.3975834274292,58450
1170,201600.0,-2015.9999999999998,0.3089109568952037,20.081632957458496,58500
1171,205497.5,-2054.975,0.30862343781661056,20.850789794921877,58550
1172,237842.5,-2378.425,0.3083362380262452,20.088220233917237,58600
1173,168905.0,-1689.0500000000002,0.30804935716953985,20.469795761108397,58650
1174,144590.0,-1445.9,0.3077627948923205,20.824148597717286,58700
1175,159075.0,-1590.75,0.3074765508408066,21.615855522155762,58750
1176,166292.5,-1662.9249999999997,0.3071906246616104,20.237832221984863,58800
1177,152030.0,-1520.3000000000002,0.30690501600173664,20.62300626754761,58850
1178,186922.5,-1869.225,0.30661972450858194,20.751415061950684,58900
1179,162937.5,-1629.3750000000002,0.3063347498299344,20.561195297241213,58950
1180,181295.0,-1812.9499999999994,0.30605009161397356,20.082669105529785,59000
1181,195700.0,-1957.0000000000002,0.30576574950926955,21.554414653778075,59050
1182,183417.5,-1834.175,0.30548172316478256,20.858956069946288,59100
1183,195800.0,-1958.0,0.3051980122298628,20.16426092147827,59150
1184,170360.0,-1703.6000000000001,0.30491461635424977,19.469596843719483,59200
1185,165850.0,-1658.4999999999995,0.3046315351880721,20.40229242324829,59250
1186,139275.0,-1392.75,0.3043487683818467,21.054894065856935,59300
1187,146525.0,-1465.2500000000002,0.30406631558647884,21.43857189178467,59350
1188,181765.0,-1817.6500000000003,0.30378417645326117,21.21212734222412,59400
1189,124340.0,-1243.3999999999996,0.3035023506338738,20.336384506225585,59450
1190,225237.5,-2252.375,0.30322083778038367,20.385770149230957,59500
1191,199147.5,-1991.475,0.302939637545244,21.123888969421387,59550
1192,215097.5,-2150.9749999999995,0.30265874958129385,20.68804365158081,59600
1193,327167.5,-3271.6749999999997,0.302378173541758,20.54352596282959,59650
1194,224297.5,-2242.975,0.3020979090802462,21.581148414611818,59700
1195,169820.0,-1698.2,0.301817955850753,22.200869007110597,59750
1196,198017.5,-1980.1749999999995,0.30153831350765703,19.995165004730225,59800
1197,153040.0,-1530.4,0.30125898170572074,20.37020927429199,59850
1198,174017.5,-1740.175,0.3009799601000901,20.54975751876831,59900
1199,131905.0,-1319.0500000000002,0.3007012483462939,20.640014095306398,59950
1200,122847.5,-1228.475,0.3004228461002436,21.05905282974243,60000
1201,210250.0,-2102.4999999999995,0.3001447530182327,20.04264430999756,60050
1202,166755.0,-1667.5500000000006,0.29986696875693625,21.518685035705566,60100
1203,163235.0,-1632.3500000000004,0.29958949297341064,20.599608840942384,60150
1204,136230.0,-1362.2999999999997,0.2993123253250934,20.1701220703125,60200
1205,157735.0,-1577.3499999999992,0.2990354654698019,20.149001846313478,60250
1206,217475.0,-2174.75,0.29875891306573416,19.949878635406495,60300
1207,135387.5,-1353.8749999999998,0.29848266777146704,20.977466468811034,60350
1208,153667.5,-1536.6749999999997,0.2982067292459572,19.566179790496825,60400
1209,148630.0,-1486.3,0.2979310971485397,19.43317472457886,60450
1210,197425.0,-1974.2500000000005,0.297655771138928,20.810970516204833,60500
1211,171435.0,-1714.35,0.2973807508772133,20.4197958946228,60550
1212,132905.0,-1329.05,0.2971060360238644,20.766021308898925,60600
1213,125505.0,-1255.0499999999997,0.2968316262397272,19.279654235839843,60650
1214,216292.5,-2162.9250000000006,0.2965575211860241,19.644661331176756,60700
1215,128762.5,-1287.6249999999998,0.29628372052435376,20.340425395965575,60750
1216,154837.5,-1548.3749999999995,0.29601022391669074,19.540004405975342,60800
1217,210300.0,-2103.0,0.29573703102538473,18.84146997451782,60850
1218,210087.5,-2100.875,0.2954641415131606,19.955606327056884,60900
1219,189482.5,-1894.825,0.29519155504311767,19.739127349853515,60950
1220,161915.0,-1619.15,0.29491927127872936,19.991762809753418,61000
1221,251865.0,-2518.650000000001,0.29464728988384287,21.220588626861574,61050
1222,123195.0,-1231.95,0.2943756105226787,20.16373062133789,61100
1223,154312.5,-1543.125000000001,0.2941042328598302,20.358965549468994,61150
1224,133917.5,-1339.1749999999993,0.29383315656026304,19.997854766845702,61200
1225,162175.0,-1621.7499999999998,0.2935623812893153,19.9537473487854,61250
1226,180947.5,-1809.4750000000004,0.2932919067126963,20.190028171539307,61300
1227,154210.0,-1542.1000000000001,0.2930217324964869,20.176701183319093,61350
1228,127797.5,-1277.975,0.2927518583071386,20.30729028701782,61400
1229,137770.0,-1377.7000000000003,0.2924822838114734,19.95085245132446,61450
1230,132312.5,-1323.1249999999998,0.2922130086766831,20.61028539657593,61500
1231,189940.0,-1899.4000000000008,0.29194403257032947,19.979000663757326,61550
1232,156715.0,-1567.1500000000003,0.29167535516034304,20.807943477630616,61600
1233,119882.5,-1198.825,0.29140697611502325,19.25765190124512,61650
1234,177907.5,-1779.0749999999998,0.2911388951030381,20.05340759277344,61700
1235,137787.5,-1377.875,0.29087111179342306,20.3235680770874,61750
1236,128962.5,-1289.6249999999998,0.29060362585558164,20.54049798965454,61800
1237,164070.0,-1640.7000000000005,0.2903364369592842,19.198559474945068,61850
1238,167140.0,-1671.4,0.29006954477466784,19.77338903427124,61900
1239,153825.0,-1538.25,0.28980294897223596,19.723356666564943,61950
1240,192907.5,-1929.0749999999998,0.289536649222858,18.9996759223938,62000
1241,123290.0,-1232.8999999999999,0.2892706451977688,19.833240299224855,62050
1242,132217.5,-1322.1750000000002,0.28900493656856824,20.29978105545044,62100
1243,141390.0,-1413.9000000000005,0.2887395230072209,19.441164436340333,62150
1244,147022.5,-1470.2249999999997,0.28847440418605574,19.88468490600586,62200
1245,141035.0,-1410.3500000000001,0.2882095797777656,19.787925167083742,62250
1246,143927.5,-1439.275,0.2879450494554067,19.781327857971192,62300
1247,134867.5,-1348.6749999999997,0.28768081289239833,19.773681983947753,62350
1248,148072.5,-1480.7250000000006,0.28741686976252245,19.436711540222166,62400
1249,122055.0,-1220.5500000000002,0.2871532197399233,19.530761890411377,62450
1250,165667.5,-1656.6750000000002,0.28688986249910714,19.598958683013915,62500
1251,172472.5,-1724.7250000000006,0.28662679771494143,19.664544620513915,62550
1252,146070.0,-1460.7,0.28636402506265474,20.482227745056154,62600
1253,157902.5,-1579.0249999999999,0.2861015442178364,19.767040729522705,62650
1254,152972.5,-1529.7250000000001,0.285839354856436,19.753820114135742,62700
1255,155047.5,-1550.4750000000001,0.285577456654763,19.47861135482788,62750
1256,191752.5,-1917.5250000000003,0.28531584928948606,19.738280296325684,62800
1257,155492.5,-1554.925,0.28505453243763323,19.736992530822754,62850
1258,165682.5,-1656.8249999999996,0.284793505776591,19.534311180114745,62900
1259,129625.0,-1296.25,0.2845327689841043,19.20814208984375,62950
1260,175182.5,-1751.825,0.28427232173827577,19.579177265167235,63000
1261,141960.0,-1419.6000000000001,0.2840121637175655,20.34867769241333,63050
1262,140225.0,-1402.2499999999998,0.2837522946007908,19.655570735931395,63100
1263,151212.5,-1512.1250000000002,0.28349271406712556,19.404724311828613,63150
1264,156197.5,-1561.975,0.2832334217960999,20.183180446624757,63200
1265,185335.0,-1853.3499999999997,0.2829744174676,19.691334342956544,63250
1266,150497.5,-1504.975,0.2827157007618672,18.966806659698488,63300
1267,135140.0,-1351.3999999999992,0.2824572713594983,18.56968351364136,63350
1268,177100.0,-1771.0,0.2821991289414445,19.525420627593995,63400
1269,180225.0,-1802.25,0.2819412731890115,18.968361797332765,63450
1270,135840.0,-1358.4,0.2816837037838588,18.76385919570923,63500
1271,128935.0,-1289.3499999999997,0.28142642040799953,18.828514041900636,63550
1272,130627.5,-1306.2750000000003,0.2811694227437997,19.254869022369384,63600
1273,138572.5,-1385.7250000000001,0.2809127104739783,18.80647953033447,63650
1274,207697.5,-2076.9749999999995,0.28065628328160663,19.765567588806153,63700
1275,209022.5,-2090.2249999999995,0.2804001408501078,18.620293712615968,63750
1276,185702.5,-1857.0249999999996,0.2801442828632565,19.173304138183592,63800
1277,115032.5,-1150.325,0.27988870900517876,19.32024677276611,63850
1278,138527.5,-1385.2749999999999,0.2796334189603512,19.8444734954834,63900
1279,144922.5,-1449.2250000000006,0.2793784124136009,19.093855628967287,63950
1280,121030.0,-1210.3,0.279123689050105,19.07962953567505,64000
1281,147712.5,-1477.125,0.27886924855539,18.52040761947632,64050
1282,127082.5,-1270.8250000000003,0.278615090615332,19.11373821258545,64100
1283,182015.0,-1820.15,0.2783612149161557,18.912666263580324,64150
1284,145700.0,-1457.0000000000002,0.2781076211444341,17.926790752410888,64200
1285,104252.5,-1042.525,0.27785430898708857,19.333880996704103,64250
1286,167905.0,-1679.0499999999997,0.2776012781313881,18.878168926239013,64300
1287,162592.5,-1625.925,0.27734852826494877,18.747744636535643,64350
1288,152567.5,-1525.6749999999995,0.2770960590757337,18.299183826446534,64400
1289,140312.5,-1403.1249999999998,0.27684387025205254,17.943664894104003,64450
1290,203082.5,-2030.8250000000003,0.27659196148256093,18.214197483062744,64500
1291,182122.5,-1821.2250000000004,0.27634033245626044,18.468962650299073,64550
1292,135117.5,-1351.1750000000002,0.27608898286249794,19.084254875183106,64600
1293,150475.0,-1504.75,0.27583791239096517,19.20560110092163,64650
1294,142030.0,-1420.3,0.27558712073169866,19.537537460327147,64700
1295,131340.0,-1313.3999999999999,0.27533660757507894,18.427349472045897,64750
1296,147447.5,-1474.4750000000001,0.27508637261183055,17.71924810409546,64800
1297,150205.0,-1502.0500000000002,0.2748364155330214,18.52836513519287,64850
1298,146540.0,-1465.4000000000005,0.27458673603006245,18.710551776885985,64900
1299,136647.5,-1366.4749999999997,0.2743373337947073,18.232227401733397,64950
1300,134630.0,-1346.3,0.2740882085190521,17.91342752456665,65000
1301,158045.0,-1580.4500000000005,0.2738393598955346,18.862993297576903,65050
1302,148635.0,-1486.35,0.2735907876169343,18.774240493774414,65100
1303,214727.5,-2147.275,0.2733424913763718,18.919470653533935,65150
1304,166237.5,-1662.3749999999998,0.2730944708673084,18.26393241882324,65200
1305,145617.5,-1456.175,0.27284672578354613,17.953834304809572,65250
1306,150482.5,-1504.8249999999998,0.27259925581922667,18.582257118225098,65300
1307,233357.5,-2333.5750000000003,0.2723520606688316,18.022047023773194,65350
1308,188595.0,-1885.9499999999996,0.2721051400271816,18.551243362426757,65400
1309,129147.5,-1291.475,0.2718584935894364,18.129148597717286,65450
1310,144707.5,-1447.0750000000003,0.2716121210510942,18.318669509887695,65500
1311,119520.0,-1195.2000000000003,0.2713660221079913,18.1161643409729,65550
1312,120540.0,-1205.4000000000003,0.27112019645630187,18.449083156585694,65600
1313,152182.5,-1521.8249999999998,0.27087464379253734,19.215139236450195,65650
1314,207935.0,-2079.3499999999995,0.2706293638135463,18.160156497955324,65700
1315,136955.0,-1369.5499999999995,0.2703843562165139,18.309094371795656,65750
1316,155830.0,-1558.3000000000002,0.2701396206989617,18.335558776855468,65800
1317,140192.5,-1401.9250000000002,0.2698951569587469,17.80260446548462,65850
1318,136810.0,-1368.1000000000001,0.26965096469406236,18.263814792633056,65900
1319,128127.5,-1281.2749999999999,0.2694070436034363,18.237244453430176,65950
1320,136645.0,-1366.45,0.2691633933857315,17.77262689590454,66000
1321,132832.5,-1328.3249999999998,0.268920013740145,17.70463541030884,66050
1322,171077.5,-1710.7749999999996,0.2686769043662083,18.1799534034729,66100
1323,129557.5,-1295.5750000000003,0.26843406496378625,17.38631561279297,66150
1324,139980.0,-1399.8000000000002,0.26819149523307706,17.90568899154663,66200
1325,138097.5,-1380.9749999999995,0.26794919487461194,17.911211223602294,66250
1326,137035.0,-1370.3499999999997,0.26770716358925456,17.862083530426027,66300
1327,156580.0,-1565.8000000000006,0.2674654010782008,18.313761711120605,66350
1328,168880.0,-1688.8000000000004,0.2672239070429786,17.990813465118407,66400
1329,205215.0,-2052.15,0.26698268118544694,17.783165493011474,66450
1330,171627.5,-1716.275,0.2667417232077962,17.71162302017212,66500
1331,154432.5,-1544.325,0.2665010328125472,17.551776123046874,66550
1332,117940.0,-1179.4,0.2662606097025515,17.684078731536864,66600
1333,195347.5,-1953.4750000000001,0.2660204535809903,17.86702217102051,66650
1334,156937.5,-1569.375,0.2657805641513746,18.221871852874756,66700
1335,219437.5,-2194.375000000001,0.2655409411175444,18.444674530029296,66750
1336,127995.0,-1279.9499999999996,0.2653015841836689,17.76232204437256,66800
1337,116042.5,-1160.4250000000002,0.2650624930542457,18.117107486724855,66850
1338,132230.0,-1322.2999999999993,0.26482366743410046,18.11020357131958,66900
1339,133010.0,-1330.1,0.26458510702838683,18.0186501121521,66950
1340,215225.0,-2152.25,0.2643468115425856,17.68427490234375,67000
1341,137617.5,-1376.175,0.2641087806825049,17.684138526916502,67050
1342,122725.0,-1227.2499999999998,0.2638710141542793,18.039316158294678,67100
1343,183162.5,-1831.6250000000002,0.26363351166437005,18.058857345581053,67150
1344,153682.5,-1536.8249999999996,0.2633962729195641,18.01625509262085,67200
1345,153137.5,-1531.375,0.2631592976269739,18.293205280303955,67250
1346,165460.0,-1654.6000000000001,0.2629225854940375,17.586388492584227,67300
1347,139610.0,-1396.1000000000001,0.2626861362285178,17.43306436538696,67350
1348,142220.0,-1422.2,0.2624499495385018,17.933184490203857,67400
1349,170470.0,-1704.6999999999996,0.2622140251324011,17.26414426803589,67450
1350,138605.0,-1386.05,0.26197836271895103,17.978016319274904,67500
1351,133055.0,-1330.5500000000002,0.2617429620072102,17.23189167022705,67550
1352,152025.0,-1520.2500000000002,0.26150782270656053,17.684706611633302,67600
1353,203080.0,-2030.8,0.26127294452670646,17.598030014038088,67650
1354,139187.5,-1391.8750000000002,0.26103832717767494,17.38088188171387,67700
1355,125822.5,-1258.2250000000001,0.2608039703698149,17.722630119323732,67750
1356,141897.5,-1418.9750000000001,0.2605698738137969,17.98639127731323,67800
1357,165047.5,-1650.4750000000001,0.2603360372206128,17.655338077545167,67850
1358,155462.5,-1554.6250000000005,0.2601024603015755,17.464682693481446,67900
1359,186802.5,-1868.0249999999994,0.2598691427683183,18.61509407043457,67950
1360,134610.0,-1346.1000000000001,0.2596360843327949,18.49516345977783,68000
1361,154647.5,-1546.4749999999997,0.25940328470727875,17.651307888031006,68050
1362,199157.5,-1991.5750000000007,0.259170743604363,17.309795570373534,68100
1363,202210.0,-2022.1000000000001,0.25893846073695964,17.784315795898436,68150
1364,256620.0,-2566.2,0.2587064358182998,17.048312950134278,68200
1365,165340.0,-1653.3999999999999,0.2584746685619329,17.531441497802735,68250
1366,142805.0,-1428.05,0.2582431586817266,17.688565006256102,68300
1367,165550.0,-1655.4999999999998,0.258011905891866,17.036860218048094,68350
1368,204162.5,-2041.6250000000005,0.25778090990685393,17.216997051239012,68400
1369,116887.5,-1168.875,0.25755017044151013,16.834836254119875,68450
1370,124317.5,-1243.175,0.25731968721097104,17.169489841461182,68500
1371,133732.5,-1337.3249999999998,0.2570894599306894,17.092040824890137,68550
1372,176900.0,-1769.0000000000002,0.25685948831643396,17.927782402038574,68600
1373,136685.0,-1366.8499999999997,0.2566297720842891,16.899993267059326,68650
1374,185632.5,-1856.3249999999996,0.25640031095065463,16.88431739807129,68700
1375,124297.5,-1242.9749999999997,0.256171104632245,17.270181312561036,68750
1376,123195.0,-1231.95,0.25594215284608957,16.822517223358155,68800
1377,190415.0,-1904.1499999999994,0.2557134553095316,16.954988803863525,68850
1378,167810.0,-1678.1000000000001,0.25548501174022864,16.97498819351196,68900
1379,138290.0,-1382.8999999999999,0.2552568218561514,17.418353939056395,68950
1380,137912.5,-1379.1249999999998,0.25502888537558405,16.89038366317749,69000
1381,121537.5,-1215.3750000000002,0.2548012020171234,18.94275676727295,69050
1382,205652.5,-2056.5249999999996,0.2545737714996789,17.36129484176636,69100
1383,144142.5,-1441.4250000000002,0.2543465935424722,17.60357545852661,69150
1384,151307.5,-1513.075,0.2541196678650365,17.932492141723632,69200
1385,122620.0,-1226.2,0.25389299418721667,16.611550941467286,69250
1386,159592.5,-1595.925,0.2536665722291687,17.796277866363525,69300
1387,116745.0,-1167.4500000000003,0.2534404017113592,17.730897312164306,69350
1388,142307.5,-1423.0750000000003,0.2532144823545653,17.96051519393921,69400
1389,123725.0,-1237.2499999999998,0.2529888138798742,17.564314880371093,69450
1390,160815.0,-1608.1499999999999,0.2527633960086828,18.30328681945801,69500
1391,145832.5,-1458.3249999999998,0.2525382284626974,17.00775417327881,69550
1392,134887.5,-1348.875,0.2523133109639334,16.602782440185546,69600
1393,126137.5,-1261.3750000000002,0.25208864323471475,17.143397483825684,69650
1394,143082.5,-1430.8250000000003,0.25186422499767397,17.03505968093872,69700
1395,127802.5,-1278.0249999999996,0.2516400559757514,17.64341012954712,69750
1396,159120.0,-1591.1999999999998,0.25141613589219514,17.23470567703247,69800
1397,170850.0,-1708.5000000000002,0.25119246447056065,17.064443511962892,69850
1398,141750.0,-1417.5,0.25096904143471027,17.193228607177733,69900
1399,141970.0,-1419.7,0.25074586650881314,17.2121466255188,69950
1400,110000.0,-1100.0,0.2505229394173446,18.001548461914062,70000
1401,174740.0,-1747.3999999999999,0.250300259885086,17.292901210784912,70050
1402,155045.0,-1550.4499999999998,0.25007782763712433,17.104935493469238,70100
1403,104727.5,-1047.2749999999999,0.24985564239885177,16.99025463104248,70150
1404,194062.5,-1940.625,0.24963370389596562,17.42707292556763,70200
1405,113145.0,-1131.45,0.2494120118544676,18.136926860809325,70250
1406,172217.5,-1722.1749999999995,0.24919056600066392,17.21594226837158,70300
1407,125705.0,-1257.05,0.24896936606116454,17.53610792160034,70350
1408,126242.5,-1262.425,0.24874841176288315,17.687558631896973,70400
1409,165787.5,-1657.8750000000002,0.2485277028330365,17.692860412597657,70450
1410,107955.0,-1079.5499999999997,0.24830723899914453,17.284867095947266,70500
1411,183940.0,-1839.4,0.2480870199890296,17.38981128692627,70550
1412,112652.5,-1126.5250000000003,0.2478670455308164,17.316058197021484,70600
1413,147617.5,-1476.175,0.24764731535293144,18.253358001708985,70650
1414,122507.5,-1225.0749999999998,0.24742782918410283,17.601079845428465,70700
1415,132515.0,-1325.15,0.24720858675336,17.669209270477296,70750
1416,151980.0,-1519.7999999999997,0.24698958779003333,17.35013889312744,70800
1417,124867.5,-1248.6749999999997,0.24677083202375366,17.395386600494383,70850
1418,141872.5,-1418.7249999999997,0.24655231918445208,17.19607650756836,70900
1419,159872.5,-1598.7249999999997,0.2463340490023596,17.604599533081053,70950
1420,125460.0,-1254.6000000000004,0.2461160212080069,16.930388851165773,71000
1421,165845.0,-1658.4500000000003,0.24589823553222384,18.3040615272522,71050
1422,178927.5,-1789.2750000000003,0.2456806917061391,17.214799690246583,71100
1423,137715.0,-1377.1499999999996,0.24546338946118013,17.379080486297607,71150
1424,125020.0,-1250.1999999999998,0.24524632852907247,16.669225101470946,71200
1425,110665.0,-1106.6499999999999,0.24502950864183964,17.229428577423096,71250
1426,148550.0,-1485.5000000000002,0.24481292953180278,16.832347869873047,71300
1427,144447.5,-1444.4750000000004,0.2445965909315802,16.84126432418823,71350
1428,132765.0,-1327.6499999999999,0.24438049257408712,17.253561668395996,71400
1429,112205.0,-1122.05,0.24416463419253553,17.673974208831787,71450
1430,169937.5,-1699.375000000001,0.24394901552043358,16.893564529418946,71500
1431,114067.5,-1140.675,0.24373363629158523,16.7748118019104,71550
1432,155810.0,-1558.1000000000001,0.24351849624009025,17.253292560577393,71600
1433,119477.5,-1194.7749999999999,0.24330359510034366,16.699878997802735,71650
1434,110927.5,-1109.2749999999999,0.2430889326070353,17.52147804260254,71700
1435,115407.5,-1154.0750000000005,0.24287450849514974,17.719689922332762,71750
1436,124367.5,-1243.6750000000002,0.24266032249996583,16.948020458221436,71800
1437,146567.5,-1465.675,0.24244637435705635,17.393372344970704,71850
1438,115150.0,-1151.5000000000002,0.24223266380228786,16.98968729019165,71900
1439,111395.0,-1113.95,0.2420191905718201,17.398952827453613,71950
1440,115180.0,-1151.7999999999997,0.24180595440210578,17.1781974029541,72000
1441,132620.0,-1326.1999999999994,0.24159295502989042,17.238015003204346,72050
1442,126167.5,-1261.6749999999997,0.24138019219221168,17.380887622833253,72100
1443,101710.0,-1017.1,0.24116766562639957,17.005367755889893,72150
1444,123937.5,-1239.3750000000005,0.24095537507007547,17.88012237548828,72200
1445,168330.0,-1683.3000000000002,0.24074332026115225,17.59925075531006,72250
1446,184607.5,-1846.075,0.24053150093783382,17.277166175842286,72300
1447,150035.0,-1500.3499999999997,0.2403199168386148,17.484486637115477,72350
1448,182242.5,-1822.425,0.24010856770228023,17.078291454315185,72400
1449,114112.5,-1141.125,0.2398974532679053,17.17865104675293,72450
1450,181392.5,-1813.9250000000006,0.23968657327485482,17.6670867729187,72500
1451,165625.0,-1656.25,0.23947592746278307,17.310028553009033,72550
1452,138232.5,-1382.325,0.23926551557163345,17.697588634490966,72600
1453,164062.5,-1640.6249999999998,0.23905533734163825,17.349668273925783,72650
1454,110550.0,-1105.5,0.2388453925133181,17.126879196166993,72700
1455,147210.0,-1472.1,0.23863568082748182,18.288921699523925,72750
1456,136875.0,-1368.75,0.23842620202522607,17.737241916656494,72800
1457,109932.5,-1099.325,0.23821695584793506,17.564291172027588,72850
1458,118807.5,-1188.0750000000003,0.23800794203728004,17.890962924957275,72900
1459,139985.0,-1399.85,0.23779916033521942,17.35523473739624,72950
1460,172965.0,-1729.6500000000003,0.23759061048399777,16.93318298339844,73000
1461,112502.5,-1125.0249999999999,0.23738229222614626,17.516748847961427,73050
1462,120862.5,-1208.6250000000002,0.23717420530448186,16.77407522201538,73100
1463,199122.5,-1991.2249999999997,0.23696634946210698,17.10773853302002,73150
1464,131492.5,-1314.9249999999997,0.23675872444240953,17.02218713760376,73200
1465,158982.5,-1589.825,0.2365513299890622,16.88323833465576,73250
1466,128287.5,-1282.875,0.23634416584602258,17.13328670501709,73300
1467,129337.5,-1293.3750000000005,0.23613723175753237,16.796965255737305,73350
1468,120275.0,-1202.75,0.23593052746811732,17.681125831604003,73400
1469,127262.5,-1272.6250000000002,0.23572405272258695,16.73915927886963,73450
1470,129067.5,-1290.6750000000004,0.23551780726603416,17.36315330505371,73500
1471,136567.5,-1365.6749999999997,0.2353117908438349,16.83067750930786,73550
1472,130672.5,-1306.725,0.23510600320164787,16.77173833847046,73600
1473,126565.0,-1265.6499999999996,0.23490044408541422,16.796474285125733,73650
1474,102672.5,-1026.7250000000001,0.23469511324135722,17.662281761169435,73700
1475,178830.0,-1788.2999999999997,0.23449001041598205,16.864928188323976,73750
1476,141665.0,-1416.6499999999999,0.23428513535607526,17.2428684425354,73800
1477,107585.0,-1075.85,0.23408048780870466,16.683531551361085,73850
1478,120437.5,-1204.3749999999998,0.23387606752121892,16.877442150115968,73900
1479,193617.5,-1936.175,0.2336718742412473,17.019625072479247,73950
1480,145997.5,-1459.975,0.23346790771669934,17.23031955718994,74000
1481,114122.5,-1141.225,0.23326416769576447,17.53943962097168,74050
1482,131065.0,-1310.6499999999999,0.23306065392691172,16.661344566345214,74100
1483,198767.5,-1987.6750000000002,0.23285736615888947,18.425608692169188,74150
1484,212837.5,-2128.3750000000005,0.2326543041407253,18.041785068511963,74200
1485,129020.0,-1290.1999999999998,0.23245146762172525,16.91847412109375,74250
1486,105390.0,-1053.9,0.2322488563514738,16.6594372177124,74300
1487,113687.5,-1136.875,0.23204647007983364,17.139140167236327,74350
1488,139182.5,-1391.825,0.231844308556945,17.349332294464112,74400
1489,123177.5,-1231.7749999999996,0.23164237153322592,17.25924684524536,74450
1490,126767.5,-1267.675,0.23144065875937125,17.59765283584595,74500
1491,114847.5,-1148.475,0.2312391699863529,16.95806282043457,74550
1492,126620.0,-1266.2,0.23103790496541932,16.943641681671142,74600
1493,125672.5,-1256.7250000000004,0.23083686344809506,16.47720651626587,74650
1494,113252.5,-1132.525,0.2306360451861808,17.136706867218017,74700
1495,165492.5,-1654.9250000000004,0.2304354499317527,17.03257719039917,74750
1496,206487.5,-2064.8749999999995,0.23023507743716215,17.099819774627687,74800
1497,132137.5,-1321.3750000000005,0.23003492745503584,17.158346824645996,74850
1498,137700.0,-1377.0000000000005,0.22983499973827493,17.078018894195555,74900
1499,117770.0,-1177.7,0.229635294040055,17.106799182891844,74950
1500,117807.5,-1178.0749999999996,0.2294358101138259,17.125774574279784,75000
