episode,episode_cost,episode_reward,epsilon,mean_loss,global_step
1,816690.0,-8166.9,0.9989661185487222,,50
2,1030357.5,-10303.574999999999,0.9979122973149935,,100
3,772575.0,-7725.75,0.9968596463434807,,150
4,991545.0,-9915.450000000004,0.9958081643346144,,200
5,963140.0,-9631.400000000001,0.9947578499902687,,250
6,1382522.5,-13825.224999999995,0.993708702013759,,300
7,953502.5,-9535.025,0.9926607191098409,,350
8,1076820.0,-10768.199999999999,0.9916138999847082,,400
9,991257.5,-9912.574999999999,0.990568243345991,,450
10,983917.5,-9839.175,0.9895237479027558,,500
11,952887.5,-9528.874999999998,0.9884804123655013,,550
12,888260.0,-8882.6,0.987438235446159,,600
13,780395.0,-7803.949999999999,0.9863972158580908,,650
14,634147.5,-6341.475000000001,0.985357352316087,,700
15,1061535.0,-10615.35,0.9843186435363654,,750
16,897675.0,-8976.750000000002,0.9832810882365692,,800
17,769595.0,-7695.949999999999,0.982244685135766,,850
18,904535.0,-9045.35,0.9812094329544455,,900
19,930905.0,-9309.049999999996,0.9801753304145185,,950
20,830817.5,-8308.175000000003,0.9791423762393152,,1000
21,1148357.5,-11483.575,0.9781105691535833,,1050
22,854310.0,-8543.100000000002,0.9770799078834866,,1100
23,962532.5,-9625.325,0.976050391156604,,1150
24,868457.5,-8684.574999999999,0.9750220177019268,,1200
25,1041135.0,-10411.350000000002,0.973994786249858,,1250
26,810947.5,-8109.474999999999,0.9729686955322107,,1300
27,900402.5,-9004.025,0.9719437442822059,,1350
28,918550.0,-9185.5,0.9709199312344715,,1400
29,973587.5,-9735.874999999996,0.969897255125041,,1450
30,891735.0,-8917.35,0.9688757146913508,,1500
31,1089435.0,-10894.35,0.96785530867224,,1550
32,890722.5,-8907.225,0.9668360358079479,,1600
33,737235.0,-7372.35,0.9658178948401126,,1650
34,879142.5,-8791.425000000001,0.9648008845117699,,1700
35,1117642.5,-11176.424999999997,0.9637850035673516,,1750
36,1071287.5,-10712.874999999996,0.9627702507526834,,1800
37,998932.5,-9989.324999999999,0.9617566248149839,,1850
38,787257.5,-7872.575000000002,0.960744124502863,,1900
39,806362.5,-8063.625,0.95973274856632,,1950
40,856075.0,-8560.75,0.9587224957567426,172.34217834472656,2000
41,773755.0,-7737.550000000002,0.957713364826905,179.33133087158203,2050
42,1110130.0,-11101.300000000003,0.9567053545309665,147.2546058654785,2100
43,993027.5,-9930.275,0.9556984636244698,108.92443069458008,2150
44,1040395.0,-10403.95,0.9546926908643394,87.91727798461915,2200
45,990742.5,-9907.425000000001,0.9536880350088807,78.17113899230957,2250
46,1051472.5,-10514.725000000002,0.9526844948177773,66.78841346740722,2300
47,1064025.0,-10640.249999999998,0.951682069052091,54.74585952758789,2350
48,1031800.0,-10317.999999999998,0.9506807564742588,47.16624717712402,2400
49,1271157.5,-12711.574999999999,0.9496805558480921,41.998917999267576,2450
50,825667.5,-8256.675,0.9486814659387753,39.67196250915527,2500
51,985592.5,-9855.925000000001,0.9476834855128639,36.91517471313477,2550
52,915445.0,-9154.449999999999,0.9466866133382833,34.94647285461426,2600
53,1141202.5,-11412.024999999998,0.9456908481843268,34.048360404968264,2650
54,878345.0,-8783.450000000003,0.9446961888216546,32.37285385131836,2700
55,1203570.0,-12035.7,0.9437026340222923,31.661208839416503,2750
56,790385.0,-7903.849999999999,0.9427101825596286,30.570378379821776,2800
57,829302.5,-8293.025,0.9417188332084148,31.332945556640624,2850
58,783767.5,-7837.675,0.9407285847447626,29.47192512512207,2900
59,897277.5,-8972.775000000001,0.9397394359461432,28.53672401428223,2950
60,844290.0,-8442.9,0.9387513855913846,27.844674530029298,3000
61,959800.0,-9598.0,0.9377644324606719,94.60952850341796,3050
62,818857.5,-8188.575000000001,0.936778575335544,58.25357627868652,3100
63,863027.5,-8630.275,0.9357938129988934,47.70584503173828,3150
64,837225.0,-8372.249999999998,0.934810144234964,43.073584747314456,3200
65,763745.0,-7637.450000000002,0.9338275678293497,42.28617835998535,3250
66,847665.0,-8476.65,0.9328460825689932,40.43836753845215,3300
67,566415.0,-5664.150000000001,0.931865687242184,39.46364585876465,3350
68,1022447.5,-10224.474999999999,0.9308863806385576,40.41442588806152,3400
69,880917.5,-8809.174999999997,0.9299081615490931,38.8144633102417,3450
70,768827.5,-7688.275,0.9289310287661127,38.615857963562014,3500
71,783450.0,-7834.499999999999,0.9279549810832795,37.66836200714111,3550
72,914237.5,-9142.375,0.9269800172955961,37.08914752960205,3600
73,1001935.0,-10019.349999999995,0.9260061361994035,37.02171714782715,3650
74,913350.0,-9133.500000000002,0.9250333365923792,36.150402565002445,3700
75,915840.0,-9158.399999999998,0.924061617273536,36.158432235717775,3750
76,618527.5,-6185.275000000001,0.9230909770432201,36.313580665588375,3800
77,653547.5,-6535.475000000002,0.9221214147031102,34.63300868988037,3850
78,999705.0,-9997.050000000001,0.9211529290562157,35.53863468170166,3900
79,958155.0,-9581.550000000001,0.9201855189068752,35.28983165740967,3950
80,1074185.0,-10741.85,0.9192191830607549,34.530537071228025,4000
81,781120.0,-7811.2,0.9182539203248474,79.02216590881348,4050
82,836337.5,-8363.375,0.9172897295074706,53.17189727783203,4100
83,650097.5,-6500.9749999999985,0.9163266094182649,47.12041999816895,4150
84,715552.5,-7155.525000000001,0.9153645588681932,44.83921821594238,4200
85,965370.0,-9653.700000000003,0.9144035766695388,43.59939292907715,4250
86,838607.5,-8386.075,0.9134436616359035,42.47080291748047,4300
87,693922.5,-6939.225,0.9124848125822071,41.72543060302734,4350
88,836397.5,-8363.974999999997,0.9115270283246852,42.269118576049806,4400
89,889482.5,-8894.825,0.910570307680888,40.949514923095705,4450
90,732580.0,-7325.8,0.9096146494696786,42.64648971557617,4500
91,611535.0,-6115.349999999999,0.908660052511232,41.83720191955567,4550
92,816735.0,-8167.349999999999,0.9077065156270336,39.91797142028808,4600
93,871122.5,-8711.225,0.9067540376398768,40.579995727539064,4650
94,791487.5,-7914.874999999999,0.905802617373863,39.478212203979496,4700
95,846405.0,-8464.050000000001,0.9048522536543993,39.332650146484376,4750
96,468907.5,-4689.075,0.9039029453081966,38.63915367126465,4800
97,738595.0,-7385.949999999999,0.9029546911632694,38.09600769042969,4850
98,714617.5,-7146.174999999999,0.9020074900489335,39.674679107666016,4900
99,784422.5,-7844.224999999998,0.9010613407958047,36.944142990112304,4950
100,679762.5,-6797.624999999999,0.9001162422357973,39.307376327514646,5000
101,763980.0,-7639.8,0.8991721932021228,46.87510917663574,5050
102,735135.0,-7351.349999999998,0.8982291925292886,40.13824676513672,5100
103,957895.0,-9578.949999999999,0.897287239053096,39.35993595123291,5150
104,851165.0,-8511.650000000001,0.8963463316106396,39.369399337768556,5200
105,751560.0,-7515.6,0.895406469040305,37.316164321899414,5250
106,952782.5,-9527.824999999999,0.8944676501817679,37.49597557067871,5300
107,630260.0,-6302.600000000002,0.8935298738759926,37.85211448669433,5350
108,601577.5,-6015.7750000000015,0.8925931389652305,37.57151321411133,5400
109,773502.5,-7735.0250000000015,0.8916574442930186,37.09737392425537,5450
110,666615.0,-6666.149999999999,0.8907227887041781,38.082404670715334,5500
111,836735.0,-8367.35,0.8897891710448133,35.554294929504394,5550
112,1054130.0,-10541.300000000001,0.8888565901623093,36.65607456207275,5600
113,373980.0,-3739.8,0.887925044905332,37.23922798156738,5650
114,552640.0,-5526.400000000001,0.8869945341238251,34.69160381317138,5700
115,450465.0,-4504.649999999998,0.8860650566690099,37.02755882263184,5750
116,768877.5,-7688.774999999999,0.8851366113933832,36.40415382385254,5800
117,946130.0,-9461.3,0.8842091971507161,34.36191253662109,5850
118,738477.5,-7384.775,0.8832828127960527,35.89225154876709,5900
119,556047.5,-5560.474999999999,0.8823574571857085,36.10902736663818,5950
120,1228875.0,-12288.75,0.881433129177269,36.02287376403809,6000
121,486045.0,-4860.450000000001,0.8805098276295883,40.06022941589355,6050
122,666022.5,-6660.225000000003,0.8795875514027881,38.19186782836914,6100
123,723712.5,-7237.125,0.8786662993582555,38.303881340026855,6150
124,887315.0,-8873.150000000001,0.877746070358642,36.75561725616455,6200
125,1006802.5,-10068.025000000003,0.8768268632678626,36.17653491973877,6250
126,562330.0,-5623.300000000001,0.8759086769510934,36.94682804107666,6300
127,890187.5,-8901.875000000002,0.8749915102747711,36.50267513275146,6350
128,744050.0,-7440.500000000003,0.874075362106591,35.85153598785401,6400
129,774250.0,-7742.5,0.8731602313155057,35.59001667022705,6450
130,856637.5,-8566.375,0.8722461167717241,35.97045589447021,6500
131,901782.5,-9017.824999999997,0.8713330173467098,35.332074356079104,6550
132,695597.5,-6955.975000000002,0.8704209319131792,36.06298748016357,6600
133,871007.5,-8710.075000000003,0.8695098593451007,35.04568756103516,6650
134,697282.5,-6972.825,0.8685997985176935,35.66708248138428,6700
135,812002.5,-8120.024999999999,0.8676907483074254,35.902036819458004,6750
136,670697.5,-6706.975,0.8667827075920123,35.00027870178223,6800
137,338510.0,-3385.1,0.8658756752504158,35.477128219604495,6850
138,686462.5,-6864.624999999998,0.8649696501628431,35.41055446624756,6900
139,909602.5,-9096.025,0.8640646312107446,35.413712654113766,6950
140,744175.0,-7441.750000000002,0.8631606172768126,35.97530990600586,7000
141,732707.5,-7327.074999999998,0.8622576072449805,41.21203224182129,7050
142,944090.0,-9440.900000000001,0.8613556000004211,39.34041477203369,7100
143,948117.5,-9481.174999999997,0.8604545944295449,39.3764741897583,7150
144,652680.0,-6526.800000000002,0.8595545894199993,38.67411506652832,7200
145,594795.0,-5947.950000000002,0.858655583860667,37.78099624633789,7250
146,863485.0,-8634.85,0.8577575766416644,37.37891151428223,7300
147,735015.0,-7350.150000000001,0.8568605666543405,37.59359344482422,7350
148,621807.5,-6218.075000000001,0.8559645527912755,36.592771186828614,7400
149,635320.0,-6353.200000000001,0.855069533946279,36.999208030700686,7450
150,652845.0,-6528.45,0.85417550901439,37.54173133850097,7500
151,989285.0,-9892.849999999997,0.8532824768918733,38.536557312011716,7550
152,734545.0,-7345.450000000002,0.8523904364762204,36.799012336730954,7600
153,887930.0,-8879.300000000001,0.8514993866661463,37.21958675384521,7650
154,687087.5,-6870.875000000001,0.8506093263615898,37.482378540039065,7700
155,921702.5,-9217.025000000003,0.8497202544637107,36.50286125183106,7750
156,531217.5,-5312.175,0.8488321698748893,35.62037410736084,7800
157,635302.5,-6353.024999999998,0.8479450714987248,36.09860824584961,7850
158,482807.5,-4828.075,0.8470589582400339,35.071436729431156,7900
159,607642.5,-6076.425,0.8461738290048494,36.802319564819335,7950
160,531185.0,-5311.8499999999985,0.8452896827004192,35.40594997406006,8000
161,851512.5,-8515.125000000002,0.8444065182352043,42.93762565612793,8050
162,762567.5,-7625.675000000001,0.8435243345188784,40.588759422302246,8100
163,461370.0,-4613.7,0.8426431304623254,40.23568084716797,8150
164,677977.5,-6779.7750000000015,0.8417629049776392,41.22689727783203,8200
165,753772.5,-7537.724999999999,0.8408836569781213,39.844640579223636,8250
166,641062.5,-6410.625000000002,0.8400053853782806,38.198176803588865,8300
167,452327.5,-4523.275000000001,0.8391280890938306,40.42819953918457,8350
168,586340.0,-5863.4,0.8382517670416897,39.113734588623046,8400
169,987510.0,-9875.1,0.8373764181399785,38.07924900054932,8450
170,980225.0,-9802.249999999998,0.8365020413080195,39.28571620941162,8500
171,879302.5,-8793.025,0.8356286354663347,39.846893577575685,8550
172,555000.0,-5549.999999999999,0.8347561995366455,38.088689155578614,8600
173,859822.5,-8598.224999999999,0.83388473244187,36.77011001586914,8650
174,730425.0,-7304.250000000001,0.8330142331061232,39.29384624481201,8700
175,808302.5,-8083.025,0.832144700454714,39.41708145141602,8750
176,1023337.5,-10233.375000000004,0.8312761334141457,37.34285118103028,8800
177,612272.5,-6122.724999999999,0.8304085309121129,39.01259578704834,8850
178,588207.5,-5882.074999999998,0.8295418918775013,37.22016986846924,8900
179,430812.5,-4308.125,0.828676215240386,38.039171104431155,8950
180,687175.0,-6871.75,0.8278114999320305,36.96642307281494,9000
181,661815.0,-6618.149999999999,0.8269477448848848,44.74556869506836,9050
182,726547.5,-7265.475,0.8260849490325846,41.6953003692627,9100
183,681565.0,-6815.649999999999,0.8252231113099495,40.43994171142578,9150
184,584255.0,-5842.55,0.8243622306529825,39.81529773712158,9200
185,916382.5,-9163.824999999997,0.8235023059988678,39.62778503417969,9250
186,567212.5,-5672.124999999998,0.8226433362859698,39.51398857116699,9300
187,648152.5,-6481.525000000001,0.821785320453832,38.89204288482666,9350
188,446565.0,-4465.650000000001,0.8209282574431755,38.38228446960449,9400
189,643352.5,-6433.525000000001,0.8200721461958979,38.994845123291014,9450
190,579337.5,-5793.375000000001,0.8192169856550712,39.01009754180908,9500
191,610205.0,-6102.049999999998,0.8183627747649418,38.38982639312744,9550
192,453745.0,-4537.450000000001,0.8175095124709283,39.06988655090332,9600
193,728702.5,-7287.024999999999,0.8166571977196203,37.4045376586914,9650
194,646365.0,-6463.649999999997,0.8158058294587772,38.675866317749026,9700
195,490645.0,-4906.45,0.8149554066373269,37.650724716186524,9750
196,673155.0,-6731.549999999999,0.8141059282053648,37.78957176208496,9800
197,623912.5,-6239.125,0.8132573931141518,38.74354694366455,9850
198,717690.0,-7176.9,0.8124098003161137,38.216421852111814,9900
199,529525.0,-5295.25,0.8115631487648394,37.9976131439209,9950
200,514307.5,-5143.075,0.8107174374150801,38.121003494262695,10000
201,335220.0,-3352.2,0.8098726652227476,42.88379913330078,10050
202,618632.5,-6186.324999999999,0.8090288311449131,40.48172855377197,10100
203,586330.0,-5863.299999999999,0.808185934139806,40.150157890319825,10150
204,580572.5,-5805.725000000002,0.8073439731668127,39.375263442993166,10200
205,641702.5,-6417.024999999998,0.8065029471864751,38.04967254638672,10250
206,902710.0,-9027.1,0.8056628551604893,38.30755722045898,10300
207,633780.0,-6337.8,0.8048236960517048,39.98607509613037,10350
208,525567.5,-5255.674999999999,0.8039854688241221,38.53716987609863,10400
209,654120.0,-6541.200000000001,0.8031481724428933,40.28216369628906,10450
210,516327.5,-5163.275,0.8023118058743185,38.947526092529294,10500
211,680840.0,-6808.4000000000015,0.8014763680858467,38.49489902496338,10550
212,471277.5,-4712.775000000001,0.8006418580460727,37.0753519821167,10600
213,565900.0,-5658.999999999999,0.7998082747247374,37.970039176940915,10650
214,459217.5,-4592.175000000001,0.7989756170927254,38.18693698883057,10700
215,561195.0,-5611.95,0.7981438841220642,36.55750274658203,10750
216,644817.5,-6448.175,0.7973130747859228,36.80820499420166,10800
217,432117.5,-4321.175,0.7964831880586107,37.961741333007815,10850
218,446022.5,-4460.225,0.7956542229155762,38.646581115722654,10900
219,706637.5,-7066.374999999999,0.7948261783334054,37.78376861572266,10950
220,595260.0,-5952.600000000001,0.793999053289821,38.08889492034912,11000
221,727692.5,-7276.924999999997,0.7931728467636808,41.37293762207031,11050
222,540947.5,-5409.474999999999,0.7923475577349768,38.094549560546874,11100
223,483332.5,-4833.325000000001,0.7915231851848333,38.11654048919678,11150
224,523267.5,-5232.675000000001,0.7906997280955065,36.753134155273436,11200
225,691057.5,-6910.575000000001,0.7898771854503824,38.827383575439455,11250
226,694840.0,-6948.4000000000015,0.7890555562339765,38.993108673095705,11300
227,717892.5,-7178.924999999999,0.7882348394319314,37.48041904449463,11350
228,609857.5,-6098.575000000002,0.7874150340310162,37.95112071990967,11400
229,567365.0,-5673.65,0.7865961390191257,38.14812976837158,11450
230,523110.0,-5231.1,0.7857781533852781,37.427686500549314,11500
231,472850.0,-4728.5,0.7849610761196147,37.41044319152832,11550
232,831980.0,-8319.800000000001,0.7841449062133977,38.18219638824463,11600
233,632475.0,-6324.749999999999,0.7833296426590101,36.78326122283936,11650
234,426637.5,-4266.374999999999,0.7825152844499537,37.13849826812744,11700
235,482137.5,-4821.375000000001,0.7817018305808474,37.81821239471436,11750
236,441105.0,-4411.049999999999,0.7808892800474273,37.297588691711425,11800
237,990660.0,-9906.600000000002,0.7800776318465447,36.97960720062256,11850
238,422345.0,-4223.449999999999,0.7792668849761645,35.339638290405276,11900
239,1034930.0,-10349.299999999996,0.7784570384353645,36.728564682006834,11950
240,491025.0,-4910.25,0.7776480912243341,36.29723960876465,12000
241,558810.0,-5588.100000000001,0.776840042344373,39.94336093902588,12050
242,540922.5,-5409.225000000001,0.7760328907978898,39.3780908203125,12100
243,436665.0,-4366.650000000001,0.7752266355884011,39.25293411254883,12150
244,576900.0,-5768.999999999999,0.7744212757205299,39.0401107788086,12200
245,403420.0,-4034.2000000000003,0.7736168102000045,38.94762767791748,12250
246,539862.5,-5398.625000000001,0.772813238033658,38.86682685852051,12300
247,540922.5,-5409.225,0.7720105582294253,37.32311882019043,12350
248,520192.5,-5201.924999999999,0.771208769796344,38.92226928710937,12400
249,362010.0,-3620.0999999999995,0.7704078717445514,37.41405693054199,12450
250,401505.0,-4015.0500000000015,0.7696078630852848,38.20533981323242,12500
251,677740.0,-6777.4,0.7688087428308786,38.66013553619385,12550
252,1040585.0,-10405.850000000002,0.768010509994765,36.85560581207275,12600
253,479032.5,-4790.325,0.7672131635914707,38.19481643676758,12650
254,317340.0,-3173.4,0.7664167026366179,36.881175956726075,12700
255,596530.0,-5965.3,0.7656211261469209,39.16294975280762,12750
256,740127.5,-7401.275000000001,0.7648264331401865,37.722113876342775,12800
257,450087.5,-4500.875,0.7640326226353124,38.19794429779053,12850
258,702712.5,-7027.125000000003,0.7632396936522852,37.67484195709228,12900
259,342642.5,-3426.4250000000015,0.7624476452121803,37.55573944091797,12950
260,624307.5,-6243.074999999997,0.7616564763371599,37.26633716583252,13000
261,399380.0,-3993.7999999999997,0.7608661860504724,38.869167251586916,13050
262,663392.5,-6633.924999999998,0.7600767733764505,38.381252937316894,13100
263,635417.5,-6354.175000000001,0.7592882373405107,38.876943588256836,13150
264,655637.5,-6556.374999999998,0.7585005769691515,38.19608253479004,13200
265,446232.5,-4462.325000000001,0.7577137912899525,37.70652835845947,13250
266,549702.5,-5497.0250000000015,0.7569278793315736,37.15381622314453,13300
267,368162.5,-3681.6249999999995,0.7561428401237525,38.426822357177734,13350
268,653705.0,-6537.049999999997,0.7553586726973054,36.979972763061525,13400
269,554727.5,-5547.2750000000015,0.754575376084124,38.25870574951172,13450
270,634120.0,-6341.199999999999,0.7537929493171753,38.32883171081543,13500
271,571370.0,-5713.699999999999,0.7530113914305006,35.81838695526123,13550
272,444942.5,-4449.425,0.752230701459213,36.957203521728516,13600
273,355450.0,-3554.5,0.751450878439498,37.01579162597656,13650
274,326167.5,-3261.675,0.7506719214086109,36.40939140319824,13700
275,753890.0,-7538.899999999999,0.7498938294048763,37.55202339172363,13750
276,618740.0,-6187.4,0.7491166014676865,36.409965629577634,13800
277,488377.5,-4883.774999999999,0.748340236637501,36.29624588012695,13850
278,434747.5,-4347.475,0.7475647339558446,36.26419399261474,13900
279,575577.5,-5755.774999999999,0.7467900924653061,36.137842903137205,13950
280,314075.0,-3140.75,0.7460163112095384,37.15578220367431,14000
281,670785.0,-6707.850000000001,0.7452433892332556,38.84348133087158,14050
282,395907.5,-3959.0750000000007,0.744471325582233,36.19302947998047,14100
283,317512.5,-3175.1249999999995,0.7437001193033054,36.52728691101074,14150
284,510002.5,-5100.025000000001,0.7429297694443663,36.83138652801514,14200
285,522252.5,-5222.5250000000015,0.7421602750543664,36.94336879730225,14250
286,669120.0,-6691.199999999998,0.7413916351833126,35.61929859161377,14300
287,767065.0,-7670.65,0.7406238488822665,35.68022033691406,14350
288,744512.5,-7445.124999999999,0.7398569152033438,36.83254043579102,14400
289,606190.0,-6061.9,0.7390908331997127,36.39796058654785,14450
290,427092.5,-4270.925,0.7383256019255928,37.91817207336426,14500
291,556370.0,-5563.699999999999,0.737561220436254,35.544127464294434,14550
292,444025.0,-4440.25,0.7367976877880156,35.80046043395996,14600
293,547655.0,-5476.550000000002,0.7360350030382442,36.25229022979736,14650
294,278047.5,-2780.475000000001,0.735273165245354,36.41442733764649,14700
295,379812.5,-3798.1249999999986,0.734512173468804,35.61883358001709,14750
296,563427.5,-5634.275,0.7337520267690986,35.81302757263184,14800
297,380805.0,-3808.0500000000006,0.7329927242077845,35.832126197814944,14850
298,402480.0,-4024.7999999999997,0.7322342648474512,35.231979866027835,14900
299,701915.0,-7019.149999999999,0.7314766477517292,36.66265766143799,14950
300,473305.0,-4733.05,0.7307198719852884,35.079305725097655,15000
301,444612.5,-4446.125,0.7299639366138377,35.506188774108885,15050
302,440192.5,-4401.925000000001,0.7292088407041237,34.939115829467774,15100
303,487585.0,-4875.85,0.7284545833239288,34.893571434021,15150
304,670555.0,-6705.550000000001,0.7277011635420711,34.14233158111572,15200
305,771340.0,-7713.399999999997,0.7269485804284027,34.078533248901365,15250
306,565462.5,-5654.624999999999,0.7261968330538084,33.57884132385254,15300
307,433747.5,-4337.475,0.7254459204902051,34.86949405670166,15350
308,424345.0,-4243.449999999999,0.7246958418105398,34.04220077514648,15400
309,422672.5,-4226.724999999999,0.7239465960887898,33.2270365524292,15450
310,542975.0,-5429.750000000002,0.7231981823999599,34.08234279632568,15500
311,642140.0,-6421.4,0.7224505998200828,33.81064556121826,15550
312,402982.5,-4029.8250000000007,0.7217038474262168,33.86245716094971,15600
313,581712.5,-5817.124999999999,0.7209579242964453,33.34940528869629,15650
314,504632.5,-5046.324999999999,0.7202128295098753,34.202947006225585,15700
315,453290.0,-4532.900000000001,0.7194685621466369,33.00914947509766,15750
316,507025.0,-5070.250000000001,0.7187251212878812,32.830396270751955,15800
317,555865.0,-5558.65,0.71798250601578,33.734635734558104,15850
318,529582.5,-5295.824999999999,0.7172407154135241,32.93327438354492,15900
319,509822.5,-5098.224999999999,0.7164997485653225,33.736109237670895,15950
320,556610.0,-5566.1,0.7157596045564013,33.576341247558595,16000
321,494035.0,-4940.35,0.7150202824730025,34.14345455169678,16050
322,398780.0,-3987.8,0.7142817814023825,33.33798233032226,16100
323,534857.5,-5348.575,0.7135441004328116,32.53536037445068,16150
324,536487.5,-5364.875,0.7128072386535725,32.87607948303223,16200
325,645422.5,-6454.225000000002,0.7120711951549591,33.06525905609131,16250
326,569732.5,-5697.325000000001,0.7113359690282756,32.242664184570316,16300
327,481465.0,-4814.65,0.7106015593658354,34.122695999145506,16350
328,383555.0,-3835.5499999999997,0.7098679652609599,32.521665000915526,16400
329,655125.0,-6551.249999999998,0.7091351858079771,33.0436328125,16450
330,590757.5,-5907.574999999997,0.708403220102221,32.40818119049072,16500
331,503105.0,-5031.049999999999,0.7076720672400301,33.135671882629396,16550
332,468057.5,-4680.575000000001,0.7069417263187464,32.106461677551266,16600
333,542782.5,-5427.825,0.7062121964367146,33.0732734298706,16650
334,261550.0,-2615.5,0.7054834766932802,32.914514694213864,16700
335,327215.0,-3272.1500000000005,0.7047555661887892,31.98688404083252,16750
336,296862.5,-2968.625,0.7040284640245865,32.724602127075194,16800
337,480670.0,-4806.700000000002,0.703302169303015,32.851666870117185,16850
338,542797.5,-5427.974999999998,0.7025766811274147,32.15778881072998,16900
339,372530.0,-3725.3,0.7018519986021208,32.15474769592285,16950
340,329682.5,-3296.8249999999994,0.7011281208324635,32.573419189453126,17000
341,415435.0,-4154.349999999999,0.7004050469247664,32.28331420898437,17050
342,374072.5,-3740.725,0.6996827759863457,31.99537509918213,17100
343,511495.0,-5114.950000000003,0.6989613071255087,32.45185157775879,17150
344,536112.5,-5361.125000000001,0.6982406394515531,31.599903221130372,17200
345,435905.0,-4359.050000000002,0.6975207720747656,30.914184226989747,17250
346,628957.5,-6289.575,0.696801704106421,31.600076789855958,17300
347,499257.5,-4992.575000000001,0.6960834346587806,32.9001586151123,17350
348,483467.5,-4834.675000000001,0.6953659628450924,31.49252353668213,17400
349,569772.5,-5697.724999999999,0.6946492877795887,31.749546813964844,17450
350,455540.0,-4555.4,0.6939334085774848,31.04604293823242,17500
351,456850.0,-4568.5,0.6932183243549795,32.126188354492186,17550
352,406317.5,-4063.175,0.6925040342292527,33.010847892761234,17600
353,647660.0,-6476.6,0.6917905373184645,31.692075691223145,17650
354,607285.0,-6072.850000000001,0.6910778327417546,30.327844924926758,17700
355,389645.0,-3896.45,0.6903659196192407,31.07027084350586,17750
356,472115.0,-4721.150000000001,0.6896547970720173,30.105611000061035,17800
357,399105.0,-3991.0499999999997,0.6889444642221556,32.0448193359375,17850
358,402717.5,-4027.175,0.6882349201927013,31.296795310974122,17900
359,479832.5,-4798.325000000001,0.687526164107674,30.473105850219728,17950
360,574907.5,-5749.075000000003,0.686818195092066,32.91497993469238,18000
361,495885.0,-4958.85,0.6861110122718415,30.669029655456544,18050
362,372425.0,-3724.2499999999995,0.6854046147739351,29.837509002685547,18100
363,658525.0,-6585.249999999997,0.6846990017262511,29.533686904907228,18150
364,578190.0,-5781.9000000000015,0.6839941722576622,29.749563255310058,18200
365,379027.5,-3790.274999999999,0.6832901254980086,29.9156400680542,18250
366,626830.0,-6268.299999999999,0.6825868605780965,30.145549240112306,18300
367,571420.0,-5714.199999999999,0.6818843766296975,30.89090198516846,18350
368,554445.0,-5544.45,0.6811826727855474,30.433850860595705,18400
369,521840.0,-5218.4,0.6804817481793451,29.893385124206542,18450
370,574462.5,-5744.624999999999,0.6797816019457517,29.338121223449708,18500
371,343745.0,-3437.4500000000007,0.6790822332203886,29.28771999359131,18550
372,377907.5,-3779.0749999999994,0.6783836411398378,29.40277843475342,18600
373,673385.0,-6733.85,0.6776858248416399,29.369000091552735,18650
374,346765.0,-3467.65,0.6769887834642933,28.157741622924803,18700
375,411117.5,-4111.175,0.6762925161472526,29.511655197143554,18750
376,434482.5,-4344.825,0.6755970220309286,29.21605400085449,18800
377,693155.0,-6931.55,0.6749023002566868,28.257874603271485,18850
378,417062.5,-4170.624999999999,0.6742083499668455,29.262407722473146,18900
379,404395.0,-4043.9499999999994,0.6735151703046761,28.82138931274414,18950
380,426750.0,-4267.5,0.672822760414401,30.433543663024903,19000
381,453680.0,-4536.800000000001,0.6721311194411933,31.631262016296386,19050
382,314460.0,-3144.5999999999995,0.6714402465311751,30.553644714355467,19100
383,379430.0,-3794.2999999999997,0.6707501408314166,30.601707153320312,19150
384,281387.5,-2813.8749999999995,0.6700608014899355,29.83403533935547,19200
385,471262.5,-4712.625,0.6693722276556955,30.10704414367676,19250
386,517232.5,-5172.325,0.6686844184786054,30.639506645202637,19300
387,514847.5,-5148.4749999999985,0.6679973731095179,31.484967994689942,19350
388,247910.0,-2479.1000000000004,0.6673110907002288,30.396689262390137,19400
389,380332.5,-3803.3250000000003,0.6666255704034758,28.556381645202638,19450
390,578205.0,-5782.049999999999,0.6659408113729374,29.991017303466798,19500
391,397917.5,-3979.1750000000006,0.6652568127632319,30.887773208618164,19550
392,425190.0,-4251.900000000001,0.6645735737299167,30.464493255615235,19600
393,351362.5,-3513.625,0.6638910934294866,29.976432075500487,19650
394,452822.5,-4528.225,0.6632093710193733,28.978930244445802,19700
395,442230.0,-4422.3,0.662528405657944,30.68541118621826,19750
396,316315.0,-3163.1500000000005,0.6618481965045008,29.161243667602537,19800
397,440047.5,-4400.474999999999,0.6611687427192792,28.41209743499756,19850
398,486887.5,-4868.875,0.6604900434634471,29.286459274291992,19900
399,384750.0,-3847.500000000001,0.6598120978991042,29.461900215148926,19950
400,406065.0,-4060.6499999999996,0.6591349051892808,29.907478828430175,20000
401,225070.0,-2250.7,0.6584584644979361,30.216134719848633,20050
402,575085.0,-5750.85,0.6577827749899582,30.36764446258545,20100
403,386640.0,-3866.3999999999987,0.6571078358311624,32.447309761047364,20150
404,619202.5,-6192.025000000001,0.6564336461882905,30.620541648864744,20200
405,250707.5,-2507.075,0.6557602052290094,30.156200065612794,20250
406,292290.0,-2922.8999999999996,0.6550875121219103,30.4362345123291,20300
407,311630.0,-3116.3000000000006,0.6544155660365082,30.92340114593506,20350
408,461030.0,-4610.299999999999,0.6537443661432396,28.661454315185548,20400
409,433912.5,-4339.125000000002,0.6530739116134626,29.06050262451172,20450
410,406045.0,-4060.4500000000003,0.6524042016194557,29.476019020080567,20500
411,459767.5,-4597.675000000001,0.6517352353344161,28.943500518798828,20550
412,324497.5,-3244.975,0.6510670119324595,30.9844132232666,20600
413,358412.5,-3584.1249999999995,0.6503995305886188,28.88947322845459,20650
414,451227.5,-4512.274999999999,0.6497327904788426,29.211523666381837,20700
415,332285.0,-3322.85,0.6490667907799951,29.68735725402832,20750
416,524347.5,-5243.475,0.6484015306698542,29.746987953186036,20800
417,265862.5,-2658.624999999999,0.6477370093271112,29.243687591552735,20850
418,182530.0,-1825.2999999999995,0.6470732259313692,28.758813400268554,20900
419,277992.5,-2779.9249999999993,0.6464101796631423,30.62513374328613,20950
420,371702.5,-3717.0249999999996,0.6457478697038552,29.44169303894043,21000
421,361072.5,-3610.725,0.6450862952358407,29.46315742492676,21050
422,259355.0,-2593.5499999999997,0.6444254554423405,29.273751525878907,21100
423,193090.0,-1930.8999999999994,0.6437653495075027,29.701615943908692,21150
424,500707.5,-5007.075000000001,0.6431059766163818,28.44100875854492,21200
425,444522.5,-4445.224999999999,0.6424473359549367,29.49552303314209,21250
426,402540.0,-4025.3999999999996,0.6417894267100314,27.94247398376465,21300
427,422877.5,-4228.775000000001,0.6411322480694315,28.749504623413085,21350
428,286197.5,-2861.9750000000004,0.6404757992218055,29.42151313781738,21400
429,386665.0,-3866.6499999999996,0.6398200793567229,28.69655860900879,21450
430,429687.5,-4296.874999999999,0.6391650876646525,28.36146942138672,21500
431,280780.0,-2807.799999999999,0.6385108233369627,28.872943077087402,21550
432,324642.5,-3246.425,0.6378572855659198,28.232329292297365,21600
433,324905.0,-3249.0499999999997,0.6372044735446867,29.33078372955322,21650
434,230770.0,-2307.6999999999994,0.6365523864673227,29.213318099975584,21700
435,379740.0,-3797.400000000001,0.635901023528782,28.61729034423828,21750
436,308220.0,-3082.2,0.6352503839249126,27.967276153564452,21800
437,381150.0,-3811.5,0.6346004668524557,29.336891212463378,21850
438,280802.5,-2808.0250000000005,0.6339512715090445,28.484579315185545,21900
439,440005.0,-4400.05,0.6333027970932033,27.924524459838867,21950
440,409075.0,-4090.749999999999,0.6326550428043459,27.989754600524904,22000
441,472090.0,-4720.899999999999,0.6320080078427761,30.90181121826172,22050
442,302702.5,-3027.0249999999996,0.6313616914096848,29.346962547302248,22100
443,356550.0,-3565.5,0.6307160927071506,28.668025550842284,22150
444,289637.5,-2896.375,0.630071210938138,29.207336387634278,22200
445,320415.0,-3204.1499999999996,0.6294270453064965,30.43973327636719,22250
446,224702.5,-2247.0250000000005,0.6287835950169599,29.39413661956787,22300
447,469325.0,-4693.25,0.628140859275145,29.198872375488282,22350
448,288772.5,-2887.7249999999995,0.6274988372875506,28.213471488952635,22400
449,482102.5,-4821.024999999999,0.6268575282615572,28.63411350250244,22450
450,245607.5,-2456.075,0.6262169314054249,29.12950611114502,22500
451,373262.5,-3732.6250000000005,0.6255770459282936,28.484637870788575,22550
452,534715.0,-5347.1500000000015,0.624937871040181,27.992012596130373,22600
453,305532.5,-3055.3250000000003,0.6242994059519822,29.014997940063477,22650
454,353747.5,-3537.4750000000004,0.6236616498754686,28.719959449768066,22700
455,370400.0,-3704.0000000000005,0.6230246020232869,28.569193382263183,22750
456,499412.5,-4994.124999999999,0.6223882616089583,28.519869995117187,22800
457,403962.5,-4039.624999999999,0.6217526278468772,28.74559398651123,22850
458,411217.5,-4112.174999999999,0.6211176999523107,27.65537784576416,22900
459,449402.5,-4494.025,0.6204834771413968,27.67158805847168,22950
460,290127.5,-2901.275,0.6198499586311443,28.44621150970459,23000
461,306537.5,-3065.3749999999995,0.6192171436394318,27.68566265106201,23050
462,217095.0,-2170.9499999999994,0.6185850313850059,28.02728012084961,23100
463,370385.0,-3703.8499999999995,0.617953621087481,27.21228145599365,23150
464,368660.0,-3686.6000000000004,0.6173229119673384,29.078818244934084,23200
465,313382.5,-3133.8250000000003,0.6166929032459244,27.486153717041017,23250
466,410495.0,-4104.950000000001,0.6160635941454509,27.447994842529297,23300
467,319255.0,-3192.55,0.6154349838889924,28.63969654083252,23350
468,307820.0,-3078.1999999999994,0.6148070717004872,28.519531898498535,23400
469,405687.5,-4056.875000000001,0.6141798568047347,28.11790523529053,23450
470,295365.0,-2953.6499999999996,0.6135533384273958,28.881961708068847,23500
471,311627.5,-3116.274999999999,0.6129275157949906,29.26921257019043,23550
472,315165.0,-3151.65,0.6123023881348987,28.246883735656738,23600
473,289592.5,-2895.9249999999993,0.6116779546753572,28.10200496673584,23650
474,453465.0,-4534.650000000001,0.6110542146454608,27.826257705688477,23700
475,416897.5,-4168.975,0.6104311672751601,27.627429275512696,23750
476,482337.5,-4823.375,0.6098088117952605,27.489059982299803,23800
477,209500.0,-2095.0,0.6091871474374217,27.688017425537108,23850
478,403517.5,-4035.1749999999997,0.6085661734341571,27.95908016204834,23900
479,484512.5,-4845.124999999999,0.6079458890188318,27.108401679992674,23950
480,431607.5,-4316.074999999999,0.6073262934256626,28.27852870941162,24000
481,448057.5,-4480.574999999999,0.6067073858897166,29.094800033569335,24050
482,285460.0,-2854.6000000000004,0.6060891656469103,27.504321937561034,24100
483,403182.5,-4031.825000000001,0.6054716319340087,27.33395767211914,24150
484,314880.0,-3148.8000000000006,0.6048547839886245,28.93411609649658,24200
485,486170.0,-4861.7,0.6042386210492169,27.200585861206054,24250
486,425617.5,-4256.174999999999,0.603623142355091,27.490249671936034,24300
487,294970.0,-2949.6999999999994,0.6030083471463962,26.499996948242188,24350
488,370280.0,-3702.8000000000006,0.6023942346641262,26.940458374023436,24400
489,337417.5,-3374.1750000000006,0.6017808041501173,27.293458518981932,24450
490,389220.0,-3892.2000000000003,0.6011680548470478,26.554552421569824,24500
491,358422.5,-3584.225,0.600555985998437,26.7860298538208,24550
492,357092.5,-3570.9249999999993,0.5999445968486442,27.44613082885742,24600
493,443780.0,-4437.800000000001,0.5993338866428682,27.94548969268799,24650
494,456917.5,-4569.175000000001,0.5987238546271454,26.798177642822267,24700
495,580602.5,-5806.0250000000015,0.5981145000483498,27.416202239990234,24750
496,284592.5,-2845.9249999999997,0.5975058221541918,26.32859691619873,24800
497,392015.0,-3920.1500000000005,0.596897820193217,27.065214881896974,24850
498,453012.5,-4530.124999999998,0.5962904934148059,25.644550018310547,24900
499,333947.5,-3339.474999999999,0.595683841069172,26.115797233581542,24950
500,388010.0,-3880.0999999999995,0.5950778624073618,25.72781620025635,25000
501,467010.0,-4670.0999999999985,0.5944725566812535,27.474057769775392,25050
502,341477.5,-3414.7749999999996,0.593867923143556,26.129399528503416,25100
503,459670.0,-4596.7,0.5932639610478079,25.987364349365233,25150
504,427795.0,-4277.95,0.592660669648377,26.781660423278808,25200
505,323737.5,-3237.375,0.5920580482004592,26.06704689025879,25250
506,301620.0,-3016.1999999999994,0.591456095960077,25.852523193359374,25300
507,301402.5,-3014.0249999999996,0.5908548121840795,27.218103218078614,25350
508,417832.5,-4178.325000000001,0.5902541961301412,25.35384002685547,25400
509,461712.5,-4617.124999999999,0.5896542470567605,26.11444133758545,25450
510,242237.5,-2422.3750000000005,0.5890549642232595,26.96394145965576,25500
511,230505.0,-2305.05,0.5884563468897829,26.82857173919678,25550
512,276435.0,-2764.350000000001,0.5878583943172967,26.186568450927734,25600
513,216625.0,-2166.2500000000005,0.5872611057675879,26.138553810119628,25650
514,348210.0,-3482.1,0.5866644805032631,27.024594078063966,25700
515,330015.0,-3300.1499999999996,0.5860685177877478,26.444283599853517,25750
516,265482.5,-2654.8250000000003,0.5854732168852854,25.26144432067871,25800
517,219840.0,-2198.4,0.5848785770609368,25.24107410430908,25850
518,311270.0,-3112.6999999999994,0.5842845975805783,26.44754081726074,25900
519,606337.5,-6063.375000000001,0.5836912777109019,25.939012832641602,25950
520,380460.0,-3804.600000000001,0.5830986167194139,26.37828372955322,26000
521,292062.5,-2920.6250000000005,0.5825066138744341,28.203435516357423,26050
522,219682.5,-2196.825,0.5819152684450946,26.87008617401123,26100
523,288867.5,-2888.6750000000006,0.5813245797013393,25.98072380065918,26150
524,381415.0,-3814.1499999999996,0.5807345469139226,24.92434726715088,26200
525,728715.0,-7287.15,0.5801451693544092,26.88388469696045,26250
526,382670.0,-3826.7000000000007,0.579556446295172,25.67324607849121,26300
527,259070.0,-2590.7,0.5789683770093926,26.10624988555908,26350
528,342285.0,-3422.8500000000004,0.5783809607710595,26.696254272460937,26400
529,321045.0,-3210.4500000000003,0.5777941968549672,26.352673530578613,26450
530,380652.5,-3806.5250000000015,0.5772080845367159,25.66840244293213,26500
531,410295.0,-4102.95,0.57662262309271,24.897022285461425,26550
532,370005.0,-3700.05,0.5760378118001575,26.26567798614502,26600
533,343972.5,-3439.725000000001,0.5754536499370692,25.49102046966553,26650
534,368022.5,-3680.2250000000004,0.5748701367822573,26.069193000793458,26700
535,459700.0,-4596.999999999999,0.5742872716153352,25.700045013427733,26750
536,337180.0,-3371.7999999999993,0.5737050537167163,24.91413715362549,26800
537,266800.0,-2668.0000000000005,0.5731234823676131,24.639677429199217,26850
538,178260.0,-1782.6,0.572542556850036,25.272949714660644,26900
539,319497.5,-3194.975,0.5719622764467929,25.76840602874756,26950
540,204165.0,-2041.6499999999996,0.5713826404414883,25.677132377624513,27000
541,297152.5,-2971.5249999999996,0.5708036481185221,27.4118741607666,27050
542,274192.5,-2741.925,0.5702252987630888,25.943155059814455,27100
543,299212.5,-2992.124999999999,0.569647591661177,25.21607349395752,27150
544,329805.0,-3298.0500000000006,0.5690705260995677,25.948945350646973,27200
545,463707.5,-4637.074999999998,0.5684941013658341,25.91896453857422,27250
546,231915.0,-2319.15,0.5679183167483413,25.35202079772949,27300
547,496330.0,-4963.299999999998,0.5673431715362433,25.155202598571776,27350
548,369797.5,-3697.974999999999,0.5667686650194846,26.938535537719726,27400
549,462570.0,-4625.7,0.5661947964887979,26.26294548034668,27450
550,285732.5,-2857.325,0.565621565235703,25.239456062316894,27500
551,304507.5,-3045.075,0.5650489705525074,25.788242874145507,27550
552,377015.0,-3770.149999999999,0.5644770117323037,25.98171146392822,27600
553,316492.5,-3164.924999999999,0.5639056880689701,25.011554527282716,27650
554,327882.5,-3278.8249999999994,0.5633349988571684,25.51615451812744,27700
555,388187.5,-3881.875000000001,0.5627649433923442,25.362760620117186,27750
556,422325.0,-4223.250000000002,0.562195520970725,26.393675231933592,27800
557,362122.5,-3621.225000000001,0.5616267308893202,25.674209632873534,27850
558,293310.0,-2933.1,0.5610585724459198,25.475101013183593,27900
559,298425.0,-2984.2500000000005,0.5604910449390936,25.309467582702638,27950
560,364185.0,-3641.850000000001,0.5599241476681901,25.354384002685546,28000
561,375080.0,-3750.7999999999997,0.5593578799333361,28.14339569091797,28050
562,357212.5,-3572.1250000000005,0.5587922410354356,25.523675994873045,28100
563,521202.5,-5212.0250000000015,0.5582272302761689,26.84204044342041,28150
564,247135.0,-2471.35,0.557662846957992,25.772933502197265,28200
565,310655.0,-3106.5500000000006,0.5570990903841349,25.265384254455565,28250
566,297990.0,-2979.9,0.5565359598586018,25.65376392364502,28300
567,280742.5,-2807.4250000000006,0.5559734546861701,25.930147552490233,28350
568,445205.0,-4452.049999999999,0.5554115741723887,26.732543296813965,28400
569,309240.0,-3092.399999999999,0.5548503176235778,25.33497486114502,28450
570,283915.0,-2839.1499999999996,0.5542896843468281,26.437206802368163,28500
571,358785.0,-3587.8500000000004,0.5537296736499997,26.234438705444337,28550
572,340542.5,-3405.425,0.5531702848417213,25.864765625,28600
573,440570.0,-4405.7,0.5526115172313892,25.600411529541017,28650
574,388007.5,-3880.075,0.5520533701291671,26.228170166015627,28700
575,234330.0,-2343.3000000000006,0.5514958428459841,26.149170913696288,28750
576,354257.5,-3542.575,0.5509389346935349,26.525237426757812,28800
577,351867.5,-3518.6749999999993,0.5503826449842788,25.621945610046385,28850
578,199297.5,-1992.9749999999995,0.5498269730314379,25.783702659606934,28900
579,370327.5,-3703.275000000001,0.5492719181489977,25.39638286590576,28950
580,302165.0,-3021.65,0.5487174796517049,25.8969527053833,29000
581,214600.0,-2145.9999999999995,0.5481636568550676,28.795400733947755,29050
582,286957.5,-2869.5750000000007,0.5476104490753539,25.61627613067627,29100
583,225440.0,-2254.4,0.5470578556295913,25.25841510772705,29150
584,242275.0,-2422.7499999999995,0.5465058758355653,27.12992866516113,29200
585,267647.5,-2676.4750000000004,0.5459545090118196,26.966103286743163,29250
586,246550.0,-2465.5000000000005,0.5454037544776541,26.15940612792969,29300
587,399305.0,-3993.0499999999984,0.544853611553125,26.35714065551758,29350
588,228385.0,-2283.8500000000004,0.5443040795590434,24.252585678100587,29400
589,342095.0,-3420.9500000000003,0.5437551578169745,27.388011932373047,29450
590,297132.5,-2971.3249999999994,0.5432068456492373,25.836280403137206,29500
591,295155.0,-2951.5499999999997,0.5426591423789031,26.649740600585936,29550
592,452772.5,-4527.725000000001,0.5421120473297949,25.4762931060791,29600
593,495732.5,-4957.325000000001,0.5415655598264866,26.403822593688965,29650
594,194602.5,-1946.0249999999994,0.5410196791943023,27.66421272277832,29700
595,301665.0,-3016.65,0.5404744047593152,27.1639603805542,29750
596,196832.5,-1968.3249999999994,0.5399297358483468,24.848200378417967,29800
597,243707.5,-2437.0750000000003,0.5393856717889663,27.616278190612793,29850
598,358537.5,-3585.3749999999995,0.5388422119094899,25.43789295196533,29900
599,277080.0,-2770.7999999999997,0.538299355538979,25.702996253967285,29950
600,288830.0,-2888.2999999999997,0.5377571020072407,25.842704582214356,30000
601,281647.5,-2816.4749999999995,0.5372154506448261,27.932109603881838,30050
602,341052.5,-3410.525,0.5366744007830297,24.50981044769287,30100
603,276362.5,-2763.6249999999995,0.5361339517538888,24.460479850769044,30150
604,264210.0,-2642.1000000000004,0.5355941028901822,25.387379417419435,30200
605,500210.0,-5002.099999999999,0.5350548535254296,26.222599067687987,30250
606,310950.0,-3109.499999999999,0.534516202993891,24.95937309265137,30300
607,312735.0,-3127.35,0.533978150630566,25.570097465515136,30350
608,274485.0,-2744.8500000000004,0.5334406957711921,24.720379905700682,30400
609,230660.0,-2306.5999999999995,0.5329038377522446,25.588456497192382,30450
610,389672.5,-3896.725000000001,0.5323675759109361,25.123756103515625,30500
611,423662.5,-4236.625,0.5318319095852146,26.301713676452636,30550
612,252447.5,-2524.475,0.5312968381137637,25.23359519958496,30600
613,446435.0,-4464.350000000001,0.5307623608360013,25.790827026367186,30650
614,330802.5,-3308.0249999999996,0.5302284770920785,26.345842628479005,30700
615,241142.5,-2411.4249999999997,0.52969518622288,24.35076614379883,30750
616,690535.0,-6905.35,0.5291624875700217,25.609829826354982,30800
617,248565.0,-2485.6499999999996,0.5286303804758509,26.210334930419922,30850
618,202052.5,-2020.5249999999996,0.5280988642834451,26.00948444366455,30900
619,248372.5,-2483.7250000000013,0.5275679383366115,25.36579708099365,30950
620,406475.0,-4064.75,0.5270376019798859,24.72626937866211,31000
621,313680.0,-3136.8000000000006,0.5265078545585319,27.96186038970947,31050
622,211942.5,-2119.4250000000006,0.5259786954185406,27.55947067260742,31100
623,303222.5,-3032.2250000000004,0.5254501239066285,26.262796173095705,31150
624,465397.5,-4653.975,0.5249221393702386,26.102042541503906,31200
625,371755.0,-3717.5500000000006,0.5243947411575377,25.10441909790039,31250
626,339182.5,-3391.8249999999994,0.5238679286174172,26.07786895751953,31300
627,270012.5,-2700.1250000000014,0.5233417010994909,27.07508731842041,31350
628,245310.0,-2453.099999999999,0.5228160579540951,27.007710418701173,31400
629,282920.0,-2829.2000000000003,0.5222909985322879,26.900209770202636,31450
630,372035.0,-3720.349999999999,0.5217665221858474,25.455857772827148,31500
631,284470.0,-2844.6999999999994,0.521242628267272,26.86463611602783,31550
632,245502.5,-2455.025,0.520719316129779,26.43968509674072,31600
633,347417.5,-3474.1750000000006,0.5201965851273039,25.43504341125488,31650
634,299097.5,-2990.9750000000013,0.5196744346144999,25.46354881286621,31700
635,263942.5,-2639.4250000000006,0.5191528639467365,25.299438858032225,31750
636,194620.0,-1946.2,0.5186318724800993,26.897084999084473,31800
637,177685.0,-1776.8499999999997,0.5181114595713889,25.572872314453125,31850
638,184857.5,-1848.575,0.5175916245781201,25.446864433288575,31900
639,403477.5,-4034.775000000001,0.5170723668585213,26.60082378387451,31950
640,383682.5,-3836.8250000000003,0.5165536857715336,24.761124420166016,32000
641,316970.0,-3169.7000000000007,0.5160355806768098,26.22862251281738,32050
642,330032.5,-3300.325,0.5155180509347138,24.727963790893554,32100
643,285925.0,-2859.2499999999995,0.5150010959063201,26.167102851867675,32150
644,342000.0,-3420.0000000000005,0.5144847149534125,26.177896156311036,32200
645,305165.0,-3051.65,0.5139689074384837,25.215738639831542,32250
646,297272.5,-2972.7250000000004,0.513453672724734,26.028263816833498,32300
647,227527.5,-2275.275,0.5129390101760712,24.9958899307251,32350
648,252135.0,-2521.3500000000004,0.5124249191571095,25.119132843017578,32400
649,216830.0,-2168.3,0.5119113990331684,26.0236222076416,32450
650,229817.5,-2298.1750000000006,0.5113984491702724,24.504749298095703,32500
651,397015.0,-3970.150000000001,0.5108860689351502,25.404082794189453,32550
652,396342.5,-3963.424999999999,0.5103742576952331,24.714183044433593,32600
653,247592.5,-2475.9250000000006,0.5098630148186558,25.43603904724121,32650
654,247935.0,-2479.3500000000004,0.5093523396742539,25.214083518981933,32700
655,369892.5,-3698.9250000000006,0.5088422316315642,24.60561332702637,32750
656,362617.5,-3626.175,0.5083326900608238,25.22845314025879,32800
657,252455.0,-2524.55,0.5078237143329688,25.924089431762695,32850
658,332167.5,-3321.6749999999993,0.5073153038196341,25.75917360305786,32900
659,206710.0,-2067.1000000000004,0.5068074578931522,24.29743808746338,32950
660,269072.5,-2690.7250000000004,0.506300175926553,24.66436584472656,33000
661,247975.0,-2479.75,0.5057934572935623,28.82241828918457,33050
662,220950.0,-2209.5000000000005,0.5052873013686013,26.013163261413574,33100
663,204487.5,-2044.8750000000005,0.5047817075267864,26.52712184906006,33150
664,319172.5,-3191.7249999999995,0.5042766751439274,25.060557804107667,33200
665,188707.5,-1887.075,0.5037722035965275,27.345804138183595,33250
666,247160.0,-2471.6,0.5032682922617824,26.968372077941893,33300
667,212137.5,-2121.3750000000005,0.5027649405175789,25.489395027160644,33350
668,292000.0,-2919.9999999999995,0.5022621477424954,25.37264747619629,33400
669,306207.5,-3062.075,0.5017599133157999,25.909113655090334,33450
670,341470.0,-3414.7000000000003,0.5012582366174498,26.435407333374023,33500
671,271595.0,-2715.9500000000003,0.5007571170280911,25.987408752441407,33550
672,256725.0,-2567.25,0.5002565539290577,25.21765567779541,33600
673,262097.5,-2620.975000000001,0.4997565467023702,27.667115516662598,33650
674,318262.5,-3182.6250000000005,0.49925709473073565,25.00789447784424,33700
675,277540.0,-2775.399999999999,0.4987581973975469,26.198631515502928,33750
676,190435.0,-1904.3500000000001,0.49825985408688095,24.57134288787842,33800
677,390577.5,-3905.775,0.4977620641834993,25.001043167114258,33850
678,293852.5,-2938.525,0.49726482707284625,25.972743339538575,33900
679,172212.5,-1722.125,0.496768142141049,24.39837200164795,33950
680,224372.5,-2243.725000000001,0.49627200877491595,25.34269359588623,34000
681,260397.5,-2603.9749999999995,0.49577642636193686,27.649449195861816,34050
682,333627.5,-3336.274999999999,0.49528139429028156,26.143298034667968,34100
683,251020.0,-2510.2,0.4947869119487991,25.84724349975586,34150
684,461585.0,-4615.850000000001,0.49429297872701766,26.59169075012207,34200
685,402892.5,-4028.9249999999997,0.49379959401514284,26.4662727355957,34250
686,208195.0,-2081.9499999999994,0.49330675720405776,27.140489501953127,34300
687,380037.5,-3800.375,0.49281446768532183,25.15394073486328,34350
688,356527.5,-3565.275,0.4923227248511702,27.0766361618042,34400
689,264102.5,-2641.025,0.49183152809451275,26.778174171447755,34450
690,248982.5,-2489.825,0.49134087680893385,27.417109184265136,34500
691,235905.0,-2359.05,0.490850770388691,26.513754615783693,34550
692,208207.5,-2082.075,0.49036120822871443,25.67810905456543,34600
693,358125.0,-3581.25,0.4898721897246065,25.493528327941895,34650
694,235705.0,-2357.05,0.48938371427264044,26.790960960388183,34700
695,268605.0,-2686.0499999999997,0.4888957812697602,26.52576286315918,34750
696,311125.0,-3111.2499999999995,0.4884083901135793,24.926440086364746,34800
697,259745.0,-2597.45,0.48792154020238004,25.64522891998291,34850
698,252800.0,-2528.0000000000005,0.48743523093511326,25.813470726013183,34900
699,262957.5,-2629.5749999999994,0.486949461711397,25.82187313079834,34950
700,307482.5,-3074.8250000000003,0.48646423193151617,26.662121810913085,35000
701,352632.5,-3526.3250000000003,0.4859795409964215,26.70631393432617,35050
702,317385.0,-3173.8499999999995,0.48549538830772915,26.46700569152832,35100
703,281482.5,-2814.8250000000007,0.4850117732677196,25.01824447631836,35150
704,237565.0,-2375.6499999999996,0.4845286952793373,24.585866622924804,35200
705,225475.0,-2254.75,0.4840461537461896,25.859934844970702,35250
706,230850.0,-2308.5,0.48356414807254594,25.19870418548584,35300
707,317655.0,-3176.55,0.48308267766333784,25.428007125854492,35350
708,306907.5,-3069.0749999999994,0.48260174192415706,24.48519229888916,35400
709,308330.0,-3083.300000000001,0.48212134026125586,25.5878844833374,35450
710,332125.0,-3321.2499999999995,0.4816414720815457,26.480888442993162,35500
711,259977.5,-2599.775,0.4811621367925966,24.607175064086913,35550
712,303232.5,-3032.3249999999994,0.4806833338026366,23.852733669281005,35600
713,222985.0,-2229.8500000000004,0.48020506252055084,26.238369865417482,35650
714,298032.5,-2980.3250000000007,0.47972732235588084,25.365686569213867,35700
715,377690.0,-3776.9,0.47925011271882384,26.22954113006592,35750
716,310047.5,-3100.475,0.4787734330202321,24.943887176513673,35800
717,272780.0,-2727.8,0.4782972826716122,26.091889419555663,35850
718,338165.0,-3381.6500000000005,0.477821661085124,25.33769515991211,35900
719,210417.5,-2104.1750000000006,0.4773465676735805,26.14984272003174,35950
720,308942.5,-3089.425000000002,0.4768720018504463,24.779265899658203,36000
721,341692.5,-3416.925,0.47639796302983783,27.954117736816407,36050
722,288637.5,-2886.375,0.4759244506265218,26.5236856842041,36100
723,303410.0,-3034.1,0.47545146405591493,25.60094745635986,36150
724,410285.0,-4102.85,0.47497900273408317,25.602240409851074,36200
725,272640.0,-2726.3999999999996,0.47450706607774085,26.14811752319336,36250
726,241455.0,-2414.5499999999993,0.4740356535042501,26.49989833831787,36300
727,351612.5,-3516.1250000000014,0.47356476443162,25.183107414245605,36350
728,306775.0,-3067.75,0.47309439827850597,26.970830039978026,36400
729,313655.0,-3136.55,0.4726245544642089,25.50318660736084,36450
730,283067.5,-2830.6750000000006,0.47215523240867485,26.26623342514038,36500
731,368190.0,-3681.9,0.4716864315324936,27.90162857055664,36550
732,388552.5,-3885.525,0.47121815125689875,25.216651191711424,36600
733,317287.5,-3172.875,0.47075039100376626,25.90024154663086,36650
734,326715.0,-3267.1499999999996,0.4702831501956144,25.910683727264406,36700
735,211220.0,-2112.2000000000003,0.46981642825560266,27.192722663879394,36750
736,393397.5,-3933.9750000000004,0.4693502246075309,25.664488372802733,36800
737,211407.5,-2114.075,0.4688845386758391,24.566874084472655,36850
738,314612.5,-3146.125,0.4684193698856063,24.057140083312987,36900
739,370092.5,-3700.925,0.4679547176625499,25.084496116638185,36950
740,221027.5,-2210.2749999999996,0.4674905814330252,25.69902328491211,37000
741,278772.5,-2787.725,0.4670269606240245,28.06590751647949,37050
742,320720.0,-3207.2,0.4665638546631763,26.546497688293456,37100
743,399577.5,-3995.7750000000005,0.4661012629787447,27.54175983428955,37150
744,305960.0,-3059.6000000000004,0.4656391849996289,27.344919281005858,37200
745,349240.0,-3492.3999999999996,0.46517762015536224,26.65947463989258,37250
746,271450.0,-2714.5000000000005,0.4647165678761115,26.78771427154541,37300
747,352605.0,-3526.05,0.46425602759267615,26.39782964706421,37350
748,373615.0,-3736.1499999999996,0.463795998736488,25.96217514038086,37400
749,451770.0,-4517.700000000001,0.4633364807396101,26.611405773162844,37450
750,249435.0,-2494.35,0.4628774730347363,25.806719703674318,37500
751,415875.0,-4158.750000000001,0.4624189750551903,25.575199317932128,37550
752,294545.0,-2945.4500000000003,0.46196098623492504,25.420134925842284,37600
753,325450.0,-3254.5,0.46150350600852236,26.029724998474123,37650
754,228995.0,-2289.9500000000003,0.46104653381119165,27.083305721282958,37700
755,313645.0,-3136.4500000000007,0.46059006907876976,25.766138858795166,37750
756,273007.5,-2730.0749999999994,0.4601341112477198,25.694276008605957,37800
757,327950.0,-3279.4999999999995,0.4596786597551309,25.122025108337404,37850
758,155977.5,-1559.7749999999999,0.45922371403871726,25.35461368560791,37900
759,227662.5,-2276.6250000000014,0.4587692735368173,25.225052947998048,37950
760,445182.5,-4451.824999999999,0.4583153376883934,26.946755981445314,38000
761,221932.5,-2219.325,0.45786190593303083,28.238596572875977,38050
762,313897.5,-3138.9749999999995,0.4574089777109373,26.10680965423584,38100
763,260872.5,-2608.725,0.45695655246294203,27.26189422607422,38150
764,265995.0,-2659.9500000000003,0.4565046296304954,27.212971572875976,38200
765,229712.5,-2297.1250000000005,0.4560532086556678,27.80169544219971,38250
766,321177.5,-3211.7749999999996,0.45560228898114935,26.523384132385253,38300
767,307020.0,-3070.2,0.45515187005024915,26.28098991394043,38350
768,259377.5,-2593.7749999999996,0.45470195130689417,26.28825210571289,38400
769,217977.5,-2179.7749999999996,0.45425253219562933,26.480439071655272,38450
770,333117.5,-3331.175,0.453803612161616,27.081041870117186,38500
771,317050.0,-3170.5000000000014,0.453355190650632,27.48544677734375,38550
772,309452.5,-3094.525,0.45290726710907037,25.784129524230956,38600
773,193845.0,-1938.4499999999998,0.4524598409839391,26.93283348083496,38650
774,218917.5,-2189.175,0.4520129117228602,26.864342155456544,38700
775,179187.5,-1791.875,0.4515664787740689,25.53082628250122,38750
776,169337.5,-1693.3750000000002,0.4511205415864137,26.857364349365234,38800
777,457430.0,-4574.299999999999,0.4506750996093545,26.15313751220703,38850
778,323202.5,-3232.0250000000005,0.450230152292963,25.85760467529297,38900
779,373035.0,-3730.350000000001,0.4497856990879215,26.244797592163085,38950
780,313235.0,-3132.3500000000013,0.4493417394455222,27.016242065429687,39000
781,306622.5,-3066.2250000000004,0.4488982728176668,28.051475219726562,39050
782,215330.0,-2153.2999999999997,0.4484552986568655,27.238761749267578,39100
783,221202.5,-2212.025,0.44801281641623664,27.374916877746582,39150
784,355307.5,-3553.0750000000003,0.4475708255495058,25.906121253967285,39200
785,301677.5,-3016.775,0.4471293255110051,27.13319103240967,39250
786,293030.0,-2930.2999999999993,0.44668831575567275,27.913156585693358,39300
787,230240.0,-2302.4,0.44624779573905227,26.05285213470459,39350
788,299407.5,-2994.0750000000003,0.44580776491729157,26.967365951538085,39400
789,283287.5,-2832.8750000000005,0.4453682227471429,26.703730583190918,39450
790,200275.0,-2002.7500000000007,0.4449291686859613,26.159599685668944,39500
791,327717.5,-3277.1749999999993,0.4444906021917048,26.278296241760255,39550
792,242040.0,-2420.399999999999,0.4440525227229333,27.05726707458496,39600
793,218585.0,-2185.85,0.4436149297388077,27.19808319091797,39650
794,303097.5,-3030.9749999999995,0.44317782269908984,26.32151927947998,39700
795,212452.5,-2124.5249999999996,0.4427412010641413,26.787135162353515,39750
796,298790.0,-2987.9,0.442305064294923,25.358457489013674,39800
797,209692.5,-2096.9250000000006,0.44186941185299433,27.113299312591554,39850
798,328690.0,-3286.8999999999996,0.4414342432005128,26.554918975830077,39900
799,309467.5,-3094.675,0.4409995578002331,26.664005203247072,39950
800,256387.5,-2563.8750000000005,0.44056535511550654,26.79496223449707,40000
801,283282.5,-2832.8250000000003,0.4401316346102803,29.18238353729248,40050
802,286910.0,-2869.1,0.43969839574909697,27.110404205322265,40100
803,232802.5,-2328.0250000000005,0.4392656379970937,27.43943218231201,40150
804,239052.5,-2390.525,0.4388333608200017,25.51630271911621,40200
805,365617.5,-3656.1750000000006,0.4384015636841451,28.096591072082518,40250
806,280770.0,-2807.7,0.4379702460564413,28.767315521240235,40300
807,252407.5,-2524.075,0.4375394074043991,28.64812572479248,40350
808,207422.5,-2074.2249999999995,0.43710904719611904,29.018922691345214,40400
809,301370.0,-3013.7,0.436679164900292,26.970019035339355,40450
810,368875.0,-3688.75,0.43624975998619925,28.3608198928833,40500
811,197732.5,-1977.3250000000005,0.435820831923711,27.143457527160646,40550
812,176945.0,-1769.45,0.4353923801832865,28.277423477172853,40600
813,230937.5,-2309.3750000000005,0.43496440423597293,29.122257652282716,40650
814,172890.0,-1728.8999999999999,0.43453690355340485,27.97096752166748,40700
815,237567.5,-2375.675,0.43410987760780356,26.145356864929198,40750
816,272412.5,-2724.125,0.43368332587197644,27.706851539611815,40800
817,260890.0,-2608.9,0.4332572478193165,26.619653511047364,40850
818,304500.0,-3045.0000000000005,0.4328316429238013,28.212148513793945,40900
819,287155.0,-2871.5499999999993,0.4324065106599926,26.983546409606934,40950
820,254025.0,-2540.25,0.4319818505030358,27.411856727600096,41000
821,203162.5,-2031.6250000000005,0.43155766192865896,30.311299133300782,41050
822,297432.5,-2974.3249999999985,0.43113394441317254,28.5203751373291,41100
823,387885.0,-3878.849999999999,0.4307106974334683,27.678528022766113,41150
824,362697.5,-3626.974999999999,0.4302879204670192,27.484961700439452,41200
825,202397.5,-2023.9750000000001,0.42986561299187814,28.924802322387695,41250
826,285162.5,-2851.6250000000005,0.429443774486678,27.64810718536377,41300
827,293440.0,-2934.4,0.4290224044306303,28.65519588470459,41350
828,188760.0,-1887.6,0.4286015023035251,29.42577991485596,41400
829,357310.0,-3573.100000000001,0.42818106758573016,28.81813632965088,41450
830,287385.0,-2873.85,0.42776109975819004,28.42411651611328,41500
831,209390.0,-2093.9,0.42734159830242613,28.977552871704102,41550
832,245077.5,-2450.7749999999996,0.42692256270053514,26.272698287963866,41600
833,237460.0,-2374.6000000000004,0.42650399243518916,26.81450248718262,41650
834,240860.0,-2408.6,0.4260858869896348,26.41128870010376,41700
835,363060.0,-3630.6,0.42566824584769236,28.231979217529297,41750
836,329472.5,-3294.725,0.4252510684937555,28.460608444213868,41800
837,191100.0,-1910.9999999999998,0.4248343544127903,27.980809135437013,41850
838,395950.0,-3959.5000000000005,0.42441810309033506,28.80309150695801,41900
839,223440.0,-2234.4000000000005,0.424002314012499,27.62871105194092,41950
840,200245.0,-2002.45,0.42358698666596234,27.74614372253418,42000
841,296837.5,-2968.375,0.42317212053797515,30.314242401123046,42050
842,243002.5,-2430.0250000000005,0.42275771511635707,28.360809364318847,42100
843,231975.0,-2319.7499999999995,0.42234376988949635,28.081210708618165,42150
844,251527.5,-2515.275,0.42193028434634944,29.178042602539062,42200
845,239995.0,-2399.9499999999994,0.4215172579764403,30.820207443237305,42250
846,196270.0,-1962.7000000000005,0.4211046902698598,28.446344528198242,42300
847,271070.0,-2710.6999999999994,0.42069258071726506,26.617743320465088,42350
848,296547.5,-2965.4749999999995,0.4202809288098787,27.51979507446289,42400
849,257802.5,-2578.0250000000005,0.4198697340394887,27.497787895202638,42450
850,167917.5,-1679.1749999999997,0.41945899589844676,29.061478576660157,42500
851,241475.0,-2414.7500000000005,0.4190487138796691,29.442185287475585,42550
852,213610.0,-2136.1,0.4186388874766343,26.180301780700685,42600
853,245190.0,-2451.9,0.418229516183384,28.96339256286621,42650
854,240452.5,-2404.5249999999996,0.4178205994945215,28.9096923828125,42700
855,194657.5,-1946.5750000000005,0.4174121369052112,28.58605010986328,42750
856,182457.5,-1824.575,0.4170041279111783,28.659402809143067,42800
857,228370.0,-2283.7,0.416596572008708,29.503403968811035,42850
858,275507.5,-2755.075,0.4161894686946448,28.382429428100586,42900
859,218817.5,-2188.1749999999997,0.41578281746639184,29.062515907287597,42950
860,295832.5,-2958.325000000001,0.41537661782191065,28.172669563293457,43000
861,186400.0,-1863.9999999999998,0.4149708692597201,28.383193740844728,43050
862,299450.0,-2994.5,0.414565571278896,27.965970611572267,43100
863,375887.5,-3758.874999999999,0.41416072337907034,29.019148139953614,43150
864,192680.0,-1926.8000000000004,0.41375632506043086,28.055212516784668,43200
865,176637.5,-1766.3750000000002,0.41335237582372053,27.904431953430176,43250
866,274185.0,-2741.85,0.41294887517023626,28.004896812438965,43300
867,280927.5,-2809.274999999999,0.4125458226018292,27.935222816467284,43350
868,292715.0,-2927.1500000000015,0.41214321762090356,29.421771697998047,43400
869,201572.5,-2015.7249999999997,0.41174105973041597,28.985654487609864,43450
870,204972.5,-2049.7250000000004,0.4113393484338752,29.281509704589844,43500
871,189205.0,-1892.05,0.41093808323534137,28.51597610473633,43550
872,238290.0,-2382.900000000001,0.4105372636394254,28.24890308380127,43600
873,238392.5,-2383.925,0.41013688915128793,28.618356552124023,43650
874,276610.0,-2766.1000000000004,0.4097369592766397,28.452266845703125,43700
875,268277.5,-2682.775,0.40933747352174,27.63985221862793,43750
876,286077.5,-2860.7749999999996,0.4089384313933964,26.990224342346192,43800
877,251647.5,-2516.4750000000004,0.40853983239896435,28.42681541442871,43850
878,210492.5,-2104.9249999999997,0.40814167604634616,26.948922271728517,43900
879,200732.5,-2007.3249999999998,0.40774396184399087,26.233158073425294,43950
880,205595.0,-2055.9500000000003,0.40734668930089313,28.490103302001952,44000
881,154367.5,-1543.675,0.406949857926593,29.908567962646483,44050
882,268252.5,-2682.5250000000005,0.40655346723117525,28.819411010742186,44100
883,182305.0,-1823.0499999999995,0.4061575167252684,28.60364398956299,44150
884,266925.0,-2669.249999999999,0.40576200592004474,28.942073707580565,44200
885,274025.0,-2740.2500000000005,0.40536693432721926,29.55133861541748,44250
886,229625.0,-2296.25,0.40497230145904917,29.26624921798706,44300
887,209005.0,-2090.05,0.4045781068283334,27.235423622131346,44350
888,162710.0,-1627.1,0.40418434994841185,28.239095458984377,44400
889,165415.0,-1654.15,0.4037910303331648,29.49437702178955,44450
890,169777.5,-1697.775,0.4033981474970126,28.104415340423586,44500
891,265222.5,-2652.2250000000004,0.40300570095491445,28.592459831237793,44550
892,186517.5,-1865.1750000000006,0.4026136902223685,28.896031913757323,44600
893,234372.5,-2343.725,0.4022221148154108,29.225073051452636,44650
894,250450.0,-2504.5000000000005,0.401830974250615,27.017970809936525,44700
895,280327.5,-2803.275,0.40144026804509125,27.402804107666014,44750
896,168707.5,-1687.075,0.40104999571648625,28.126784629821778,44800
897,203967.5,-2039.6750000000002,0.40066015678298234,28.52680015563965,44850
898,235287.5,-2352.8749999999995,0.40027075076329677,28.826347274780275,44900
899,174995.0,-1749.95,0.3998817771766813,29.922813110351562,44950
900,266067.5,-2660.675,0.3994932355429216,26.69616832733154,45000
901,195260.0,-1952.6,0.39910512538233656,30.137529296875,45050
902,226165.0,-2261.6499999999996,0.39871744621577787,31.35661403656006,45100
903,193330.0,-1933.3,0.3983301975646292,29.23968639373779,45150
904,268730.0,-2687.3,0.39794337895080556,29.03949104309082,45200
905,180252.5,-1802.525,0.39755698989675337,28.63563087463379,45250
906,142737.5,-1427.3750000000002,0.3971710299254489,28.986079864501953,45300
907,162972.5,-1629.7250000000004,0.39678549856039824,28.30750358581543,45350
908,215632.5,-2156.3250000000003,0.39640039532563676,29.330868949890135,45400
909,183075.0,-1830.7499999999995,0.3960157197457283,28.440720596313476,45450
910,147685.0,-1476.8500000000001,0.3956314713457648,29.077524490356446,45500
911,183252.5,-1832.5249999999996,0.3952476496513654,30.30729076385498,45550
912,220852.5,-2208.525,0.394864254188676,28.324808502197264,45600
913,245945.0,-2459.45,0.3944812844843689,29.482126426696777,45650
914,176157.5,-1761.5750000000003,0.39409874006564194,27.923572578430175,45700
915,198092.5,-1980.925,0.3937166204602181,30.498680114746094,45750
916,225257.5,-2252.5750000000003,0.39333492519634466,28.679747886657715,45800
917,136712.5,-1367.1250000000002,0.3929536538027928,28.505000762939453,45850
918,184697.5,-1846.9750000000004,0.39257280580885706,29.27778293609619,45900
919,243792.5,-2437.925000000001,0.39219238074435475,30.84055114746094,45950
920,431592.5,-4315.925000000001,0.3918123781396253,29.344516677856447,46000
921,195917.5,-1959.175,0.39143279752552945,30.510463638305666,46050
922,171175.0,-1711.7500000000005,0.3910536384334493,28.71525588989258,46100
923,189542.5,-1895.4250000000002,0.390674900395287,29.013672752380373,46150
924,204647.5,-2046.4749999999997,0.3902965829434648,29.789692039489747,46200
925,280790.0,-2807.8999999999996,0.3899186856109241,31.165916442871094,46250
926,271892.5,-2718.925,0.38954120793112473,30.13499221801758,46300
927,244550.0,-2445.5,0.38916414943804495,28.298501510620117,46350
928,221322.5,-2213.225,0.3887875096661804,29.05817295074463,46400
929,189062.5,-1890.6249999999998,0.38841128815054377,29.404124984741213,46450
930,181007.5,-1810.0750000000003,0.38803548442666386,29.032535438537597,46500
931,157147.5,-1571.475,0.3876600980305854,29.692777633666992,46550
932,190015.0,-1900.15,0.38728512849886826,29.83843982696533,46600
933,188257.5,-1882.5749999999996,0.3869105753685873,30.525136604309083,46650
934,186300.0,-1863.0000000000002,0.3865364381773311,27.463920669555662,46700
935,155520.0,-1555.2,0.38616271646320177,29.782461891174318,46750
936,227362.5,-2273.625,0.38578940976481446,29.673653030395506,46800
937,227240.0,-2272.3999999999996,0.38541651762129664,31.103110237121584,46850
938,185097.5,-1850.9749999999997,0.38504403957228767,30.349582176208497,46900
939,210237.5,-2102.375,0.384671975157938,28.344491806030273,46950
940,233352.5,-2333.525,0.38430032391890884,28.707877426147462,47000
941,205142.5,-2051.425,0.38392908539637133,29.86394401550293,47050
942,276235.0,-2762.35,0.3835582591320064,31.08493896484375,47100
943,299592.5,-2995.925,0.38318784466800376,30.266770324707032,47150
944,164697.5,-1646.9750000000006,0.3828178415470616,28.672241172790528,47200
945,292070.0,-2920.7,0.3824482493123858,28.247805290222168,47250
946,210550.0,-2105.5000000000005,0.3820790675076896,28.7739807510376,47300
947,182197.5,-1821.975,0.38171029567719306,27.8757426071167,47350
948,243610.0,-2436.0999999999995,0.3813419333656222,27.631751861572265,47400
949,228347.5,-2283.4749999999995,0.3809739801182087,29.799281539916993,47450
950,233917.5,-2339.175,0.3806064354806892,30.352432518005372,47500
951,183475.0,-1834.75,0.38023929899930486,29.489294395446777,47550
952,170250.0,-1702.5,0.3798725702208008,29.528072395324706,47600
953,175922.5,-1759.2249999999997,0.3795062486924253,29.917975234985352,47650
954,177217.5,-1772.1749999999997,0.3791403339619296,29.298325614929198,47700
955,249537.5,-2495.375,0.37877482557756686,28.940994262695312,47750
956,204022.5,-2040.2250000000001,0.37840972308809234,28.487185287475587,47800
957,161230.0,-1612.3,0.3780450260427622,28.67911403656006,47850
958,183987.5,-1839.875,0.377680733991333,29.359984703063965,47900
959,301520.0,-3015.2000000000007,0.37731684648406133,28.73029100418091,47950
960,283652.5,-2836.525,0.3769533630717036,27.235731048583986,48000
961,172187.5,-1721.8749999999998,0.3765902833055146,30.69991970062256,48050
962,180150.0,-1801.5,0.37622760673724764,30.96740589141846,48100
963,166260.0,-1662.6000000000001,0.375865332919154,28.59420825958252,48150
964,192052.5,-1920.5249999999999,0.3755034614039818,30.353401794433594,48200
965,228905.0,-2289.05,0.3751419917449762,30.864460372924803,48250
966,318927.5,-3189.2749999999996,0.3747809234958782,30.6861478805542,48300
967,177540.0,-1775.4,0.3744202562109246,31.270368423461914,48350
968,185507.5,-1855.0749999999998,0.374059989444847,30.19429542541504,48400
969,296622.5,-2966.225000000001,0.3737001227528715,30.010325241088868,48450
970,265920.0,-2659.2,0.3733406556907184,29.195495796203613,48500
971,168267.5,-1682.6750000000004,0.37298158781460106,30.24083305358887,48550
972,215535.0,-2155.350000000001,0.3726229186812257,27.975682907104492,48600
973,208600.0,-2085.9999999999995,0.3722646478477909,30.049645042419435,48650
974,204312.5,-2043.1250000000002,0.37190677487198703,27.775576057434083,48700
975,176147.5,-1761.4750000000001,0.3715492993119955,28.533321456909178,48750
976,163657.5,-1636.575,0.3711922207264884,28.90001449584961,48800
977,202462.5,-2024.6250000000002,0.3708355386746279,28.9674515914917,48850
978,211240.0,-2112.4000000000005,0.37047925271606574,28.360568771362306,48900
979,285880.0,-2858.799999999999,0.37012336241094274,27.82683883666992,48950
980,326445.0,-3264.4500000000003,0.3697678673198881,29.735861701965334,49000
981,184727.5,-1847.275,0.3694127670040189,27.950868339538573,49050
982,209975.0,-2099.75,0.36905806102493954,28.714691619873047,49100
983,197780.0,-1977.8000000000002,0.3687037489447416,31.163389739990233,49150
984,146880.0,-1468.8000000000002,0.3683498303260026,30.034774589538575,49200
985,160375.0,-1603.7499999999995,0.3679963047317859,28.727685852050783,49250
986,185837.5,-1858.3750000000002,0.36764317172564015,29.333802757263182,49300
987,188205.0,-1882.0500000000002,0.3672904308715985,28.4060147857666,49350
988,163455.0,-1634.5500000000002,0.3669380817341785,29.27060968399048,49400
989,179750.0,-1797.5,0.36658612387838124,28.173606910705566,49450
990,194175.0,-1941.7499999999998,0.36623455686969064,28.960928115844727,49500
991,185505.0,-1855.05,0.3658833802740734,29.31570503234863,49550
992,180332.5,-1803.3250000000003,0.365532593657978,27.43851734161377,49600
993,166480.0,-1664.8000000000004,0.36518219658833473,29.180384521484374,49650
994,227770.0,-2277.7,0.3648321886325544,27.60249952316284,49700
995,198955.0,-1989.55,0.36448256935852846,28.67790735244751,49750
996,161622.5,-1616.225,0.36413333833462797,28.634089584350587,49800
997,229620.0,-2296.1999999999994,0.3637844951297037,28.58440727233887,49850
998,155630.0,-1556.3000000000004,0.3634360393130849,28.509303550720215,49900
999,176200.0,-1762.0,0.363087970454579,26.538977584838868,49950
1000,133310.0,-1333.1000000000001,0.3627402881244716,28.85913848876953,50000
1001,203915.0,-2039.1499999999996,0.3623929918935249,30.352099952697753,50050
1002,237475.0,-2374.7500000000005,0.3620460813329784,27.848435249328613,50100
1003,147777.5,-1477.775,0.36169955601454723,27.699234790802002,50150
1004,219140.0,-2191.4,0.36135341551042227,27.358655891418458,50200
1005,164192.5,-1641.9250000000004,0.36100765939326956,28.124857902526855,50250
1006,149787.5,-1497.875,0.36066228723622973,27.68217414855957,50300
1007,128032.5,-1280.3249999999998,0.36031729861291734,26.237104377746583,50350
1008,218450.0,-2184.4999999999995,0.3599726930974204,28.155570220947265,50400
1009,217005.0,-2170.0499999999997,0.35962847026430006,27.352847595214843,50450
1010,164262.5,-1642.6250000000002,0.35928462968858954,28.81785312652588,50500
1011,297632.5,-2976.3250000000003,0.35894117094579464,25.6075927734375,50550
1012,181837.5,-1818.3750000000002,0.35859809361189193,27.91772159576416,50600
1013,211027.5,-2110.275,0.3582553972633292,27.750642204284667,50650
1014,142845.0,-1428.4499999999998,0.3579130814770245,27.294466247558592,50700
1015,238392.5,-2383.9250000000006,0.3575711458303656,28.018395080566407,50750
1016,246297.5,-2462.975,0.3572295899012098,25.709056739807128,50800
1017,182382.5,-1823.8249999999994,0.356888413267883,28.719233322143555,50850
1018,141135.0,-1411.3500000000001,0.35654761550917946,29.0357559967041,50900
1019,157317.5,-1573.1750000000002,0.3562071962043611,26.762712650299072,50950
1020,180415.0,-1804.1500000000003,0.3558671549331573,27.826253967285155,51000
1021,275740.0,-2757.4000000000015,0.35552749127576383,29.046155319213867,51050
1022,244225.0,-2442.25,0.35518820481284286,28.68190547943115,51100
1023,212725.0,-2127.2500000000005,0.3548492951255221,27.496521682739257,51150
1024,158632.5,-1586.3250000000003,0.35451076179539454,27.226651458740236,51200
1025,173280.0,-1732.8,0.3541726044045178,28.918627243041993,51250
1026,130987.5,-1309.875,0.35383482253541354,27.072174644470216,51300
1027,155817.5,-1558.1750000000002,0.35349741577106697,27.76088073730469,51350
1028,188407.5,-1884.0750000000003,0.3531603836949266,26.742541313171387,51400
1029,307017.5,-3070.174999999999,0.35282372589090344,28.37182104110718,51450
1030,184130.0,-1841.3,0.35248744194337034,29.240082111358642,51500
1031,235622.5,-2356.2250000000004,0.3521515314371621,28.117055587768554,51550
1032,160932.5,-1609.3250000000005,0.35181599395757424,25.8146879196167,51600
1033,135150.0,-1351.5,0.3514808290903629,27.636303462982177,51650
1034,314767.5,-3147.6749999999993,0.3511460364217443,26.804968128204347,51700
1035,139465.0,-1394.65,0.35081161553839413,28.005688133239747,51750
1036,122145.0,-1221.4500000000003,0.350477566027447,27.242042465209963,51800
1037,201815.0,-2018.1500000000003,0.35014388747649616,28.308517150878906,51850
1038,129392.5,-1293.9250000000004,0.3498105794735925,29.73106990814209,51900
1039,192472.5,-1924.7250000000008,0.3494776416072449,29.07445869445801,51950
1040,166955.0,-1669.55,0.3491450734664189,28.693435554504394,52000
1041,192877.5,-1928.7749999999999,0.3488128746405363,26.227175388336182,52050
1042,159727.5,-1597.2749999999996,0.3484810447194751,27.105720195770264,52100
1043,160280.0,-1602.8000000000002,0.3481495832935688,26.568187675476075,52150
1044,260610.0,-2606.1,0.34781848995360576,27.188981857299805,52200
1045,153922.5,-1539.2250000000001,0.34748776429082856,28.32084259033203,52250
1046,264692.5,-2646.9249999999993,0.347157405896934,27.770570373535158,52300
1047,229152.5,-2291.5250000000005,0.34682741436407205,27.839297103881837,52350
1048,223347.5,-2233.475000000001,0.3464977892848458,25.24813642501831,52400
1049,152175.0,-1521.7499999999998,0.3461685302523107,27.592292098999025,52450
1050,126560.0,-1265.6000000000004,0.34583963685997393,27.696922302246094,52500
1051,210227.5,-2102.2750000000005,0.34551110870179436,28.99665798187256,52550
1052,125962.5,-1259.6249999999998,0.3451829453721816,27.59996685028076,52600
1053,165180.0,-1651.8,0.3448551464659957,26.770695037841797,52650
1054,139370.0,-1393.7,0.34452771157854656,26.438884353637697,52700
1055,176132.5,-1761.3250000000003,0.34420064030559355,27.09461389541626,52750
1056,287025.0,-2870.249999999999,0.34387393224334495,27.09577003479004,52800
1057,153645.0,-1536.45,0.34354758698845744,26.73132884979248,52850
1058,236115.0,-2361.1499999999996,0.34322160413803565,27.232830238342284,52900
1059,133077.5,-1330.775,0.34289598328963145,27.165549240112306,52950
1060,190017.5,-1900.175,0.3425707240412438,25.868863277435302,53000
1061,172322.5,-1723.2250000000001,0.34224582599131814,25.974825706481933,53050
1062,155245.0,-1552.4500000000003,0.34192128873874555,26.91224739074707,53100
1063,208567.5,-2085.675,0.34159711188286296,26.274186229705812,53150
1064,173255.0,-1732.55,0.3412732950234517,26.913889083862305,53200
1065,168505.0,-1685.0500000000002,0.3409498377607379,27.64131393432617,53250
1066,168302.5,-1683.0250000000003,0.34062673969539176,26.501121826171875,53300
1067,119627.5,-1196.275,0.34030400042852654,25.877468070983888,53350
1068,153045.0,-1530.45,0.3399816195616987,27.175971870422362,53400
1069,139247.5,-1392.4750000000001,0.3396595966969072,26.58606113433838,53450
1070,140910.0,-1409.1,0.3393379314365928,25.594501361846923,53500
1071,157810.0,-1578.0999999999997,0.33901662338363797,24.27012899398804,53550
1072,132875.0,-1328.75,0.338695672141366,26.113440074920653,53600
1073,163807.5,-1638.075,0.3383750773135407,24.640446128845216,53650
1074,170022.5,-1700.2250000000001,0.338054838504366,27.24979564666748,53700
1075,203930.0,-2039.3,0.3377349553184853,26.340201759338377,53750
1076,221190.0,-2211.8999999999996,0.3374154273609811,25.98909973144531,53800
1077,157717.5,-1577.1750000000006,0.3370962542373743,26.796490802764893,53850
1078,134182.5,-1341.8250000000005,0.33677743555362405,26.453538494110106,53900
1079,162097.5,-1620.975,0.33645897091612686,26.91715286254883,53950
1080,144507.5,-1445.0749999999996,0.33614085993171666,25.090239963531495,54000
1081,211825.0,-2118.25,0.33582310220766376,26.665380744934083,54050
1082,137765.0,-1377.6499999999999,0.33550569735167446,27.712026443481445,54100
1083,154830.0,-1548.2999999999997,0.335188644971891,28.157067985534667,54150
1084,114382.5,-1143.825,0.3348719446768907,26.701353187561036,54200
1085,117900.0,-1179.0,0.3345555960756854,26.02338836669922,54250
1086,153215.0,-1532.1499999999996,0.33423959877772136,27.55982162475586,54300
1087,157597.5,-1575.9749999999992,0.33392395239287825,25.942764472961425,54350
1088,197865.0,-1978.6499999999996,0.33360865653146915,27.348136100769043,54400
1089,217677.5,-2176.775,0.3332937108042401,28.27891086578369,54450
1090,152252.5,-1522.525,0.3329791148223689,28.166806144714357,54500
1091,126495.0,-1264.9500000000003,0.3326648681974656,26.08300205230713,54550
1092,190667.5,-1906.675,0.33235097054157126,25.43825206756592,54600
1093,132187.5,-1321.8750000000002,0.3320374214671578,26.597436962127684,54650
1094,115090.0,-1150.8999999999999,0.33172422058712775,27.14181640625,54700
1095,146490.0,-1464.9000000000003,0.3314113675148132,26.44565450668335,54750
1096,165005.0,-1650.0500000000004,0.33109886186397586,27.423244285583497,54800
1097,139410.0,-1394.0999999999997,0.33078670324880594,26.7702978515625,54850
1098,142172.5,-1421.7249999999997,0.33047489128392277,26.539451332092284,54900
1099,246690.0,-2466.8999999999996,0.3301634255843731,27.173551807403566,54950
1100,165372.5,-1653.7250000000001,0.32985230576563135,28.403530769348144,55000
1101,140605.0,-1406.0499999999997,0.3295415314435989,26.75254056930542,55050
1102,143177.5,-1431.7750000000003,0.3292311022346036,24.503110008239744,55100
1103,150145.0,-1501.4500000000003,0.3289210177553998,25.84422649383545,55150
1104,130872.5,-1308.725,0.3286112776231669,27.12920394897461,55200
1105,122642.5,-1226.4249999999997,0.32830188145550965,26.22561498641968,55250
1106,164415.0,-1644.1500000000005,0.32799282887045733,26.00050874710083,55300
1107,164807.5,-1648.0749999999996,0.32768411948646375,25.778619079589845,55350
1108,145152.5,-1451.5249999999999,0.327375752922406,25.738740272521973,55400
1109,178017.5,-1780.175,0.32706772879758467,26.44319429397583,55450
1110,170952.5,-1709.5249999999996,0.32676004673172293,24.511634712219237,55500
1111,190792.5,-1907.9250000000004,0.32645270634496626,26.14565040588379,55550
1112,153767.5,-1537.6750000000002,0.3261457072578823,24.65049087524414,55600
1113,241005.0,-2410.0499999999997,0.32583904909145966,25.613563690185547,55650
1114,206912.5,-2069.1250000000005,0.3255327314671079,26.1450479888916,55700
1115,161495.0,-1614.9500000000005,0.3252267540066573,25.426688690185546,55750
1116,168750.0,-1687.5,0.32492111633235754,26.640200023651122,55800
1117,145657.5,-1456.5749999999996,0.3246158180668784,24.98760274887085,55850
1118,159305.0,-1593.0499999999995,0.32431085883330824,25.521154899597168,55900
1119,173832.5,-1738.325,0.32400623825515423,26.08047067642212,55950
1120,198527.5,-1985.2749999999994,0.32370195595634144,25.350442943572997,56000
1121,154652.5,-1546.525,0.32339801156121284,25.364198532104492,56050
1122,117547.5,-1175.4750000000001,0.3230944046945282,25.106723384857176,56100
1123,145975.0,-1459.7500000000002,0.3227911349814644,26.073823356628417,56150
1124,136860.0,-1368.6000000000001,0.3224882020476142,25.73530752182007,56200
1125,180237.5,-1802.3750000000005,0.3221856055189863,24.513238582611084,56250
1126,162930.0,-1629.3000000000004,0.3218833450220047,26.402041492462157,56300
1127,153102.5,-1531.0249999999996,0.3215814201835083,25.028907508850097,56350
1128,224102.5,-2241.0250000000005,0.3212798306307504,25.359429779052736,56400
1129,121802.5,-1218.025,0.32097857599139795,25.147157821655274,56450
1130,162142.5,-1621.425,0.32067765589353187,25.50983242034912,56500
1131,187240.0,-1872.4000000000005,0.3203770699656457,25.75422660827637,56550
1132,162165.0,-1621.65,0.3200768178366457,26.057122535705567,56600
1133,182445.0,-1824.4500000000003,0.3197768991358501,25.240871181488036,56650
1134,249797.5,-2497.975,0.319477313492989,25.780708980560302,56700
1135,139762.5,-1397.6249999999995,0.31917806053820347,25.638509883880616,56750
1136,142812.5,-1428.1250000000005,0.31887913990204536,26.536166534423828,56800
1137,172717.5,-1727.175,0.3185805512154769,27.49555913925171,56850
1138,123585.0,-1235.8500000000004,0.3182822941098699,24.40575984954834,56900
1139,160125.0,-1601.25,0.31798436821700576,27.182457962036132,56950
1140,136260.0,-1362.6,0.3176867731690747,25.75919937133789,57000
1141,155967.5,-1559.675,0.31738950859867543,27.146544952392578,57050
1142,118070.0,-1180.6999999999998,0.31709257413881453,28.203581829071044,57100
1143,171160.0,-1711.5999999999997,0.31679596942290617,25.66951274871826,57150
1144,124765.0,-1247.6499999999999,0.31649969408477185,26.12851203918457,57200
1145,135995.0,-1359.9499999999996,0.31620374775863935,26.071524200439452,57250
1146,175677.5,-1756.775,0.31590813007914276,24.877102127075194,57300
1147,143697.5,-1436.9750000000001,0.3156128406813221,26.19540418624878,57350
1148,206710.0,-2067.1000000000004,0.3153178792006224,26.348010635375978,57400
1149,148982.5,-1489.8249999999998,0.31502324527289366,25.644841804504395,57450
1150,163190.0,-1631.8999999999996,0.3147289385343903,26.633643646240234,57500
1151,134782.5,-1347.8249999999998,0.3144349586217707,27.98354190826416,57550
1152,215152.5,-2151.525,0.3141413051720964,23.15548532485962,57600
1153,145047.5,-1450.475,0.3138479778228325,26.09031463623047,57650
1154,173495.0,-1734.95,0.3135549762118463,26.46566301345825,57700
1155,144115.0,-1441.15,0.31326229997740745,25.142897930145264,57750
1156,243317.5,-2433.1749999999997,0.31296994875818723,25.501084289550782,57800
1157,171702.5,-1717.025,0.312677922193258,27.232576179504395,57850
1158,110577.5,-1105.7749999999999,0.31238621992209337,25.791028289794923,57900
1159,195677.5,-1956.7750000000003,0.3120948415845669,25.994706077575685,57950
1160,159355.0,-1593.5500000000006,0.31180378682095217,27.451628036499024,58000
1161,135107.5,-1351.0749999999998,0.31151305527192236,25.343306465148927,58050
1162,133242.5,-1332.425,0.3112226465785495,25.13660737991333,58100
1163,151170.0,-1511.7000000000003,0.3109325603823044,24.835940227508544,58150
1164,198155.0,-1981.5499999999995,0.31064279632505587,26.394130210876465,58200
1165,148385.0,-1483.8500000000004,0.31035335404907044,25.539782371520996,58250
1166,128645.0,-1286.4500000000003,0.31006423319701204,26.109570655822754,58300
1167,151567.5,-1515.6749999999997,0.3097754334119412,26.43325345993042,58350
1168,147497.5,-1474.9750000000006,0.309486954337315,26.110020999908446,58400
1169,154152.5,-1541.525,0.3091987956169863,25.65996250152588,58450
1170,163105.0,-1631.0499999999995,0.3089109568952037,24.597678871154784,58500
1171,132070.0,-1320.6999999999998,0.30862343781661056,24.160384159088135,58550
1172,170900.0,-1709.0000000000005,0.3083362380262452,26.02189971923828,58600
1173,123645.0,-1236.45,0.30804935716953985,24.338097438812255,58650
1174,194792.5,-1947.9250000000002,0.3077627948923205,24.75613471984863,58700
1175,194740.0,-1947.3999999999996,0.3074765508408066,24.923383235931396,58750
1176,117640.0,-1176.3999999999994,0.3071906246616104,24.3364101600647,58800
1177,163320.0,-1633.2,0.30690501600173664,25.66841604232788,58850
1178,164357.5,-1643.5750000000003,0.30661972450858194,24.007395496368407,58900
1179,177677.5,-1776.7749999999999,0.3063347498299344,25.10619472503662,58950
1180,143492.5,-1434.925,0.30605009161397356,23.92513240814209,59000
1181,144072.5,-1440.7249999999997,0.30576574950926955,26.95103935241699,59050
1182,172442.5,-1724.4249999999995,0.30548172316478256,25.582098255157472,59100
1183,187507.5,-1875.075,0.3051980122298628,24.98653848648071,59150
1184,115720.0,-1157.2000000000003,0.30491461635424977,24.86125886917114,59200
1185,137867.5,-1378.675,0.3046315351880721,25.07099802017212,59250
1186,121987.5,-1219.875,0.3043487683818467,26.194681930541993,59300
1187,129460.0,-1294.6000000000004,0.30406631558647884,25.3058473777771,59350
1188,150485.0,-1504.85,0.30378417645326117,25.15869676589966,59400
1189,163110.0,-1631.1000000000001,0.3035023506338738,24.335162734985353,59450
1190,213097.5,-2130.975,0.30322083778038367,24.524371700286864,59500
1191,136917.5,-1369.175,0.302939637545244,24.540767669677734,59550
1192,123490.0,-1234.8999999999999,0.30265874958129385,25.731397323608398,59600
1193,151295.0,-1512.9499999999998,0.302378173541758,26.090689144134522,59650
1194,222710.0,-2227.1000000000004,0.3020979090802462,25.7226202583313,59700
1195,163250.0,-1632.4999999999998,0.301817955850753,25.36775630950928,59750
1196,178405.0,-1784.0500000000002,0.30153831350765703,26.138976402282715,59800
1197,116812.5,-1168.125,0.30125898170572074,27.039989242553713,59850
1198,130845.0,-1308.4499999999994,0.3009799601000901,26.49760185241699,59900
1199,149402.5,-1494.0250000000005,0.3007012483462939,24.336212348937988,59950
1200,220832.5,-2208.3250000000003,0.3004228461002436,24.535246162414552,60000
1201,127395.0,-1273.9499999999998,0.3001447530182327,26.16253023147583,60050
1202,131147.5,-1311.4749999999997,0.29986696875693625,24.90199872970581,60100
1203,150655.0,-1506.55,0.29958949297341064,25.83657642364502,60150
1204,175615.0,-1756.1499999999999,0.2993123253250934,27.710894336700438,60200
1205,135020.0,-1350.1999999999996,0.2990354654698019,25.10528697967529,60250
1206,150395.0,-1503.95,0.29875891306573416,23.43374855041504,60300
1207,230305.0,-2303.0499999999993,0.29848266777146704,26.868731288909913,60350
1208,230430.0,-2304.2999999999997,0.2982067292459572,24.855544204711915,60400
1209,166090.0,-1660.9000000000005,0.2979310971485397,24.594426860809325,60450
1210,123452.5,-1234.5250000000003,0.297655771138928,24.008742961883545,60500
1211,130507.5,-1305.0750000000005,0.2973807508772133,25.867270126342774,60550
1212,131117.5,-1311.1750000000002,0.2971060360238644,25.450224609375,60600
1213,201410.0,-2014.1000000000006,0.2968316262397272,25.462535762786864,60650
1214,142552.5,-1425.5249999999996,0.2965575211860241,25.064026470184327,60700
1215,134185.0,-1341.8499999999997,0.29628372052435376,24.34345962524414,60750
1216,150195.0,-1501.95,0.29601022391669074,25.578817558288574,60800
1217,188325.0,-1883.25,0.29573703102538473,25.91023349761963,60850
1218,182790.0,-1827.9,0.2954641415131606,24.1390398979187,60900
1219,206965.0,-2069.6500000000005,0.29519155504311767,25.174055824279787,60950
1220,139957.5,-1399.5750000000003,0.29491927127872936,26.331514091491698,61000
1221,108205.0,-1082.05,0.29464728988384287,24.96825065612793,61050
1222,146707.5,-1467.075,0.2943756105226787,25.55397346496582,61100
1223,110037.5,-1100.3750000000002,0.2941042328598302,26.853956031799317,61150
1224,129560.0,-1295.6,0.29383315656026304,24.913950271606446,61200
1225,157492.5,-1574.9250000000002,0.2935623812893153,24.648257541656495,61250
1226,146592.5,-1465.9249999999997,0.2932919067126963,23.51026741027832,61300
1227,200782.5,-2007.825,0.2930217324964869,24.795068588256836,61350
1228,245237.5,-2452.375,0.2927518583071386,23.993823223114013,61400
1229,150180.0,-1501.8,0.2924822838114734,24.060909271240234,61450
1230,199280.0,-1992.7999999999997,0.2922130086766831,25.952923641204833,61500
1231,111265.0,-1112.65,0.29194403257032947,25.720044860839845,61550
1232,245240.0,-2452.4000000000005,0.29167535516034304,25.976147327423096,61600
1233,150767.5,-1507.675,0.29140697611502325,25.131696910858153,61650
1234,175235.0,-1752.35,0.2911388951030381,23.97888090133667,61700
1235,177042.5,-1770.4250000000004,0.29087111179342306,22.96433967590332,61750
1236,124162.5,-1241.6250000000002,0.29060362585558164,25.639967842102052,61800
1237,142312.5,-1423.1249999999998,0.2903364369592842,24.3001837348938,61850
1238,195662.5,-1956.6250000000005,0.29006954477466784,24.06430932998657,61900
1239,154397.5,-1543.975,0.28980294897223596,24.579842071533204,61950
1240,124150.0,-1241.5000000000002,0.289536649222858,23.145257091522218,62000
1241,168760.0,-1687.6000000000004,0.2892706451977688,25.552430591583253,62050
1242,107477.5,-1074.775,0.28900493656856824,23.898350143432616,62100
1243,145525.0,-1455.25,0.2887395230072209,24.743798751831054,62150
1244,172542.5,-1725.4250000000002,0.28847440418605574,24.19526433944702,62200
1245,122145.0,-1221.45,0.2882095797777656,23.637537956237793,62250
1246,108765.0,-1087.65,0.2879450494554067,25.163777961730958,62300
1247,168202.5,-1682.025,0.28768081289239833,25.414685745239257,62350
1248,164242.5,-1642.4250000000004,0.28741686976252245,24.592806358337402,62400
1249,146130.0,-1461.3,0.2871532197399233,25.01743911743164,62450
1250,147607.5,-1476.075,0.28688986249910714,24.816511249542238,62500
1251,152907.5,-1529.0749999999998,0.28662679771494143,24.487500686645507,62550
1252,137057.5,-1370.575,0.28636402506265474,24.79494705200195,62600
1253,151465.0,-1514.6500000000005,0.2861015442178364,24.444675521850584,62650
1254,143600.0,-1436.0,0.285839354856436,25.05043918609619,62700
1255,133737.5,-1337.3749999999998,0.285577456654763,25.207475547790526,62750
1256,138725.0,-1387.2499999999998,0.28531584928948606,23.897275886535645,62800
1257,154457.5,-1544.575,0.28505453243763323,23.815402507781982,62850
1258,168860.0,-1688.6000000000001,0.284793505776591,23.58486482620239,62900
1259,149335.0,-1493.35,0.2845327689841043,25.235670070648194,62950
1260,158735.0,-1587.3500000000001,0.28427232173827577,24.742392044067383,63000
1261,130647.5,-1306.475,0.2840121637175655,22.72312452316284,63050
1262,188540.0,-1885.3999999999996,0.2837522946007908,25.038494987487795,63100
1263,180790.0,-1807.9000000000003,0.28349271406712556,24.85496072769165,63150
1264,116905.0,-1169.0500000000002,0.2832334217960999,23.598281059265137,63200
1265,119465.0,-1194.65,0.2829744174676,23.559229793548585,63250
1266,185562.5,-1855.6250000000005,0.2827157007618672,25.1412819480896,63300
1267,127337.5,-1273.3750000000002,0.2824572713594983,23.86152513504028,63350
1268,130497.5,-1304.9750000000001,0.2821991289414445,23.46921905517578,63400
1269,175600.0,-1756.0000000000002,0.2819412731890115,24.25318681716919,63450
1270,110827.5,-1108.2749999999999,0.2816837037838588,24.27376640319824,63500
1271,127857.5,-1278.5749999999998,0.28142642040799953,24.88849060058594,63550
1272,122687.5,-1226.875,0.2811694227437997,24.896345863342287,63600
1273,126915.0,-1269.15,0.2809127104739783,22.797069911956786,63650
1274,119110.0,-1191.1,0.28065628328160663,23.29670160293579,63700
1275,189665.0,-1896.65,0.2804001408501078,24.578346138000487,63750
1276,158670.0,-1586.6999999999996,0.2801442828632565,22.875578746795654,63800
1277,137922.5,-1379.2249999999997,0.27988870900517876,24.96706890106201,63850
1278,166872.5,-1668.7249999999997,0.2796334189603512,25.44353033065796,63900
1279,109315.0,-1093.1499999999999,0.2793784124136009,24.3634521484375,63950
1280,123645.0,-1236.45,0.279123689050105,22.958766288757325,64000
1281,142367.5,-1423.6749999999997,0.27886924855539,24.309520092010498,64050
1282,153232.5,-1532.3250000000003,0.278615090615332,24.599007091522218,64100
1283,114062.5,-1140.6249999999995,0.2783612149161557,24.264411087036134,64150
1284,124057.5,-1240.5750000000003,0.2781076211444341,24.116220588684083,64200
1285,169657.5,-1696.5749999999998,0.27785430898708857,24.65951416015625,64250
1286,205242.5,-2052.425,0.2776012781313881,23.678812713623046,64300
1287,133867.5,-1338.6749999999997,0.27734852826494877,24.01751094818115,64350
1288,192995.0,-1929.9500000000007,0.2770960590757337,24.59826681137085,64400
1289,152645.0,-1526.45,0.27684387025205254,24.997619457244873,64450
1290,175227.5,-1752.2749999999996,0.27659196148256093,23.7382293510437,64500
1291,160817.5,-1608.1750000000002,0.27634033245626044,25.136871242523192,64550
1292,133057.5,-1330.5749999999996,0.27608898286249794,24.106705169677735,64600
1293,125485.0,-1254.8499999999997,0.27583791239096517,23.740593242645264,64650
1294,141077.5,-1410.7750000000003,0.27558712073169866,23.736517162322997,64700
1295,116072.5,-1160.7250000000001,0.27533660757507894,23.297388763427733,64750
1296,135755.0,-1357.5500000000002,0.27508637261183055,24.108865985870363,64800
1297,110030.0,-1100.2999999999997,0.2748364155330214,22.97709140777588,64850
1298,108677.5,-1086.775,0.27458673603006245,24.249728469848634,64900
1299,117925.0,-1179.2499999999998,0.2743373337947073,23.168135509490966,64950
1300,139032.5,-1390.3250000000005,0.2740882085190521,23.362243556976317,65000
1301,111915.0,-1119.1500000000003,0.2738393598955346,24.654537162780763,65050
1302,133030.0,-1330.2999999999997,0.2735907876169343,25.26244424819946,65100
1303,116227.5,-1162.2749999999996,0.2733424913763718,24.854889030456544,65150
1304,140255.0,-1402.5500000000002,0.2730944708673084,26.074868392944335,65200
1305,115842.5,-1158.4250000000002,0.27284672578354613,24.391340827941896,65250
1306,146480.0,-1464.8000000000004,0.27259925581922667,24.997520942687988,65300
1307,188260.0,-1882.6000000000001,0.2723520606688316,24.83056287765503,65350
1308,141727.5,-1417.2749999999999,0.2721051400271816,25.07270462036133,65400
1309,173032.5,-1730.325,0.2718584935894364,23.406309566497804,65450
1310,128012.5,-1280.125,0.2716121210510942,23.78167736053467,65500
1311,214530.0,-2145.2999999999997,0.2713660221079913,24.874947242736816,65550
1312,182145.0,-1821.4499999999998,0.27112019645630187,24.556706466674804,65600
1313,100982.5,-1009.825,0.27087464379253734,23.409122257232667,65650
1314,123475.0,-1234.7499999999998,0.2706293638135463,23.405063037872313,65700
1315,245262.5,-2452.6250000000005,0.2703843562165139,24.075737915039063,65750
1316,119442.5,-1194.4249999999997,0.2701396206989617,23.37057649612427,65800
1317,162137.5,-1621.375,0.2698951569587469,23.888919162750245,65850
1318,130850.0,-1308.5000000000002,0.26965096469406236,24.877595443725586,65900
1319,175507.5,-1755.0749999999994,0.2694070436034363,23.105765857696532,65950
1320,131002.5,-1310.0250000000005,0.2691633933857315,24.052230491638184,66000
1321,105345.0,-1053.4499999999998,0.268920013740145,24.04630298614502,66050
1322,115782.5,-1157.825,0.2686769043662083,22.980964183807373,66100
1323,133465.0,-1334.6500000000003,0.26843406496378625,24.31769947052002,66150
1324,122407.5,-1224.075,0.26819149523307706,25.207067050933837,66200
1325,143912.5,-1439.1249999999998,0.26794919487461194,23.1543932723999,66250
1326,106505.0,-1065.0500000000002,0.26770716358925456,23.306187438964844,66300
1327,128017.5,-1280.175,0.2674654010782008,23.58507610321045,66350
1328,115405.0,-1154.05,0.2672239070429786,23.192899780273436,66400
1329,136905.0,-1369.05,0.26698268118544694,23.67461446762085,66450
1330,124362.5,-1243.625,0.2667417232077962,23.10133451461792,66500
1331,140747.5,-1407.475,0.2665010328125472,23.235082092285158,66550
1332,113302.5,-1133.025,0.2662606097025515,23.573782405853272,66600
1333,153727.5,-1537.2749999999996,0.2660204535809903,24.87164525985718,66650
1334,157055.0,-1570.5499999999993,0.2657805641513746,22.602755641937257,66700
1335,200650.0,-2006.4999999999998,0.2655409411175444,24.619821739196777,66750
1336,123227.5,-1232.2750000000005,0.2653015841836689,23.98450309753418,66800
1337,170997.5,-1709.975,0.2650624930542457,22.689672183990478,66850
1338,103382.5,-1033.8249999999998,0.26482366743410046,24.83527072906494,66900
1339,168380.0,-1683.8,0.26458510702838683,23.047946186065673,66950
1340,133275.0,-1332.75,0.2643468115425856,24.55627098083496,67000
1341,170790.0,-1707.8999999999996,0.2641087806825049,24.604825706481932,67050
1342,117027.5,-1170.275,0.2638710141542793,24.527162380218506,67100
1343,109577.5,-1095.7750000000005,0.26363351166437005,24.20227409362793,67150
1344,121272.5,-1212.7250000000001,0.2633962729195641,22.694769077301025,67200
1345,111487.5,-1114.875,0.2631592976269739,23.09168041229248,67250
1346,117250.0,-1172.4999999999995,0.2629225854940375,23.06753059387207,67300
1347,162797.5,-1627.975,0.2626861362285178,22.723473320007326,67350
1348,149720.0,-1497.2000000000007,0.2624499495385018,24.72189685821533,67400
1349,146865.0,-1468.6499999999999,0.2622140251324011,23.862762660980223,67450
1350,138945.0,-1389.4500000000003,0.26197836271895103,23.386288414001466,67500
1351,140390.0,-1403.9000000000003,0.2617429620072102,23.24333499908447,67550
1352,115510.0,-1155.1000000000001,0.26150782270656053,23.38174201965332,67600
1353,170005.0,-1700.05,0.26127294452670646,24.259783992767336,67650
1354,99345.0,-993.4500000000002,0.26103832717767494,23.776722602844238,67700
1355,136557.5,-1365.5750000000003,0.2608039703698149,23.354167671203612,67750
1356,128140.0,-1281.4,0.2605698738137969,23.519953536987305,67800
1357,98787.5,-987.8750000000001,0.2603360372206128,22.653363342285157,67850
1358,111015.0,-1110.1499999999999,0.2601024603015755,24.451768226623535,67900
1359,155147.5,-1551.4749999999997,0.2598691427683183,23.114790802001952,67950
1360,143917.5,-1439.1750000000004,0.2596360843327949,24.19899559020996,68000
1361,180457.5,-1804.5750000000003,0.25940328470727875,24.352358646392823,68050
1362,111937.5,-1119.3750000000002,0.259170743604363,24.245953063964844,68100
1363,145817.5,-1458.175,0.25893846073695964,23.969960117340086,68150
1364,133395.0,-1333.9500000000003,0.2587064358182998,23.006842136383057,68200
1365,191897.5,-1918.975,0.2584746685619329,23.238988342285158,68250
1366,129240.0,-1292.4000000000003,0.2582431586817266,22.381703071594238,68300
1367,254342.5,-2543.425,0.258011905891866,23.396113891601562,68350
1368,133490.0,-1334.9000000000005,0.25778090990685393,23.51090259552002,68400
1369,153565.0,-1535.6499999999996,0.25755017044151013,21.903423252105714,68450
1370,118120.0,-1181.2,0.25731968721097104,24.0786053276062,68500
1371,144655.0,-1446.5500000000002,0.2570894599306894,23.74037265777588,68550
1372,127762.5,-1277.6249999999998,0.25685948831643396,23.062974910736084,68600
1373,169942.5,-1699.4249999999993,0.2566297720842891,23.23028522491455,68650
1374,137197.5,-1371.975,0.25640031095065463,21.657917404174803,68700
1375,89180.0,-891.8000000000002,0.256171104632245,23.532779998779297,68750
1376,175102.5,-1751.025,0.25594215284608957,21.76686399459839,68800
1377,117220.0,-1172.2,0.2557134553095316,22.34299877166748,68850
1378,105187.5,-1051.875,0.25548501174022864,22.428985710144044,68900
1379,98957.5,-989.5750000000003,0.2552568218561514,22.68444860458374,68950
1380,116022.5,-1160.2249999999997,0.25502888537558405,22.34240240097046,69000
1381,100847.5,-1008.4750000000003,0.2548012020171234,22.11070817947388,69050
1382,109777.5,-1097.7749999999999,0.2545737714996789,23.544399757385253,69100
1383,114725.0,-1147.2500000000002,0.2543465935424722,21.343501110076904,69150
1384,130112.5,-1301.1250000000005,0.2541196678650365,22.39925838470459,69200
1385,118005.0,-1180.05,0.25389299418721667,22.938930416107176,69250
1386,108357.5,-1083.5750000000003,0.2536665722291687,21.706423892974854,69300
1387,151257.5,-1512.575,0.2534404017113592,23.722187690734863,69350
1388,121597.5,-1215.9750000000001,0.2532144823545653,22.885219268798828,69400
1389,108870.0,-1088.6999999999998,0.2529888138798742,21.89127737045288,69450
1390,140750.0,-1407.4999999999998,0.2527633960086828,21.84759017944336,69500
1391,132940.0,-1329.4,0.2525382284626974,24.269973945617675,69550
1392,126430.0,-1264.3000000000004,0.2523133109639334,21.989264068603514,69600
1393,105927.5,-1059.2749999999996,0.25208864323471475,23.12903314590454,69650
1394,136205.0,-1362.0499999999997,0.25186422499767397,21.25545175552368,69700
1395,107560.0,-1075.6,0.2516400559757514,22.032323036193848,69750
1396,116095.0,-1160.95,0.25141613589219514,22.411188983917235,69800
1397,116892.5,-1168.9249999999997,0.25119246447056065,22.71369861602783,69850
1398,143150.0,-1431.5000000000002,0.25096904143471027,23.071591148376466,69900
1399,143312.5,-1433.1249999999998,0.25074586650881314,22.099397201538086,69950
1400,144825.0,-1448.2500000000005,0.2505229394173446,23.08477201461792,70000
1401,123505.0,-1235.0499999999997,0.250300259885086,21.496881561279295,70050
1402,119167.5,-1191.6750000000002,0.25007782763712433,22.433835430145265,70100
1403,164557.5,-1645.5750000000005,0.24985564239885177,21.90079833984375,70150
1404,119832.5,-1198.3250000000003,0.24963370389596562,22.063770236968995,70200
1405,183970.0,-1839.7,0.2494120118544676,24.4715295791626,70250
1406,139002.5,-1390.0249999999996,0.24919056600066392,21.30719060897827,70300
1407,119977.5,-1199.775,0.24896936606116454,21.063602180480956,70350
1408,160290.0,-1602.9,0.24874841176288315,21.817810001373292,70400
1409,147340.0,-1473.3999999999996,0.2485277028330365,20.905609550476075,70450
1410,134895.0,-1348.95,0.24830723899914453,20.906235847473145,70500
1411,126962.5,-1269.6249999999998,0.2480870199890296,20.542587566375733,70550
1412,131485.0,-1314.85,0.2478670455308164,21.713004627227782,70600
1413,140407.5,-1404.0749999999998,0.24764731535293144,21.79407205581665,70650
1414,105902.5,-1059.025,0.24742782918410283,22.453662586212157,70700
1415,137900.0,-1379.0000000000002,0.24720858675336,20.900333156585692,70750
1416,149120.0,-1491.1999999999998,0.24698958779003333,22.48431396484375,70800
1417,120802.5,-1208.0249999999999,0.24677083202375366,21.12554817199707,70850
1418,137492.5,-1374.9250000000004,0.24655231918445208,21.746818351745606,70900
1419,164612.5,-1646.125,0.2463340490023596,20.830572776794433,70950
1420,113827.5,-1138.2749999999999,0.2461160212080069,21.01430278778076,71000
1421,148387.5,-1483.8750000000002,0.24589823553222384,22.277921676635742,71050
1422,103505.0,-1035.05,0.2456806917061391,22.044462337493897,71100
1423,108087.5,-1080.8750000000002,0.24546338946118013,21.55041624069214,71150
1424,105787.5,-1057.8749999999995,0.24524632852907247,21.35571844100952,71200
1425,88237.5,-882.3749999999998,0.24502950864183964,20.456699390411377,71250
1426,127242.5,-1272.4249999999997,0.24481292953180278,21.96181739807129,71300
1427,146332.5,-1463.3249999999998,0.2445965909315802,21.715299644470214,71350
1428,104870.0,-1048.6999999999996,0.24438049257408712,20.876395874023437,71400
1429,122662.5,-1226.6250000000002,0.24416463419253553,21.953908843994142,71450
1430,133880.0,-1338.8000000000004,0.24394901552043358,22.1939581489563,71500
1431,113955.0,-1139.5499999999997,0.24373363629158523,21.426211795806886,71550
1432,174402.5,-1744.0250000000003,0.24351849624009025,23.26501651763916,71600
1433,133150.0,-1331.5000000000002,0.24330359510034366,21.42444097518921,71650
1434,171805.0,-1718.0500000000009,0.2430889326070353,21.33968729019165,71700
1435,156730.0,-1567.3000000000002,0.24287450849514974,20.27170705795288,71750
1436,117080.0,-1170.8,0.24266032249996583,21.6308118057251,71800
1437,136530.0,-1365.3,0.24244637435705635,21.45581485748291,71850
1438,115387.5,-1153.8750000000002,0.24223266380228786,21.376150093078614,71900
1439,152737.5,-1527.375,0.2420191905718201,21.555990905761718,71950
1440,153732.5,-1537.325,0.24180595440210578,20.650823307037353,72000
1441,148057.5,-1480.5749999999998,0.24159295502989042,21.14709743499756,72050
1442,137112.5,-1371.1249999999998,0.24138019219221168,20.356702003479004,72100
1443,98685.0,-986.8500000000004,0.24116766562639957,21.360519466400145,72150
1444,135372.5,-1353.725,0.24095537507007547,21.235405254364014,72200
1445,146917.5,-1469.175,0.24074332026115225,21.70369945526123,72250
1446,97470.0,-974.7000000000002,0.24053150093783382,21.52925100326538,72300
1447,137002.5,-1370.025,0.2403199168386148,21.328340301513673,72350
1448,104945.0,-1049.4500000000003,0.24010856770228023,21.867157077789308,72400
1449,119135.0,-1191.35,0.2398974532679053,21.322723026275636,72450
1450,133365.0,-1333.6500000000003,0.23968657327485482,21.192126083374024,72500
1451,134340.0,-1343.3999999999999,0.23947592746278307,21.797169780731203,72550
1452,113627.5,-1136.275,0.23926551557163345,21.289320125579835,72600
1453,218140.0,-2181.3999999999996,0.23905533734163825,22.004549674987793,72650
1454,184257.5,-1842.5749999999996,0.2388453925133181,20.459684238433837,72700
1455,138200.0,-1382.0,0.23863568082748182,21.519028148651124,72750
1456,128850.0,-1288.4999999999998,0.23842620202522607,20.771225242614747,72800
1457,105772.5,-1057.7249999999997,0.23821695584793506,21.589969310760498,72850
1458,93787.5,-937.875,0.23800794203728004,21.59391269683838,72900
1459,131337.5,-1313.3749999999995,0.23779916033521942,21.603286933898925,72950
1460,119890.0,-1198.9,0.23759061048399777,21.497101821899413,73000
1461,114262.5,-1142.6250000000005,0.23738229222614626,21.82429271697998,73050
1462,115887.5,-1158.875,0.23717420530448186,21.536991424560547,73100
1463,247292.5,-2472.9249999999997,0.23696634946210698,21.62094533920288,73150
1464,131670.0,-1316.7000000000003,0.23675872444240953,21.884177360534668,73200
1465,159352.5,-1593.5249999999996,0.2365513299890622,21.803335494995117,73250
1466,110180.0,-1101.7999999999997,0.23634416584602258,21.639263153076172,73300
1467,121217.5,-1212.1749999999997,0.23613723175753237,21.27571607589722,73350
1468,121482.5,-1214.8250000000003,0.23593052746811732,21.945045890808107,73400
1469,132572.5,-1325.7250000000004,0.23572405272258695,21.45628112792969,73450
1470,126230.0,-1262.3000000000004,0.23551780726603416,21.5436598777771,73500
1471,106767.5,-1067.675,0.2353117908438349,20.515208740234375,73550
1472,122577.5,-1225.7750000000003,0.23510600320164787,22.05472900390625,73600
1473,135502.5,-1355.0249999999999,0.23490044408541422,21.137760829925536,73650
1474,120155.0,-1201.55,0.23469511324135722,21.993863258361817,73700
1475,120322.5,-1203.225,0.23449001041598205,21.25391986846924,73750
1476,134195.0,-1341.95,0.23428513535607526,21.196848545074463,73800
1477,117587.5,-1175.8750000000002,0.23408048780870466,22.13672384262085,73850
1478,156455.0,-1564.5500000000004,0.23387606752121892,22.2156681060791,73900
1479,141375.0,-1413.7499999999995,0.2336718742412473,19.773092174530028,73950
1480,162275.0,-1622.7499999999998,0.23346790771669934,21.1829335975647,74000
1481,131665.0,-1316.6500000000003,0.23326416769576447,20.42939697265625,74050
1482,178117.5,-1781.1750000000002,0.23306065392691172,22.647384243011473,74100
1483,190302.5,-1903.0249999999996,0.23285736615888947,20.30932933807373,74150
1484,170402.5,-1704.0249999999994,0.2326543041407253,21.161047992706298,74200
1485,109972.5,-1099.725,0.23245146762172525,21.391171321868896,74250
1486,135970.0,-1359.7,0.2322488563514738,21.39916181564331,74300
1487,121817.5,-1218.1750000000006,0.23204647007983364,21.77424835205078,74350
1488,109277.5,-1092.775,0.231844308556945,21.007970886230467,74400
1489,160255.0,-1602.5500000000002,0.23164237153322592,21.93103578567505,74450
1490,182080.0,-1820.8000000000004,0.23144065875937125,21.575848693847657,74500
1491,133212.5,-1332.1250000000005,0.2312391699863529,21.233116760253907,74550
1492,124892.5,-1248.925,0.23103790496541932,20.85543779373169,74600
1493,117192.5,-1171.9250000000004,0.23083686344809506,20.637666320800783,74650
1494,118392.5,-1183.9250000000002,0.2306360451861808,20.053538722991945,74700
1495,133927.5,-1339.275,0.2304354499317527,21.127807006835937,74750
1496,104850.0,-1048.5,0.23023507743716215,20.934398422241213,74800
1497,129217.5,-1292.175,0.23003492745503584,21.437878227233888,74850
1498,136782.5,-1367.825,0.22983499973827493,20.622613067626954,74900
1499,116280.0,-1162.8,0.229635294040055,21.8873313331604,74950
1500,123342.5,-1233.4250000000002,0.2294358101138259,21.638915176391603,75000
