episode,environment_seed,episode_cost,episode_reward,epsilon,global_step,mean_loss
1,500528862,642330.0,-6423.299999999999,0.9995199176297863,50,
2,333520622,1057755.0,-10577.550000000003,0.999030280090557,100,
3,507086154,673265.0,-6732.65,0.9985408873089029,150,
4,168110799,1260290.0,-12602.9,0.9980517391624756,200,
5,267715292,1077885.0,-10778.850000000002,0.9975628355289883,250,
6,740199699,750500.0,-7504.999999999999,0.9970741762862149,300,
7,631546010,1077987.5,-10779.875,0.9965857613119906,350,
8,337506163,770867.5,-7708.674999999998,0.9960975904842118,400,
9,216338610,721630.0,-7216.300000000002,0.9956096636808357,450,
10,709971644,824515.0,-8245.149999999998,0.9951219807798806,500,
11,593917620,823337.5,-8233.375000000002,0.9946345416594257,550,
12,308884421,1207465.0,-12074.65,0.9941473461976114,600,
13,10896280,672035.0,-6720.350000000002,0.9936603942726385,650,
14,448480427,891985.0,-8919.85,0.9931736857627695,700,
15,695590878,842827.5,-8428.274999999998,0.9926872205463269,750,
16,531039049,988125.0,-9881.249999999998,0.9922009985016946,800,
17,674635656,934672.5,-9346.724999999999,0.9917150195073168,850,
18,931739327,978705.0,-9787.05,0.9912292834416991,900,
19,306367274,791177.5,-7911.774999999999,0.9907437901834073,950,
20,738142870,762832.5,-7628.325,0.990258539611068,1000,
21,689627104,1084885.0,-10848.850000000004,0.9897735316033687,1050,
22,422211820,1037487.5,-10374.875000000002,0.9892887660390575,1100,
23,389749606,676090.0,-6760.900000000001,0.9888042427969427,1150,
24,217192690,915537.5,-9155.375,0.9883199617558937,1200,
25,591311933,838575.0,-8385.75,0.9878359227948401,1250,
26,995292700,665670.0,-6656.700000000002,0.9873521257927723,1300,
27,562277177,979412.5,-9794.125000000002,0.986868570628741,1350,
28,280285083,1107015.0,-11070.15,0.9863852571818573,1400,
29,670714776,1274040.0,-12740.400000000003,0.9859021853312931,1450,
30,493543,1050445.0,-10504.449999999999,0.9854193549562802,1500,
31,963174780,1058625.0,-10586.250000000004,0.984936765936111,1550,
32,720111066,757382.5,-7573.824999999998,0.9844544181501385,1600,
33,917538303,781557.5,-7815.574999999999,0.9839723114777753,1650,
34,822183014,752012.5,-7520.125000000002,0.983490445798495,1700,
35,446365896,1407785.0,-14077.850000000006,0.9830088209918314,1750,
36,754918342,770442.5,-7704.425000000002,0.9825274369373779,1800,
37,797494751,854637.5,-8546.374999999998,0.9820462935147887,1850,
38,376781542,933137.5,-9331.374999999998,0.9815653906037778,1900,
39,452315405,1002372.5,-10023.724999999997,0.9810847280841196,1950,
40,174060495,654530.0,-6545.3,0.9806043058356485,2000,
41,518572620,760270.0,-7602.700000000002,0.9801241237382587,2050,
42,356860105,1171645.0,-11716.450000000003,0.9796441816719051,2100,
43,250547363,1077402.5,-10774.024999999998,0.9791644795166017,2150,
44,944989145,1025917.5,-10259.175,0.9786850171524233,2200,
45,919545272,743885.0,-7438.850000000001,0.9782057944595041,2250,
46,634756784,940942.5,-9409.425000000003,0.9777268113180385,2300,
47,865115790,844480.0,-8444.8,0.9772480676082808,2350,
48,352674337,714295.0,-7142.95,0.9767695632105449,2400,
49,969488702,735277.5,-7352.775,0.9762912980052049,2450,
50,892781399,986270.0,-9862.699999999999,0.9758132718726942,2500,
51,653685381,828532.5,-8285.325,0.9753354846935066,2550,
52,992111686,916067.5,-9160.675000000003,0.9748579363481952,2600,
53,532934043,692865.0,-6928.650000000001,0.9743806267173726,2650,
54,8970633,852442.5,-8524.425000000001,0.9739035556817118,2700,
55,718986208,832560.0,-8325.600000000002,0.973426723121945,2750,
56,691465112,817625.0,-8176.25,0.9729501289188638,2800,
57,389715551,1192890.0,-11928.899999999998,0.9724737729533198,2850,
58,617386650,980975.0,-9809.75,0.971997655106224,2900,
59,901797862,820315.0,-8203.150000000001,0.971521775258547,2950,
60,303920160,942727.5,-9427.275,0.9710461332913188,3000,
61,131584400,854572.5,-8545.725000000002,0.9705707290856288,3050,
62,206226284,814482.5,-8144.825000000002,0.970095562522626,3100,
63,542797064,1149582.5,-11495.824999999997,0.9696206334835189,3150,
64,269227358,810772.5,-8107.725,0.969145941849575,3200,
65,137092471,657615.0,-6576.150000000002,0.9686714875021215,3250,
66,432210812,787817.5,-7878.174999999998,0.9681972703225449,3300,
67,875615176,1075377.5,-10753.775,0.9677232901922908,3350,
68,953990400,1382842.5,-13828.425000000001,0.9672495469928641,3400,
69,84779782,628415.0,-6284.149999999999,0.9667760406058292,3450,
70,368921230,826220.0,-8262.2,0.9663027709128094,3500,
71,758833912,960335.0,-9603.349999999997,0.9658297377954871,3550,
72,763275031,823895.0,-8238.95,0.9653569411356042,3600,
73,533767360,770930.0,-7709.3,0.9648843808149615,3650,
74,239632222,1132250.0,-11322.499999999998,0.9644120567154191,3700,
75,435992690,845482.5,-8454.825,0.9639399687188956,3750,
76,640486557,1222085.0,-12220.85,0.9634681167073693,3800,
77,750851946,956697.5,-9566.974999999997,0.9629965005628771,3850,
78,356270511,838750.0,-8387.500000000004,0.962525120167515,3900,
79,311212695,1018552.5,-10185.524999999996,0.9620539754034377,3950,
80,771520284,994052.5,-9940.524999999996,0.9615830661528593,4000,
81,105807960,947200.0,-9472.0,0.9611123922980522,4050,
82,127756582,711515.0,-7115.149999999998,0.9606419537213482,4100,
83,542651579,911155.0,-9111.55,0.9601717503051376,4150,
84,635650215,782645.0,-7826.449999999999,0.9597017819318693,4200,
85,170243777,948482.5,-9484.824999999999,0.9592320484840514,4250,
86,782835170,789065.0,-7890.649999999999,0.9587625498442506,4300,
87,599199760,868175.0,-8681.75,0.958293285895092,4350,
88,234783097,962502.5,-9625.025000000001,0.9578242565192598,4400,
89,340218380,709022.5,-7090.2249999999985,0.9573554615994967,4450,
90,79487540,998280.0,-9982.799999999997,0.956886901018604,4500,
91,893344552,908622.5,-9086.225,0.9564185746594411,4550,
92,645724015,836515.0,-8365.150000000001,0.955950482404927,4600,
93,503743082,824477.5,-8244.775,0.9554826241380383,4650,
94,485279315,895315.0,-8953.149999999998,0.9550149997418106,4700,
95,790833694,830972.5,-8309.725,0.9545476090993376,4750,
96,941830565,982800.0,-9828.0,0.9540804520937717,4800,
97,936184574,1116782.5,-11167.824999999997,0.9536135286083238,4850,
98,327184627,1111132.5,-11111.324999999997,0.9531468385262628,4900,
99,250076510,735225.0,-7352.249999999999,0.9526803817309163,4950,
100,649701655,1181212.5,-11812.125,0.9522141581056703,5000,1.4569264650344849
101,921234126,642572.5,-6425.725000000001,0.9517481675339685,5050,1.3445439529418945
102,459339472,835925.0,-8359.249999999998,0.9512824098993135,5100,1.2595842003822326
103,367058149,999547.5,-9995.475000000002,0.9508168850852657,5150,1.1085960936546326
104,529356838,1023512.5,-10235.125000000002,0.9503515929754441,5200,0.8169598662853241
105,738783256,834282.5,-8342.825,0.9498865334535256,5250,0.574678339958191
106,477672498,1084192.5,-10841.924999999994,0.9494217064032453,5300,0.8772766721248627
107,132989972,1097520.0,-10975.199999999999,0.9489571117083964,5350,0.5347185957431794
108,68817599,827640.0,-8276.4,0.9484927492528304,5400,0.5262449884414673
109,985503601,1055217.5,-10552.175000000003,0.9480286189204564,5450,0.5193844026327133
110,938610673,647927.5,-6479.275,0.9475647205952421,5500,0.507499731183052
111,646703616,760722.5,-7607.224999999999,0.9471010541612127,5550,0.5122531425952911
112,999983684,819327.5,-8193.275,0.9466376195024516,5600,0.5017683881521225
113,598520044,784315.0,-7843.149999999998,0.9461744165031003,5650,0.5150127536058426
114,398592186,896275.0,-8962.75,0.9457114450473579,5700,0.4885894471406937
115,723211995,1044492.5,-10444.925000000001,0.9452487050194817,5750,0.4870298230648041
116,732100659,731195.0,-7311.949999999999,0.9447861963037864,5800,0.4700304400920868
117,73416733,1195600.0,-11956.000000000004,0.9443239187846452,5850,0.4804249858856201
118,381947970,900897.5,-9008.975,0.9438618723464883,5900,0.4692935800552368
119,901242693,850042.5,-8500.425,0.9434000568738045,5950,0.46649907529354095
120,599882380,613540.0,-6135.4,0.9429384722511395,6000,0.4611691522598267
121,853576314,924817.5,-9248.175,0.9424771183630974,6050,0.6837016421556473
122,676523488,1018982.5,-10189.824999999999,0.9420159950943399,6100,0.49759564161300657
123,934402713,852910.0,-8529.099999999999,0.9415551023295858,6150,0.49184900999069214
124,88999094,862480.0,-8624.8,0.9410944399536121,6200,0.4882154619693756
125,183654958,1018185.0,-10181.849999999999,0.9406340078512533,6250,0.47686370253562926
126,312676694,798077.5,-7980.775000000001,0.9401738059074012,6300,0.48063131153583527
127,650642348,952237.5,-9522.375,0.9397138340070053,6350,0.46070820033550264
128,234054415,1044547.5,-10445.475,0.9392540920350727,6400,0.4572549694776535
129,591194549,728795.0,-7287.949999999997,0.9387945798766679,6450,0.44438510954380034
130,541292390,863505.0,-8635.05,0.9383352974169129,6500,0.4324897801876068
131,15956784,671422.5,-6714.225,0.9378762445409871,6550,0.42586433827877046
132,450141143,869665.0,-8696.650000000001,0.9374174211341271,6600,0.4147650521993637
133,699988250,959247.5,-9592.475000000004,0.9369588270816273,6650,0.4116375720500946
134,26057602,934512.5,-9345.125000000004,0.9365004622688389,6700,0.3982084959745407
135,191891136,1037962.5,-10379.624999999998,0.9360423265811708,6750,0.389942883849144
136,369496933,691350.0,-6913.5,0.9355844199040892,6800,0.599200826883316
137,890975759,730517.5,-7305.175000000002,0.9351267421231174,6850,0.46395458877086637
138,460199580,780857.5,-7808.575000000002,0.9346692931238358,6900,0.44794159471988676
139,153201570,868180.0,-8681.800000000001,0.9342120727918823,6950,0.43352564990520476
140,906665569,938157.5,-9381.574999999999,0.9337550810129518,7000,0.41510835707187654
141,964003570,884500.0,-8845.0,0.9332983176727963,7050,0.4049049538373947
142,689279637,966657.5,-9666.575000000003,0.9328417826572248,7100,0.4029198455810547
143,515789933,711307.5,-7113.074999999999,0.932385475852104,7150,0.38255243241786957
144,238570376,672072.5,-6720.725000000002,0.9319293971433568,7200,0.36827001214027405
145,801900674,851490.0,-8514.9,0.9314735464169636,7250,0.36432994067668917
146,750394760,1092437.5,-10924.374999999998,0.9310179235589616,7300,0.35551339507102964
147,136070420,792222.5,-7922.225,0.9305625284554455,7350,0.34712402284145355
148,491471650,1081772.5,-10817.725,0.9301073609925661,7400,0.336532253921032
149,430980598,753332.5,-7533.325000000002,0.9296524210565318,7450,0.3299877914786339
150,498006901,821482.5,-8214.825,0.9291977085336075,7500,0.30873993039131165
151,593771116,958445.0,-9584.45,0.9287432233101149,7550,0.577120561003685
152,546499313,628765.0,-6287.650000000001,0.928288965272433,7600,0.4500408774614334
153,70982292,929330.0,-9293.300000000001,0.9278349343069971,7650,0.41062602162361145
154,577969775,678660.0,-6786.599999999999,0.9273811303002996,7700,0.38969177603721616
155,869583098,744632.5,-7446.324999999999,0.9269275531388893,7750,0.37719539046287537
156,685983670,551347.5,-5513.474999999999,0.9264742027093721,7800,0.3664645475149155
157,448694170,723197.5,-7231.974999999999,0.9260210788984102,7850,0.3474101376533508
158,535819856,840557.5,-8405.575,0.9255681815927228,7900,0.32982168793678285
159,736338334,848602.5,-8486.024999999998,0.9251155106790854,7950,0.32582867294549944
160,23498285,898520.0,-8985.200000000003,0.9246630660443305,8000,0.3303360745310783
161,151196124,964062.5,-9640.625000000002,0.9242108475753469,8050,0.3121065029501915
162,894796922,751452.5,-7514.525000000001,0.9237588551590797,8100,0.31665063589811326
163,649185566,695890.0,-6958.899999999999,0.9233070886825312,8150,0.301774982213974
164,872995251,754037.5,-7540.375000000001,0.9228555480327594,8200,0.29778506129980087
165,954912253,984027.5,-9840.274999999998,0.9224042330968794,8250,0.2961335343122482
166,498917285,916505.0,-9165.050000000001,0.9219531437620623,8300,0.6051022797822952
167,565244560,1126062.5,-11260.625000000004,0.9215022799155359,8350,0.43894294679164886
168,541725273,738205.0,-7382.050000000002,0.9210516414445842,8400,0.4233291184902191
169,107483631,1047220.0,-10472.2,0.9206012282365476,8450,0.3967233583331108
170,230012103,843967.5,-8439.675,0.9201510401788227,8500,0.3820974349975586
171,118052566,907847.5,-9078.475,0.9197010771588624,8550,0.37215444684028626
172,222058677,970065.0,-9700.65,0.9192513390641762,8600,0.3842232120037079
173,433259921,686272.5,-6862.725,0.9188018257823294,8650,0.3482120406627655
174,814707579,874940.0,-8749.400000000001,0.9183525372009438,8700,0.34648615777492525
175,114841100,1007495.0,-10074.950000000003,0.917903473207697,8750,0.3671620112657547
176,213689411,541960.0,-5419.599999999999,0.9174546336903234,8800,0.33658284157514573
177,623914263,969920.0,-9699.2,0.9170060185366128,8850,0.34005282938480375
178,244337481,902315.0,-9023.150000000001,0.9165576276344116,8900,0.34287787944078446
179,393145147,766062.5,-7660.625,0.9161094608716219,8950,0.3118424478173256
180,470394806,671890.0,-6718.899999999999,0.9156615181362021,9000,0.3197613418102264
181,730319811,712090.0,-7120.899999999996,0.9152137993161664,9050,0.634569203555584
182,266535238,958555.0,-9585.55,0.9147663042995853,9100,0.45186940908432005
183,645266121,1082827.5,-10828.275,0.9143190329745849,9150,0.404129690527916
184,653897631,708407.5,-7084.075000000003,0.9138719852293474,9200,0.44140377521514895
185,303178774,974250.0,-9742.5,0.9134251609521109,9250,0.3721535751223564
186,415882295,729667.5,-7296.674999999999,0.9129785600311693,9300,0.39741734325885775
187,732419652,742742.5,-7427.425,0.9125321823548723,9350,0.36881579518318175
188,621969639,721640.0,-7216.4,0.9120860278116255,9400,0.38392001688480376
189,541456996,684277.5,-6842.775,0.9116400962898904,9450,0.37885021686553955
190,880781138,1170077.5,-11700.775,0.9111943876781841,9500,0.39760465919971466
191,525405881,687917.5,-6879.175000000001,0.9107489018650792,9550,0.36001891881227494
192,802728449,648590.0,-6485.9000000000015,0.9103036387392044,9600,0.3810935777425766
193,370908663,679645.0,-6796.45,0.9098585981892439,9650,0.3711622953414917
194,436559295,699820.0,-6998.199999999999,0.9094137801039377,9700,0.37667594879865646
195,172495161,726437.5,-7264.374999999999,0.9089691843720811,9750,0.35129989087581637
196,347088712,876837.5,-8768.375,0.9085248108825252,9800,0.5831212261319161
197,188310405,795447.5,-7954.475,0.9080806595241767,9850,0.45272999584674833
198,844647743,667487.5,-6674.874999999999,0.9076367301859978,9900,0.42628319025039674
199,258188954,668252.5,-6682.524999999998,0.9071930227570059,9950,0.4095795547962189
200,944456660,993550.0,-9935.499999999998,0.9067495371262743,10000,0.4297246366739273
201,135437441,685855.0,-6858.550000000001,0.9063062731829318,10050,0.40708013594150544
202,472289381,692152.5,-6921.524999999999,0.9058632308161619,10100,0.39914931148290633
203,810853502,910080.0,-9100.800000000001,0.9054204099152046,10150,0.4201986539363861
204,805816003,573907.5,-5739.075000000002,0.9049778103693542,10200,0.3959227031469345
205,727242440,1161550.0,-11615.5,0.904535432067961,10250,0.420543939769268
206,577786404,905625.0,-9056.250000000002,0.9040932749004306,10300,0.39690597414970397
207,963701015,753835.0,-7538.349999999999,0.9036513387562235,10350,0.40133328109979627
208,165626888,916510.0,-9165.100000000002,0.9032096235248557,10400,0.42275524079799653
209,502029879,725822.5,-7258.224999999999,0.9027681290958982,10450,0.40742560267448424
210,1139808,725937.5,-7259.374999999999,0.9023268553589777,10500,0.4200617307424545
211,710502143,1078787.5,-10787.875000000002,0.9018858022037756,10550,0.6222789788246155
212,113047536,1014397.5,-10143.975,0.9014449695200287,10600,0.46012929290533067
213,224482167,911137.5,-9111.375,0.9010043571975287,10650,0.44264160126447677
214,949349468,864917.5,-8649.174999999997,0.9005639651261227,10700,0.40906660169363024
215,803478836,685240.0,-6852.400000000002,0.9001237931957125,10750,0.44565938532352445
216,33453442,600932.5,-6009.325,0.8996838412962551,10800,0.44923267781734466
217,541906134,627277.5,-6272.775,0.8992441093177627,10850,0.4304367259144783
218,302291021,1026570.0,-10265.7,0.8988045971503021,10900,0.47175419569015503
219,810794029,808670.0,-8086.7,0.8983653046839956,10950,0.4372037801146507
220,605319330,650742.5,-6507.424999999999,0.8979262318090196,11000,0.4473231670260429
221,508786133,715760.0,-7157.5999999999985,0.8974873784156062,11050,0.41751408129930495
222,383700406,933755.0,-9337.550000000001,0.897048744394042,11100,0.4616043883562088
223,254163412,589962.5,-5899.625000000001,0.8966103296346685,11150,0.4138684290647507
224,374262264,681430.0,-6814.299999999998,0.8961721340278819,11200,0.4401784133911133
225,116645149,956255.0,-9562.549999999997,0.8957341574641334,11250,0.4110431507229805
226,265612971,993482.5,-9934.824999999997,0.8952963998339288,11300,0.597577013373375
227,61393255,970437.5,-9704.375,0.8948588610278289,11350,0.4598970824480057
228,849812204,1107232.5,-11072.325,0.8944215409364485,11400,0.4898075860738754
229,386294807,667835.0,-6678.349999999999,0.8939844394504582,11450,0.4729908785223961
230,632310669,798675.0,-7986.749999999999,0.893547556460582,11500,0.5055156815052032
231,716549377,761930.0,-7619.300000000001,0.8931108918575998,11550,0.4633096528053284
232,958881921,949357.5,-9493.574999999997,0.8926744455323449,11600,0.5072873371839524
233,192658894,610877.5,-6108.774999999999,0.892238217375706,11650,0.48337379813194276
234,260343671,655785.0,-6557.849999999999,0.8918022072786259,11700,0.48253667503595354
235,604559191,726262.5,-7262.625,0.8913664151321024,11750,0.4568664437532425
236,70621239,602105.0,-6021.049999999999,0.8909308408271869,11800,0.472148032784462
237,622404207,641030.0,-6410.300000000001,0.8904954842549863,11850,0.4357604804635048
238,900207593,626790.0,-6267.9,0.8900603453066612,11900,0.4902146622538567
239,808884751,718250.0,-7182.5,0.8896254238734271,11950,0.44191755503416064
240,324728043,940712.5,-9407.125,0.8891907198465534,12000,0.4777423456311226
241,128331388,948517.5,-9485.175000000005,0.8887562331173643,12050,0.635615621805191
242,269445788,774940.0,-7749.4000000000015,0.8883219635772379,12100,0.5039386671781539
243,213725954,740407.5,-7404.075000000001,0.887887911117607,12150,0.51427993953228
244,179351919,716992.5,-7169.924999999999,0.8874540756299584,12200,0.4984376767277718
245,383308071,688575.0,-6885.75,0.8870204570058331,12250,0.533906668126583
246,813219704,769987.5,-7699.875,0.8865870551368266,12300,0.5285691064596176
247,481688853,1026375.0,-10263.749999999998,0.8861538699145884,12350,0.4878059792518616
248,420581819,665032.5,-6650.324999999999,0.8857209012308224,12400,0.5086984962224961
249,536439093,926677.5,-9266.775000000001,0.8852881489772859,12450,0.496931793987751
250,100101538,690697.5,-6906.975000000001,0.8848556130457913,12500,0.4886115488409996
251,466247352,851255.0,-8512.55,0.8844232933282045,12550,0.49661846429109574
252,834431187,590060.0,-5900.599999999999,0.8839911897164454,12600,0.4991837567090988
253,345545212,681372.5,-6813.725000000001,0.8835593021024885,12650,0.49713555723428726
254,832629350,798415.0,-7984.149999999999,0.8831276303783614,12700,0.46149263620376585
255,693149400,612907.5,-6129.075000000001,0.8826961744361463,12750,0.4914563897252083
256,150540212,830587.5,-8305.875,0.8822649341679796,12800,0.6519088160991668
257,773033915,601960.0,-6019.599999999999,0.8818339094660507,12850,0.5168771833181381
258,376552153,962820.0,-9628.2,0.8814031002226037,12900,0.5221535313129425
259,855360104,462327.5,-4623.275,0.8809725063299363,12950,0.5257591226696968
260,12611010,987220.0,-9872.200000000003,0.8805421276803999,13000,0.4989282089471817
261,466363885,696722.5,-6967.224999999999,0.8801119641663999,13050,0.5171533840894699
262,928139578,678370.0,-6783.7,0.8796820156803956,13100,0.5421669772267341
263,736225020,632032.5,-6320.325,0.8792522821148996,13150,0.5263278833031655
264,655424949,473457.5,-4734.574999999999,0.8788227633624786,13200,0.5644115921854973
265,188393703,701050.0,-7010.499999999999,0.8783934593157527,13250,0.5161084666848182
266,143609161,765550.0,-7655.499999999999,0.8779643698673963,13300,0.5287588369846344
267,965979149,716112.5,-7161.125000000001,0.8775354949101368,13350,0.49358686864376067
268,255737873,954947.5,-9549.475,0.8771068343367555,13400,0.4816127952933311
269,47735270,731177.5,-7311.775000000001,0.8766783880400872,13450,0.5960286992788315
270,534115605,835660.0,-8356.6,0.8762501559130205,13500,0.5254112213850022
271,557992553,651240.0,-6512.4000000000015,0.8758221378484972,13550,0.6595612490177154
272,476417592,746767.5,-7467.675000000002,0.8753943337395128,13600,0.5630584484338761
273,77897620,998802.5,-9988.025,0.8749667434791162,13650,0.5924037465453148
274,791236207,528272.5,-5282.7249999999985,0.87453936696041,13700,0.6118768894672394
275,404976499,792065.0,-7920.650000000001,0.8741122040765501,13750,0.5675284463167191
276,274059169,738810.0,-7388.099999999999,0.8736852547207454,13800,0.5776801466941833
277,692230441,1008502.5,-10085.024999999998,0.873258518786259,13850,0.6340590959787369
278,330579388,1028742.5,-10287.425000000003,0.8728319961664068,13900,0.538494319319725
279,854559525,904422.5,-9044.224999999999,0.872405686754558,13950,0.5823743891716003
280,404235209,607522.5,-6075.224999999999,0.8719795904441353,14000,0.5889617341756821
281,409636331,807410.0,-8074.1,0.8715537071286148,14050,0.5307191652059555
282,757036994,776832.5,-7768.324999999997,0.8711280367015253,14100,0.6025083553791046
283,568401371,915580.0,-9155.8,0.8707025790564495,14150,0.530768356025219
284,289512273,905940.0,-9059.4,0.8702773340870229,14200,0.5924000805616378
285,622340765,852345.0,-8523.45,0.8698523016869343,14250,0.5137363883852959
286,755070619,505542.5,-5055.424999999999,0.8694274817499255,14300,0.699226399064064
287,993055043,783650.0,-7836.5,0.8690028741697915,14350,0.6245547997951507
288,895149804,887120.0,-8871.2,0.8685784788403805,14400,0.615796663761139
289,275915994,734222.5,-7342.225000000001,0.8681542956555937,14450,0.6049644297361374
290,93835553,615385.0,-6153.8499999999985,0.8677303245093851,14500,0.6114459002017975
291,596971990,653590.0,-6535.9000000000015,0.8673065652957621,14550,0.5835103878378868
292,962472820,922980.0,-9229.8,0.866883017908785,14600,0.6201628768444061
293,65848719,707547.5,-7075.475000000001,0.8664596822425666,14650,0.5944526013731957
294,673329680,754607.5,-7546.074999999997,0.8660365581912732,14700,0.6238185578584671
295,931816967,573617.5,-5736.175,0.8656136456491238,14750,0.632109140753746
296,693882072,617355.0,-6173.550000000001,0.8651909445103902,14800,0.6151341354846954
297,86376761,655157.5,-6551.575,0.8647684546693971,14850,0.5948349267244339
298,582742764,823347.5,-8233.475,0.8643461760205222,14900,0.6643531575798989
299,87136867,535787.5,-5357.875,0.8639241084581956,14950,0.6127833405137062
300,105628676,965710.0,-9657.1,0.8635022518769004,15000,0.5908190333843231
301,374207847,868740.0,-8687.4,0.8630806061711728,15050,0.7694815492630005
302,931225095,702137.5,-7021.375,0.8626591712356009,15100,0.736527891755104
303,377936209,918677.5,-9186.774999999996,0.8622379469648263,15150,0.6342859452962876
304,396777571,693137.5,-6931.375,0.8618169332535428,15200,0.656634801030159
305,611035399,1092205.0,-10922.050000000001,0.8613961299964971,15250,0.6966529822349549
306,803174006,722550.0,-7225.499999999997,0.8609755370884882,15300,0.653107060790062
307,681185482,409010.0,-4090.1000000000004,0.8605551544243679,15350,0.6312935781478882
308,763932203,793037.5,-7930.374999999999,0.8601349818990407,15400,0.6208168196678162
309,774267299,702792.5,-7027.924999999999,0.8597150194074633,15450,0.649079191684723
310,399378339,973710.0,-9737.099999999997,0.8592952668446451,15500,0.6398145365715027
311,50038019,605590.0,-6055.9,0.8588757241056479,15550,0.6089539831876755
312,16323856,563477.5,-5634.7750000000015,0.8584563910855862,15600,0.6072255298495293
313,373679669,827867.5,-8278.674999999997,0.8580372676796267,15650,0.5941383522748948
314,715380695,519320.0,-5193.200000000001,0.8576183537829885,15700,0.6654626274108887
315,290018315,682580.0,-6825.799999999999,0.8571996492909429,15750,0.6608365079760552
316,655424198,698265.0,-6982.6500000000015,0.8567811540988142,15800,0.7409246724843979
317,845338560,962337.5,-9623.375000000002,0.8563628681019783,15850,0.6960755062103271
318,592183412,998942.5,-9989.424999999997,0.8559447911958638,15900,0.6781923139095306
319,957967708,679627.5,-6796.274999999999,0.8555269232759514,15950,0.6621261569857597
320,778256023,655075.0,-6550.750000000001,0.8551092642377742,16000,0.6738700240850448
321,182428801,705287.5,-7052.875000000001,0.8546918139769174,16050,0.6576176208257675
322,800853398,520217.5,-5202.175000000001,0.8542745723890184,16100,0.6658973580598831
323,646600440,773905.0,-7739.05,0.8538575393697669,16150,0.6863219845294952
324,155601766,695992.5,-6959.924999999999,0.8534407148149047,16200,0.7111204218864441
325,433254550,995662.5,-9956.625,0.8530240986202253,16250,0.570807164311409
326,298787944,851917.5,-8519.175,0.852607690681575,16300,0.681937495470047
327,479306540,904380.0,-9043.8,0.8521914908948517,16350,0.6702828049659729
328,555359638,924357.5,-9243.575000000003,0.8517754991560055,16400,0.6837191379070282
329,523110976,651467.5,-6514.675,0.8513597153610384,16450,0.716655262708664
330,591787127,787380.0,-7873.799999999999,0.8509441394060046,16500,0.6813901048898697
331,431058544,595282.5,-5952.825,0.8505287711870098,16550,0.7995777380466461
332,400682453,984075.0,-9840.750000000004,0.8501136106002122,16600,0.6966178196668625
333,729052993,683195.0,-6831.95,0.8496986575418215,16650,0.6956582760810852
334,385483603,620907.5,-6209.075,0.8492839119080995,16700,0.7521147388219833
335,919569178,584152.5,-5841.524999999998,0.84886937359536,16750,0.7079329746961593
336,852598625,723015.0,-7230.149999999999,0.848455042499968,16800,0.7858000826835633
337,18771368,715485.0,-7154.8499999999985,0.848040918518341,16850,0.644400948882103
338,708120208,780765.0,-7807.649999999999,0.8476270015469479,16900,0.6971540987491608
339,758564990,728472.5,-7284.725,0.8472132914823096,16950,0.7081330358982086
340,168352846,771090.0,-7710.9,0.8467997882209983,17000,0.6805710679292679
341,688460493,713857.5,-7138.574999999998,0.8463864916596385,17050,0.7296513515710831
342,908178384,792497.5,-7924.974999999999,0.845973401694906,17100,0.7307195401191712
343,159194720,611217.5,-6112.174999999998,0.8455605182235281,17150,0.7151176846027374
344,33740444,523612.5,-5236.124999999998,0.8451478411422841,17200,0.7102524846792221
345,843626182,725277.5,-7252.775000000001,0.8447353703480046,17250,0.7319249767065048
346,674122062,844477.5,-8444.775,0.8443231057375721,17300,0.8231433206796646
347,59585067,840000.0,-8400.000000000002,0.8439110472079203,17350,0.7374600380659103
348,734016467,495072.5,-4950.725000000001,0.8434991946560345,17400,0.8009329307079315
349,314639818,513955.0,-5139.550000000002,0.8430875479789518,17450,0.7787100911140442
350,188156503,649257.5,-6492.575,0.8426761070737603,17500,0.7789199882745743
351,630398850,844590.0,-8445.9,0.8422648718375999,17550,0.7344553864002228
352,464572520,678620.0,-6786.199999999998,0.8418538421676617,17600,0.7610131508111954
353,108701889,824892.5,-8248.924999999997,0.8414430179611884,17650,0.7661566436290741
354,451841299,754775.0,-7547.750000000001,0.8410323991154737,17700,0.6785231220722199
355,3556530,689867.5,-6898.674999999999,0.840621985527863,17750,0.7758366972208023
356,41475455,580407.5,-5804.075000000001,0.8402117770957532,17800,0.7301168888807297
357,27774227,925827.5,-9258.274999999998,0.8398017737165919,17850,0.7469187766313553
358,298242869,634510.0,-6345.1,0.8393919752878782,17900,0.7824946075677872
359,623460201,708832.5,-7088.325000000003,0.8389823817071627,17950,0.7274492532014847
360,613558001,840487.5,-8404.874999999998,0.8385729928720468,18000,0.7025831639766693
361,793674676,649647.5,-6496.474999999997,0.8381638086801834,18050,0.8628464698791504
362,907722107,566100.0,-5661.0,0.8377548290292764,18100,0.7597252714633942
363,491908560,632402.5,-6324.025,0.8373460538170809,18150,0.8500747990608215
364,89500301,608845.0,-6088.449999999999,0.8369374829414032,18200,0.7421032923460007
365,945089191,799012.5,-7990.125,0.8365291163001005,18250,0.7010599398612976
366,808211997,651467.5,-6514.675,0.8361209537910811,18300,0.7494433456659317
367,911376929,626107.5,-6261.074999999999,0.8357129953123045,18350,0.8004352796077728
368,703155956,705612.5,-7056.124999999999,0.8353052407617808,18400,0.7449042952060699
369,998086077,591580.0,-5915.8,0.8348976900375716,18450,0.7587829440832138
370,115961181,570365.0,-5703.65,0.8344903430377891,18500,0.7228634709119797
371,943742647,679225.0,-6792.250000000002,0.8340831996605967,18550,0.7584480416774749
372,258011376,574257.5,-5742.574999999999,0.8336762598042083,18600,0.7447361677885056
373,276424925,606190.0,-6061.900000000001,0.8332695233668893,18650,0.7086210405826568
374,574230760,685637.5,-6856.375,0.8328629902469553,18700,0.7520033252239228
375,108094808,618770.0,-6187.699999999998,0.8324566603427731,18750,0.7724558743834495
376,561798209,784677.5,-7846.774999999998,0.8320505335527602,18800,0.8316075673699379
377,749624103,734820.0,-7348.199999999998,0.8316446097753849,18850,0.7675297355651856
378,774491657,746962.5,-7469.624999999999,0.8312388889091662,18900,0.7452027621865273
379,214567105,629312.5,-6293.125,0.8308333708526742,18950,0.769759311079979
380,227765015,853962.5,-8539.624999999998,0.8304280555045288,19000,0.7892545914649963
381,960625899,777012.5,-7770.125,0.8300229427634017,19050,0.7482223963737488
382,999853774,654182.5,-6541.825000000001,0.8296180325280146,19100,0.7476931935548783
383,130895523,702625.0,-7026.25,0.8292133246971397,19150,0.7801895469427109
384,256679349,886715.0,-8867.149999999998,0.8288088191696001,19200,0.8168665137887001
385,60766874,777722.5,-7777.225,0.8284045158442697,19250,0.8061777305603027
386,845090355,752395.0,-7523.950000000001,0.8280004146200723,19300,0.7548442870378494
387,19719556,728352.5,-7283.525000000001,0.8275965153959829,19350,0.7454232594370842
388,244276084,892152.5,-8921.524999999998,0.8271928180710265,19400,0.8309786719083786
389,932685238,725507.5,-7255.075,0.8267893225442788,19450,0.7944626051187516
390,883465765,771610.0,-7716.099999999999,0.826386028714866,19500,0.718796948492527
391,596873635,615872.5,-6158.7249999999985,0.8259829364819646,19550,0.9063148105144501
392,444222732,632357.5,-6323.575000000001,0.8255800457448015,19600,0.7898017823696136
393,479709220,729037.5,-7290.374999999998,0.8251773564026539,19650,0.8343396246433258
394,518902218,549047.5,-5490.475000000001,0.8247748683548497,19700,0.762786453962326
395,45773058,519452.5,-5194.524999999999,0.8243725815007668,19750,0.8064737802743912
396,218958938,741677.5,-7416.775000000001,0.8239704957398335,19800,0.811152104139328
397,791010805,718225.0,-7182.250000000002,0.8235686109715282,19850,0.8420007950067521
398,634459791,738790.0,-7387.9,0.8231669270953799,19900,0.9425248962640762
399,157839323,774942.5,-7749.425,0.8227654440109675,19950,0.8303170475363731
400,371577552,637467.5,-6374.674999999999,0.8223641616179204,20000,0.7354424744844437
401,96199488,576972.5,-5769.724999999999,0.8219630798159178,20050,0.6865130084753036
402,829914276,883755.0,-8837.550000000001,0.8215621985046894,20100,0.810617465376854
403,401097320,679897.5,-6798.974999999999,0.8211615175840146,20150,0.7340287095308304
404,326287150,796432.5,-7964.325000000002,0.8207610369537236,20200,0.7404260218143464
405,891345589,720462.5,-7204.625000000001,0.8203607565136958,20250,0.7772105640172958
406,996927197,968022.5,-9680.225,0.8199606761638615,20300,0.9313064795732499
407,549760598,937715.0,-9377.150000000001,0.8195607958042004,20350,0.7982703846693039
408,502827349,754687.5,-7546.875,0.8191611153347422,20400,0.8802669674158097
409,261935007,640997.5,-6409.975,0.8187616346555672,20450,0.7889954280853272
410,321649013,695155.0,-6951.55,0.8183623536668049,20500,0.7965586817264557
411,6143409,874595.0,-8745.95,0.8179632722686353,20550,0.8550354325771332
412,381428047,817265.0,-8172.6500000000015,0.8175643903612878,20600,0.8573445296287536
413,632905111,919285.0,-9192.85,0.8171657078450422,20650,0.792115774154663
414,153166836,620837.5,-6208.375000000001,0.8167672246202275,20700,0.8028368383646012
415,558256489,610947.5,-6109.474999999999,0.8163689405872232,20750,0.8412836521863938
416,358295356,785997.5,-7859.974999999999,0.8159708556464583,20800,0.7537960249185562
417,540191006,853565.0,-8535.650000000001,0.8155729696984113,20850,0.7962500518560409
418,517421196,831565.0,-8315.65,0.815175282643611,20900,0.830711222589016
419,338853762,707877.5,-7078.775000000002,0.8147777943826355,20950,0.7958321690559387
420,250954290,821300.0,-8213.000000000002,0.8143805048161126,21000,0.8328243911266326
421,572031558,909325.0,-9093.250000000002,0.8139834138447202,21050,0.8732989040017128
422,979251836,845637.5,-8456.374999999996,0.8135865213691852,21100,0.8468391519784927
423,78929960,851297.5,-8512.975,0.8131898272902848,21150,0.8178097522258758
424,564761402,643407.5,-6434.075,0.8127933315088454,21200,0.7752105242013931
425,916360729,797690.0,-7976.9000000000015,0.812397033925743,21250,0.8043031626939774
426,930599618,800580.0,-8005.800000000002,0.8120009344419031,21300,0.8511053282022476
427,448931698,630160.0,-6301.599999999999,0.811605032958301,21350,0.7907812306284905
428,387389345,878352.5,-8783.524999999998,0.8112093293759612,21400,0.8266740149259567
429,30192460,769912.5,-7699.124999999998,0.810813823595958,21450,0.8424729156494141
430,403738341,679000.0,-6790.0,0.8104185155194147,21500,0.8382325577735901
431,280774348,971687.5,-9716.875,0.8100234050475045,21550,0.8602872622013092
432,204044253,765262.5,-7652.625,0.8096284920814496,21600,0.838689205646515
433,633251292,635942.5,-6359.425000000003,0.8092337765225218,21650,0.8616756427288056
434,962740242,614735.0,-6147.349999999999,0.8088392582720424,21700,0.8107514181733131
435,468982226,717302.5,-7173.025000000001,0.8084449372313816,21750,0.8163317906856536
436,262842007,684532.5,-6845.324999999999,0.808050813301959,21800,0.9688106933236122
437,711682408,668430.0,-6684.300000000001,0.8076568863852441,21850,0.8972639954090118
438,310183738,712017.5,-7120.175,0.8072631563827548,21900,0.8792135286331176
439,121236872,603130.0,-6031.3,0.8068696231960587,21950,0.8561723923683167
440,122328672,807300.0,-8073.000000000001,0.8064762867267725,22000,0.8790503942966461
441,914268818,912912.5,-9129.125,0.8060831468765621,22050,0.8737409988045692
442,459303384,933152.5,-9331.524999999998,0.8056902035471425,22100,0.8238975292444229
443,344778725,628247.5,-6282.475000000001,0.8052974566402779,22150,0.8899350553750992
444,895300151,1066365.0,-10663.65,0.8049049060577814,22200,0.8000665804743767
445,506656754,922035.0,-9220.350000000002,0.8045125517015157,22250,0.8359732142090798
446,731647934,566030.0,-5660.3,0.8041203934733919,22300,0.7874803775548935
447,570106625,950962.5,-9509.624999999998,0.8037284312753706,22350,0.8522893524169922
448,918876176,796140.0,-7961.400000000002,0.8033366650094612,22400,0.9095517575740815
449,601761810,862142.5,-8621.425,0.8029450945777221,22450,0.8319061893224716
450,628192253,885257.5,-8852.574999999999,0.8025537198822608,22500,0.7929819047451019
451,817221048,746355.0,-7463.550000000001,0.8021625408252334,22550,0.8519499629735947
452,576049686,1011600.0,-10115.999999999998,0.8017715573088454,22600,0.9676842218637467
453,641312379,868507.5,-8685.075,0.8013807692353508,22650,0.8979502412676811
454,71545025,913062.5,-9130.624999999996,0.8009901765070525,22700,0.7997563010454178
455,339403738,722857.5,-7228.574999999998,0.8005997790263025,22750,0.8303117656707764
456,505255631,873660.0,-8736.6,0.8002095766955013,22800,0.9222269773483276
457,659195311,1056885.0,-10568.849999999997,0.7998195694170982,22850,0.933152527809143
458,70592453,773967.5,-7739.674999999998,0.7994297570935917,22900,0.8449113810062409
459,253084003,925840.0,-9258.400000000001,0.7990401396275284,22950,0.9014547878503799
460,391077832,791595.0,-7915.950000000001,0.7986507169215041,23000,0.8451671755313873
461,456481043,918745.0,-9187.45,0.7982614888781631,23050,0.8257454216480256
462,588702947,694500.0,-6944.999999999999,0.7978724554001984,23100,0.81736980676651
463,975575659,868735.0,-8687.349999999999,0.7974836163903516,23150,0.8939472803473473
464,836849300,660762.5,-6607.624999999998,0.7970949717514129,23200,0.9123922592401504
465,366335065,798090.0,-7980.9,0.7967065213862212,23250,0.8467143884301186
466,106446992,732247.5,-7322.475,0.7963182651976639,23300,0.9760454678535462
467,407577689,906202.5,-9062.024999999998,0.795930203088677,23350,0.9717961502075195
468,86591406,838900.0,-8389.0,0.7955423349622449,23400,0.8702954077720642
469,993887189,896035.0,-8960.349999999997,0.7951546607214005,23450,0.9290211755037308
470,500046678,776542.5,-7765.425,0.7947671802692253,23500,0.8669922566413879
471,243153358,835272.5,-8352.724999999995,0.7943798935088493,23550,0.9159083470702172
472,204551916,785110.0,-7851.100000000001,0.7939928003434507,23600,0.9292990827560424
473,355859229,724355.0,-7243.55,0.793605900676256,23650,0.892708300948143
474,201998513,967055.0,-9670.550000000001,0.7932191944105408,23700,0.8560632169246674
475,193433662,725540.0,-7255.399999999999,0.7928326814496282,23750,0.870837739109993
476,369343576,691215.0,-6912.1500000000015,0.7924463616968898,23800,0.9057519465684891
477,568936270,915547.5,-9155.474999999997,0.792060235055746,23850,0.8552861368656158
478,734046727,693550.0,-6935.500000000002,0.7916743014296649,23900,0.9487300056219101
479,57789880,934797.5,-9347.974999999999,0.7912885607221632,23950,0.9479042607545852
480,912596740,1051942.5,-10519.425,0.7909030128368058,24000,0.8388195669651032
481,9166251,780430.0,-7804.299999999999,0.7905176576772054,24050,0.9306390649080276
482,712174453,747437.5,-7474.374999999998,0.7901324951470236,24100,0.9406810963153839
483,893575408,812445.0,-8124.450000000001,0.7897475251499695,24150,0.9626284766197205
484,509465789,696212.5,-6962.125000000001,0.7893627475898007,24200,0.9723660278320313
485,131613386,766710.0,-7667.099999999998,0.7889781623703229,24250,0.8342413234710694
486,131793962,948272.5,-9482.724999999999,0.7885937693953897,24300,0.9036556851863861
487,8816326,1051457.5,-10514.574999999999,0.7882095685689028,24350,0.9217054450511932
488,216531919,1030475.0,-10304.749999999998,0.7878255597948121,24400,0.9501429837942124
489,787724155,919050.0,-9190.5,0.7874417429771152,24450,0.8835798355937005
490,484713621,706667.5,-7066.675,0.7870581180198581,24500,0.8979372125864029
491,325489262,904340.0,-9043.4,0.7866746848271347,24550,1.019434517621994
492,358547956,743420.0,-7434.200000000003,0.7862914433030863,24600,0.8408113646507264
493,364936705,809272.5,-8092.724999999998,0.7859083933519029,24650,0.9899377763271332
494,586912565,739962.5,-7399.625000000002,0.7855255348778216,24700,0.9140734994411468
495,698216828,848700.0,-8487.0,0.785142867785128,24750,0.9862233829498291
496,511346340,1059315.0,-10593.149999999998,0.7847603919781554,24800,0.9980691123008728
497,999500011,800775.0,-8007.750000000001,0.7843781073612849,24850,0.9587350618839264
498,741944845,657127.5,-6571.274999999999,0.783996013838945,24900,0.9365085762739181
499,201570263,856712.5,-8567.125,0.7836141113156128,24950,0.9894853556156158
500,8679816,920765.0,-9207.65,0.7832323996958123,25000,0.8995007473230362
501,529698035,952615.0,-9526.150000000001,0.7828508788841155,25050,0.9621696674823761
502,362350185,692475.0,-6924.75,0.7824695487851427,25100,0.9709798741340637
503,827436792,805905.0,-8059.049999999999,0.7820884093035608,25150,0.9305983519554138
504,432490049,889487.5,-8894.874999999998,0.7817074603440854,25200,0.8836684286594391
505,751304128,752115.0,-7521.149999999999,0.781326701811479,25250,0.9799540030956269
506,337068401,744632.5,-7446.325,0.780946133610552,25300,0.9070718747377395
507,664371701,767420.0,-7674.200000000001,0.7805657556461624,25350,0.8834608352184296
508,798071175,733422.5,-7334.224999999999,0.7801855678232156,25400,0.9771341276168823
509,125887526,1019945.0,-10199.45,0.7798055700466648,25450,1.0271621477603912
510,729325961,875987.5,-8759.874999999998,0.7794257622215103,25500,0.918377805352211
511,561510563,940642.5,-9406.425,0.7790461442528005,25550,1.0000996607542039
512,468997738,824052.5,-8240.525000000001,0.7786667160456306,25600,0.9203157567977905
513,564722185,1083672.5,-10836.724999999997,0.7782874775051437,25650,0.8662470358610154
514,606062312,956742.5,-9567.425000000001,0.7779084285365302,25700,1.0022870701551438
515,646832139,704595.0,-7045.950000000003,0.7775295690450277,25750,0.968037355542183
516,550891949,812902.5,-8129.024999999999,0.7771508989359215,25800,0.9470492774248123
517,71945872,701750.0,-7017.499999999999,0.7767724181145438,25850,0.955815218091011
518,817103109,631467.5,-6314.674999999999,0.7763941264862747,25900,0.9568566584587097
519,933203164,586085.0,-5860.849999999999,0.7760160239565411,25950,1.0306213736534118
520,819816079,650600.0,-6505.999999999999,0.7756381104308174,26000,0.9691760355234146
521,167198930,842750.0,-8427.5,0.7752603858146254,26050,0.8674008125066757
522,658705239,1060477.5,-10604.775,0.7748828500135337,26100,0.9518962621688842
523,579820356,662782.5,-6627.825000000001,0.7745055029331583,26150,1.0552279996871947
524,528466095,752200.0,-7522.000000000001,0.7741283444791628,26200,1.0281161099672318
525,450337318,811297.5,-8112.975,0.7737513745572572,26250,0.9431223273277283
526,52514054,823595.0,-8235.95,0.7733745930731992,26300,0.9836587965488434
527,956755045,614622.5,-6146.2249999999985,0.7729979999327935,26350,1.0628129577636718
528,770260458,754222.5,-7542.224999999999,0.7726215950418915,26400,1.102486231327057
529,816561868,704317.5,-7043.175,0.7722453783063923,26450,1.0308460414409637
530,634178426,743637.5,-7436.375,0.7718693496322416,26500,1.0108524084091186
531,751677137,830020.0,-8300.2,0.7714935089254321,26550,1.0810378623008727
532,120189725,751797.5,-7517.975000000001,0.7711178560920039,26600,0.9645453715324401
533,987775016,594465.0,-5944.650000000002,0.7707423910380435,26650,0.9695905303955078
534,95781319,893770.0,-8937.7,0.7703671136696849,26700,0.9257897424697876
535,713353056,1157357.5,-11573.575,0.7699920238931086,26750,1.0565645509958268
536,657893872,1037387.5,-10373.874999999998,0.7696171216145422,26800,1.0011832216382026
537,963939652,939117.5,-9391.175,0.76924240674026,26850,0.9875257736444474
538,183871703,722177.5,-7221.774999999999,0.7688678791765834,26900,0.9263130849599839
539,413235291,747425.0,-7474.250000000001,0.7684935388298806,26950,0.9971971929073333
540,679658293,683722.5,-6837.225,0.7681193856065663,27000,0.8871109646558761
541,189591602,713460.0,-7134.600000000001,0.7677454194131024,27050,1.0426824975013733
542,649528503,961030.0,-9610.3,0.7673716401559971,27100,1.108202896118164
543,699328990,678522.5,-6785.225,0.7669980477418059,27150,1.0383717674016952
544,801750619,637095.0,-6370.950000000001,0.7666246420771304,27200,0.96799624979496
545,196725763,623270.0,-6232.700000000001,0.7662514230686194,27250,1.0336659038066864
546,155785725,577602.5,-5776.024999999999,0.765878390622968,27300,0.8862548404932022
547,601497393,748247.5,-7482.474999999999,0.7655055446469182,27350,0.9742057800292969
548,632349628,900310.0,-9003.1,0.7651328850472583,27400,0.9497010231018066
549,206459825,745417.5,-7454.174999999999,0.7647604117308237,27450,1.020042147040367
550,691451924,904710.0,-9047.1,0.7643881246044958,27500,0.9470358473062516
551,754493582,886347.5,-8863.475,0.764016023575203,27550,0.9746222925186158
552,442185837,650865.0,-6508.6500000000015,0.76364410854992,27600,1.0113457840681077
553,780868746,970327.5,-9703.275000000001,0.763272379435668,27650,0.9210539948940277
554,211285281,830502.5,-8305.025000000001,0.7629008361395146,27700,1.0207703495025635
555,494809467,770205.0,-7702.050000000001,0.7625294785685742,27750,1.0210730934143066
556,265812539,796877.5,-7968.775000000001,0.7621583066300074,27800,1.1313737320899964
557,365652924,628030.0,-6280.3,0.761787320231021,27850,1.0067857444286346
558,105840427,609940.0,-6099.399999999999,0.7614165192788684,27900,1.0392335081100463
559,979695858,1009462.5,-10094.625000000002,0.7610459036808498,27950,1.000962490439415
560,708471920,615207.5,-6152.074999999999,0.7606754733443107,28000,1.0623894476890563
561,835353679,665527.5,-6655.275,0.7603052281766439,28050,0.9152160733938217
562,460098395,1196987.5,-11969.875000000002,0.759935168085288,28100,0.9844834005832672
563,619786773,583682.5,-5836.825,0.759565292977728,28150,1.022794724702835
564,982354587,788572.5,-7885.724999999999,0.7591956027614951,28200,1.0836399793624878
565,418798912,663625.0,-6636.250000000002,0.7588260973441666,28250,1.0230727165937423
566,437554720,906567.5,-9065.675,0.7584567766333665,28300,1.0639027285575866
567,860110623,628272.5,-6282.725,0.7580876405367644,28350,0.9141473579406738
568,468001676,621777.5,-6217.7750000000015,0.7577186889620762,28400,1.057962098121643
569,174572302,904950.0,-9049.500000000002,0.757349921817064,28450,1.036207160949707
570,114906538,650602.5,-6506.025000000001,0.7569813390095361,28500,0.9928989547491074
571,6379341,589352.5,-5893.525000000001,0.7566129404473468,28550,1.0707916665077208
572,187407343,890780.0,-8907.8,0.7562447260383965,28600,1.0500984168052674
573,137395289,739967.5,-7399.675,0.7558766956906315,28650,1.0511231458187102
574,160924022,774620.0,-7746.200000000001,0.7555088493120444,28700,1.0640294981002807
575,518238114,689912.5,-6899.125000000001,0.7551411868106733,28750,1.093199315071106
576,862099480,607862.5,-6078.625000000001,0.7547737080946028,28800,0.9944682717323303
577,790357657,512250.0,-5122.5,0.7544064130719632,28850,1.1400093054771423
578,778083946,540280.0,-5402.799999999999,0.7540393016509306,28900,1.116437531709671
579,691644987,660475.0,-6604.750000000001,0.7536723737397273,28950,1.0521988546848298
580,508790149,691807.5,-6918.075000000001,0.7533056292466213,29000,0.9728561502695083
581,925053812,726280.0,-7262.800000000001,0.7529390680799263,29050,1.107238159775734
582,602121624,673052.5,-6730.5250000000015,0.7525726901480021,29100,1.0951697188615799
583,382016820,1012737.5,-10127.374999999998,0.7522064953592543,29150,1.1214513683319092
584,27284915,577915.0,-5779.150000000001,0.7518404836221343,29200,0.9895496314764023
585,512978776,696680.0,-6966.799999999998,0.751474654845139,29250,1.0860683751106261
586,714792114,562090.0,-5620.899999999999,0.7511090089368111,29300,1.0806787759065628
587,952342748,521202.5,-5212.025000000001,0.7507435458057392,29350,1.105550377368927
588,763282529,799595.0,-7995.949999999997,0.7503782653605577,29400,1.1106185972690583
589,249424962,838177.5,-8381.774999999998,0.7500131675099463,29450,1.0968187415599824
590,753968133,479492.5,-4794.924999999999,0.7496482521626305,29500,1.0494648498296737
591,816687236,508195.0,-5081.950000000001,0.7492835192273816,29550,1.0237855476140976
592,173957297,532757.5,-5327.574999999999,0.7489189686130163,29600,1.1372682988643645
593,677418670,596555.0,-5965.55,0.748554600228397,29650,1.1524880123138428
594,605021642,510975.0,-5109.749999999998,0.7481904139824315,29700,1.0462429481744766
595,313978093,407787.5,-4077.874999999999,0.7478264097840733,29750,1.099594160914421
596,812525437,411450.0,-4114.500000000001,0.7474625875423213,29800,1.110224666595459
597,860199045,494825.0,-4948.250000000002,0.74709894716622,29850,1.1521164000034332
598,918139322,320430.0,-3204.3,0.7467354885648594,29900,1.1274527710676194
599,801676823,665472.5,-6654.724999999999,0.7463722116473746,29950,1.0849045938253403
600,99956246,593017.5,-5930.174999999998,0.7460091163229464,30000,1.051720439195633
601,261767739,643647.5,-6436.4749999999985,0.7456462025008012,30050,1.1704498064517974
602,609798858,490962.5,-4909.625,0.7452834700902103,30100,1.1835061872005463
603,741487754,409427.5,-4094.275000000002,0.7449209190004908,30150,1.1187158089876175
604,919342023,555080.0,-5550.8,0.7445585491410048,30200,1.0384497499465943
605,160302643,438235.0,-4382.349999999999,0.7441963604211599,30250,1.072957332134247
606,770033668,438730.0,-4387.3,0.7438343527504088,30300,1.0909834384918213
607,913711602,440605.0,-4406.05,0.7434725260382498,30350,1.11974494099617
608,342221451,438347.5,-4383.474999999999,0.7431108801942259,30400,0.9821816670894623
609,869059985,544482.5,-5444.825000000001,0.7427494151279259,30450,1.0400905442237853
610,494569865,664662.5,-6646.625,0.7423881307489834,30500,1.0902547669410705
611,83545154,382027.5,-3820.2750000000005,0.7420270269670773,30550,1.177209416627884
612,292187582,403010.0,-4030.1,0.7416661036919319,30600,1.129720126390457
613,550632911,453675.0,-4536.750000000001,0.7413053608333161,30650,1.124810681939125
614,68224563,404065.0,-4040.6499999999996,0.7409447983010441,30700,1.0846846461296082
615,827907949,470892.5,-4708.925000000001,0.7405844160049756,30750,1.1146354478597642
616,726526552,549752.5,-5497.524999999999,0.7402242138550148,30800,1.1654938971996307
617,76799755,394265.0,-3942.6500000000015,0.7398641917611112,30850,1.1588805705308913
618,349438001,544562.5,-5445.624999999999,0.7395043496332593,30900,1.1057369768619538
619,790279625,695317.5,-6953.174999999997,0.7391446873814986,30950,1.139766651391983
620,453289985,597392.5,-5973.925000000002,0.7387852049159136,31000,1.0771670484542846
621,109312304,581662.5,-5816.625000000002,0.7384259021466333,31050,1.0222689932584763
622,591740842,485372.5,-4853.7249999999985,0.7380667789838324,31100,1.0941250771284103
623,899525273,597147.5,-5971.474999999999,0.7377078353377301,31150,1.118855435848236
624,380391758,797350.0,-7973.5,0.7373490711185903,31200,1.158476084470749
625,304301955,498162.5,-4981.625000000002,0.7369904862367219,31250,1.1549790751934053
626,473984558,542095.0,-5420.950000000001,0.736632080602479,31300,1.1010699701309203
627,894323342,580575.0,-5805.749999999997,0.7362738541262598,31350,1.2427545768022537
628,144001365,707167.5,-7071.675000000002,0.7359158067185079,31400,1.1428457081317902
629,153106806,573147.5,-5731.474999999999,0.7355579382897114,31450,1.0731460928916932
630,142856219,550600.0,-5506.000000000001,0.7352002487504032,31500,1.1950032490491866
631,355816730,561040.0,-5610.4000000000015,0.7348427380111611,31550,1.1552519857883454
632,751096788,438872.5,-4388.725,0.734485405982607,31600,1.1112926888465882
633,333291216,390335.0,-3903.3500000000013,0.7341282525754081,31650,1.1252719449996949
634,180197296,553892.5,-5538.924999999999,0.7337712777002762,31700,1.190276061296463
635,807531555,721885.0,-7218.8499999999985,0.7334144812679675,31750,1.0851275837421417
636,559999199,811660.0,-8116.5999999999985,0.7330578631892827,31800,1.1415220761299134
637,109772210,462910.0,-4629.1,0.7327014233750675,31850,1.2433021342754365
638,116163449,508332.5,-5083.325000000001,0.7323451617362118,31900,1.1738316082954408
639,357865286,721927.5,-7219.275000000001,0.7319890781836502,31950,1.1898644804954528
640,522701349,406002.5,-4060.025,0.7316331726283618,32000,1.1645177829265594
641,277208553,608105.0,-6081.05,0.7312774449813704,32050,1.1518361473083496
642,899339174,685430.0,-6854.300000000002,0.730921895153744,32100,1.071228089928627
643,402952154,715617.5,-7156.175000000001,0.730566523056595,32150,1.103123078942299
644,933630019,343360.0,-3433.6000000000004,0.7302113286010803,32200,1.0750110960006714
645,245021392,624910.0,-6249.100000000001,0.7298563116984017,32250,1.119267419576645
646,651998519,495560.0,-4955.599999999999,0.7295014722598047,32300,1.1640977990627288
647,344562139,424642.5,-4246.425,0.7291468101965793,32350,1.17248828291893
648,313634530,402680.0,-4026.7999999999993,0.7287923254200602,32400,1.2164991903305054
649,515042726,523947.5,-5239.475,0.7284380178416263,32450,1.2453620326519013
650,745376857,484875.0,-4848.749999999999,0.7280838873727005,32500,1.1276272696256637
651,317914484,417467.5,-4174.675,0.72772993392475,32550,1.255292890071869
652,355164639,536517.5,-5365.174999999999,0.727376157409287,32600,1.1680940580368042
653,434152925,584540.0,-5845.399999999998,0.7270225577378667,32650,1.1310955131053924
654,594338607,351410.0,-3514.1000000000004,0.7266691348220897,32700,1.0570220041275025
655,891084651,828417.5,-8284.175,0.7263158885736001,32750,1.218067228794098
656,95199312,438627.5,-4386.275000000001,0.7259628189040863,32800,1.2664008510112763
657,936963007,496595.0,-4965.95,0.7256099257252809,32850,1.1338014435768127
658,848895602,535260.0,-5352.6,0.7252572089489606,32900,1.196764348745346
659,146326363,377747.5,-3777.4750000000004,0.7249046684869462,32950,1.154724981188774
660,172277037,535030.0,-5350.300000000001,0.7245523042511026,33000,1.1554936105012894
661,191639671,557400.0,-5573.999999999998,0.7242001161533388,33050,1.1770526957511902
662,645691869,709277.5,-7092.775,0.7238481041056076,33100,1.290071937441826
663,879519466,865397.5,-8653.974999999999,0.7234962680199062,33150,1.178351314663887
664,911335821,379892.5,-3798.925,0.7231446078082754,33200,1.1842364120483397
665,729284164,568577.5,-5685.775,0.7227931233828002,33250,1.2409598737955094
666,835306534,385555.0,-3855.549999999999,0.7224418146556096,33300,1.1325074607133865
667,845518086,761552.5,-7615.524999999999,0.7220906815388762,33350,1.2391537255048752
668,658654573,635230.0,-6352.299999999999,0.7217397239448169,33400,1.2047740614414215
669,21304573,712852.5,-7128.525000000002,0.7213889417856922,33450,1.1989743411540985
670,468512652,497975.0,-4979.750000000002,0.7210383349738068,33500,1.1739347594976426
671,444481640,824730.0,-8247.300000000001,0.7206879034215085,33550,1.1205370622873305
672,745861979,409135.0,-4091.349999999999,0.7203376470411899,33600,1.13597729742527
673,537741879,502635.0,-5026.349999999999,0.7199875657452866,33650,1.1565649914741516
674,15671785,564142.5,-5641.425,0.7196376594462784,33700,1.1107695531845092
675,392046156,633832.5,-6338.324999999999,0.7192879280566887,33750,1.1788786578178405
676,246815390,552320.0,-5523.2,0.7189383714890847,33800,1.2428942143917083
677,6015456,567192.5,-5671.925000000001,0.7185889896560772,33850,1.2677012091875077
678,143292984,532070.0,-5320.700000000001,0.7182397824703207,33900,1.2044423985481263
679,29387905,558505.0,-5585.05,0.7178907498445135,33950,1.2131717717647552
680,647593556,838205.0,-8382.05,0.7175418916913975,34000,1.2014669317007065
681,97299631,482475.0,-4824.75,0.7171932079237578,34050,1.174520137310028
682,192130567,550670.0,-5506.700000000001,0.716844698454424,34100,1.228814060688019
683,904429253,622032.5,-6220.325000000001,0.7164963631962683,34150,1.2634557688236236
684,347821534,413105.0,-4131.050000000001,0.7161482020622071,34200,1.2378250551223755
685,177281374,461347.5,-4613.475,0.7158002149651999,34250,1.2849651598930358
686,722344338,555772.5,-5557.724999999999,0.7154524018182501,34300,1.232261916399002
687,759733618,676392.5,-6763.924999999999,0.7151047625344045,34350,1.1041991430521012
688,743985393,604987.5,-6049.875,0.7147572970267531,34400,1.106920616030693
689,126664155,678812.5,-6788.125,0.7144100052084295,34450,1.159962546825409
690,523579375,380325.0,-3803.2500000000005,0.7140628869926108,34500,1.1147387778759004
691,543041921,639095.0,-6390.95,0.7137159422925177,34550,1.1648723196983337
692,468924628,728270.0,-7282.699999999999,0.7133691710214135,34600,1.2494087529182434
693,591210723,818927.5,-8189.274999999998,0.7130225730926059,34650,1.2739030778408051
694,420053068,412845.0,-4128.450000000002,0.7126761484194449,34700,1.1871473264694214
695,935983592,509897.5,-5098.975,0.7123298969153248,34750,1.1294481241703034
696,222274368,339307.5,-3393.0750000000007,0.7119838184936825,34800,1.1568502295017242
697,479246854,712665.0,-7126.649999999999,0.7116379130679985,34850,1.2722426998615264
698,106855888,501950.0,-5019.499999999999,0.7112921805517963,34900,1.1924307823181153
699,200060099,515270.0,-5152.7,0.7109466208586428,34950,1.2270746207237244
700,17749514,610232.5,-6102.325000000001,0.7106012339021482,35000,1.2297555327415466
701,180060201,420945.0,-4209.450000000001,0.7102560195959656,35050,1.2621420991420746
702,876181159,571227.5,-5712.275,0.7099109778537915,35100,1.1813495618104934
703,309120768,572165.0,-5721.6500000000015,0.7095661085893656,35150,1.1558787775039674
704,259108400,496267.5,-4962.675,0.7092214117164702,35200,1.2402453631162644
705,474302541,504772.5,-5047.725000000002,0.7088768871489315,35250,1.2219382703304291
706,179701139,593262.5,-5932.625000000002,0.7085325348006182,35300,1.2608164405822755
707,38853924,619985.0,-6199.849999999999,0.7081883545854422,35350,1.2362869209051133
708,494533878,622125.0,-6221.250000000002,0.7078443464173582,35400,1.2260831290483474
709,458646459,787115.0,-7871.15,0.7075005102103645,35450,1.2254760551452637
710,690075736,397152.5,-3971.5250000000005,0.707156845878502,35500,1.2340709364414215
711,761123653,443007.5,-4430.075,0.7068133533358546,35550,1.1758807444572448
712,162174789,575570.0,-5755.700000000002,0.7064700324965489,35600,1.2335751271247863
713,100222855,747100.0,-7470.999999999999,0.706126883274755,35650,1.1659607005119323
714,511729807,398170.0,-3981.6999999999994,0.7057839055846855,35700,1.2706972539424897
715,807905502,488535.0,-4885.349999999999,0.7054410993405961,35750,1.291908758878708
716,322559083,628207.5,-6282.074999999999,0.7050984644567849,35800,1.216075565814972
717,680642217,236215.0,-2362.15,0.7047560008475935,35850,1.174872361421585
718,630654943,492237.5,-4922.375000000001,0.7044137084274059,35900,1.1901336109638214
719,433619987,541312.5,-5413.125000000001,0.7040715871106489,35950,1.2122888976335526
720,155446094,625857.5,-6258.575000000001,0.7037296368117921,36000,1.1769587022066117
721,59105898,302935.0,-3029.3500000000004,0.7033878574453484,36050,1.2299618005752564
722,8212353,434845.0,-4348.45,0.7030462489258723,36100,1.1287566608190536
723,984815995,520125.0,-5201.250000000001,0.7027048111679621,36150,1.1646594017744065
724,784022546,620720.0,-6207.199999999999,0.7023635440862585,36200,1.2443410283327103
725,409262039,820347.5,-8203.475,0.7020224475954441,36250,1.2466859102249146
726,618250139,428470.0,-4284.7,0.7016815216102453,36300,1.3040232372283935
727,83035715,534792.5,-5347.925000000001,0.7013407660454305,36350,1.2520575487613679
728,46134604,629212.5,-6292.124999999999,0.7010001808158107,36400,1.2364391958713532
729,836604073,428932.5,-4289.325000000001,0.7006597658362397,36450,1.2717791664600373
730,866315440,383735.0,-3837.3500000000004,0.7003195210216135,36500,1.2628341442346573
731,28839324,365460.0,-3654.6000000000004,0.6999794462868714,36550,1.2051895618438722
732,262566769,600102.5,-6001.025,0.6996395415469943,36600,1.1812416815757751
733,625110945,519392.5,-5193.925,0.6992998067170061,36650,1.1456758415699004
734,73992617,452167.5,-4521.675,0.6989602417119731,36700,1.2571487438678741
735,998814685,382957.5,-3829.575,0.6986208464470042,36750,1.3315281081199646
736,792894228,438260.0,-4382.6,0.6982816208372502,36800,1.2670403379201889
737,367009798,489625.0,-4896.25,0.6979425647979052,36850,1.2510942894220352
738,664239343,436967.5,-4369.675000000001,0.6976036782442048,36900,1.24771754860878
739,943725885,449947.5,-4499.475,0.6972649610914273,36950,1.3830497252941132
740,731221218,365015.0,-3650.1499999999996,0.6969264132548939,37000,1.270260248184204
741,512698008,412585.0,-4125.85,0.6965880346499672,37050,1.3011989110708237
742,930618177,333957.5,-3339.5750000000003,0.6962498251920528,37100,1.2570820665359497
743,309397986,583807.5,-5838.075,0.6959117847965981,37150,1.1482747304439545
744,429104142,479715.0,-4797.15,0.6955739133790931,37200,1.1839285969734192
745,529548367,407662.5,-4076.6250000000005,0.6952362108550701,37250,1.20292835354805
746,64209364,421642.5,-4216.424999999999,0.6948986771401032,37300,1.2341755086183548
747,310783987,265227.5,-2652.274999999999,0.6945613121498092,37350,1.1583196038007737
748,248846531,454030.0,-4540.299999999999,0.6942241157998468,37400,1.1599291825294495
749,250411166,514690.0,-5146.9,0.6938870880059167,37450,1.3063629424571992
750,413049983,399012.5,-3990.125,0.6935502286837623,37500,1.2614768522977828
751,208481698,392485.0,-3924.85,0.6932135377491684,37550,1.304061119556427
752,714857808,558582.5,-5585.825,0.6928770151179624,37600,1.211551947593689
753,376570235,524335.0,-5243.3499999999985,0.6925406607060138,37650,1.2015122652053833
754,356913044,465052.5,-4650.524999999998,0.6922044744292339,37700,1.2107581001520158
755,11870388,601455.0,-6014.550000000002,0.6918684562035762,37750,1.3809239554405213
756,122083136,597275.0,-5972.749999999999,0.6915326059450357,37800,1.2638481867313385
757,677345007,420842.5,-4208.425000000001,0.6911969235696505,37850,1.247800211906433
758,405598627,281225.0,-2812.2500000000005,0.6908614089934996,37900,1.3552765107154847
759,537417765,422567.5,-4225.674999999999,0.6905260621327044,37950,1.206356492638588
760,891357785,602090.0,-6020.9,0.6901908829034283,38000,1.1165590536594392
761,853958729,596252.5,-5962.524999999999,0.6898558712218764,38050,1.1746545672416686
762,43148951,478795.0,-4787.95,0.6895210270042959,38100,1.3370164048671722
763,485843999,528962.5,-5289.625000000002,0.6891863501669755,38150,1.2680380845069885
764,292663222,653835.0,-6538.349999999998,0.6888518406262462,38200,1.1839042222499847
765,743097292,407585.0,-4075.8499999999995,0.6885174982984804,38250,1.285443822145462
766,912591809,361845.0,-3618.449999999998,0.6881833231000928,38300,1.2638104009628295
767,800814546,428870.0,-4288.7,0.6878493149475393,38350,1.2760351413488389
768,428054522,531960.0,-5319.6,0.687515473757318,38400,1.220041855573654
769,844939671,490207.5,-4902.075,0.6871817994459688,38450,1.2820790445804595
770,726150925,599667.5,-5996.675000000003,0.6868482919300729,38500,1.2600586521625519
771,607903262,399367.5,-3993.6750000000006,0.6865149511262534,38550,1.1725431340932846
772,893688089,445505.0,-4455.050000000001,0.6861817769511752,38600,1.2073311352729796
773,85221368,424397.5,-4243.974999999999,0.6858487693215446,38650,1.226075407266617
774,235189453,459137.5,-4591.374999999998,0.6855159281541099,38700,1.1306794148683548
775,830232820,360300.0,-3602.9999999999995,0.6851832533656608,38750,1.3011117845773696
776,983860264,467107.5,-4671.074999999999,0.6848507448730283,38800,1.2370071458816527
777,286734470,476130.0,-4761.3,0.6845184025930855,38850,1.252178941965103
778,182468995,344910.0,-3449.0999999999995,0.684186226442747,38900,1.2905398082733155
779,273478295,578607.5,-5786.075000000001,0.6838542163389684,38950,1.267513233423233
780,481710701,381795.0,-3817.9499999999994,0.6835223721987475,39000,1.2331746351718902
781,996471416,558157.5,-5581.575000000001,0.6831906939391229,39050,1.3039776349067689
782,736112237,892545.0,-8925.45,0.6828591814771753,39100,1.178146082162857
783,326313356,533455.0,-5334.549999999998,0.6825278347300265,39150,1.358733320236206
784,520063182,458155.0,-4581.55,0.6821966536148399,39200,1.3550963842868804
785,305495703,583150.0,-5831.500000000001,0.6818656380488202,39250,1.3164437747001647
786,43202633,513925.0,-5139.250000000001,0.6815347879492134,39300,1.2082461285591126
787,975929986,487522.5,-4875.225,0.681204103233307,39350,1.3376009726524354
788,919192218,557212.5,-5572.125000000001,0.6808735838184299,39400,1.335440724492073
789,231413651,509652.5,-5096.525000000001,0.6805432296219522,39450,1.3048753476142883
790,545365623,510855.0,-5108.550000000001,0.6802130405612854,39500,1.2739227545261382
791,651044769,504080.0,-5040.8,0.6798830165538821,39550,1.2747440665960312
792,890399627,712202.5,-7122.025000000001,0.6795531575172363,39600,1.213876017332077
793,720275371,404232.5,-4042.325,0.6792234633688834,39650,1.3413257330656052
794,130941580,659042.5,-6590.424999999998,0.6788939340263997,39700,1.3446546244621276
795,519832691,876640.0,-8766.4,0.6785645694074032,39750,1.2780712735652924
796,796240829,414465.0,-4144.650000000001,0.6782353694295523,39800,1.2745180374383926
797,216351727,466862.5,-4668.625,0.6779063340105471,39850,1.1629615426063538
798,44649941,553112.5,-5531.125,0.6775774630681288,39900,1.187910652756691
799,606520467,370075.0,-3700.75,0.6772487565200799,39950,1.2754722732305526
800,11724387,476475.0,-4764.75,0.6769202142842234,40000,1.1688328635692598
801,40698698,387827.5,-3878.275,0.676591836278424,40050,1.2152926015853882
802,377856048,536520.0,-5365.199999999998,0.676263622420587,40100,1.3892556321620941
803,174931343,589925.0,-5899.250000000001,0.6759355726286591,40150,1.2588649308681488
804,393910657,572655.0,-5726.549999999999,0.6756076868206277,40200,1.359011470079422
805,219766377,387402.5,-3874.0249999999996,0.6752799649145215,40250,1.2775435483455657
806,62300959,490525.0,-4905.250000000001,0.6749524068284098,40300,1.240629865527153
807,266179088,547265.0,-5472.649999999997,0.6746250124804034,40350,1.3128881388902665
808,345769918,271732.5,-2717.3250000000007,0.6742977817886534,40400,1.3227066791057587
809,238929600,453262.5,-4532.625000000001,0.6739707146713524,40450,1.288228155374527
810,557430584,542230.0,-5422.300000000002,0.6736438110467333,40500,1.2606531977653503
811,54668838,501822.5,-5018.2249999999985,0.6733170708330704,40550,1.2622887033224106
812,741326297,550547.5,-5505.474999999999,0.6729904939486787,40600,1.270602390766144
813,264320510,443445.0,-4434.450000000001,0.6726640803119138,40650,1.4410943984985352
814,663297390,488825.0,-4888.249999999998,0.6723378298411724,40700,1.2855516296625138
815,246022902,627147.5,-6271.475000000002,0.6720117424548919,40750,1.2004837280511855
816,634567370,356542.5,-3565.425,0.6716858180715504,40800,1.231492176055908
817,374165799,427982.5,-4279.825,0.6713600566096668,40850,1.151158801317215
818,848175289,644642.5,-6446.424999999999,0.6710344579878007,40900,1.32129900932312
819,828685473,386370.0,-3863.7000000000003,0.6707090221245525,40950,1.2338661813735963
820,857234834,583867.5,-5838.674999999998,0.6703837489385632,41000,1.3242162132263184
821,161523811,586767.5,-5867.675000000001,0.6700586383485146,41050,1.2426526999473573
822,278237028,415817.5,-4158.174999999999,0.669733690273129,41100,1.2505541932582855
823,424982856,249550.0,-2495.5000000000005,0.6694089046311693,41150,1.232204155921936
824,289320979,573620.0,-5736.2,0.669084281341439,41200,1.2780486047267914
825,711335461,495912.5,-4959.125,0.6687598203227827,41250,1.2675779950618744
826,692796644,449025.0,-4490.25,0.6684355214940847,41300,1.2595234763622285
827,133826060,379215.0,-3792.1500000000005,0.6681113847742705,41350,1.3034085464477538
828,262611488,489767.5,-4897.675,0.6677874100823058,41400,1.2939589709043502
829,313147149,430000.0,-4300.000000000001,0.667463597337197,41450,1.322596599459648
830,838538603,282167.5,-2821.6749999999997,0.6671399464579909,41500,1.26129331946373
831,708152385,382507.5,-3825.0750000000007,0.6668164573637748,41550,1.3037408351898194
832,723193056,415477.5,-4154.775000000001,0.6664931299736764,41600,1.3378099632263183
833,794622834,322987.5,-3229.8749999999995,0.6661699642068639,41650,1.2901531535387039
834,387702760,472790.0,-4727.900000000001,0.6658469599825458,41700,1.336692214012146
835,423951403,445665.0,-4456.65,0.6655241172199711,41750,1.2638047862052917
836,46042409,409085.0,-4090.8499999999995,0.6652014358384291,41800,1.2073195445537568
837,776524057,424157.5,-4241.574999999999,0.6648789157572493,41850,1.3263062065839768
838,61297108,393395.0,-3933.9499999999994,0.6645565568958018,41900,1.4015320885181426
839,648182838,479695.0,-4796.949999999998,0.6642343591734969,41950,1.3447929406166077
840,293055034,528447.5,-5284.474999999999,0.6639123225097853,42000,1.3401761293411254
841,628854983,446390.0,-4463.9,0.6635904468241576,42050,1.2996500450372697
842,719960877,585437.5,-5854.375,0.6632687320361448,42100,1.2327529549598695
843,305357433,409310.0,-4093.1000000000004,0.6629471780653184,42150,1.266435055732727
844,405686302,600732.5,-6007.324999999998,0.66262578483129,42200,1.3968516790866852
845,343267603,390405.0,-3904.050000000001,0.6623045522537111,42250,1.240894998908043
846,888810991,454702.5,-4547.025,0.6619834802522736,42300,1.3394364178180695
847,457697363,386987.5,-3869.875,0.6616625687467095,42350,1.2518823093175888
848,251750507,448655.0,-4486.549999999999,0.661341817656791,42400,1.3357292294502259
849,393308930,666467.5,-6664.675,0.6610212269023302,42450,1.2210797917842866
850,924511694,510655.0,-5106.55,0.6607007964031795,42500,1.2274954813718795
851,831787105,537005.0,-5370.050000000001,0.6603805260792311,42550,1.2359335255622863
852,241097767,577102.5,-5771.025,0.6600604158504177,42600,1.2714600205421447
853,328666948,572432.5,-5724.325000000001,0.6597404656367115,42650,1.194324557185173
854,394610243,436582.5,-4365.824999999999,0.6594206753581252,42700,1.1611824667453765
855,540812403,548790.0,-5487.899999999999,0.6591010449347109,42750,1.225554479956627
856,679218616,440945.0,-4409.45,0.6587815742865613,42800,1.347896521091461
857,814228384,348780.0,-3487.8,0.6584622633338084,42850,1.2483273476362229
858,487162415,341187.5,-3411.874999999999,0.6581431119966248,42900,1.315557656288147
859,827187943,493047.5,-4930.474999999999,0.6578241201952225,42950,1.3225801181793213
860,855919307,326300.0,-3263.0,0.6575052878498535,43000,1.3038217759132384
861,537638890,464110.0,-4641.1,0.6571866148808099,43050,1.2179276436567306
862,946693795,656810.0,-6568.100000000002,0.6568681012084233,43100,1.2979507458209991
863,127551981,499440.0,-4994.399999999999,0.6565497467530653,43150,1.2297922092676163
864,13342583,435470.0,-4354.7,0.6562315514351473,43200,1.3636649000644683
865,906238307,368877.5,-3688.775,0.6559135151751205,43250,1.2761632120609283
866,113021955,515692.5,-5156.924999999999,0.6555956378934759,43300,1.2130658495426179
867,840383409,311612.5,-3116.125,0.6552779195107439,43350,1.2189323973655701
868,978123106,598672.5,-5986.7249999999985,0.6549603599474951,43400,1.2410061323642732
869,134334956,373867.5,-3738.6749999999993,0.6546429591243397,43450,1.302266116142273
870,55998387,438930.0,-4389.3,0.6543257169619273,43500,1.257253725528717
871,775749956,461197.5,-4611.974999999999,0.6540086333809475,43550,1.2063350647687912
872,370272816,294895.0,-2948.9499999999994,0.6536917083021294,43600,1.1910968589782716
873,360489623,586785.0,-5867.849999999999,0.6533749416462417,43650,1.2430147457122802
874,874984537,367610.0,-3676.099999999999,0.6530583333340925,43700,1.3938148820400238
875,196561169,440857.5,-4408.575000000001,0.6527418832865302,43750,1.1962221783399583
876,58399021,510177.5,-5101.775,0.6524255914244418,43800,1.2800682336091995
877,372499937,596462.5,-5964.624999999999,0.6521094576687545,43850,1.2686240941286087
878,424095101,439802.5,-4398.025,0.6517934819404352,43900,1.2436595982313157
879,79056086,408182.5,-4081.824999999998,0.6514776641604894,43950,1.3202082109451294
880,410505425,589290.0,-5892.9,0.6511620042499631,44000,1.244586684703827
881,872707736,382275.0,-3822.7500000000014,0.650846502129941,44050,1.1499151539802552
882,606656053,464767.5,-4647.674999999999,0.6505311577215479,44100,1.1639540684223175
883,872190964,422285.0,-4222.85,0.6502159709459474,44150,1.2407880729436875
884,972935307,371652.5,-3716.5249999999996,0.6499009417243429,44200,1.2657740956544876
885,426207402,238832.5,-2388.3250000000003,0.6495860699779772,44250,1.1998885029554367
886,992434024,297065.0,-2970.65,0.6492713556281322,44300,1.3098817431926728
887,262082471,390187.5,-3901.874999999999,0.6489567985961294,44350,1.2360247319936752
888,80443809,435810.0,-4358.1,0.6486423988033295,44400,1.2334940218925476
889,413129306,435075.0,-4350.75,0.6483281561711326,44450,1.214809192419052
890,33144812,542402.5,-5424.024999999999,0.648014070620978,44500,1.2341685038805008
891,595290366,226002.5,-2260.025000000001,0.6477001420743443,44550,1.2628060758113862
892,186301074,394925.0,-3949.249999999998,0.6473863704527495,44600,1.3511295771598817
893,878280717,598937.5,-5989.375000000001,0.6470727556777505,44650,1.215930328965187
894,707032356,560097.5,-5600.974999999999,0.6467592976709438,44700,1.322919579744339
895,290531102,390150.0,-3901.4999999999995,0.6464459963539646,44750,1.2705995535850525
896,647532833,514305.0,-5143.049999999999,0.6461328516484878,44800,1.2531776559352874
897,487199447,510210.0,-5102.099999999999,0.6458198634762272,44850,1.237596446275711
898,535599226,608390.0,-6083.9000000000015,0.6455070317589358,44900,1.3281703805923462
899,73843119,667397.5,-6673.975000000001,0.6451943564184055,44950,1.3798885834217072
900,593399758,323955.0,-3239.550000000001,0.6448818373764676,45000,1.259765580892563
901,685886527,400195.0,-4001.9499999999994,0.6445694745549924,45050,1.143307204246521
902,819421006,566690.0,-5666.9000000000015,0.6442572678758889,45100,1.2442584180831908
903,810657323,376022.5,-3760.224999999999,0.6439452172611057,45150,1.2347457373142243
904,431170955,353580.0,-3535.8000000000006,0.6436333226326301,45200,1.2614855659008026
905,867504009,345382.5,-3453.8250000000007,0.6433215839124883,45250,1.2408065843582152
906,864294104,436537.5,-4365.375,0.6430100010227457,45300,1.3265802454948425
907,329787574,540732.5,-5407.324999999998,0.6426985738855068,45350,1.192115260362625
908,874031896,357615.0,-3576.15,0.6423873024229145,45400,1.2717743068933487
909,83884445,316725.0,-3167.250000000001,0.6420761865571512,45450,1.3391032582521438
910,122790398,371770.0,-3717.7000000000007,0.6417652262104375,45500,1.2607791650295257
911,593869240,429505.0,-4295.05,0.6414544213050337,45550,1.191998047232628
912,233455451,601065.0,-6010.650000000001,0.6411437717632386,45600,1.0629073280096053
913,554940474,446557.5,-4465.575000000001,0.6408332775073895,45650,1.1823423540592193
914,20985022,468037.5,-4680.375,0.6405229384598632,45700,1.1354246976971627
915,263596537,676857.5,-6768.575000000002,0.6402127545430746,45750,1.206787059903145
916,670726898,526590.0,-5265.900000000001,0.6399027256794779,45800,1.1446901673078538
917,944403839,440432.5,-4404.325,0.6395928517915658,45850,1.2049486714601516
918,171802699,583032.5,-5830.325000000002,0.6392831328018699,45900,1.1801538181304931
919,498968528,285270.0,-2852.7000000000007,0.6389735686329605,45950,1.224915629029274
920,342551744,506287.5,-5062.874999999998,0.6386641592074463,46000,1.3004228526353836
921,545684798,398600.0,-3986.000000000001,0.6383549044479754,46050,1.350644302368164
922,363266120,422042.5,-4220.425,0.6380458042772337,46100,1.1931170201301575
923,473449679,483697.5,-4836.975,0.6377368586179463,46150,1.2260807996988297
924,320822894,413385.0,-4133.849999999999,0.6374280673928767,46200,1.2797676450014115
925,686897291,419210.0,-4192.099999999999,0.6371194305248272,46250,1.3025083494186402
926,123376262,521560.0,-5215.600000000001,0.6368109479366385,46300,1.2410367232561113
927,128826570,469212.5,-4692.125,0.6365026195511901,46350,1.2351251071691514
928,936244425,423077.5,-4230.775,0.6361944452913998,46400,1.1822239488363266
929,942691050,463532.5,-4635.325,0.635886425080224,46450,1.194093810915947
930,72550388,444905.0,-4449.05,0.6355785588406576,46500,1.2421168982982635
931,725268623,412137.5,-4121.375000000001,0.6352708464957342,46550,1.232618073821068
932,635356244,238292.5,-2382.9249999999993,0.6349632879685256,46600,1.2120675033330917
933,265114326,348217.5,-3482.175,0.634655883182142,46650,1.245256974697113
934,127040397,392805.0,-3928.049999999999,0.6343486320597327,46700,1.1802928417921066
935,650091865,366542.5,-3665.4250000000006,0.6340415345244846,46750,1.1422539710998536
936,485719786,315570.0,-3155.7,0.6337345904996232,46800,1.2232753866910935
937,282907903,449185.0,-4491.850000000001,0.6334277999084126,46850,1.2214705616235733
938,519043366,542485.0,-5424.85,0.6331211626741553,46900,1.1423696899414062
939,647403852,403090.0,-4030.9000000000005,0.6328146787201918,46950,1.2299714851379395
940,942311883,441440.0,-4414.4000000000015,0.6325083479699012,47000,1.1096193099021912
941,674663232,464920.0,-4649.200000000001,0.6322021703467007,47050,1.1777186024188995
942,392073857,538405.0,-5384.05,0.631896145774046,47100,1.3137176465988158
943,775104535,411047.5,-4110.475,0.631590274175431,47150,1.274821892976761
944,606017798,344915.0,-3449.15,0.6312845554743877,47200,1.2559846818447113
945,845769938,377180.0,-3771.7999999999993,0.6309789895944864,47250,1.2964151561260224
946,937762644,385497.5,-3854.975,0.6306735764593357,47300,1.2305417323112489
947,362307592,415907.5,-4159.075000000001,0.6303683159925824,47350,1.3068499922752381
948,422203654,407985.0,-4079.849999999999,0.6300632081179112,47400,1.2456963628530502
949,650236265,408630.0,-4086.3000000000006,0.6297582527590451,47450,1.1949848851561546
950,694746186,343315.0,-3433.15,0.6294534498397455,47500,1.2843427151441573
951,417155740,571910.0,-5719.099999999999,0.6291487992838115,47550,1.3172053557634353
952,922163074,485770.0,-4857.7,0.6288443010150805,47600,1.2525372087955475
953,3428210,419665.0,-4196.6500000000015,0.6285399549574279,47650,1.2086544775962829
954,354959931,323835.0,-3238.3500000000004,0.6282357610347672,47700,1.2502575761079788
955,684429843,370182.5,-3701.825,0.62793171917105,47750,1.152987937927246
956,452593030,376065.0,-3760.6499999999996,0.6276278292902656,47800,1.227590310573578
957,673284622,667820.0,-6678.199999999999,0.627324091316442,47850,1.1628234761953353
958,727214882,525190.0,-5251.899999999999,0.627020505173644,47900,1.166709552705288
959,13710561,335522.5,-3355.225000000001,0.6267170707859757,47950,1.3069797229766846
960,966853478,375515.0,-3755.150000000001,0.6264137880775782,48000,1.2144142574071883
961,214260396,459927.5,-4599.275000000001,0.6261106569726309,48050,1.2078789234161378
962,833267920,385207.5,-3852.075000000001,0.6258076773953509,48100,1.1961689794063568
963,699250701,524907.5,-5249.075000000001,0.6255048492699936,48150,1.1935984820127488
964,72966311,426262.5,-4262.624999999999,0.6252021725208516,48200,1.2483289241790771
965,393103464,478290.0,-4782.899999999999,0.624899647072256,48250,1.1901559913158417
966,148658540,539565.0,-5395.649999999999,0.6245972728485752,48300,1.2620393580198288
967,849529874,425787.5,-4257.874999999999,0.6242950497742158,48350,1.3125002682209015
968,393905712,336430.0,-3364.3000000000006,0.6239929777736221,48400,1.25701730966568
969,905784751,400715.0,-4007.150000000001,0.6236910567712758,48450,1.2495272758603095
970,887121568,392612.5,-3926.1249999999986,0.623389286691697,48500,1.3052177727222443
971,227962528,355945.0,-3559.45,0.6230876674594429,48550,1.3117676591873169
972,937217106,328737.5,-3287.3749999999995,0.6227861989991088,48600,1.1929150432348252
973,567410011,427490.0,-4274.9,0.6224848812353277,48650,1.141994222998619
974,39649578,406782.5,-4067.8249999999994,0.62218371409277,48700,1.152448589205742
975,957313275,487482.5,-4874.824999999998,0.621882697496144,48750,1.3931735426187515
976,875772116,637022.5,-6370.224999999999,0.6215818313701954,48800,1.2454713368415833
977,270291915,368377.5,-3683.775,0.6212811156397079,48850,1.3360836189985275
978,286632029,526080.0,-5260.799999999998,0.6209805502295024,48900,1.1890935385227204
979,555185202,309010.0,-3090.1,0.6206801350644375,48950,1.3434755098819733
980,554947567,386765.0,-3867.6500000000005,0.6203798700694095,49000,1.2539525985717774
981,203768670,347002.5,-3470.025000000001,0.6200797551693523,49050,1.2763129448890687
982,169866292,413080.0,-4130.8,0.6197797902892369,49100,1.2286002433300018
983,340245333,340855.0,-3408.550000000001,0.6194799753540722,49150,1.3073633086681367
984,943219404,357632.5,-3576.325,0.6191803102889045,49200,1.2297921442985535
985,62048528,426597.5,-4265.975,0.6188807950188174,49250,1.2032815086841584
986,240730843,569160.0,-5691.6,0.6185814294689324,49300,1.1972882050275802
987,62563459,319160.0,-3191.5999999999995,0.6182822135644077,49350,1.1452194613218307
988,974294196,488377.5,-4883.775,0.6179831472304395,49400,1.2239635682106018
989,876108348,399965.0,-3999.6500000000005,0.6176842303922612,49450,1.2691481626033783
990,513742591,505962.5,-5059.625,0.6173854629751437,49500,1.2681376183032989
991,615871481,381217.5,-3812.1750000000006,0.617086844904395,49550,1.2057031667232514
992,871774062,495680.0,-4956.800000000001,0.6167883761053606,49600,1.2387315183877945
993,813478032,646962.5,-6469.625000000003,0.6164900565034235,49650,1.1821152186393737
994,234529020,353540.0,-3535.400000000001,0.6161918860240035,49700,1.134296916127205
995,695000491,431772.5,-4317.725000000001,0.6158938645925581,49750,1.1703808915615082
996,935924775,370780.0,-3707.7999999999993,0.6155959921345819,49800,1.2049251741170883
997,982686834,419605.0,-4196.05,0.6152982685756071,49850,1.2520408934354783
998,264600452,595590.0,-5955.900000000001,0.6150006938412023,49900,1.2331963515281676
999,87858140,335877.5,-3358.775,0.6147032678569742,49950,1.2367129719257355
1000,102162056,294542.5,-2945.4249999999997,0.614405990548566,50000,1.1642300486564636
1001,427585409,604365.0,-6043.65,0.6141088618416587,50050,1.1850697112083435
1002,728491938,463020.0,-4630.2,0.6138118816619698,50100,1.279206160902977
1003,728106542,479972.5,-4799.725000000001,0.6135150499352545,50150,1.1736507725715637
1004,398813961,386272.5,-3862.7250000000004,0.6132183665873048,50200,1.2036280614137649
1005,120326616,549017.5,-5490.175000000001,0.6129218315439497,50250,1.1252082031965256
1006,651270658,385147.5,-3851.4750000000004,0.6126254447310557,50300,1.172513776421547
1007,244141236,436715.0,-4367.1500000000015,0.612329206074526,50350,1.1935555773973465
1008,684947181,273455.0,-2734.55,0.6120331155003008,50400,1.2840959763526916
1009,131683943,491477.5,-4914.775,0.6117371729343577,50450,1.2257204699516295
1010,89186924,538982.5,-5389.825000000001,0.6114413783027108,50500,1.1685245358943939
1011,343605990,385175.0,-3851.75,0.6111457315314115,50550,1.1978110826015473
1012,466847271,475200.0,-4751.999999999999,0.6108502325465484,50600,1.2551095402240753
1013,134234148,466022.5,-4660.224999999999,0.6105548812742463,50650,1.233155847787857
1014,239648278,280652.5,-2806.524999999998,0.6102596776406676,50700,1.1425545325875281
1015,608020143,416072.5,-4160.7249999999985,0.6099646215720115,50750,1.2538196086883544
1016,813036813,548230.0,-5482.299999999999,0.6096697129945137,50800,1.2509642070531846
1017,994308153,472852.5,-4728.525,0.6093749518344473,50850,1.244306344985962
1018,201719860,389320.0,-3893.2000000000003,0.609080338018122,50900,1.2131026184558868
1019,638529399,402685.0,-4026.85,0.6087858714718842,50950,1.3227412521839141
1020,156500551,415410.0,-4154.100000000001,0.6084915521221174,51000,1.1529896146059035
1021,441362308,329415.0,-3294.149999999999,0.6081973798952416,51050,1.238685017824173
1022,371692142,356272.5,-3562.7249999999995,0.6079033547177138,51100,1.1508472728729249
1023,295580273,559990.0,-5599.9,0.6076094765160279,51150,1.2068352603912353
1024,103503235,432655.0,-4326.55,0.6073157452167142,51200,1.258704253435135
1025,330170946,403942.5,-4039.425,0.6070221607463397,51250,1.20540777862072
1026,832583059,359420.0,-3594.2000000000007,0.6067287230315086,51300,1.2158637654781341
1027,28090538,227845.0,-2278.45,0.6064354319988612,51350,1.1459621489048004
1028,140791920,268200.0,-2681.999999999999,0.6061422875750749,51400,1.1554677295684814
1029,956837798,641675.0,-6416.750000000002,0.6058492896868636,51450,1.2699187994003296
1030,258375099,470655.0,-4706.55,0.6055564382609776,51500,1.3330177503824234
1031,963417592,424945.0,-4249.450000000001,0.6052637332242043,51550,1.1741986095905304
1032,990343478,425797.5,-4257.974999999999,0.6049711745033675,51600,1.2609533894062042
1033,816729334,490910.0,-4909.1,0.6046787620253272,51650,1.1109777855873109
1034,620163114,394192.5,-3941.9249999999997,0.6043864957169806,51700,1.1612288212776185
1035,63332448,452915.0,-4529.150000000001,0.6040943755052607,51750,1.235399625301361
1036,455413401,519285.0,-5192.849999999999,0.6038024013171379,51800,1.229395294189453
1037,714514038,543070.0,-5430.7,0.6035105730796185,51850,1.1773183298110963
1038,175589875,263867.5,-2638.675,0.6032188907197454,51900,1.1888696777820587
1039,257642192,383642.5,-3836.4249999999993,0.6029273541645981,51950,1.2274753141403199
1040,869630492,568877.5,-5688.7750000000015,0.6026359633412922,52000,1.3021358734369277
1041,133722053,316210.0,-3162.1,0.6023447181769802,52050,1.20600701212883
1042,753307040,330805.0,-3308.0499999999997,0.6020536185988509,52100,1.181588106751442
1043,668449566,299942.5,-2999.4250000000006,0.6017626645341292,52150,1.1690239012241364
1044,261016589,312637.5,-3126.375,0.6014718559100766,52200,1.2296446776390075
1045,88275901,597997.5,-5979.975,0.6011811926539911,52250,1.2305456340312957
1046,530640305,359947.5,-3599.475,0.6008906746932068,52300,1.1546817076206208
1047,889475497,483077.5,-4830.775,0.6006003019550941,52350,1.1854722639918327
1048,394304354,554332.5,-5543.325000000001,0.60031007436706,52400,1.234540593624115
1049,289072637,285780.0,-2857.7999999999993,0.6000199918565474,52450,1.251888027191162
1050,965041620,397207.5,-3972.075,0.5997300543510359,52500,1.1928603887557983
1051,581122397,573412.5,-5734.125000000002,0.599440261778041,52550,1.1751544094085693
1052,417634491,606157.5,-6061.575000000001,0.5991506140651145,52600,1.1850233799219132
1053,456626871,487902.5,-4879.025000000001,0.5988611111398446,52650,1.2631821370124816
1054,107455654,343355.0,-3433.5499999999993,0.5985717529298554,52700,1.2516984307765961
1055,279482021,388692.5,-3886.925000000001,0.5982825393628076,52750,1.1168359011411666
1056,668411804,474775.0,-4747.75,0.5979934703663976,52800,1.2676544463634491
1057,171132513,361390.0,-3613.9000000000005,0.5977045458683581,52850,1.1456282645463944
1058,207140415,255987.5,-2559.8749999999995,0.5974157657964582,52900,1.1026569569110871
1059,914248020,270640.0,-2706.4,0.5971271300785026,52950,1.2463962322473525
1060,642670415,596700.0,-5966.999999999999,0.5968386386423328,53000,1.0695924419164657
1061,104992860,349575.0,-3495.749999999999,0.5965502914158254,53050,1.15862091422081
1062,182457444,445465.0,-4454.650000000001,0.596262088326894,53100,1.2816945362091063
1063,103919090,411845.0,-4118.45,0.5959740293034875,53150,1.227139093875885
1064,44212058,363835.0,-3638.350000000001,0.5956861142735915,53200,1.1650719207525253
1065,808529321,567077.5,-5670.775000000001,0.595398343165227,53250,1.2001080930233001
1066,345731073,409367.5,-4093.6749999999997,0.5951107159064515,53300,1.1475485026836396
1067,419888942,450245.0,-4502.45,0.5948232324253576,53350,1.260908534526825
1068,140725446,491202.5,-4912.025000000001,0.5945358926500751,53400,1.182940816283226
1069,730973418,397775.0,-3977.749999999999,0.5942486965087685,53450,1.2705753660202026
1070,128489769,331162.5,-3311.6250000000005,0.5939616439296392,53500,1.2321770292520524
1071,312829901,707045.0,-7070.450000000001,0.5936747348409238,53550,1.2444514834880829
1072,240487846,336825.0,-3368.249999999999,0.5933879691708953,53600,1.1900440925359725
1073,612115311,402570.0,-4025.7,0.5931013468478619,53650,1.2013754695653915
1074,549522436,427835.0,-4278.349999999999,0.5928148678001681,53700,1.1245322996377944
1075,930555889,335060.0,-3350.600000000001,0.5925285319561944,53750,1.1611821395158768
1076,463509597,412472.5,-4124.725,0.5922423392443567,53800,1.1791066759824753
1077,140317263,332060.0,-3320.6000000000004,0.5919562895931066,53850,1.2243396687507628
1078,405931538,341167.5,-3411.6749999999997,0.591670382930932,53900,1.309068756699562
1079,482682781,538447.5,-5384.474999999999,0.5913846191863561,53950,1.209943568110466
1080,945815589,698175.0,-6981.750000000001,0.591098998287938,54000,1.166736944913864
1081,455103570,479585.0,-4795.8499999999985,0.5908135201642724,54050,1.251028608083725
1082,387844235,586255.0,-5862.55,0.5905281847439898,54100,1.2122844564914703
1083,827332418,684737.5,-6847.375000000002,0.5902429919557562,54150,1.2255143964290618
1084,403376293,399742.5,-3997.425,0.5899579417282739,54200,1.2198713767528533
1085,754863949,338837.5,-3388.374999999999,0.5896730339902798,54250,1.2478083848953248
1086,114189844,266682.5,-2666.8250000000003,0.5893882686705472,54300,1.1778375709056854
1087,202823526,541587.5,-5415.875000000001,0.5891036456978848,54350,1.17945596575737
1088,908083004,223570.0,-2235.7000000000003,0.5888191650011367,54400,1.2352800458669662
1089,555620451,567555.0,-5675.549999999999,0.5885348265091828,54450,1.1495006430149077
1090,991402170,430407.5,-4304.075,0.5882506301509385,54500,1.2021170735359192
1091,405482398,298642.5,-2986.4249999999993,0.5879665758553547,54550,1.1025242352485656
1092,545474919,430550.0,-4305.5,0.587682663551418,54600,1.2862562012672425
1093,745835262,388197.5,-3881.975,0.5873988931681499,54650,1.2964170598983764
1094,995181887,265900.0,-2658.9999999999995,0.5871152646346082,54700,1.247961886525154
1095,596443561,529880.0,-5298.799999999999,0.5868317778798855,54750,1.2050706595182419
1096,272410433,384030.0,-3840.3000000000006,0.5865484328331103,54800,1.197626298069954
1097,878192693,736290.0,-7362.899999999999,0.5862652294234462,54850,1.2081074339151383
1098,51867971,382182.5,-3821.825,0.5859821675800924,54900,1.1915158677101134
1099,680390866,636062.5,-6360.625000000001,0.5856992472322834,54950,1.2025238460302352
1100,104100651,443102.5,-4431.025,0.5854164683092893,55000,1.254087238907814
1101,179553974,644497.5,-6444.975,0.5851338307404151,55050,1.2138160872459411
1102,125622472,458535.0,-4585.349999999999,0.5848513344550017,55100,1.2565780770778656
1103,529718585,365710.0,-3657.1000000000004,0.5845689793824247,55150,1.098432429432869
1104,860099136,224255.0,-2242.5500000000006,0.5842867654520956,55200,1.2343106824159622
1105,174473926,417995.0,-4179.95,0.5840046925934607,55250,1.2205245727300644
1106,590874717,628905.0,-6289.050000000001,0.5837227607360019,55300,1.200291202068329
1107,114185311,483867.5,-4838.675,0.5834409698092362,55350,1.2091709506511688
1108,142701535,403520.0,-4035.2000000000003,0.583159319742716,55400,1.215033277273178
1109,412382273,505905.0,-5059.049999999999,0.5828778104660285,55450,1.1857624113559724
1110,695195028,365757.5,-3657.5750000000007,0.5825964419087967,55500,1.1354593634605408
1111,520463824,390847.5,-3908.4750000000004,0.5823152140006782,55550,1.2883645164966584
1112,243842035,297610.0,-2976.0999999999995,0.5820341266713662,55600,1.2234618937969208
1113,856948651,552010.0,-5520.099999999999,0.5817531798505887,55650,1.2326269310712814
1114,786436105,348952.5,-3489.525000000001,0.5814723734681092,55700,1.2189716410636902
1115,302565500,431765.0,-4317.6500000000015,0.581191707453726,55750,1.2865001493692398
1116,311930843,587900.0,-5879.0,0.5809111817372725,55800,1.2246958070993423
1117,165787910,426212.5,-4262.125,0.5806307962486174,55850,1.2239809703826905
1118,117463693,282840.0,-2828.399999999999,0.5803505509176643,55900,1.2393266296386718
1119,744680782,624222.5,-6242.224999999999,0.5800704456743517,55950,1.1898535573482514
1120,156004984,453770.0,-4537.700000000001,0.5797904804486537,56000,1.1945480543375016
1121,838684972,439390.0,-4393.9,0.5795106551705784,56050,1.270324159860611
1122,260491413,580170.0,-5801.699999999998,0.5792309697701702,56100,1.207993859052658
1123,162505531,373075.0,-3730.7499999999995,0.5789514241775071,56150,1.2302977436780929
1124,112370916,582450.0,-5824.5,0.578672018322703,56200,1.1138716572523117
1125,839630290,718902.5,-7189.025,0.5783927521359064,56250,1.2761612170934677
1126,825164779,435292.5,-4352.925,0.5781136255473007,56300,1.1421051251888275
1127,642799937,842967.5,-8429.675000000001,0.5778346384871044,56350,1.1985850149393082
1128,661668042,724530.0,-7245.3,0.5775557908855705,56400,1.217265916466713
1129,91939614,474120.0,-4741.199999999999,0.5772770826729873,56450,1.1157471811771393
1130,490198773,327230.0,-3272.3,0.5769985137796777,56500,1.197875069975853
1131,530230885,374735.0,-3747.35,0.5767200841359993,56550,1.2294432443380356
1132,247795532,272552.5,-2725.525,0.5764417936723449,56600,1.2161804503202438
1133,780417113,282810.0,-2828.1000000000004,0.5761636423191419,56650,1.3359709137678146
1134,742286624,323057.5,-3230.5750000000007,0.5758856300068523,56700,1.3755941104888916
1135,410607754,407182.5,-4071.8249999999994,0.5756077566659731,56750,1.1452358067035675
1136,101567485,626025.0,-6260.25,0.575330022227036,56800,1.2355136787891388
1137,444315659,500827.5,-5008.275000000001,0.5750524266206073,56850,1.186179992556572
1138,622520108,422055.0,-4220.549999999999,0.5747749697772883,56900,1.2172439658641816
1139,151561244,305130.0,-3051.2999999999997,0.5744976516277144,56950,1.241117068529129
1140,639472793,335817.5,-3358.1750000000006,0.5742204721025564,57000,1.1977265858650208
1141,846634941,438325.0,-4383.250000000001,0.5739434311325193,57050,1.224688183069229
1142,680413319,415565.0,-4155.650000000001,0.573666528648343,57100,1.2258506816625596
1143,245007925,441795.0,-4417.95,0.5733897645808016,57150,1.2361002683639526
1144,331866077,487522.5,-4875.2249999999985,0.5731131388607043,57200,1.1847264683246612
1145,62829276,233562.5,-2335.625,0.5728366514188945,57250,1.1810032790899276
1146,775409525,675377.5,-6753.775,0.5725603021862505,57300,1.2324240124225616
1147,17852980,597430.0,-5974.299999999999,0.5722840910936848,57350,1.3014896327257157
1148,494638812,562635.0,-5626.349999999999,0.572008018072145,57400,1.1502720487117768
1149,65893145,324052.5,-3240.5250000000005,0.5717320830526125,57450,1.1829788595438004
1150,719489890,433657.5,-4336.575,0.5714562859661035,57500,1.2642884266376495
1151,453150172,859117.5,-8591.175,0.571180626743669,57550,1.3153229057788849
1152,292333095,449012.5,-4490.125000000001,0.570905105316394,57600,1.3260930848121644
1153,695260802,255352.5,-2553.525,0.5706297216153983,57650,1.2608794039487838
1154,149522090,557325.0,-5573.25,0.5703544755718357,57700,1.1077330380678176
1155,305011232,408265.0,-4082.649999999999,0.570079367116895,57750,1.2117705166339874
1156,748481635,1009897.5,-10098.974999999999,0.5698043961817988,57800,1.102036155462265
1157,157181173,327750.0,-3277.499999999999,0.5695295626978046,57850,1.2508812952041626
1158,332142077,369450.0,-3694.5,0.569254866596204,57900,1.1993128323554993
1159,51403958,662735.0,-6627.349999999998,0.5689803078083228,57950,1.1632723009586334
1160,510094421,343845.0,-3438.4500000000003,0.5687058862655214,58000,1.246925276517868
1161,409906375,427730.0,-4277.300000000001,0.5684316018991945,58050,1.1481853640079498
1162,839060621,803680.0,-8036.800000000002,0.5681574546407709,58100,1.3528994399309158
1163,803046917,416157.5,-4161.575000000001,0.5678834444217138,58150,1.326159098148346
1164,126910986,529055.0,-5290.549999999999,0.5676095711735207,58200,1.2466277652978897
1165,340288178,365900.0,-3659.0,0.5673358348277233,58250,1.1960118043422698
1166,503770349,927297.5,-9272.974999999999,0.5670622353158874,58300,1.2009645372629165
1167,838172013,459667.5,-4596.675,0.5667887725696131,58350,1.1691984397172928
1168,761726101,387485.0,-3874.85,0.5665154465205349,58400,1.168176268339157
1169,231146562,308995.0,-3089.949999999999,0.5662422571003212,58450,1.1767733478546143
1170,265837017,339040.0,-3390.4000000000005,0.5659692042406744,58500,1.2024081081151963
1171,18395238,411552.5,-4115.524999999999,0.5656962878733318,58550,1.1597070264816285
1172,136317035,352280.0,-3522.8000000000006,0.5654235079300638,58600,1.2194330483675002
1173,600665599,261950.0,-2619.4999999999995,0.5651508643426757,58650,1.1314241582155227
1174,901532350,358435.0,-3584.350000000001,0.5648783570430065,58700,1.194501850605011
1175,208965974,266205.0,-2662.0499999999993,0.5646059859629294,58750,1.201608568429947
1176,811045834,486565.0,-4865.649999999999,0.5643337510343516,58800,1.3108060532808303
1177,375503344,320902.5,-3209.0249999999996,0.5640616521892146,58850,1.2534075427055358
1178,988549415,317880.0,-3178.7999999999997,0.5637896893594933,58900,1.1959845685958863
1179,709049605,1047895.0,-10478.949999999999,0.5635178624771972,58950,1.3495163428783417
1180,16980886,330957.5,-3309.575,0.5632461714743694,59000,1.203491905927658
1181,494717813,351840.0,-3518.4000000000015,0.5629746162830875,59050,1.2000353050231933
1182,631978411,449887.5,-4498.875,0.5627031968354624,59100,1.2133685439825057
1183,940743645,483792.5,-4837.925000000001,0.5624319130636394,59150,1.0932954788208007
1184,571363379,388675.0,-3886.749999999999,0.5621607648997974,59200,1.1341623067855835
1185,197271776,605840.0,-6058.4,0.5618897522761496,59250,1.122875697016716
1186,554843705,575322.5,-5753.225000000001,0.5616188751249426,59300,1.1362423527240753
1187,812175444,231500.0,-2315.0,0.5613481333784572,59350,1.1898322296142578
1188,403008672,321437.5,-3214.3749999999995,0.5610775269690079,59400,1.299281136393547
1189,601664328,426925.0,-4269.25,0.5608070558289433,59450,1.1329187750816345
1190,864629889,546295.0,-5462.950000000002,0.5605367198906454,59500,1.1653102695941926
1191,906258130,637030.0,-6370.300000000001,0.5602665190865302,59550,1.1182931292057037
1192,436023900,353582.5,-3535.8250000000007,0.5599964533490477,59600,1.1918904531002044
1193,128704022,748850.0,-7488.5,0.5597265226106813,59650,1.2625561600923538
1194,264860286,493602.5,-4936.025,0.5594567268039484,59700,1.251299923658371
1195,255702863,371497.5,-3714.9750000000004,0.5591870658614,59750,1.2166955947875977
1196,230166762,336612.5,-3366.1250000000005,0.5589175397156209,59800,1.2721012538671495
1197,725127161,286690.0,-2866.9,0.5586481482992295,59850,1.2311663269996642
1198,255096634,447242.5,-4472.425000000001,0.5583788915448781,59900,1.2559886837005616
1199,223282247,894645.0,-8946.449999999997,0.5581097693852523,59950,1.1964667111635208
1200,483518093,540415.0,-5404.150000000001,0.5578407817530715,60000,1.2613964539766311
1201,11596872,901655.0,-9016.55,0.5575719285810891,60050,1.194240476489067
1202,995363149,418702.5,-4187.025,0.5573032098020916,60100,1.2063965392112732
1203,385187584,478362.5,-4783.625000000001,0.5570346253488994,60150,1.206482081413269
1204,659474931,476230.0,-4762.299999999999,0.5567661751543662,60200,1.1984721940755845
1205,293730513,338832.5,-3388.3249999999994,0.5564978591513797,60250,1.1866432067751884
1206,726101467,466317.5,-4663.174999999999,0.5562296772728608,60300,1.250840392112732
1207,76414044,381635.0,-3816.35,0.555961629451764,60350,1.220152257680893
1208,4058946,396172.5,-3961.7249999999995,0.5556937156210773,60400,1.2388219368457793
1209,484460145,669470.0,-6694.7,0.5554259357138224,60450,1.2859257280826568
1210,759979942,403567.5,-4035.6750000000006,0.555158289663054,60500,1.1710649544000626
1211,372693136,451910.0,-4519.099999999999,0.554890777401861,60550,1.1281626760959624
1212,883785421,337312.5,-3373.124999999999,0.5546233988633651,60600,1.0919502782821655
1213,642312580,259222.5,-2592.225,0.5543561539807217,60650,1.2549948066473007
1214,380670719,327717.5,-3277.175000000001,0.5540890426871196,60700,1.158589591383934
1215,174808725,456867.5,-4568.675000000002,0.5538220649157808,60750,1.1398804181814193
1216,848536794,326472.5,-3264.725,0.5535552205999611,60800,1.1765146601200103
1217,603194884,343130.0,-3431.3000000000006,0.5532885096729494,60850,1.1892291569709779
1218,54008015,299762.5,-2997.6250000000005,0.5530219320680678,60900,1.2499966526031494
1219,737632640,279905.0,-2799.0499999999993,0.5527554877186721,60950,1.1787205672264098
1220,230959198,435930.0,-4359.3,0.552489176558151,61000,1.2183313536643983
1221,518826902,501865.0,-5018.649999999999,0.5522229985199268,61050,1.191226665377617
1222,978444222,277305.0,-2773.0499999999993,0.5519569535374551,61100,1.152878512740135
1223,116621843,440125.0,-4401.249999999999,0.5516910415442245,61150,1.1805238038301469
1224,463724471,497437.5,-4974.374999999999,0.5514252624737571,61200,1.1307305812835693
1225,326263561,401945.0,-4019.449999999999,0.5511596162596081,61250,1.2008666616678239
1226,649994782,370132.5,-3701.3249999999994,0.5508941028353659,61300,1.2135019397735596
1227,649351636,634895.0,-6348.950000000001,0.5506287221346522,61350,1.2060827189683914
1228,434706840,176232.5,-1762.3249999999996,0.5503634740911217,61400,1.3087883365154267
1229,926801534,413740.0,-4137.4,0.5500983586384625,61450,1.1710023057460786
1230,895713181,208095.0,-2080.9500000000003,0.5498333757103958,61500,1.2186265790462494
1231,845048168,244600.0,-2445.9999999999995,0.5495685252406758,61550,1.1849163675308227
1232,609388463,359602.5,-3596.024999999999,0.5493038071630898,61600,1.2327311289310456
1233,246299707,441027.5,-4410.275,0.5490392214114583,61650,1.1441223394870759
1234,207104910,1021105.0,-10211.050000000003,0.548774767919635,61700,1.2029553353786469
1235,912758839,385387.5,-3853.875,0.5485104466215065,61750,1.235376827120781
1236,273175291,286542.5,-2865.425,0.5482462574509922,61800,1.2168684124946594
1237,371969050,374337.5,-3743.3749999999995,0.5479822003420451,61850,1.1143583470582963
1238,611331193,542382.5,-5423.825,0.5477182752286509,61900,1.1754180878400802
1239,599836209,992285.0,-9922.85,0.5474544820448283,61950,1.1792741650342942
1240,743608783,381337.5,-3813.374999999999,0.5471908207246288,62000,1.1861315101385117
1241,205938835,346070.0,-3460.7000000000007,0.5469272912021373,62050,1.2529935109615327
1242,197546215,290557.5,-2905.5749999999994,0.5466638934114714,62100,1.191543321609497
1243,315467051,363405.0,-3634.0499999999993,0.5464006272867815,62150,1.1246695125102997
1244,883397804,475420.0,-4754.2,0.5461374927622512,62200,1.2203139048814773
1245,765985722,459670.0,-4596.700000000001,0.545874489772097,62250,1.2720881313085557
1246,415436050,342610.0,-3426.100000000001,0.5456116182505676,62300,1.2333791375160217
1247,181305014,391355.0,-3913.550000000001,0.5453488781319458,62350,1.2496314251422882
1248,584025860,389792.5,-3897.925,0.5450862693505462,62400,1.2989482116699218
1249,165680175,381940.0,-3819.3999999999996,0.5448237918407167,62450,1.2116856515407561
1250,747198009,279775.0,-2797.7500000000005,0.5445614455368378,62500,1.315947287082672
1251,626372831,237832.5,-2378.325,0.5442992303733231,62550,1.2541850799322127
1252,109599876,431987.5,-4319.874999999999,0.5440371462846186,62600,1.1137047022581101
1253,427933646,1144245.0,-11442.449999999999,0.5437751932052036,62650,1.193855767250061
1254,18004476,227537.5,-2275.375,0.5435133710695895,62700,1.1407035917043686
1255,466321816,281642.5,-2816.4250000000006,0.5432516798123209,62750,1.2559336173534392
1256,79047958,431022.5,-4310.225,0.542990119367975,62800,1.1556385326385499
1257,127958250,327707.5,-3277.075,0.5427286896711617,62850,1.145631211400032
1258,227256870,349420.0,-3494.1999999999994,0.5424673906565235,62900,1.1474971574544908
1259,731166491,300062.5,-3000.6249999999995,0.5422062222587358,62950,1.2019597494602203
1260,867156587,296930.0,-2969.299999999999,0.5419451844125062,63000,1.172868444919586
1261,163875999,402885.0,-4028.85,0.5416842770525755,63050,1.2841449999809265
1262,329231129,437627.5,-4376.275000000002,0.5414235001137168,63100,1.254886841773987
1263,988559856,326095.0,-3260.95,0.5411628535307358,63150,1.2581340312957763
1264,38216359,317485.0,-3174.8499999999995,0.5409023372384708,63200,1.2489972347021103
1265,998660625,370580.0,-3705.7999999999997,0.5406419511717931,63250,1.3026942420005798
1266,670911622,453605.0,-4536.05,0.5403816952656058,63300,1.1322202152013778
1267,290777298,244482.5,-2444.824999999999,0.5401215694548449,63350,1.2876114559173584
1268,198441842,377457.5,-3774.5750000000007,0.5398615736744791,63400,1.1349460697174072
1269,126444980,280277.5,-2802.774999999999,0.5396017078595094,63450,1.2027160465717315
1270,548148837,251575.0,-2515.75,0.5393419719449695,63500,1.1289804875850677
1271,37526647,380387.5,-3803.875000000001,0.5390823658659254,63550,1.1446318435668945
1272,51544301,250115.0,-2501.149999999999,0.5388228895574751,63600,1.2087146103382111
1273,986006135,356212.5,-3562.125,0.5385635429547502,63650,1.1187626969814302
1274,21500156,644000.0,-6440.0,0.5383043259929137,63700,1.135067629814148
1275,729118414,500197.5,-5001.974999999999,0.5380452386071612,63750,1.2309283304214478
1276,808056260,348460.0,-3484.6000000000004,0.5377862807327213,63800,1.1392034882307052
1277,514218303,732815.0,-7328.15,0.5375274523048541,63850,1.2129439491033553
1278,450246064,549437.5,-5494.374999999999,0.5372687532588528,63900,1.1786636734008789
1279,785573281,290122.5,-2901.2250000000004,0.5370101835300425,63950,1.194455007314682
1280,271379542,213065.0,-2130.65,0.5367517430537806,64000,1.1905189615488052
1281,912099848,300762.5,-3007.625,0.5364934317654573,64050,1.2392507159709931
1282,511506466,553025.0,-5530.249999999999,0.5362352496004946,64100,1.1653289353847505
1283,526346244,159617.5,-1596.1750000000002,0.535977196494347,64150,1.1115688359737397
1284,747143802,279802.5,-2798.0249999999996,0.5357192723825012,64200,1.1203376644849776
1285,457506463,248475.0,-2484.750000000001,0.5354614772004762,64250,1.1221257269382476
1286,248200490,295255.0,-2952.5500000000006,0.5352038108838232,64300,1.229528704881668
1287,299783502,212242.5,-2122.425,0.5349462733681256,64350,1.2703632771968842
1288,716316341,453415.0,-4534.150000000001,0.534688864588999,64400,1.1635233348608016
1289,165787661,345467.5,-3454.6749999999997,0.5344315844820913,64450,1.0906691092252732
1290,336308309,365127.5,-3651.2749999999996,0.5341744329830822,64500,1.1651385283470155
1291,509767893,311705.0,-3117.0500000000006,0.5339174100276842,64550,1.1542992824316025
1292,6124352,234320.0,-2343.2,0.5336605155516413,64600,1.2075762283802032
1293,437126349,390960.0,-3909.6,0.53340374949073,64650,1.0745993566513061
1294,879492656,455282.5,-4552.825,0.5331471117807588,64700,1.2378223466873168
1295,334229811,281692.5,-2816.9249999999997,0.532890602357568,64750,1.2208834755420686
1296,144115051,316905.0,-3169.05,0.5326342211570307,64800,1.1453756618499755
1297,307953931,346155.0,-3461.55,0.5323779681150512,64850,1.1373878622055054
1298,976075782,282192.5,-2821.9249999999997,0.5321218431675666,64900,1.1517147570848465
1299,592534594,561142.5,-5611.425,0.5318658462505453,64950,1.1525189352035523
1300,609848922,387957.5,-3879.5750000000007,0.5316099772999883,65000,1.195189681649208
1301,563091505,426660.0,-4266.600000000001,0.5313542362519282,65050,1.1132363021373748
1302,338145045,188445.0,-1884.4500000000003,0.5310986230424299,65100,1.1742744731903076
1303,805429568,402560.0,-4025.6,0.53084313760759,65150,1.1674483114480971
1304,691580281,288537.5,-2885.3750000000005,0.5305877798835373,65200,1.1385553359985352
1305,712992724,322907.5,-3229.0749999999994,0.5303325498064321,65250,1.175394737124443
1306,229049672,372882.5,-3728.825,0.530077447312467,65300,1.1244845259189606
1307,417045567,331042.5,-3310.4249999999997,0.5298224723378664,65350,1.0974395912885666
1308,414867275,299115.0,-2991.15,0.5295676248188865,65400,1.0949029409885407
1309,142444313,284122.5,-2841.225,0.5293129046918155,65450,1.2006582069396972
1310,613217597,258550.0,-2585.5,0.5290583118929734,65500,1.187978402376175
1311,411662731,291430.0,-2914.2999999999993,0.5288038463587118,65550,1.0986776113510133
1312,967573751,261667.5,-2616.675,0.5285495080254144,65600,1.0693115872144698
1313,395542976,238227.5,-2382.275000000001,0.5282952968294968,65650,1.243877171278
1314,542309154,325112.5,-3251.1250000000005,0.528041212707406,65700,1.1499918234348296
1315,156815960,397717.5,-3977.1749999999997,0.527787255595621,65750,1.1461866891384125
1316,412340984,359935.0,-3599.3500000000004,0.5275334254306526,65800,1.1239377278089524
1317,111934285,373017.5,-3730.174999999999,0.5272797221490432,65850,1.1479321801662445
1318,299917632,381020.0,-3810.2000000000003,0.5270261456873668,65900,1.180402069091797
1319,584820320,286917.5,-2869.1750000000006,0.5267726959822296,65950,1.1228608280420302
1320,508707673,394487.5,-3944.874999999999,0.5265193729702691,66000,1.0993510669469833
1321,987566779,296395.0,-2963.949999999999,0.5262661765881544,66050,1.0705904459953308
1322,145880380,295132.5,-2951.324999999999,0.5260131067725865,66100,1.1441750878095627
1323,973546842,270725.0,-2707.2499999999995,0.5257601634602979,66150,1.1002486169338226
1324,96949984,342430.0,-3424.3,0.5255073465880529,66200,1.1532031548023225
1325,986454321,185267.5,-1852.6750000000002,0.5252546560926471,66250,1.1236571776866913
1326,917673101,198312.5,-1983.1249999999998,0.525002091910908,66300,1.0870210969448089
1327,485417242,296480.0,-2964.7999999999993,0.5247496539796944,66350,1.090512764453888
1328,997473234,330617.5,-3306.175,0.524497342235897,66400,1.1238448542356492
1329,585408547,383715.0,-3837.1500000000005,0.5242451566164378,66450,1.1820718610286713
1330,472892078,243015.0,-2430.149999999999,0.5239930970582704,66500,1.1000142127275467
1331,413669032,301207.5,-3012.075,0.5237411634983797,66550,1.0410472393035888
1332,823142191,425797.5,-4257.975,0.5234893558737828,66600,1.2484664905071259
1333,725721981,331322.5,-3313.224999999999,0.5232376741215272,66650,1.0730585902929306
1334,888396400,266252.5,-2662.525,0.522986118178693,66700,1.2738986122608185
1335,134196585,369800.0,-3697.9999999999995,0.5227346879823909,66750,1.198134298324585
1336,618227759,304802.5,-3048.025,0.5224833834697633,66800,1.124761515855789
1337,873897512,298660.0,-2986.6000000000004,0.5222322045779842,66850,1.0966654181480409
1338,333667347,232890.0,-2328.9,0.521981151244259,66900,1.0565337038040161
1339,404443709,271237.5,-2712.375000000001,0.5217302234058241,66950,1.1271721076965333
1340,10268623,247847.5,-2478.4749999999995,0.5214794209999477,67000,1.1385282266139984
1341,575779952,274075.0,-2740.7500000000005,0.5212287439639293,67050,1.1071323800086974
1342,481243991,293700.0,-2937.0000000000005,0.5209781922350993,67100,1.1045127964019776
1343,772692115,507567.5,-5075.675,0.52072776575082,67150,1.0820806980133058
1344,796627206,318685.0,-3186.85,0.5204774644484849,67200,1.054807971715927
1345,344987610,345080.0,-3450.8000000000006,0.5202272882655183,67250,1.0988833153247832
1346,966015302,201842.5,-2018.425,0.5199772371393764,67300,1.0893654066324234
1347,942603039,168122.5,-1681.2249999999988,0.5197273110075465,67350,1.1749110394716262
1348,691509764,294865.0,-2948.6500000000005,0.5194775098075469,67400,1.1133819568157195
1349,37551530,258887.5,-2588.874999999999,0.5192278334769275,67450,1.0881761586666108
1350,969465525,170477.5,-1704.7749999999999,0.5189782819532689,67500,1.0734687840938568
1351,998841336,381550.0,-3815.5,0.5187288551741834,67550,1.1611181473731995
1352,680932037,314505.0,-3145.05,0.5184795530773143,67600,1.1965189200639725
1353,220018600,300467.5,-3004.6750000000006,0.5182303756003361,67650,1.0776438266038895
1354,554337152,162257.5,-1622.5749999999994,0.5179813226809544,67700,1.0967260760068893
1355,758098614,187072.5,-1870.725,0.5177323942569059,67750,1.0958614432811737
1356,679406910,227590.0,-2275.8999999999996,0.5174835902659586,67800,1.1288541078567504
1357,790960584,246060.0,-2460.5999999999995,0.5172349106459114,67850,1.011167242527008
1358,338564116,517845.0,-5178.45,0.5169863553345946,67900,1.0699697959423065
1359,397405322,272035.0,-2720.35,0.5167379242698691,67950,1.0792027294635773
1360,938387820,175320.0,-1753.2,0.5164896173896273,68000,1.1449224209785462
1361,190086059,404637.5,-4046.3750000000005,0.5162414346317924,68050,1.0613749712705611
1362,939480822,313045.0,-3130.4500000000003,0.5159933759343188,68100,1.1654982769489288
1363,636952053,219190.0,-2191.9,0.5157454412351916,68150,1.0213449031114579
1364,464046707,385860.0,-3858.6,0.5154976304724276,68200,1.119816747903824
1365,721824248,198235.0,-1982.3500000000001,0.5152499435840736,68250,1.022076135277748
1366,568725043,401067.5,-4010.6750000000006,0.515002380508208,68300,1.2145861381292342
1367,829561704,240832.5,-2408.3250000000007,0.5147549411829402,68350,1.0603990268707275
1368,295538654,245105.0,-2451.05,0.5145076255464104,68400,1.0171906292438506
1369,599708374,260667.5,-2606.6749999999997,0.5142604335367893,68450,1.0387357676029205
1370,595547443,202820.0,-2028.1999999999996,0.5140133650922794,68500,0.9951351726055145
1371,190602336,311952.5,-3119.525,0.5137664201511132,68550,1.1731352484226227
1372,608276676,342942.5,-3429.424999999999,0.5135195986515546,68600,1.037789106965065
1373,10783251,261925.0,-2619.2500000000005,0.5132729005318982,68650,1.1154166293144225
1374,864249321,242340.0,-2423.4000000000005,0.5130263257304697,68700,1.096958955526352
1375,632951538,218832.5,-2188.3250000000003,0.5127798741856251,68750,1.1049889385700227
1376,108946017,272755.0,-2727.5499999999997,0.5125335458357515,68800,1.0668618911504746
1377,516344422,246927.5,-2469.275000000001,0.5122873406192671,68850,1.0621729648113252
1378,986072805,253892.5,-2538.925,0.5120412584746203,68900,1.0654420226812362
1379,800544597,371525.0,-3715.25,0.5117952993402908,68950,1.0546709501743317
1380,701285064,293195.0,-2931.9500000000003,0.5115494631547886,69000,1.023436369895935
1381,326035281,335370.0,-3353.7000000000003,0.5113037498566547,69050,1.0255604827404021
1382,461931635,351482.5,-3514.8250000000003,0.5110581593844609,69100,1.0732885348796843
1383,5761428,274837.5,-2748.375,0.5108126916768094,69150,1.0079469621181487
1384,240141573,493062.5,-4930.625,0.5105673466723335,69200,1.0818016397953034
1385,401465997,168182.5,-1681.8249999999994,0.5103221243096968,69250,1.0997208231687545
1386,133576763,231802.5,-2318.025,0.5100770245275937,69300,1.079459404349327
1387,459692222,260390.0,-2603.9000000000005,0.5098320472647494,69350,1.0308857411146164
1388,281280818,321515.0,-3215.1500000000005,0.5095871924599193,69400,0.945444757938385
1389,755342638,305350.0,-3053.499999999999,0.50934246005189,69450,1.0361275148391724
1390,178043568,186300.0,-1863.0,0.5090978499794782,69500,1.0334510719776153
1391,362044967,299387.5,-2993.874999999999,0.5088533621815314,69550,1.013735643029213
1392,446831349,224465.0,-2244.6500000000005,0.5086089965969278,69600,1.1174200987815857
1393,862128314,278140.0,-2781.400000000001,0.5083647531645759,69650,1.0264839899539948
1394,661568840,331985.0,-3319.8500000000013,0.5081206318234147,69700,1.0604764330387115
1395,716205640,327600.0,-3276.0,0.507876632512414,69750,1.0684573876857757
1396,867164029,281555.0,-2815.5499999999993,0.507632755170574,69800,1.0810255414247514
1397,820053090,338482.5,-3384.825,0.5073889997369254,69850,1.0489903873205184
1398,744621403,181152.5,-1811.5250000000003,0.5071453661505293,69900,1.020823411345482
1399,348993793,303160.0,-3031.6000000000004,0.5069018543504772,69950,1.0013360273838043
1400,996003585,311072.5,-3110.7250000000004,0.5066584642758912,70000,0.994526377916336
1401,896964708,244155.0,-2441.5500000000006,0.5064151958659239,70050,1.0377019065618516
1402,215635364,316805.0,-3168.05,0.506172049059758,70100,1.0372693645954132
1403,377866434,191175.0,-1911.75,0.505929023796607,70150,0.9644629749655723
1404,573829683,426382.5,-4263.825,0.5056861200157143,70200,0.9966384780406952
1405,118035600,277220.0,-2772.2,0.5054433376563543,70250,0.9742421871423721
1406,217803910,256755.0,-2567.5500000000006,0.5052006766578312,70300,0.9482301086187362
1407,566763277,364292.5,-3642.925,0.5049581369594798,70350,0.9614563858509064
1408,365504315,208017.5,-2080.175,0.5047157185006651,70400,0.9997442609071732
1409,157640200,208382.5,-2083.825,0.5044734212207826,70450,1.0445912098884582
1410,162659911,199270.0,-1992.7000000000003,0.504231245059258,70500,0.972763090133667
1411,681586184,198150.0,-1981.5000000000002,0.5039891899555471,70550,0.9988887357711792
1412,193556987,271482.5,-2714.8250000000003,0.5037472558491362,70600,0.9763816285133362
1413,662397987,199422.5,-1994.2250000000004,0.5035054426795418,70650,0.9446558427810668
1414,750521637,218402.5,-2184.024999999999,0.5032637503863105,70700,1.0003649789094924
1415,622617178,534330.0,-5343.299999999999,0.5030221789090195,70750,1.1170618271827697
1416,277235788,388005.0,-3880.05,0.5027807281872756,70800,0.9691862577199936
1417,290377256,252722.5,-2527.2250000000004,0.5025393981607164,70850,0.9789969497919082
1418,84000430,224800.0,-2248.0000000000005,0.5022981887690091,70900,0.9777745115756988
1419,398488151,249202.5,-2492.025,0.5020570999518515,70950,0.9094940513372421
1420,18496108,365392.5,-3653.9250000000006,0.5018161316489715,71000,1.068985892534256
1421,221913774,330967.5,-3309.6750000000006,0.501575283800127,71050,1.0218997275829316
1422,849397109,253167.5,-2531.675,0.5013345563451058,71100,1.0180804127454757
1423,637042386,243632.5,-2436.3250000000003,0.5010939492237262,71150,0.9118302726745605
1424,142339664,274987.5,-2749.8750000000005,0.5008534623758365,71200,0.9249152752757073
1425,182924132,255687.5,-2556.875,0.5006130957413149,71250,0.9640844345092774
1426,189683857,163455.0,-1634.5499999999997,0.5003728492600696,71300,0.9018445253372193
1427,394738174,214625.0,-2146.25,0.5001327228720392,71350,1.0214192515611649
1428,824209814,450220.0,-4502.199999999999,0.499892716517192,71400,0.9757867509126663
1429,772385570,308412.5,-3084.125,0.4996528301355265,71450,1.045045256614685
1430,190207761,284457.5,-2844.5750000000003,0.499413063667071,71500,0.9968409287929535
1431,722573031,246572.5,-2465.725,0.4991734170518839,71550,0.9783788520097733
1432,245966177,228217.5,-2282.1750000000006,0.4989338902300536,71600,1.005063225030899
1433,20334382,208712.5,-2087.1249999999995,0.4986944831416983,71650,0.9895219677686691
1434,717449065,184450.0,-1844.5000000000002,0.4984551957269663,71700,0.9107548636198044
1435,74036255,368307.5,-3683.0750000000003,0.4982160279260357,71750,1.0146782219409942
1436,965389543,227897.5,-2278.975000000001,0.4979769796791146,71800,0.9700547879934311
1437,192080104,303527.5,-3035.2750000000015,0.4977380509264409,71850,0.9977521151304245
1438,907861473,219700.0,-2196.999999999999,0.4974992416082824,71900,0.9904486274719239
1439,726355801,263137.5,-2631.3750000000005,0.49726055166493677,71950,0.9681214213371276
1440,131697655,200570.0,-2005.6999999999996,0.49702198103673156,72000,0.8754305747151375
1441,749380545,211020.0,-2110.2,0.4967835296640241,72050,0.9810708326101303
1442,84159991,231895.0,-2318.9500000000003,0.49654519748720155,72100,0.9062977546453476
1443,217535737,385607.5,-3856.0750000000003,0.49630698444668087,72150,0.9537419837713241
1444,89188979,187757.5,-1877.575,0.49606889048290875,72200,0.8665775418281555
1445,539436219,477140.0,-4771.4,0.49583091553636177,72250,0.9433359813690185
1446,373357502,237617.5,-2376.1749999999997,0.4955930595475461,72300,1.0504202890396117
1447,393597931,209777.5,-2097.775,0.49535532245699787,72350,0.9473676228523255
1448,61277681,318412.5,-3184.125,0.4951177042052826,72400,0.9355714654922486
1449,401590991,249470.0,-2494.7,0.494880204732996,72450,0.9005255281925202
1450,921252543,229960.0,-2299.6,0.494642823980763,72500,0.9409904205799102
1451,654917645,222400.0,-2224.0000000000005,0.49440556188923845,72550,1.02546506524086
1452,955881555,180450.0,-1804.5000000000002,0.49416841839910686,72600,0.8675961363315582
1453,683317385,322297.5,-3222.974999999999,0.49393139345108233,72650,0.9839433759450913
1454,790346277,310027.5,-3100.2750000000005,0.49369448698590856,72700,0.8793331754207611
1455,940886197,318152.5,-3181.5249999999996,0.49345769894435915,72750,0.9816471862792969
1456,182521365,411845.0,-4118.45,0.4932210292672368,72800,0.9302742862701416
1457,306295762,247457.5,-2474.5749999999994,0.49298447789537436,72850,0.976699346601963
1458,584030283,220242.5,-2202.4250000000006,0.4927480447696338,72900,0.9685122561454773
1459,559783571,267207.5,-2672.0750000000007,0.49251172983090685,72950,0.9081400018930436
1460,539326999,167150.0,-1671.4999999999995,0.4922755330201149,73000,1.0161341792345047
1461,332879396,168677.5,-1686.775,0.4920394542782086,73050,0.9058521676063538
1462,222723363,216010.0,-2160.1,0.49180349354616837,73100,0.9207806861400605
1463,706182048,413720.0,-4137.2,0.49156765076500397,73150,0.9000683271884918
1464,216055099,229947.5,-2299.4750000000004,0.49133192587575475,73200,0.9374783742427826
1465,844761847,243997.5,-2439.975,0.4910963188194894,73250,0.9045887631177902
1466,35982429,286820.0,-2868.1999999999994,0.4908608295373062,73300,0.9367103451490402
1467,834741753,327625.0,-3276.2500000000005,0.49062545797033286,73350,0.8703865236043931
1468,621872070,189105.0,-1891.0500000000002,0.4903902040597265,73400,0.9309445428848266
1469,490687563,194065.0,-1940.6499999999994,0.49015506774667356,73450,0.890296277999878
1470,970464306,310115.0,-3101.15,0.48992004897239,73500,0.94598752617836
1471,653188614,312747.5,-3127.4749999999995,0.48968514767812116,73550,0.8470797103643417
1472,531139991,245222.5,-2452.2250000000004,0.4894503638051417,73600,0.9126770544052124
1473,614435425,242247.5,-2422.475,0.4892156972947556,73650,0.9061971348524094
1474,339396665,163227.5,-1632.2749999999994,0.48898114808829624,73700,0.9393432074785233
1475,439087397,233345.0,-2333.4500000000003,0.48874671612712645,73750,0.9239687520265579
1476,865492172,256995.0,-2569.9499999999994,0.488512401352638,73800,0.9106906604766846
1477,602898537,154670.0,-1546.6999999999996,0.4882782037062524,73850,1.039745397567749
1478,385476582,280600.0,-2806.0,0.4880441231294202,73900,0.8786568802595138
1479,694172317,328530.0,-3285.3,0.48781015956362117,73950,0.9010629642009735
1480,100503112,236007.5,-2360.075,0.4875763129503644,74000,0.9219964495301247
1481,519109208,303785.0,-3037.85,0.48734258323118845,74050,0.9514237022399903
1482,47008407,297140.0,-2971.4000000000005,0.48710897034766065,74100,0.9986449944972992
1483,371232664,183230.0,-1832.3000000000002,0.48687547424137795,74150,0.8083290362358093
1484,344710366,193302.5,-1933.025,0.48664209485396615,74200,0.9106732469797134
1485,735278538,208600.0,-2086.0,0.4864088321270805,74250,0.8997052258253098
1486,667727129,208555.0,-2085.55,0.48617568600240535,74300,0.9882836055755615
1487,692784404,240995.0,-2409.95,0.48594265642165413,74350,0.9119386631250381
1488,173961707,191007.5,-1910.0749999999998,0.4857097433265694,74400,0.8761687541007995
1489,129406872,202270.0,-2022.7,0.485476946658923,74450,0.9730798697471619
1490,799966681,220827.5,-2208.2749999999996,0.4852442663605156,74500,0.8812121909856796
1491,943143958,137272.5,-1372.7250000000001,0.4850117023731773,74550,0.926871080994606
1492,781818869,258472.5,-2584.7250000000004,0.484779254638767,74600,0.825177609026432
1493,701414214,264510.0,-2645.1000000000013,0.48454692309917274,74650,1.0031228238344192
1494,176179242,227310.0,-2273.100000000001,0.48431470769631163,74700,0.8392643776535987
1495,893276200,235177.5,-2351.7750000000005,0.48408260837212996,74750,0.8713688522577285
1496,588859025,189117.5,-1891.1749999999997,0.48385062506860277,74800,0.9736177742481231
1497,506187127,227990.0,-2279.9,0.48361875772773427,74850,0.8696957165002823
1498,146417575,244482.5,-2444.825,0.48338700629155756,74900,0.8707464277744293
1499,578802873,209327.5,-2093.2749999999996,0.48315537070213493,74950,0.8937602791190148
1500,332863711,252592.5,-2525.925,0.4829238509015573,75000,0.8968448454141617
1501,913303048,226422.5,-2264.224999999999,0.4826924468319449,75050,0.8713600635528564
1502,492425391,275480.0,-2754.7999999999997,0.4824611584354465,75100,0.8627105182409287
1503,98562798,183467.5,-1834.6750000000004,0.4822299856542402,75150,0.9150081640481948
1504,55759735,172107.5,-1721.0750000000003,0.48199892843053266,75200,0.9523349893093109
1505,559328169,159142.5,-1591.4249999999997,0.48176798670655974,75250,0.9086022275686264
1506,175514743,204270.0,-2042.6999999999998,0.4815371604245858,75300,0.8856166225671768
1507,668543277,176445.0,-1764.4499999999996,0.48130644952690443,75350,0.8329075452685356
1508,61980010,247942.5,-2479.4250000000006,0.4810758539558378,75400,0.8839656120538711
1509,669886007,142855.0,-1428.55,0.4808453736537371,75450,0.8227130126953125
1510,955893131,153470.0,-1534.7000000000003,0.48061500856298217,75500,0.8541193777322769
1511,553998216,258697.5,-2586.975,0.4803847586259818,75550,0.8848347279429436
1512,609968763,168565.0,-1685.6500000000003,0.4801546237851735,75600,0.9010828769207001
1513,527742340,197777.5,-1977.7750000000003,0.4799246039830235,75650,0.7971800038218498
1514,190084257,388052.5,-3880.5250000000005,0.47969469916202695,75700,0.8937743681669236
1515,649277831,202522.5,-2025.225,0.4794649092647076,75750,0.9033333086967468
1516,760042251,273995.0,-2739.95,0.47923523423361786,75800,0.7968251025676727
1517,634773516,177505.0,-1775.0500000000002,0.47900567401133914,75850,0.8139603942632675
1518,116013353,222485.0,-2224.85,0.4787762285404813,75900,0.7998981320858002
1519,388633355,242555.0,-2425.5499999999997,0.478546897763683,75950,0.8587218648195267
1520,393247430,290255.0,-2902.55,0.47831768162361143,76000,0.8701327288150787
1521,498298874,280595.0,-2805.9500000000007,0.4780885800629628,76050,0.8108731362223626
1522,379963456,190717.5,-1907.175,0.47785959302446146,76100,0.8192089533805847
1523,844758822,389315.0,-3893.150000000001,0.47763072045086086,76150,0.8332896035909653
1524,57377176,205635.0,-2056.35,0.47740196228494275,76200,0.8534567356109619
1525,972230271,593667.5,-5936.675000000001,0.4771733184695175,76250,0.8725209558010101
1526,549122206,170675.0,-1706.7499999999998,0.4769447889474243,76300,0.8321820521354675
1527,908949677,238690.0,-2386.8999999999996,0.4767163736615307,76350,0.8309245604276657
1528,707689301,169215.0,-1692.15,0.4764880725547329,76400,0.8789617818593979
1529,918252315,290087.5,-2900.874999999999,0.4762598855699556,76450,0.9585799157619477
1530,23552374,206695.0,-2066.95,0.47603181265015215,76500,0.8252137738466263
1531,320593484,294842.5,-2948.4249999999997,0.47580385373830414,76550,0.7973010051250458
1532,145673934,156260.0,-1562.6000000000004,0.475576008777422,76600,0.8562907379865646
1533,332987713,258405.0,-2584.0499999999993,0.4753482777105444,76650,0.8549987080693245
1534,428973346,200015.0,-2000.1500000000003,0.47512066048073864,76700,0.7568154042959213
1535,877795442,206650.0,-2066.4999999999995,0.4748931570311003,76750,0.8670905905961991
1536,115597922,254082.5,-2540.825,0.4746657673047536,76800,0.7765863335132599
1537,715436025,161772.5,-1617.7250000000001,0.47443849124485116,76850,0.8611659342050553
1538,37680315,185732.5,-1857.3249999999996,0.4742113287945739,76900,0.8025992262363434
1539,256863441,147915.0,-1479.1499999999999,0.4739842798971311,76950,0.829282323718071
1540,569779333,301955.0,-3019.55,0.4737573444957607,77000,0.9030998528003693
1541,667661599,326232.5,-3262.325,0.4735305225337288,77050,0.7919423025846482
1542,759703869,146562.5,-1465.625,0.47330381395432986,77100,0.8446930500864983
1543,12137247,158605.0,-1586.0499999999997,0.4730772187008868,77150,0.8656614357233048
1544,170403074,244342.5,-2443.4249999999997,0.47285073671675076,77200,0.8314288187026978
1545,963435876,222635.0,-2226.35,0.47262436794530127,77250,0.8931382149457932
1546,884722625,137645.0,-1376.4500000000005,0.4723981123299461,77300,0.8351269942522049
1547,378686695,382577.5,-3825.7749999999987,0.47217196981412135,77350,0.8543927651643753
1548,98809315,226032.5,-2260.325,0.4719459403412915,77400,0.8518276643753052
1549,587965407,269375.0,-2693.7499999999995,0.471720023854949,77450,0.8506495180726051
1550,497819108,129875.0,-1298.7500000000002,0.4714942202986149,77500,0.8555854052305222
1551,397935143,205737.5,-2057.3749999999995,0.47126852961583815,77550,0.9005440810322761
1552,553913204,139665.0,-1396.6499999999999,0.47104295175019617,77600,0.7557807815074921
1553,778673040,198272.5,-1982.7250000000004,0.4708174866452945,77650,0.8119569212198258
1554,49326736,154672.5,-1546.725,0.4705921342447668,77700,0.8351868093013763
1555,475002788,171412.5,-1714.125,0.47036689449227503,77750,0.7597813528776168
1556,167092235,158055.0,-1580.55,0.4701417673315093,77800,0.7566326743364334
1557,532152273,273362.5,-2733.625,0.46991675270618766,77850,0.825256141424179
1558,58398232,248412.5,-2484.1250000000005,0.4696918505600566,77900,0.7562223482131958
1559,515464673,428627.5,-4286.275000000001,0.4694670608368904,77950,0.7800160878896714
1560,483118943,272262.5,-2722.6249999999995,0.4692423834804919,78000,0.7979847908020019
1561,722187354,193890.0,-1938.8999999999996,0.4690178184346915,78050,0.8007846730947494
1562,439445090,395042.5,-3950.4249999999993,0.4687933656433481,78100,0.7908635085821152
1563,168108631,186967.5,-1869.675,0.4685690250503484,78150,0.7783429789543151
1564,471747748,352585.0,-3525.85,0.46834479659960737,78200,0.7990044122934341
1565,537659647,412517.5,-4125.175,0.4681206802350678,78250,0.7877690732479096
1566,837160501,153960.0,-1539.6,0.4678966759007006,78300,0.7907665875554085
1567,485352047,158680.0,-1586.7999999999997,0.4676727835405047,78350,0.8155148923397064
1568,211522218,147357.5,-1473.575,0.46744900309850707,78400,0.7766480880975724
1569,726939725,309477.5,-3094.775,0.46722533451876247,78450,0.7145865172147751
1570,764870100,295070.0,-2950.6999999999994,0.4670017777453539,78500,0.8023657417297363
1571,972755623,315905.0,-3159.05,0.46677833272239205,78550,0.8029851627349853
1572,22678539,152555.0,-1525.5500000000009,0.4665549993940158,78600,0.7836741107702255
1573,359801383,164852.5,-1648.5250000000005,0.4663317777043916,78650,0.7804654616117478
1574,384545472,162400.0,-1624.0,0.46610866759771424,78700,0.8554581034183503
1575,498315163,146552.5,-1465.5250000000005,0.465885669018206,78750,0.7517417764663696
1576,988263659,139185.0,-1391.8499999999997,0.46566278191011745,78800,0.7627099043130875
1577,196327874,210142.5,-2101.425,0.4654400062177266,78850,0.8001252913475037
1578,737651367,196010.0,-1960.1000000000004,0.4652173418853397,78900,0.757351073026657
1579,756325166,202472.5,-2024.7250000000001,0.46499478885729056,78950,0.7414523124694824
1580,443735005,179887.5,-1798.8750000000002,0.46477234707794096,79000,0.8101130598783493
1581,356494263,247635.0,-2476.35,0.46455001649168043,79050,0.8414750051498413
1582,703946548,141292.5,-1412.9249999999997,0.46432779704292637,79100,0.7290250599384308
1583,888544811,320367.5,-3203.6749999999997,0.46410568867612384,79150,0.704116227030754
1584,226996065,291287.5,-2912.874999999999,0.46388369133574586,79200,0.7314755094051361
1585,972958179,184227.5,-1842.2750000000003,0.46366180496629295,79250,0.7866403543949128
1586,181745897,242810.0,-2428.1,0.4634400295122936,79300,0.7633261775970459
1587,732391279,281797.5,-2817.975,0.4632183649183039,79350,0.7405882662534714
1588,279293799,155440.0,-1554.4000000000003,0.4629968111289079,79400,0.7829666620492935
1589,764824019,218172.5,-2181.725,0.4627753680887169,79450,0.7665983521938324
1590,658027550,254342.5,-2543.425,0.4625540357423702,79500,0.8501632100343705
1591,363024904,185047.5,-1850.475,0.46233281403453474,79550,0.7998037517070771
1592,150838374,188145.0,-1881.4500000000003,0.4621117029099051,79600,0.784741205573082
1593,528476649,374020.0,-3740.2000000000007,0.4618907023132035,79650,0.78980662047863
1594,630167567,252555.0,-2525.55,0.4616698121891798,79700,0.7243412321805954
1595,219388910,186900.0,-1869.0,0.46144903248261143,79750,0.7325988262891769
1596,122982827,198980.0,-1989.8000000000002,0.4612283631383035,79800,0.7199224278330802
1597,307594721,146610.0,-1466.1,0.4610078041010886,79850,0.7281273800134659
1598,84137891,138625.0,-1386.2500000000002,0.46078735531582704,79900,0.7511668503284454
1599,373694770,177697.5,-1776.9749999999997,0.46056701672740663,79950,0.7713186094164848
1600,972370131,160285.0,-1602.8499999999995,0.4603467882807427,80000,0.697980021238327
1601,740636208,195652.5,-1956.5250000000003,0.4601266699207781,80050,0.7313580691814423
1602,620396348,305202.5,-3052.025,0.45990666159248333,80100,0.7821475148200989
1603,76062855,187635.0,-1876.3500000000006,0.4596867632408562,80150,0.7938492810726165
1604,387828151,432747.5,-4327.475000000001,0.4594669748109222,80200,0.728577772974968
1605,847505513,126807.5,-1268.0749999999998,0.45924729624773414,80250,0.744279083609581
1606,800064277,158067.5,-1580.6750000000004,0.4590277274963725,80300,0.7541658875346183
1607,625116554,171185.0,-1711.85,0.45880826850194495,80350,0.7187748271226883
1608,179452219,178572.5,-1785.7250000000001,0.4585889192095869,80400,0.7883741444349289
1609,185295890,258005.0,-2580.0499999999997,0.45836967956446084,80450,0.7652959042787552
1610,398790251,235825.0,-2358.25,0.458150549511757,80500,0.7115743955969811
1611,692221538,121465.0,-1214.6500000000003,0.45793152899669276,80550,0.7669757387042045
1612,513793797,170415.0,-1704.15,0.4577126179645132,80600,0.7384864795207977
1613,649583695,165237.5,-1652.3750000000002,0.45749381636049025,80650,0.7830637943744659
1614,909962640,331670.0,-3316.7000000000003,0.45727512412992377,80700,0.7544831505417824
1615,331467569,337252.5,-3372.524999999999,0.45705654121814054,80750,0.7506591039896011
1616,857927540,215695.0,-2156.9500000000003,0.4568380675704949,80800,0.7636659198999405
1617,575105405,201475.0,-2014.7500000000005,0.4566197031323685,80850,0.7834240627288819
1618,210304191,213797.5,-2137.975,0.4564014478491701,80900,0.7515495643019676
1619,112300782,205820.0,-2058.1999999999994,0.45618330166633586,80950,0.7942871558666229
1620,588048532,275525.0,-2755.25,0.4559652645293294,81000,0.740932554602623
1621,579908899,197055.0,-1970.5499999999997,0.4557473363836413,81050,0.7211831021308899
1622,424447470,226177.5,-2261.775,0.4555295171747896,81100,0.7497542357444763
1623,344098050,143010.0,-1430.1000000000001,0.45531180684831946,81150,0.7182260304689407
1624,47134140,147872.5,-1478.725,0.4550942053498033,81200,0.6881553709506989
1625,14025180,211810.0,-2118.1,0.45487671262484075,81250,0.6985244464874267
1626,783493919,217720.0,-2177.2000000000003,0.4546593286190586,81300,0.7116565391421318
1627,755910796,192910.0,-1929.1,0.4544420532781109,81350,0.7334028536081314
1628,529205400,218245.0,-2182.4500000000003,0.4542248865476788,81400,0.730361040532589
1629,460442871,295182.5,-2951.8250000000007,0.4540078283734705,81450,0.7514484161138535
1630,2190321,173065.0,-1730.6499999999999,0.45379087870122164,81500,0.7505184859037399
1631,768623598,286155.0,-2861.5499999999997,0.45357403747669467,81550,0.734845660328865
1632,862535218,234487.5,-2344.875,0.45335730464567936,81600,0.6989629843831062
1633,834126182,265685.0,-2656.85,0.45314068015399245,81650,0.6689221149682999
1634,374563075,218297.5,-2182.9750000000004,0.45292416394747786,81700,0.7980847775936126
1635,738486270,211065.0,-2110.6500000000005,0.45270775597200646,81750,0.7107299476861954
1636,288183250,426027.5,-4260.275000000001,0.45249145617347636,81800,0.7036672729253769
1637,102629168,221462.5,-2214.625,0.45227526449781247,81850,0.6966794544458389
1638,90505903,182702.5,-1827.0249999999999,0.452059180890967,81900,0.7158089417219162
1639,183774096,254125.0,-2541.25,0.4518432052989191,81950,0.7232845595479012
1640,494836607,184205.0,-1842.05,0.45162733766767466,82000,0.710075945854187
1641,224661221,124925.0,-1249.25,0.4514115779432669,82050,0.6622230023145675
1642,268798115,414382.5,-4143.825,0.45119592607175596,82100,0.6488327723741532
1643,913052627,251895.0,-2518.95,0.45098038199922863,82150,0.7004142925143242
1644,757103462,214027.5,-2140.2749999999996,0.4507649456717992,82200,0.6872266882658005
1645,722141821,340932.5,-3409.325,0.4505496170356083,82250,0.7162552511692047
1646,925818824,151295.0,-1512.95,0.45033439603682396,82300,0.754075272679329
1647,302624987,173630.0,-1736.2999999999995,0.4501192826216409,82350,0.6937116372585297
1648,414907425,127270.0,-1272.7,0.4499042767362807,82400,0.6330648940801621
1649,813435226,202952.5,-2029.525,0.44968937832699196,82450,0.7180065077543258
1650,110619177,289567.5,-2895.675,0.44947458734005,82500,0.6611119705438614
1651,791657565,213907.5,-2139.0750000000003,0.4492599037217571,82550,0.6962823832035064
1652,75473464,184252.5,-1842.525,0.4490453274184424,82600,0.7182423031330109
1653,712754935,171080.0,-1710.7999999999997,0.4488308583764618,82650,0.6613613307476044
1654,33937590,287790.0,-2877.9000000000005,0.448616496542198,82700,0.7414439785480499
1655,584597281,256925.0,-2569.25,0.44840224186206057,82750,0.6639312401413917
1656,410832857,314190.0,-3141.9,0.44818809428248585,82800,0.7134770092368126
1657,20512865,371860.0,-3718.5999999999995,0.44797405374993693,82850,0.6590663325786591
1658,370766729,179005.0,-1790.0499999999997,0.44776012021090367,82900,0.6901803442835808
1659,887130442,361152.5,-3611.5250000000005,0.44754629361190273,82950,0.6845557099580765
1660,400573954,167335.0,-1673.3500000000001,0.44733257389947734,83000,0.6835463252663613
1661,908983436,128555.0,-1285.5500000000002,0.44711896102019766,83050,0.6581173151731491
1662,374480447,206110.0,-2061.1,0.44690545492066047,83100,0.6671582651138306
1663,310668646,162880.0,-1628.8000000000002,0.4466920555474893,83150,0.7238561818003655
1664,572972668,318682.5,-3186.824999999999,0.44647876284733423,83200,0.720826044678688
1665,637589806,125292.5,-1252.9250000000004,0.446265576766872,83250,0.726224132180214
1666,78464187,200952.5,-2009.5249999999999,0.4460524972528062,83300,0.6712983679771424
1667,41399564,360450.0,-3604.5000000000014,0.44583952425186707,83350,0.6403828498721122
1668,150740776,201355.0,-2013.5499999999997,0.44562665771081106,83400,0.6493053954839706
1669,65461625,331477.5,-3314.775,0.4454138975764218,83450,0.675439031124115
1670,318568726,191010.0,-1910.1,0.44520124379550907,83500,0.6592836472392082
1671,515173139,327975.0,-3279.749999999999,0.44498869631490956,83550,0.6709447252750397
1672,536923079,136702.5,-1367.0249999999999,0.44477625508148627,83600,0.6830020979046821
1673,551313559,178010.0,-1780.1000000000001,0.444563920042129,83650,0.6615489000082015
1674,331497444,149020.0,-1490.2,0.444351691143754,83700,0.6706154006719589
1675,26291087,271357.5,-2713.5750000000007,0.444139568333304,83750,0.6929990971088409
1676,74824971,242002.5,-2420.024999999999,0.4439275515577482,83800,0.6495424661040307
1677,439467407,167147.5,-1671.475,0.44371564076408254,83850,0.6979893785715103
1678,216644106,130860.0,-1308.6,0.4435038358993293,83900,0.6158781868219375
1679,553502752,170267.5,-1702.675,0.44329213691053726,83950,0.6443306964635849
1680,582845853,188960.0,-1889.5999999999995,0.4430805437447816,84000,0.7000255417823792
1681,938799550,191647.5,-1916.4750000000001,0.4428690563491641,84050,0.6273035758733749
1682,15754356,256577.5,-2565.7750000000005,0.4426576746708129,84100,0.6703712785243988
1683,109088875,352967.5,-3529.674999999999,0.44244639865688257,84150,0.6350271502137184
1684,317401163,224607.5,-2246.075,0.4422352282545541,84200,0.6431467801332473
1685,273595038,144152.5,-1441.525,0.4420241634110349,84250,0.6775224167108536
1686,776791892,176392.5,-1763.9249999999997,0.4418132040735587,84300,0.6485945123434067
1687,466699632,249757.5,-2497.5750000000007,0.44160235018938576,84350,0.6500736826658249
1688,467415252,150917.5,-1509.175,0.44139160170580255,84400,0.6497714656591416
1689,563688274,275342.5,-2753.4249999999997,0.441180958570122,84450,0.6746669417619705
1690,162771528,152537.5,-1525.375,0.44097042072968323,84500,0.6956886148452759
1691,979625084,138790.0,-1387.9000000000003,0.44075998813185185,84550,0.6161466404795647
1692,899461259,161625.0,-1616.2500000000002,0.4405496607240197,84600,0.6975228235125541
1693,64447440,220185.0,-2201.8499999999995,0.44033943845360496,84650,0.6574556118249893
1694,91074231,197075.0,-1970.7499999999993,0.440129321268052,84700,0.6729546678066254
1695,375510381,281417.5,-2814.175,0.4399193091148315,84750,0.6215522301197052
1696,807716506,182747.5,-1827.475,0.4397094019414405,84800,0.6625222194194794
1697,241338907,168415.0,-1684.15,0.4394995996954022,84850,0.6190207654237747
1698,351811009,178580.0,-1785.8,0.43928990232426596,84900,0.6477938795089722
1699,807417164,227707.5,-2277.0750000000003,0.43908030977560747,84950,0.6116486579179764
1700,32592328,127937.5,-1279.3749999999998,0.43887082199702865,85000,0.6089604052901268
1701,704256283,216957.5,-2169.5750000000003,0.4386614389361575,85050,0.6500632312893867
1702,801861852,227297.5,-2272.9750000000004,0.4384521605406483,85100,0.6259328353404999
1703,97394329,182617.5,-1826.1750000000002,0.43824298675818135,85150,0.5963532257080079
1704,137484936,222192.5,-2221.925,0.43803391753646326,85200,0.6639184620976448
1705,773108989,264625.0,-2646.2500000000005,0.4378249528232268,85250,0.6724254155158996
1706,37441160,159300.0,-1592.9999999999998,0.4376160925662307,85300,0.6164900031685829
1707,919610980,199402.5,-1994.0249999999999,0.4374073367132599,85350,0.593055410683155
1708,966227072,247135.0,-2471.3499999999995,0.43719868521212546,85400,0.6765911442041397
1709,983578735,289150.0,-2891.500000000001,0.4369901380106645,85450,0.635546013712883
1710,353849623,170040.0,-1700.3999999999996,0.4367816950567402,85500,0.6595867103338242
1711,150583594,113352.5,-1133.525,0.43657335629824184,85550,0.6615728384256363
1712,323646271,224952.5,-2249.525,0.4363651216830847,85600,0.6348599082231522
1713,721010175,252635.0,-2526.3499999999995,0.4361569911592102,85650,0.617803081870079
1714,689238116,138210.0,-1382.1,0.4359489646745856,85700,0.5734954339265823
1715,400759826,128647.5,-1286.4749999999997,0.4357410421772044,85750,0.6169972577691079
1716,424518840,194865.0,-1948.65,0.4355332236150859,85800,0.5773945853114129
1717,259258078,133217.5,-1332.1749999999997,0.4353255089362754,85850,0.6277307012677192
1718,118358327,201685.0,-2016.85,0.4351178980888444,85900,0.57655244410038
1719,734365832,131325.0,-1313.25,0.43491039102089,85950,0.6120561116933823
1720,343870781,375857.5,-3758.5750000000003,0.43470298768053556,86000,0.6841337269544602
1721,46768077,160872.5,-1608.7250000000001,0.43449568801593025,86050,0.669694551229477
1722,836589598,253585.0,-2535.85,0.434288491975249,86100,0.6013188788294792
1723,936793033,158257.5,-1582.5750000000005,0.43408139950669294,86150,0.5856952637434005
1724,1151620,142092.5,-1420.9250000000002,0.43387441055848885,86200,0.6115885499119759
1725,744606704,136340.0,-1363.3999999999999,0.43366752507888967,86250,0.5822081679105758
1726,51256714,126682.5,-1266.825,0.4334607430161739,86300,0.6037836679816246
1727,830302968,178350.0,-1783.4999999999995,0.433254064318646,86350,0.5932007202506066
1728,378688850,243412.5,-2434.124999999999,0.4330474889346363,86400,0.5681772094964981
1729,389054294,192687.5,-1926.8749999999995,0.43284101681250103,86450,0.585971862077713
1730,631265949,156452.5,-1564.5249999999996,0.4326346479006221,86500,0.6160545298457145
1731,509169475,146282.5,-1462.8250000000005,0.43242838214740725,86550,0.5831095972657203
1732,132080120,148677.5,-1486.775,0.4322222195012902,86600,0.5841696393489838
1733,225605900,195170.0,-1951.6999999999998,0.43201615991073006,86650,0.5861134052276611
1734,459109794,291632.5,-2916.3250000000003,0.43181020332421205,86700,0.5605717754364014
1735,453569673,182507.5,-1825.0750000000005,0.4316043496902471,86750,0.5569023877382279
1736,401903447,207835.0,-2078.35,0.43139859895737165,86800,0.6057390511035919
1737,807874813,144100.0,-1440.9999999999995,0.4311929510741481,86850,0.5944341385364532
1738,5110145,192062.5,-1920.625,0.43098740598916446,86900,0.5564535588026047
1739,324956937,212665.0,-2126.6500000000005,0.4307819636510345,86950,0.589335128068924
1740,765243660,180035.0,-1800.3500000000001,0.4305766240083975,87000,0.6252488780021668
1741,529183031,295565.0,-2955.650000000001,0.4303713870099187,87050,0.5829826337099075
1742,718580019,172522.5,-1725.2249999999997,0.4301662526042888,87100,0.6165805184841155
1743,981196213,126445.0,-1264.4500000000003,0.4299612207402242,87150,0.5980852377414704
1744,78202552,180087.5,-1800.875,0.4297562913664668,87200,0.6080430597066879
1745,701828265,157507.5,-1575.0749999999996,0.42955146443178455,87250,0.5586586990952491
1746,839556752,218442.5,-2184.425,0.4293467398849704,87300,0.5935758802294732
1747,295970073,131255.0,-1312.55,0.42914211767484345,87350,0.5532997745275497
1748,358724774,140512.5,-1405.1249999999998,0.428937597750248,87400,0.5485838609933853
1749,471783915,295775.0,-2957.7500000000005,0.4287331800600541,87450,0.5720338502526283
1750,703828571,173477.5,-1734.775,0.4285288645531574,87500,0.5988102328777313
1751,551626161,230657.5,-2306.5749999999994,0.4283246511784789,87550,0.5221472990512848
1752,884609567,271182.5,-2711.8250000000003,0.42812053988496535,87600,0.609081300497055
1753,940038803,135380.0,-1353.8,0.42791653062158896,87650,0.5631615298986435
1754,965796867,239897.5,-2398.975,0.4277126233373472,87700,0.5531607446074486
1755,560177892,127017.5,-1270.1749999999997,0.42750881798126356,87750,0.6161529892683029
1756,714077932,160010.0,-1600.1000000000001,0.42730511450238645,87800,0.5416332662105561
1757,765834077,236095.0,-2360.9500000000003,0.42710151284979014,87850,0.5080650192499161
1758,378151892,208410.0,-2084.1,0.42689801297257407,87900,0.5676757156848907
1759,596917697,224967.5,-2249.675,0.4266946148198635,87950,0.5614707195758819
1760,671540122,108927.5,-1089.2749999999996,0.4264913183408086,88000,0.5535990092158317
1761,319710576,139917.5,-1399.175,0.4262881234845855,88050,0.5340481227636338
1762,173357999,119592.5,-1195.9250000000002,0.4260850302003954,88100,0.5752621272206306
1763,404944781,136990.0,-1369.9,0.4258820384374649,88150,0.5275636297464371
1764,326229460,195175.0,-1951.7499999999993,0.42567914814504615,88200,0.5955322098731994
1765,620334908,274512.5,-2745.125,0.4254763592724166,88250,0.5990189528465271
1766,533026479,150572.5,-1505.7250000000001,0.42527367176887887,88300,0.5177733314037323
1767,69105284,226950.0,-2269.5,0.42507108558376133,88350,0.5578890499472619
1768,270453948,163575.0,-1635.7500000000007,0.4248686006664172,88400,0.6051617747545243
1769,137394265,122320.0,-1223.1999999999996,0.42466621696622536,88450,0.525334764122963
1770,678621658,222795.0,-2227.9500000000007,0.42446393443258984,88500,0.561361032128334
1771,142637643,110210.0,-1102.1000000000001,0.4242617530149401,88550,0.5766440010070801
1772,540229776,290770.0,-2907.7000000000003,0.4240596726627307,88600,0.5860451567173004
1773,737468674,217562.5,-2175.625,0.42385769332544154,88650,0.498415991961956
1774,172750524,137845.0,-1378.4499999999998,0.42365581495257787,88700,0.5738984894752502
1775,790074120,158712.5,-1587.1250000000005,0.42345403749367,88750,0.5831313300132751
1776,853427903,154280.0,-1542.8000000000002,0.42325236089827367,88800,0.5385031861066818
1777,952248673,162892.5,-1628.9249999999997,0.42305078511596955,88850,0.5197073757648468
1778,45253560,141450.0,-1414.5000000000005,0.42284931009636384,88900,0.5708853656053543
1779,75216630,123067.5,-1230.6750000000002,0.42264793578908777,88950,0.5904005908966065
1780,862956840,164987.5,-1649.8750000000005,0.4224466621437978,89000,0.5470756247639657
1781,75953030,131200.0,-1312.0000000000002,0.42224548911017534,89050,0.5512152761220932
1782,71761011,134682.5,-1346.825,0.42204441663792736,89100,0.5226769810914993
1783,735013955,270955.0,-2709.55,0.42184344467678564,89150,0.520346571803093
1784,239296697,143205.0,-1432.05,0.4216425731765071,89200,0.5247654473781586
1785,285422709,229472.5,-2294.725,0.421441802086874,89250,0.5245694014430046
1786,695311326,136702.5,-1367.0250000000003,0.4212411313576935,89300,0.5473507112264633
1787,722149061,124377.5,-1243.775,0.4210405609387979,89350,0.560665618777275
1788,592606352,217217.5,-2172.175,0.4208400907800447,89400,0.4993974196910858
1789,804030649,133480.0,-1334.8,0.4206397208313162,89450,0.5190153288841247
1790,59007560,182932.5,-1829.3250000000003,0.42043945104252006,89500,0.5250890743732453
1791,943633424,122015.0,-1220.15,0.4202392813635887,89550,0.4991084098815918
1792,136335237,156442.5,-1564.425,0.4200392117444798,89600,0.5139480540156365
1793,663682375,293617.5,-2936.175,0.41983924213517587,89650,0.5100208967924118
1794,503614319,142955.0,-1429.5500000000002,0.41963937248568467,89700,0.5206365400552749
1795,174504403,195247.5,-1952.4750000000001,0.4194396027460386,89750,0.5039473557472229
1796,839957511,177085.0,-1770.8500000000004,0.41923993286629535,89800,0.5453748974204063
1797,766448105,124272.5,-1242.725,0.4190403627965373,89850,0.4883509036898613
1798,662458141,258222.5,-2582.2249999999995,0.4188408924868721,89900,0.5723727568984032
1799,543659335,279792.5,-2797.9249999999997,0.4186415218874321,89950,0.5383661431074143
1800,709073582,154122.5,-1541.2250000000004,0.41844225094837456,90000,0.5273255634307862
1801,46696714,168422.5,-1684.2250000000001,0.41824307961988194,90050,0.5110754066705704
1802,874804234,248527.5,-2485.275000000001,0.4180440078521613,90100,0.521473788022995
1803,797646789,338502.5,-3385.0249999999996,0.4178450355954446,90150,0.5338157585263252
1804,227789906,130222.5,-1302.2250000000001,0.41764616279998895,90200,0.48134943693876264
1805,359595050,125970.0,-1259.6999999999994,0.417447389416076,90250,0.5067376604676247
1806,534052870,119355.0,-1193.55,0.41724871539401254,90300,0.5089756208658218
1807,210186795,161250.0,-1612.5,0.41705014068413,90350,0.4810526615381241
1808,126115346,318842.5,-3188.4250000000006,0.4168516652367847,90400,0.5068036442995072
1809,789926235,183167.5,-1831.6749999999997,0.4166532890023577,90450,0.4955112707614899
1810,807492606,199510.0,-1995.0999999999997,0.4164550119312551,90500,0.4927301099896431
1811,891284159,297077.5,-2970.7750000000005,0.4162568339739075,90550,0.4862335667014122
1812,663191722,155707.5,-1557.0750000000005,0.41605875508077045,90600,0.4905782252550125
1813,936332160,229580.0,-2295.8,0.41586077520232423,90650,0.5230059906840324
1814,654006265,243077.5,-2430.774999999999,0.41566289428907394,90700,0.4572222790122032
1815,478780710,197720.0,-1977.1999999999991,0.4154651122915492,90750,0.5220329546928406
1816,12744696,143077.5,-1430.775,0.41526742916030474,90800,0.4915193450450897
1817,777360334,149095.0,-1490.95,0.4150698448459194,90850,0.4606896898150444
1818,712173221,123582.5,-1235.8249999999998,0.4148723592989975,90900,0.5078455004096031
1819,196779295,354025.0,-3540.25,0.41467497247016744,90950,0.48589571833610534
1820,822118729,223362.5,-2233.6249999999995,0.4144776843100826,91000,0.4760862052440643
1821,486532130,202097.5,-2020.9750000000006,0.4142804947694208,91050,0.48006276190280917
1822,395622731,143960.0,-1439.6000000000001,0.4140834037988848,91100,0.4963981604576111
1823,702147482,176890.0,-1768.9,0.41388641134920173,91150,0.5062335020303727
1824,254025186,158157.5,-1581.575,0.41368951737112364,91200,0.5005769273638725
1825,121858422,132802.5,-1328.0250000000003,0.4134927218154269,91250,0.45051204979419707
1826,897701601,183615.0,-1836.15,0.4132960246329127,91300,0.47454419016838073
1827,136339634,149385.0,-1493.85,0.41309942577440667,91350,0.45069792032241823
1828,486409150,111830.0,-1118.3000000000002,0.4129029251907591,91400,0.49036135375499723
1829,506042970,103610.0,-1036.1000000000001,0.4127065228328449,91450,0.45486866623163225
1830,633875948,95617.5,-956.1749999999998,0.4125102186515635,91500,0.48364779889583587
1831,986119586,213032.5,-2130.325,0.4123140125978388,91550,0.5120052900910378
1832,150738136,154325.0,-1543.2500000000005,0.41211790462261927,91600,0.43678256690502165
1833,365173012,183370.0,-1833.7,0.4119218946768779,91650,0.4832464185357094
1834,380063933,182880.0,-1828.8000000000002,0.4117259827116123,91700,0.4655605536699295
1835,698188725,249017.5,-2490.1749999999997,0.41153016867784437,91750,0.4679852792620659
1836,356149183,189307.5,-1893.0750000000003,0.4113344525266207,91800,0.4587156316637993
1837,680604271,167252.5,-1672.5249999999996,0.4111388342090122,91850,0.48854453295469286
1838,454779566,295405.0,-2954.0499999999997,0.41094331367611425,91900,0.4671162211894989
1839,827232608,205017.5,-2050.1749999999997,0.4107478908790468,91950,0.5068130087852478
1840,531241426,235277.5,-2352.7749999999996,0.41055256576895405,92000,0.4679539242386818
1841,532008760,135185.0,-1351.85,0.41035733829700477,92050,0.4673008364439011
1842,788366617,220737.5,-2207.3749999999995,0.41016220841439216,92100,0.44770750403404236
1843,446377832,111937.5,-1119.3749999999998,0.4099671760723336,92150,0.45923040121793746
1844,338748469,367555.0,-3675.55,0.4097722412220712,92200,0.4336483544111252
1845,743254408,261292.5,-2612.9249999999997,0.409577403814871,92250,0.4520912691950798
1846,865786565,194140.0,-1941.3999999999999,0.4093826638020239,92300,0.4342947292327881
1847,228560762,141357.5,-1413.5750000000005,0.40918802113484476,92350,0.42037503749132155
1848,832761832,166472.5,-1664.7250000000004,0.4089934757646729,92400,0.47232974857091903
1849,174748539,240337.5,-2403.3750000000005,0.408799027642872,92450,0.45771046668291093
1850,75888631,187315.0,-1873.1500000000008,0.40860467672083006,92500,0.40907198131084443
1851,415694681,220575.0,-2205.7500000000005,0.40841042294995933,92550,0.4383420014381409
1852,609212715,209272.5,-2092.725000000001,0.4082162662816963,92600,0.4275579690933228
1853,213627571,124905.0,-1249.0500000000004,0.4080222066675019,92650,0.4680059823393822
1854,582304745,184865.0,-1848.6499999999996,0.40782824405886126,92700,0.475934661924839
1855,450049090,155490.0,-1554.9,0.40763437840728356,92750,0.44364302575588227
1856,118842573,265150.0,-2651.5000000000005,0.4074406096643025,92800,0.426976577937603
1857,546789939,111500.0,-1115.0,0.4072469377814759,92850,0.46042787373065946
1858,3007477,172552.5,-1725.525,0.4070533627103858,92900,0.4452794149518013
1859,838043009,147582.5,-1475.8249999999996,0.40685988440263826,92950,0.4471385246515274
1860,435433978,124470.0,-1244.7,0.406666502809864,93000,0.4504286730289459
1861,469641374,154320.0,-1543.1999999999996,0.4064732178837173,93050,0.4539961302280426
1862,167674689,396437.5,-3964.375,0.4062800295758772,93100,0.44909192562103273
1863,39699339,124177.5,-1241.7749999999996,0.40608693783804645,93150,0.43468241810798647
1864,961883545,175440.0,-1754.3999999999999,0.4058939426219522,93200,0.3916352918744087
1865,333428632,125945.0,-1259.4500000000003,0.4057010438793456,93250,0.45223891466856003
1866,711929962,123750.0,-1237.5,0.40550824156200194,93300,0.41566580086946486
1867,413211924,158127.5,-1581.2749999999999,0.40531553562172074,93350,0.4196576577425003
1868,95252542,195375.0,-1953.7499999999995,0.40512292601032546,93400,0.4043382516503334
1869,568886279,276540.0,-2765.4000000000005,0.4049304126796636,93450,0.4458011075854301
1870,3248542,133957.5,-1339.5749999999996,0.404737995581607,93500,0.4623223063349724
1871,844168389,167560.0,-1675.6000000000001,0.40454567466805125,93550,0.4333744660019875
1872,780565776,167677.5,-1676.775,0.4043534498909162,93600,0.4169658687710762
1873,288067992,107377.5,-1073.7749999999999,0.4041613212021456,93650,0.4099976974725723
1874,704314205,178115.0,-1781.15,0.40396928855370734,93700,0.4123382270336151
1875,341451506,113867.5,-1138.675,0.4037773518975932,93750,0.4001158967614174
1876,799875115,128485.0,-1284.8500000000001,0.40358551118581903,93800,0.44872645795345306
1877,157563476,265742.5,-2657.4249999999997,0.4033937663704246,93850,0.39372904419898985
1878,775302203,155132.5,-1551.325,0.40320211740347384,93900,0.380556980073452
1879,958838097,283312.5,-2833.124999999999,0.4030105642370544,93950,0.4471905109286308
1880,72838196,208867.5,-2088.6749999999997,0.40281910682327804,94000,0.4194034522771835
1881,650604882,173905.0,-1739.05,0.40262774511428034,94050,0.410538903772831
1882,191411133,123565.0,-1235.6499999999999,0.40243647906222096,94100,0.4088276785612106
1883,22520383,110365.0,-1103.6499999999999,0.40224530861928326,94150,0.4358396327495575
1884,949705674,168010.0,-1680.0999999999997,0.40205423373767474,94200,0.40911478698253634
1885,852038723,185430.0,-1854.3000000000004,0.40186325436962667,94250,0.4151313853263855
1886,228120067,121570.0,-1215.7,0.4016723704673942,94300,0.3973988565802574
1887,869438625,207310.0,-2073.1000000000004,0.40148158198325623,94350,0.44329272538423536
1888,605769630,229457.5,-2294.575,0.40129088886951586,94400,0.4241794240474701
1889,96620629,232745.0,-2327.4499999999994,0.40110029107849965,94450,0.41339364141225815
1890,241104300,220412.5,-2204.125,0.40090978856255816,94500,0.4355502298474312
1891,939099372,156747.5,-1567.4750000000001,0.4007193812740658,94550,0.4109494608640671
1892,449202124,200985.0,-2009.8500000000004,0.4005290691654208,94600,0.39803998559713366
1893,550629261,210287.5,-2102.8749999999995,0.40033885218904497,94650,0.3811159685254097
1894,51789075,138795.0,-1387.95,0.4001487302973843,94700,0.3892284259200096
1895,810501026,291752.5,-2917.525,0.39995870344290807,94750,0.37162004202604293
1896,389189141,211582.5,-2115.825,0.39976877157810975,94800,0.38788285285234453
1897,847106032,237805.0,-2378.0500000000006,0.3995789346555063,94850,0.38994567781686784
1898,131892155,173887.5,-1738.8750000000011,0.3993891926276385,94900,0.3954172784090042
1899,999322013,146977.5,-1469.7749999999996,0.3991995454470708,94950,0.37728977501392363
1900,721158677,164582.5,-1645.8249999999998,0.39900999306639146,95000,0.3910138019919395
1901,256497521,115435.0,-1154.3500000000001,0.39882053543821233,95050,0.3881243449449539
1902,120122459,121595.0,-1215.9499999999998,0.398631172515169,95100,0.40593199044466016
1903,564769268,111285.0,-1112.85,0.3984419042499208,95150,0.3915709045529365
1904,677984648,344832.5,-3448.325,0.3982527305951507,95200,0.40120043635368347
1905,609994949,150422.5,-1504.2250000000004,0.39806365150356515,95250,0.40164580881595613
1906,185274217,162735.0,-1627.3500000000001,0.39787466692789447,95300,0.3767484599351883
1907,697414174,165185.0,-1651.85,0.3976857768208925,95350,0.36322481811046603
1908,671795230,292507.5,-2925.0750000000007,0.39749698113533666,95400,0.41824662387371064
1909,620270899,138960.0,-1389.6,0.39730827982402817,95450,0.3684883737564087
1910,633416193,139115.0,-1391.1500000000008,0.39711967283979144,95500,0.34887524306774137
1911,283411007,316082.5,-3160.8250000000003,0.396931160135475,95550,0.36933853685855866
1912,232818275,127375.0,-1273.75,0.3967427416639505,95600,0.3906692326068878
1913,618167003,322205.0,-3222.0500000000006,0.3965544173781134,95650,0.3585589972138405
1914,8586720,221085.0,-2210.8499999999995,0.3963661872308827,95700,0.3694597145915031
1915,336174890,164315.0,-1643.1500000000005,0.3961780511752006,95750,0.37751667529344557
1916,619758511,129747.5,-1297.4749999999995,0.3959900091640333,95800,0.36492165327072146
1917,390387771,246715.0,-2467.1499999999996,0.39580206115037037,95850,0.3613350135087967
1918,553907481,159700.0,-1597.0000000000002,0.39561420708722456,95900,0.38653107821941374
1919,599793834,110012.5,-1100.125,0.39542644692763257,95950,0.3693162006139755
1920,692325948,304755.0,-3047.5499999999993,0.3952387806246542,96000,0.41252122312784195
1921,711047234,145680.0,-1456.8,0.39505120813137296,96050,0.3822651079297066
1922,723875691,219130.0,-2191.2999999999997,0.39486372940089565,96100,0.3470238924026489
1923,766991449,156242.5,-1562.4249999999995,0.3946763443863527,96150,0.365674851834774
1924,985775456,145227.5,-1452.2749999999999,0.39448905304089776,96200,0.3506000864505768
1925,265181877,119225.0,-1192.2500000000002,0.3943018553177081,96250,0.3774688875675201
1926,519339533,132495.0,-1324.9499999999998,0.3941147511699842,96300,0.35793195545673373
1927,81702734,177005.0,-1770.0500000000002,0.39392774055095,96350,0.3433461570739746
1928,63137770,216225.0,-2162.25,0.39374082341385286,96400,0.35109387516975404
1929,860415192,121122.5,-1211.2250000000004,0.3935539997119636,96450,0.36386517345905306
1930,787424603,240147.5,-2401.474999999999,0.3933672693985762,96500,0.38895480662584303
1931,192501144,123230.0,-1232.3,0.39318063242700807,96550,0.3634472846984863
1932,24422222,213985.0,-2139.85,0.3929940887506,96600,0.36285378247499467
1933,921561359,226147.5,-2261.4750000000004,0.39280763832271604,96650,0.3478829684853554
1934,534156084,107747.5,-1077.4750000000001,0.3926212810967436,96700,0.37302035570144654
1935,21581655,148877.5,-1488.7749999999996,0.39243501702609346,96750,0.35936833173036575
1936,861277105,161775.0,-1617.7499999999998,0.3922488460641994,96800,0.3464332711696625
1937,445654152,149795.0,-1497.9499999999998,0.39206276816451885,96850,0.34278496652841567
1938,590672566,164547.5,-1645.4750000000001,0.39187678328053227,96900,0.3611102110147476
1939,889917359,201002.5,-2010.0250000000008,0.3916908913657435,96950,0.33981201231479646
1940,459394275,138582.5,-1385.825,0.39150509237367936,97000,0.32945980221033094
1941,910341705,156462.5,-1564.625,0.3913193862578904,97050,0.31895546078681947
1942,240700739,130812.5,-1308.1249999999998,0.39113377297194984,97100,0.3407632002234459
1943,773253986,174230.0,-1742.3000000000002,0.3909482524694545,97150,0.34769049048423767
1944,848896649,167835.0,-1678.3499999999995,0.39076282470402424,97200,0.3434260666370392
1945,473101024,194855.0,-1948.5500000000002,0.39057748962930205,97250,0.3251635050773621
1946,256276859,144377.5,-1443.775,0.3903922471989542,97300,0.3332566732168198
1947,862651134,146000.0,-1459.9999999999995,0.3902070973666701,97350,0.3397040417790413
1948,949239380,121757.5,-1217.5749999999998,0.3900220400861622,97400,0.3312442418932915
1949,114127392,205600.0,-2056.0,0.38983707531116635,97450,0.32292016327381134
1950,824420660,182890.0,-1828.9,0.3896522029954412,97500,0.3572748574614525
1951,715651595,180697.5,-1806.9749999999997,0.3894674230927687,97550,0.3596393746137619
1952,661946726,158755.0,-1587.55,0.389282735556954,97600,0.3128790745139122
1953,929742955,117542.5,-1175.425,0.389098140341825,97650,0.33342280000448227
1954,34070621,109837.5,-1098.375,0.388913637401233,97700,0.33178038269281385
1955,233711252,125317.5,-1253.1750000000002,0.38872922668905235,97750,0.33557815313339234
1956,401522154,233992.5,-2339.925,0.38854490815918025,97800,0.30887995302677157
1957,71725465,155957.5,-1559.5749999999998,0.3883606817655371,97850,0.31959089130163193
1958,628546906,141445.0,-1414.4500000000007,0.38817654746206637,97900,0.33490422248840335
1959,740291219,155487.5,-1554.8750000000002,0.3879925052027344,97950,0.34183942019939423
1960,912807291,216502.5,-2165.0250000000005,0.3878085549415306,98000,0.31325543373823167
1961,150891595,182370.0,-1823.7,0.3876246966324675,98050,0.3045208889245987
1962,583680955,222847.5,-2228.475,0.3874409302295804,98100,0.3167675024271011
1963,564859087,243780.0,-2437.8,0.38725725568692787,98150,0.3184162512421608
1964,665531397,158452.5,-1584.5250000000003,0.3870736729585911,98200,0.3238393357396126
1965,369753064,193632.5,-1936.3249999999991,0.38689018199867453,98250,0.309241549372673
1966,377373404,114182.5,-1141.825,0.3867067827613053,98300,0.33315782457590104
1967,57837548,159145.0,-1591.45,0.3865234752006338,98350,0.2910266250371933
1968,20237649,227925.0,-2279.249999999999,0.3863402592708329,98400,0.30117029130458833
1969,492452676,228722.5,-2287.225000000001,0.38615713492609877,98450,0.30420204788446426
1970,2155591,195865.0,-1958.6499999999994,0.38597410212065025,98500,0.2847299039363861
1971,60918251,125380.0,-1253.8000000000002,0.3857911608087292,98550,0.30609154552221296
1972,984828820,191250.0,-1912.5,0.38560831094460024,98600,0.3000277701020241
1973,567401455,161380.0,-1613.8000000000002,0.3854255524825509,98650,0.3212934732437134
1974,674938371,149097.5,-1490.9750000000004,0.38524288537689166,98700,0.30901956975460054
1975,227259309,128075.0,-1280.7499999999998,0.38506030958195564,98750,0.31386959582567214
1976,268719376,230050.0,-2300.499999999999,0.38487782505209883,98800,0.3076010555028915
1977,581468550,175900.0,-1758.9999999999995,0.38469543174170023,98850,0.31881678640842437
1978,659183758,173915.0,-1739.1499999999999,0.3845131296051615,98900,0.3129812574386597
1979,157137874,199057.5,-1990.575,0.38433091859690705,98950,0.28206554472446443
1980,222525526,166057.5,-1660.5750000000003,0.38414879867138413,99000,0.29276630878448484
1981,623190599,422962.5,-4229.625000000001,0.38396676978306277,99050,0.3354905319213867
1982,373418116,138935.0,-1389.3500000000004,0.38378483188643575,99100,0.29126800239086154
1983,876792377,200312.5,-2003.1250000000002,0.3836029849360187,99150,0.2710026830434799
1984,770595817,200062.5,-2000.625,0.3834212288863496,99200,0.3035897719860077
1985,982380690,115557.5,-1155.5750000000003,0.38323956369198975,99250,0.293727325797081
1986,399454086,250962.5,-2509.6250000000005,0.38305798930752266,99300,0.29042737156152726
1987,389542333,208595.0,-2085.9500000000003,0.3828765056875548,99350,0.285042949616909
1988,90964945,129415.0,-1294.1499999999999,0.3826951127867152,99400,0.3027691662311554
1989,581738968,190365.0,-1903.6500000000008,0.3825138105596558,99450,0.30569657891988755
1990,192370072,118685.0,-1186.8500000000001,0.3823325989610508,99500,0.2747261440753937
1991,934474443,157362.5,-1573.6250000000005,0.38215147794559756,99550,0.2884862434864044
1992,935325505,187360.0,-1873.5999999999995,0.38197044746801556,99600,0.27790211647748947
1993,586036747,185922.5,-1859.2250000000004,0.3817895074830474,99650,0.290849532186985
1994,126369084,264790.0,-2647.9,0.38160865794545795,99700,0.2790974295139313
1995,956895926,157172.5,-1571.7249999999997,0.3814278988100349,99750,0.28245916217565536
1996,201796946,117985.0,-1179.85,0.38124723003158845,99800,0.3000283885002136
1997,628841439,175402.5,-1754.0249999999996,0.3810666515649514,99850,0.2718932557106018
1998,289173825,167582.5,-1675.8250000000005,0.38088616336497905,99900,0.29863383680582045
1999,821198905,176360.0,-1763.5999999999997,0.3807057653865495,99950,0.2696683883666992
2000,552878487,110855.0,-1108.55,0.3805254575845631,100000,0.2563309806585312
2001,307311806,210102.5,-2101.025,0.380345239913943,100050,0.2667018297314644
2002,230870245,125327.5,-1253.275,0.38016511232963474,100100,0.2555109974741936
2003,881541780,156225.0,-1562.25,0.3799850747866065,100150,0.24818635761737823
2004,270654901,114717.5,-1147.1749999999997,0.3798051272398488,100200,0.26990918815135956
2005,433594269,156997.5,-1569.9750000000001,0.37962526964437476,100250,0.2641461598873138
2006,599082581,222495.0,-2224.9500000000007,0.37944550195522003,100300,0.26837892055511475
2007,194335798,152415.0,-1524.1499999999999,0.3792658241274427,100350,0.270167866051197
2008,257626437,140635.0,-1406.3500000000001,0.3790862361161232,100400,0.2791456097364426
2009,392936731,220837.5,-2208.3750000000005,0.3789067378763646,100450,0.26182204484939575
2010,852495603,339310.0,-3393.099999999999,0.37872732936329234,100500,0.26511985003948213
2011,243886708,278657.5,-2786.5750000000003,0.3785480105320544,100550,0.2904599368572235
2012,874808093,152322.5,-1523.2250000000001,0.3783687813378208,100600,0.24532157748937608
2013,533496914,128567.5,-1285.6749999999997,0.37818964173578445,100650,0.2651720187067986
2014,911483906,124395.0,-1243.95,0.37801059168116047,100700,0.23826952248811722
2015,451219857,159235.0,-1592.3500000000001,0.3778316311291862,100750,0.2358406999707222
2016,207897667,120675.0,-1206.75,0.37765276003512166,100800,0.25391184896230695
2017,52454180,118230.0,-1182.3000000000002,0.3774739783542489,100850,0.26054576128721235
2018,770450119,186870.0,-1868.7000000000003,0.3772952860418726,100900,0.25028682589530943
2019,883460528,325670.0,-3256.7,0.37711668305331975,100950,0.25401144921779634
2020,172599701,156367.5,-1563.6750000000002,0.3769381693439395,101000,0.24593260228633881
2021,801148380,120357.5,-1203.5750000000003,0.37675974486910335,101050,0.2625938406586647
2022,427756465,194640.0,-1946.4000000000003,0.37658140958420533,101100,0.2585356694459915
2023,504391494,188480.0,-1884.8,0.3764031634446616,101150,0.2611006173491478
2024,58537115,138980.0,-1389.8000000000002,0.37622500640591056,101200,0.24730337113142015
2025,194363545,129490.0,-1294.9000000000003,0.376046938423413,101250,0.23073149263858794
2026,354773931,120527.5,-1205.2749999999999,0.37586895945265186,101300,0.2660081896185875
2027,389006689,137792.5,-1377.925,0.3756910694491325,101350,0.24524909019470215
2028,19454515,221830.0,-2218.3,0.3755132683683823,101400,0.22940395653247833
2029,401991220,163267.5,-1632.6749999999995,0.37533555616595105,101450,0.23223721593618393
2030,466165608,137677.5,-1376.7750000000003,0.37515793279741066,101500,0.24379056960344314
2031,309714155,284290.0,-2842.8999999999996,0.3749803982183553,101550,0.2358612224459648
2032,939389655,113762.5,-1137.625,0.3748029523844015,101600,0.2250853407382965
2033,29552261,104005.0,-1040.05,0.37462559525118755,101650,0.21663809686899185
2034,806532335,127810.0,-1278.0999999999997,0.37444832677437423,101700,0.2272216272354126
2035,238688643,174740.0,-1747.3999999999999,0.37427114690964447,101750,0.2201439644396305
2036,787831350,254937.5,-2549.375000000001,0.3740940556127033,101800,0.23110511541366577
2037,296753134,150500.0,-1505.0,0.3739170528392779,101850,0.22904599964618683
2038,747737042,159932.5,-1599.3250000000005,0.3737401385451174,101900,0.23805760234594345
2039,950732704,90022.5,-900.2250000000001,0.3735633126859936,101950,0.2365618109703064
2040,560092948,195975.0,-1959.7499999999998,0.37338657521769963,102000,0.22926372528076172
2041,869635720,199207.5,-1992.075,0.3732099260960514,102050,0.2517487886548042
2042,130442270,199755.0,-1997.55,0.37303336527688646,102100,0.21579724937677383
2043,610080525,113257.5,-1132.5749999999998,0.37285689271606476,102150,0.2295483410358429
2044,8879292,166170.0,-1661.7,0.3726805083694681,102200,0.221287781894207
2045,734767666,119465.0,-1194.65,0.37250421219300034,102250,0.2118322317302227
2046,674731222,140855.0,-1408.55,0.3723280041425874,102300,0.2209452670812607
2047,271213648,164695.0,-1646.95,0.3721518841741774,102350,0.20924832433462143
2048,14285712,103850.0,-1038.4999999999998,0.37197585224374025,102400,0.2119782856106758
2049,755863101,252235.0,-2522.349999999999,0.371799908307268,102450,0.2184370216727257
2050,227882662,143522.5,-1435.2250000000001,0.3716240523207746,102500,0.21829502359032632
2051,141461346,120312.5,-1203.1249999999998,0.3714482842402962,102550,0.2142471405863762
2052,714407036,154562.5,-1545.6250000000005,0.37127260402189066,102600,0.2136884343624115
2053,213222821,149220.0,-1492.2,0.37109701162163794,102650,0.20551553770899772
2054,486443766,132230.0,-1322.3,0.37092150699563997,102700,0.2242009696364403
2055,6800019,140130.0,-1401.3,0.3707460901000206,102750,0.21510096177458762
2056,322086755,156902.5,-1569.0250000000003,0.37057076089092555,102800,0.23317314326763153
2057,670740407,161362.5,-1613.6249999999998,0.3703955193245226,102850,0.2111428639292717
2058,694112363,199307.5,-1993.0749999999998,0.3702203653570012,102900,0.20649219632148744
2059,160351896,162285.0,-1622.85,0.37004529894457305,102950,0.20604172021150588
2060,492129731,153110.0,-1531.1000000000004,0.3698703200434714,103000,0.20307962715625763
2061,896152796,242357.5,-2423.5750000000003,0.3696954286099517,103050,0.20782192066311836
2062,43051793,157185.0,-1571.8499999999997,0.3695206246002908,103100,0.2026759457588196
2063,341915407,193352.5,-1933.5249999999999,0.369345907970788,103150,0.19433311596512795
2064,964612334,179007.5,-1790.0750000000012,0.36917127867776395,103200,0.2006984408199787
2065,651661407,168740.0,-1687.4,0.36899673667756144,103250,0.19996895164251327
2066,247524856,139987.5,-1399.8750000000002,0.3688222819265448,103300,0.20103574126958848
2067,169679675,269692.5,-2696.925,0.36864791438110056,103350,0.2127649676799774
2068,858635263,142102.5,-1421.025,0.3684736339976368,103400,0.20248062133789063
2069,757439348,154360.0,-1543.6,0.36829944073258325,103450,0.20841739922761918
2070,258377093,133367.5,-1333.675,0.3681253345423917,103500,0.20000342532992363
2071,21461550,186625.0,-1866.2500000000007,0.36795131538353565,103550,0.21265000551939012
2072,735854822,139085.0,-1390.85,0.3677773832125102,103600,0.19576333448290825
2073,867393168,191947.5,-1919.4750000000001,0.3676035379858324,103650,0.20516889780759812
2074,712344160,200665.0,-2006.6499999999996,0.36742977966004087,103700,0.19618604689836502
2075,344326692,162060.0,-1620.6000000000001,0.3672561081916961,103750,0.19933084189891814
2076,502235095,224075.0,-2240.75,0.3670825235373802,103800,0.20494033262133599
2077,518345157,164952.5,-1649.5249999999994,0.366909025653697,103850,0.19877395033836365
2078,540145596,156107.5,-1561.0750000000005,0.3667356144972719,103900,0.19826545923948288
2079,975104742,117600.0,-1176.0000000000005,0.3665622900247524,103950,0.19314882904291153
2080,57859492,308250.0,-3082.4999999999995,0.3663890521928071,104000,0.19753755062818526
2081,199427618,149707.5,-1497.0749999999998,0.3662159009581267,104050,0.19775274991989136
2082,488880799,142467.5,-1424.6750000000002,0.36604283627742323,104100,0.19162799745798112
2083,249179364,146007.5,-1460.0750000000003,0.3658698581074308,104150,0.19958411514759064
2084,566816494,150825.0,-1508.2500000000005,0.3656969664049046,104200,0.20286861956119537
2085,132009712,119017.5,-1190.175,0.3655241611266219,104250,0.19588520437479018
2086,506235805,165035.0,-1650.3500000000001,0.36535144222938115,104300,0.20557647004723548
2087,165486050,116235.0,-1162.35,0.3651788096700028,104350,0.17875569552183151
2088,318706630,152840.0,-1528.4,0.3650062634053287,104400,0.18618905201554298
2089,984207799,153480.0,-1534.8000000000004,0.36483380339222227,104450,0.1898952032625675
2090,591088975,133242.5,-1332.4249999999997,0.36466142958756836,104500,0.1947339043021202
2091,451824116,173515.0,-1735.15,0.36448914194827375,104550,0.1877259483933449
2092,533976669,128340.0,-1283.3999999999996,0.3643169404312664,104600,0.18580198645591736
2093,187871141,111170.0,-1111.6999999999998,0.364144824993496,104650,0.1875457501411438
2094,348299434,119247.5,-1192.475,0.3639727955919335,104700,0.1808510199189186
2095,776439365,245800.0,-2458.0,0.36380085218357183,104750,0.18329388856887818
2096,256323138,158967.5,-1589.6749999999997,0.363628994725425,104800,0.1822606900334358
2097,605041951,143712.5,-1437.1250000000002,0.36345722317452855,104850,0.18985747143626214
2098,666150420,217050.0,-2170.5,0.3632855374879397,104900,0.1867069974541664
2099,888216302,151142.5,-1511.4250000000002,0.363113937622737,104950,0.19155754864215851
2100,290558855,215232.5,-2152.3250000000003,0.3629424235360206,105000,0.19258593767881393
2101,590015279,129487.5,-1294.875,0.3627709951849118,105050,0.20105988934636115
2102,632892753,146497.5,-1464.9749999999997,0.36259965252655346,105100,0.1909579862654209
2103,703285500,142932.5,-1429.3250000000005,0.3624283955181102,105150,0.18217699766159057
2104,468863340,105427.5,-1054.2749999999999,0.3622572241167676,105200,0.18449773922562598
2105,989752696,155062.5,-1550.6250000000002,0.36208613827973274,105250,0.1810290151834488
2106,217169453,127910.0,-1279.0999999999997,0.3619151379642342,105300,0.1754311229288578
2107,160533852,187085.0,-1870.8499999999997,0.361744223127522,105350,0.18164425417780877
2108,901208067,133720.0,-1337.2,0.36157339372686736,105400,0.182167347073555
2109,443798814,165597.5,-1655.975,0.361402649719563,105450,0.17330948755145073
2110,123224658,299750.0,-2997.4999999999995,0.36123199106292264,105500,0.18535431623458862
2111,308310234,242515.0,-2425.1500000000005,0.36106141771428196,105550,0.18642241671681403
2112,588459551,208372.5,-2083.7250000000004,0.36089092963099756,105600,0.17080385521054267
2113,405894308,192742.5,-1927.4250000000004,0.36072052677044725,105650,0.17355159938335418
2114,449028871,138087.5,-1380.8750000000002,0.3605502090900303,105700,0.17645690202713013
2115,780397674,106062.5,-1060.625,0.3603799765471676,105750,0.17856939867138863
2116,232839397,231580.0,-2315.8,0.3602098290993007,105800,0.19895001769065856
2117,949503296,134022.5,-1340.2249999999995,0.36003976670389287,105850,0.17813239872455597
2118,799994872,127247.5,-1272.4750000000001,0.3598697893184285,105900,0.1786286236345768
2119,79278111,136135.0,-1361.3499999999997,0.3596998969004132,105950,0.17072516456246375
2120,318343212,247372.5,-2473.7250000000004,0.35953008940737397,106000,0.17268120497465134
2121,4803516,112447.5,-1124.4750000000001,0.3593603667968588,106050,0.1699117511510849
2122,257315380,194822.5,-1948.2249999999997,0.359190729026437,106100,0.17965775042772292
2123,385179842,108910.0,-1089.1000000000001,0.3590211760536994,106150,0.17421088486909866
2124,556140343,163032.5,-1630.325,0.35885170783625747,106200,0.18829355716705323
2125,47722343,154040.0,-1540.4,0.3586823243317443,106250,0.17069569125771522
2126,179703940,153460.0,-1534.6000000000004,0.35851302549781394,106300,0.17631130516529084
2127,307210155,160930.0,-1609.3000000000002,0.35834381129214177,106350,0.16454391673207283
2128,413141120,108772.5,-1087.7249999999997,0.35817468167242417,106400,0.16813679695129394
2129,233524613,108690.0,-1086.9,0.35800563659637874,106450,0.1773737345635891
2130,399158881,149870.0,-1498.7,0.3578366760217442,106500,0.16727896094322203
2131,275016971,132897.5,-1328.975,0.35766779990628045,106550,0.20219160199165345
2132,604221095,194552.5,-1945.5249999999996,0.3574990082077684,106600,0.16794934421777724
2133,482558926,210055.0,-2100.5499999999997,0.35733030088401024,106650,0.17225560322403907
2134,256042504,193942.5,-1939.425,0.35716167789282893,106700,0.16263747557997704
2135,847897756,175695.0,-1756.9499999999998,0.356993139192069,106750,0.16719225481152533
2136,676466208,169925.0,-1699.25,0.35682468473959555,106800,0.162718263566494
2137,770505991,132772.5,-1327.7250000000004,0.35665631449329505,106850,0.1707998788356781
2138,385425189,200070.0,-2000.7,0.3564880284110749,106900,0.17092581927776337
2139,877208939,125187.5,-1251.8750000000002,0.35631982645086363,106950,0.15531012132763863
2140,840996738,175415.0,-1754.1500000000003,0.3561517085706107,107000,0.171933683604002
2141,161120003,147167.5,-1471.6750000000002,0.3559836747282867,107050,0.17612598419189454
2142,864650251,145260.0,-1452.6,0.35581572488188307,107100,0.16949762687087058
2143,696468249,122570.0,-1225.7000000000003,0.3556478589894125,107150,0.17505845203995704
2144,633784899,160452.5,-1604.5250000000003,0.3554800770089084,107200,0.15863858819007873
2145,302743272,185860.0,-1858.6000000000004,0.35531237889842526,107250,0.16761625811457634
2146,221043136,147247.5,-1472.475,0.35514476461603856,107300,0.18309845343232156
2147,563309466,258190.0,-2581.899999999999,0.35497723411984483,107350,0.16306495025753975
2148,983057034,154585.0,-1545.85,0.35480978736796137,107400,0.16148885115981101
2149,971542414,183230.0,-1832.3,0.3546424243185265,107450,0.17443045616149902
2150,138033560,144122.5,-1441.2249999999997,0.35447514492969945,107500,0.16587506458163262
2151,902675318,125847.5,-1258.4750000000001,0.3543079491596603,107550,0.16084515258669854
2152,374693765,133397.5,-1333.9750000000001,0.35414083696661025,107600,0.16207489341497422
2153,584630948,129655.0,-1296.5500000000002,0.3539738083087712,107650,0.1650005328655243
2154,595652943,154445.0,-1544.45,0.353806863144386,107700,0.1682112404704094
2155,741750844,197295.0,-1972.9499999999996,0.35364000143171814,107750,0.15983430549502373
2156,401461598,122365.0,-1223.65,0.3534732231290525,107800,0.16057648584246637
2157,441533237,172115.0,-1721.1499999999999,0.35330652819469444,107850,0.1685873946547508
2158,738765642,150252.5,-1502.5249999999996,0.3531399165869701,107900,0.15831495493650435
2159,486498362,224265.0,-2242.6499999999996,0.3529733882642266,107950,0.16517573833465576
2160,786274396,107962.5,-1079.6250000000002,0.3528069431848319,108000,0.16357837677001952
2161,354514119,168845.0,-1688.45,0.3526405813071748,108050,0.18923414319753648
2162,987514617,111852.5,-1118.5249999999999,0.3524743025896648,108100,0.16572546914219857
2163,599460976,123810.0,-1238.1000000000004,0.352308106990732,108150,0.1616528581082821
2164,209930543,193702.5,-1937.025,0.3521419944688278,108200,0.1636403453350067
2165,888701334,130642.5,-1306.425,0.351975964982424,108250,0.16655316963791847
2166,336953318,135257.5,-1352.5749999999998,0.3518100184900131,108300,0.15845367893576623
2167,918730427,161707.5,-1617.0749999999996,0.3516441549501085,108350,0.15786893650889397
2168,495685343,173330.0,-1733.3000000000004,0.35147837432124446,108400,0.16676970228552818
2169,350833277,150845.0,-1508.4500000000005,0.35131267656197573,108450,0.1600202253460884
2170,290633748,126342.5,-1263.4250000000002,0.35114706163087783,108500,0.16510451212525368
2171,726143346,140495.0,-1404.9499999999998,0.35098152948654704,108550,0.1479984401166439
2172,586934017,145827.5,-1458.2749999999996,0.35081608008760035,108600,0.16449298843741417
2173,74508976,211682.5,-2116.825,0.3506507133926754,108650,0.1618730218708515
2174,713520099,192410.0,-1924.1,0.3504854293604306,108700,0.16295138671994208
2175,689647063,143657.5,-1436.5749999999991,0.35032022794954476,108750,0.16900420784950257
2176,474703443,149757.5,-1497.575,0.35015510911871767,108800,0.17980683714151383
2177,91859145,187707.5,-1877.0749999999998,0.34999007282666955,108850,0.16123632431030274
2178,57599436,275217.5,-2752.1749999999997,0.3498251190321414,108900,0.152463009506464
2179,85388314,156085.0,-1560.8500000000004,0.3496602476938947,108950,0.1591646833717823
2180,335860222,146347.5,-1463.4750000000004,0.3494954587707117,109000,0.1604149304330349
2181,124485755,163302.5,-1633.025,0.3493307522213951,109050,0.15269092693924904
2182,101616189,230600.0,-2306.0,0.3491661280047682,109100,0.15575778156518935
2183,867450837,183162.5,-1831.6250000000002,0.349001586079675,109150,0.15476163789629938
2184,885037939,339760.0,-3397.599999999999,0.3488371264049801,109200,0.15707383096218108
2185,773050186,123205.0,-1232.0500000000002,0.34867274893956846,109250,0.15765793278813361
2186,889374518,164440.0,-1644.4000000000003,0.34850845364234584,109300,0.1507893557846546
2187,602315823,145967.5,-1459.675,0.3483442404722383,109350,0.15405482485890387
2188,529759118,120560.0,-1205.6000000000001,0.34818010938819255,109400,0.15397551015019417
2189,363840167,159822.5,-1598.2250000000006,0.3480160603491759,109450,0.1498630803823471
2190,103168834,181377.5,-1813.7750000000003,0.3478520933141761,109500,0.15083037763834
2191,288896386,238482.5,-2384.825,0.34768820824220126,109550,0.17718145683407782
2192,780942190,156870.0,-1568.6999999999998,0.3475244050922802,109600,0.15696065947413446
2193,984606162,140122.5,-1401.2249999999997,0.34736068382346214,109650,0.15937658429145812
2194,563797249,130300.0,-1302.9999999999998,0.34719704439481675,109700,0.15461526170372963
2195,988484822,162190.0,-1621.9000000000003,0.34703348676543405,109750,0.15290714398026467
2196,627926046,149822.5,-1498.2249999999997,0.3468700108944249,109800,0.15699787840247154
2197,680678489,138787.5,-1387.875,0.34670661674092007,109850,0.15235976576805116
2198,817304602,167350.0,-1673.5,0.3465433042640712,109900,0.1576021856069565
2199,379335177,179707.5,-1797.0749999999996,0.34638007342305005,109950,0.1582926817238331
2200,900149459,149765.0,-1497.6499999999996,0.34621692417704897,110000,0.15283369213342668
2201,907257634,108522.5,-1085.2250000000001,0.34605385648528064,110050,0.15334092900156976
2202,25093760,121122.5,-1211.2250000000004,0.3458908703069781,110100,0.15752097591757774
2203,359290258,127357.5,-1273.5750000000005,0.34572796560139485,110150,0.15321115031838417
2204,932972690,224185.0,-2241.8500000000004,0.34556514232780466,110200,0.1565024471282959
2205,648203561,165652.5,-1656.5249999999999,0.3454024004455018,110250,0.14563365504145623
2206,461171764,140752.5,-1407.525,0.3452397399138008,110300,0.1687055718898773
2207,901599680,186632.5,-1866.325,0.34507716069203637,110350,0.15168261185288429
2208,424642218,113960.0,-1139.6000000000004,0.34491466273956384,110400,0.15099265977740287
2209,934310180,153832.5,-1538.3250000000003,0.3447522460157587,110450,0.14806165516376496
2210,255704936,149982.5,-1499.8250000000005,0.3445899104800168,110500,0.15344407737255097
2211,52071161,149902.5,-1499.025,0.3444276560917541,110550,0.15482801094651222
2212,343108282,111955.0,-1119.55,0.34426548281040714,110600,0.1574523615837097
2213,716750275,108505.0,-1085.0500000000004,0.34410339059543266,110650,0.14975178778171538
2214,828277042,108640.0,-1086.4,0.3439413794063075,110700,0.14888739183545113
2215,866985883,180982.5,-1809.8249999999998,0.34377944920252873,110750,0.14828926399350167
2216,214495,139417.5,-1394.175,0.34361759994361407,110800,0.14594453245401381
2217,859069954,110710.0,-1107.1,0.3434558315891011,110850,0.14887890964746475
2218,982531438,128472.5,-1284.7249999999997,0.3432941440985477,110900,0.15111269369721414
2219,125540966,289682.5,-2896.824999999999,0.3431325374315319,110950,0.14100298196077346
2220,75319546,161940.0,-1619.3999999999996,0.34297101154765225,111000,0.1480054947733879
2221,415546039,172975.0,-1729.7499999999995,0.3428095664065272,111050,0.16414746940135955
2222,508687753,131827.5,-1318.275,0.34264820196779533,111100,0.1553279522061348
2223,857197013,200210.0,-2002.100000000001,0.34248691819111565,111150,0.16084116578102112
2224,755719479,127682.5,-1276.825,0.34232571503616727,111200,0.14806083261966704
2225,733642509,107327.5,-1073.275,0.3421645924626493,111250,0.1518682137131691
2226,451014053,114412.5,-1144.125,0.34200355043028113,111300,0.14297024503350259
2227,266157219,93575.0,-935.7500000000001,0.3418425888988022,111350,0.15010178864002227
2228,908147942,139877.5,-1398.7750000000003,0.3416817078279722,111400,0.14765144854784013
2229,570605504,202947.5,-2029.4750000000004,0.34152090717757083,111450,0.15247644171118735
2230,632246638,104097.5,-1040.975,0.34136018690739794,111500,0.15341006442904473
2231,244399703,122305.0,-1223.05,0.3411995469772734,111550,0.1512719376385212
2232,473083731,159240.0,-1592.3999999999999,0.3410389873470373,111600,0.15419759169220926
2233,404674593,139017.5,-1390.1750000000002,0.3408785079765497,111650,0.14701822265982628
2234,783358265,188952.5,-1889.5249999999999,0.34071810882569087,111700,0.14956721380352975
2235,797007796,142787.5,-1427.8750000000002,0.3405577898543608,111750,0.147157042324543
2236,675060510,172127.5,-1721.2749999999996,0.34039755102247987,111800,0.16531034871935846
2237,19716328,164242.5,-1642.4249999999997,0.34023739228998845,111850,0.14456654086709023
2238,260471632,157917.5,-1579.1749999999993,0.3400773136168467,111900,0.147377777248621
2239,136142631,152337.5,-1523.3750000000002,0.339917314963035,111950,0.14919872730970382
2240,484713999,113580.0,-1135.8000000000002,0.3397573962885538,112000,0.1458389699459076
2241,605322508,175935.0,-1759.3500000000001,0.33959755755342325,112050,0.14872212022542952
2242,595351720,148817.5,-1488.1750000000004,0.33943779871768376,112100,0.1459080980718136
2243,166231108,158332.5,-1583.3250000000003,0.33927811974139566,112150,0.14414087191224098
2244,954804142,169087.5,-1690.8749999999998,0.3391185205846391,112200,0.14841672390699387
2245,353155265,166415.0,-1664.1499999999999,0.33895900120751443,112250,0.14537666797637938
2246,882519844,122302.5,-1223.0249999999999,0.3387995615701417,112300,0.14860098734498023
2247,581932887,213092.5,-2130.925,0.33864020163266095,112350,0.1510268458724022
2248,664686507,224540.0,-2245.4,0.3384809213552323,112400,0.15254496157169342
2249,67764390,175015.0,-1750.149999999999,0.3383217206980357,112450,0.14973280116915702
2250,957162479,162407.5,-1624.0749999999998,0.33816259962127093,112500,0.14930960834026336
2251,767985614,167180.0,-1671.7999999999997,0.3380035580851576,112550,0.16631299287080764
2252,545840664,162487.5,-1624.8749999999998,0.33784459604993555,112600,0.139315654784441
2253,380082809,162965.0,-1629.6499999999999,0.3376857134758642,112650,0.1501959289610386
2254,286559667,235302.5,-2353.024999999999,0.3375269103232228,112700,0.14882342666387557
2255,101845878,108207.5,-1082.0750000000003,0.33736818655231066,112750,0.14456274062395097
2256,261109950,130965.0,-1309.65,0.33720954212344684,112800,0.1431042644381523
2257,743481320,194675.0,-1946.7499999999995,0.3370509769969701,112850,0.14576494291424752
2258,823832686,139692.5,-1396.925,0.33689249113323944,112900,0.14264719679951668
2259,740046741,119357.5,-1193.575,0.33673408449263303,112950,0.14904046401381493
2260,630587544,164685.0,-1646.85,0.3365757570355495,113000,0.14282296642661094
2261,348571768,114637.5,-1146.375,0.33641750872240683,113050,0.14024459525942803
2262,407410919,170792.5,-1707.9249999999995,0.33625933951364306,113100,0.14393760472536088
2263,658678699,136435.0,-1364.35,0.33610124936971575,113150,0.13877225056290626
2264,458870339,122387.5,-1223.8749999999998,0.33594323825110245,113200,0.1445622530579567
2265,878704478,106207.5,-1062.0749999999996,0.3357853061183003,113250,0.14849355593323707
2266,342405707,131962.5,-1319.6250000000005,0.3356274529318264,113300,0.16014075994491578
2267,960484092,127237.5,-1272.375,0.33546967865221733,113350,0.1416779251396656
2268,911195765,125410.0,-1254.1,0.33531198324002964,113400,0.1441766594350338
2269,671364690,151880.0,-1518.8,0.33515436665583936,113450,0.1497901339828968
2270,363247679,119292.5,-1192.9250000000002,0.3349968288602424,113500,0.15391890659928323
2271,223516357,352877.5,-3528.775,0.33483936981385415,113550,0.14293609127402307
2272,392615657,209337.5,-2093.3750000000005,0.3346819894773102,113600,0.14662261322140693
2273,388279506,97542.5,-975.425,0.33452468781126515,113650,0.14761043563485146
2274,256259257,128652.5,-1286.5249999999999,0.33436746477639373,113700,0.14062707722187043
2275,314379686,155445.0,-1554.4499999999998,0.33421032033339015,113750,0.1458347249031067
2276,414631918,128412.5,-1284.1250000000002,0.33405325444296824,113800,0.14457848235964776
2277,549605677,121100.0,-1211.0000000000002,0.3338962670658616,113850,0.13683194994926454
2278,876329966,208492.5,-2084.925,0.3337393581628234,113900,0.14149297252297402
2279,316203295,167085.0,-1670.8500000000001,0.3335825276946263,113950,0.14206086054444314
2280,97680245,237125.0,-2371.25,0.33342577562206277,114000,0.139807009100914
2281,484736154,144245.0,-1442.45,0.33326910190594483,114050,0.15887201458215713
2282,208942588,141712.5,-1417.1250000000002,0.333112506507104,114100,0.14218153208494186
2283,334333419,132007.5,-1320.075,0.3329559893863914,114150,0.14623656317591668
2284,794524444,149572.5,-1495.7249999999997,0.33279955050467774,114200,0.13868171870708465
2285,886477442,147682.5,-1476.8249999999998,0.3326431898228534,114250,0.14366271391510962
2286,623226085,145130.0,-1451.2999999999997,0.3324869073018281,114300,0.1411640749871731
2287,206316226,232000.0,-2320.000000000001,0.3323307029025313,114350,0.14060873597860335
2288,669624324,131927.5,-1319.275,0.33217457658591176,114400,0.14636407032608986
2289,778617869,155395.0,-1553.95,0.3320185283129381,114450,0.14094591066241263
2290,957838328,273430.0,-2734.3,0.3318625580445981,114500,0.13916464939713477
2291,598068829,167305.0,-1673.0499999999997,0.3317066657418993,114550,0.1386515261232853
2292,446081175,183325.0,-1833.2500000000002,0.33155085136586837,114600,0.1447609093785286
2293,343783803,107032.5,-1070.3250000000003,0.331395114877552,114650,0.13912624925374983
2294,599929702,210922.5,-2109.225,0.3312394562380161,114700,0.13321889132261278
2295,891781165,119645.0,-1196.4499999999996,0.3310838754083458,114750,0.1430796939134598
2296,827948046,164835.0,-1648.3500000000001,0.33092837234964584,114800,0.15922072634100914
2297,60973535,116542.5,-1165.425,0.3307729470230407,114850,0.1393213851749897
2298,439580325,153380.0,-1533.8,0.33061759938967394,114900,0.1442956204712391
2299,755482298,127130.0,-1271.3,0.3304623294107087,114950,0.1409420646727085
2300,125400018,105732.5,-1057.325,0.3303071370473273,115000,0.14148396477103234
2301,967952419,128747.5,-1287.4750000000001,0.33015202226073187,115050,0.14391733184456826
2302,559829286,199202.5,-1992.0249999999999,0.3299969850121436,115100,0.1419101597368717
2303,367958087,143115.0,-1431.15,0.3298420252628032,115150,0.13749453619122506
2304,948063508,318537.5,-3185.3750000000005,0.32968714297397067,115200,0.13882297322154044
2305,241794644,176290.0,-1762.9,0.32953233810692556,115250,0.13934139624238015
2306,571749262,128617.5,-1286.1749999999997,0.3293776106229666,115300,0.14410010308027268
2307,286066881,146527.5,-1465.2749999999999,0.32922296048341193,115350,0.14123353213071824
2308,71174549,107782.5,-1077.825,0.3290683876495989,115400,0.1441506041586399
2309,676078756,220545.0,-2205.4499999999994,0.3289138920828844,115450,0.1337333169579506
2310,684440631,129712.5,-1297.1249999999998,0.3287594737446446,115500,0.1373624850809574
2311,502473705,239810.0,-2398.1,0.32860513259627483,115550,0.15819860562682153
2312,17047782,156300.0,-1563.0,0.32845086859918976,115600,0.1417558339238167
2313,589758524,144497.5,-1444.975,0.3282966817148235,115650,0.13552497923374177
2314,557773416,152140.0,-1521.3999999999999,0.3281425719046293,115700,0.14428206652402878
2315,504951954,138055.0,-1380.5499999999997,0.32798853913007964,115750,0.13913946181535722
2316,286136439,206277.5,-2062.775,0.3278345833526663,115800,0.13596564903855324
2317,220264854,145705.0,-1457.0499999999997,0.32768070453390047,115850,0.13686799719929696
2318,157698797,121367.5,-1213.6750000000002,0.3275269026353124,115900,0.13951726302504538
2319,679309384,125165.0,-1251.6499999999999,0.3273731776184516,115950,0.1347918078303337
2320,572187060,208382.5,-2083.825,0.32721952944488675,116000,0.13753069534897805
2321,176565476,214117.5,-2141.175,0.32706595807620586,116050,0.134815032184124
2322,295574861,192492.5,-1924.925,0.32691246347401615,116100,0.139420565366745
2323,237509009,126580.0,-1265.7999999999995,0.32675904559994384,116150,0.1406425341963768
2324,969747346,136945.0,-1369.4500000000003,0.3266057044156345,116200,0.14003541469573974
2325,165458817,156980.0,-1569.8000000000002,0.32645243988275296,116250,0.14040893584489822
2326,359873432,161172.5,-1611.725,0.32629925196298293,116300,0.1532259401679039
2327,483656713,155897.5,-1558.9750000000001,0.32614614061802755,116350,0.14071861043572426
2328,940509930,144180.0,-1441.7999999999995,0.3259931058096088,116400,0.13799396082758902
2329,875925,187197.5,-1871.9749999999997,0.32584014749946816,116450,0.14491787523031235
2330,925589491,137985.0,-1379.8500000000001,0.325687265649366,116500,0.13892868518829346
2331,201903544,118900.0,-1189.0,0.32553446022108184,116550,0.13563904970884322
2332,992823614,145307.5,-1453.0750000000003,0.32538173117641433,116600,0.13908855512738227
2333,412977999,120912.5,-1209.125,0.3252290784771812,116650,0.14315375700592994
2334,32114073,106655.0,-1066.5500000000002,0.3250765020852193,116700,0.14125232324004172
2335,325470900,127217.5,-1272.1749999999997,0.3249240019623845,116750,0.1383914642035961
2336,157991872,119550.0,-1195.5,0.3247715780705517,116800,0.13907598465681076
2337,250944211,195750.0,-1957.4999999999998,0.3246192303716151,116850,0.14056344121694564
2338,446475032,121262.5,-1212.625,0.32446695882748766,116900,0.1329881340265274
2339,826955447,133190.0,-1331.9,0.3243147634001015,116950,0.13515059992671014
2340,374176190,115192.5,-1151.9250000000002,0.3241626440514077,117000,0.1367455603182316
2341,404727267,109050.0,-1090.5,0.3240106007433766,117050,0.1533847537636757
2342,843990136,109250.0,-1092.5,0.32385863343799726,117100,0.13897693976759912
2343,25810800,183340.0,-1833.4,0.32370674209727784,117150,0.13564399778842925
2344,766588983,122727.5,-1227.275,0.3235549266832455,117200,0.1427832266688347
2345,1852110,122942.5,-1229.4249999999997,0.32340318715794647,117250,0.13463461130857468
2346,198405904,154370.0,-1543.6999999999998,0.3232515234834458,117300,0.1383681143820286
2347,662579756,119692.5,-1196.9249999999997,0.3230999356218276,117350,0.13435142189264299
2348,741894191,186340.0,-1863.3999999999999,0.32294842353519476,117400,0.13333866789937018
2349,482136430,116970.0,-1169.7,0.3227969871856695,117450,0.13645873427391053
2350,839370795,129875.0,-1298.7500000000002,0.3226456265353926,117500,0.12893046334385871
2351,376958032,163752.5,-1637.5249999999996,0.3224943415465239,117550,0.13049374088644983
2352,131888876,130622.5,-1306.2250000000001,0.3223431321812421,117600,0.13609658747911454
2353,977217388,184050.0,-1840.5000000000005,0.322191998401745,117650,0.13145800396800042
2354,629418028,152130.0,-1521.3000000000002,0.32204094017024903,117700,0.1362920142710209
2355,773952524,146592.5,-1465.9249999999997,0.32188995744898974,117750,0.13350855082273483
2356,146079502,121985.0,-1219.85,0.3217390502002213,117800,0.14369726166129113
2357,488382064,227537.5,-2275.374999999999,0.32158821838621704,117850,0.1335339279472828
2358,713119719,147242.5,-1472.425,0.321437461969269,117900,0.13976612076163292
2359,866336733,150730.0,-1507.3000000000004,0.3212867809116879,117950,0.1389382414519787
2360,878671988,209832.5,-2098.3249999999994,0.3211361751758036,118000,0.13469024255871773
2361,404282106,117820.0,-1178.1999999999998,0.32098564472396474,118050,0.13424982383847237
2362,690898762,135487.5,-1354.875,0.3208351895185386,118100,0.1377611303329468
2363,212481256,145772.5,-1457.7250000000004,0.3206848095219114,118150,0.1348138830065727
2364,78176710,105532.5,-1055.325,0.32053450469648814,118200,0.14143151998519898
2365,320365740,116595.0,-1165.95,0.32038427500469263,118250,0.13310031846165657
2366,450692755,186195.0,-1861.9499999999996,0.3202341204089674,118300,0.1377626821398735
2367,141005751,160280.0,-1602.8000000000004,0.32008404087177394,118350,0.1328782072663307
2368,628471669,123687.5,-1236.8749999999998,0.31993403635559214,118400,0.13254794523119925
2369,30044925,103007.5,-1030.0750000000003,0.3197841068229211,118450,0.1308825534582138
2370,426385669,196922.5,-1969.2250000000006,0.3196342522362782,118500,0.13868021816015244
2371,432099472,126162.5,-1261.6250000000005,0.31948447255820006,118550,0.1538532032072544
2372,745743307,149302.5,-1493.025,0.3193347677512415,118600,0.1348460979759693
2373,256536465,142602.5,-1426.0249999999999,0.3191851377779765,118650,0.13181462675333022
2374,642376618,146590.0,-1465.9,0.3190355826009975,118700,0.13840562731027603
2375,27285369,191787.5,-1917.875,0.3188861021829157,118750,0.13422684445977212
2376,722713708,110435.0,-1104.3500000000001,0.318736696486361,118800,0.13373299658298493
2377,130600805,157785.0,-1577.8500000000001,0.318587365473982,118850,0.13423539847135543
2378,763602033,122312.5,-1223.1249999999998,0.31843810910844583,118900,0.14217726051807403
2379,303101563,122632.5,-1226.325,0.31828892735243863,118950,0.1330089372396469
2380,872615267,131125.0,-1311.2499999999995,0.3181398201686647,119000,0.13586876198649406
2381,432577686,147037.5,-1470.375,0.31799078751984744,119050,0.12872115284204483
2382,222017935,125742.5,-1257.4249999999995,0.3178418293687286,119100,0.13333955466747283
2383,753029375,197205.0,-1972.0499999999997,0.31769294567806866,119150,0.13357882753014563
2384,73251078,159535.0,-1595.3500000000001,0.3175441364106466,119200,0.13594116747379303
2385,613901432,130110.0,-1301.1000000000001,0.31739540152926027,119250,0.1281290151178837
2386,454141786,157022.5,-1570.225,0.31724674099672595,119300,0.14243872463703156
2387,238915691,125507.5,-1255.0749999999998,0.3170981547758783,119350,0.13417491406202317
2388,153388834,132215.0,-1322.15,0.3169496428295709,119400,0.13740220576524734
2389,907496479,170742.5,-1707.4250000000006,0.31680120512067583,119450,0.13947746768593788
2390,184299818,175810.0,-1758.1,0.31665284161208357,119500,0.1319672593474388
2391,103562952,126557.5,-1265.5750000000003,0.3165045522667032,119550,0.13839081779122353
2392,294980130,111135.0,-1111.35,0.31635633704746247,119600,0.13288654908537864
2393,846588108,183290.0,-1832.9000000000008,0.3162081959173076,119650,0.13517486289143563
2394,398940426,154747.5,-1547.475,0.3160601288392032,119700,0.13237166792154312
2395,808287858,147142.5,-1471.4250000000002,0.31591213577613253,119750,0.13728205099701882
2396,136755056,159402.5,-1594.0250000000003,0.31576421669109733,119800,0.13559549674391747
2397,493045517,159347.5,-1593.4749999999997,0.3156163715471179,119850,0.13315662875771522
2398,240966095,116135.0,-1161.35,0.3154686003072329,119900,0.12797512888908386
2399,145668785,144230.0,-1442.3,0.31532090293449955,119950,0.13960881888866425
2400,67752547,118420.0,-1184.2000000000003,0.3151732793919934,120000,0.13698247760534288
2401,313503353,172640.0,-1726.4,0.3150257296428086,120050,0.1414614087343216
2402,283223164,165400.0,-1654.0000000000007,0.3148782536500578,120100,0.1342637601494789
2403,420828752,170382.5,-1703.825,0.314730851376872,120150,0.13275809317827225
2404,67422729,142470.0,-1424.7000000000003,0.31458352278640056,120200,0.13803342044353484
2405,980462764,113932.5,-1139.325,0.3144362678418112,120250,0.1270629136264324
2406,148501807,204507.5,-2045.075,0.3142890865062905,120300,0.13077073514461518
2407,961758723,126635.0,-1266.3500000000001,0.31414197874304295,120350,0.13073635175824166
2408,655466619,145667.5,-1456.6749999999995,0.3139949445152916,120400,0.1309705227613449
2409,612519648,137410.0,-1374.1000000000004,0.3138479837862779,120450,0.13528754740953444
2410,57979371,138387.5,-1383.8749999999995,0.3137010965192616,120500,0.1414700496196747
2411,158073537,125042.5,-1250.4249999999997,0.31355428267752106,120550,0.1313733486831188
2412,857445569,121055.0,-1210.5500000000002,0.3134075422243527,120600,0.1274080529808998
2413,155222926,118162.5,-1181.6250000000002,0.3132608751230713,120650,0.129032174795866
2414,339681062,135375.0,-1353.7499999999995,0.3131142813370104,120700,0.12803773149847986
2415,726952953,193850.0,-1938.5000000000005,0.3129677608295213,120750,0.1328779323399067
2416,166237635,108262.5,-1082.6249999999998,0.3128213135639739,120800,0.14125576183199884
2417,355067992,119702.5,-1197.025,0.31267493950375636,120850,0.12838137909770012
2418,919843819,123337.5,-1233.375,0.3125286386122753,120900,0.1345105390250683
2419,130489098,133442.5,-1334.4249999999997,0.31238241085295543,120950,0.12770612806081771
2420,860563260,180625.0,-1806.25,0.3122362561892398,121000,0.1330961325764656
2421,752270362,144625.0,-1446.25,0.31209017458458965,121050,0.12462606713175774
2422,461871137,112802.5,-1128.025,0.3119441660024847,121100,0.12862032145261765
2423,494689019,129067.5,-1290.6749999999997,0.3117982304064229,121150,0.1332256719470024
2424,61107860,136160.0,-1361.6,0.31165236775992006,121200,0.12439455732703208
2425,746333343,169490.0,-1694.8999999999999,0.3115065780265107,121250,0.13024148255586623
2426,730145140,122137.5,-1221.3750000000002,0.3113608611697475,121300,0.13363716036081313
2427,188621059,139712.5,-1397.125,0.311215217153201,121350,0.13587208494544029
2428,562465270,123822.5,-1238.2249999999995,0.3110696459404603,121400,0.13097267478704452
2429,878429355,121785.0,-1217.85,0.3109241474951326,121450,0.12686373725533484
2430,703868459,117595.0,-1175.95,0.3107787217808433,121500,0.12798184394836426
2431,624608083,178730.0,-1787.2999999999995,0.310633368761236,121550,0.14242316663265228
2432,768191053,282657.5,-2826.5750000000003,0.3104880883999724,121600,0.13404459074139596
2433,676370562,199892.5,-1998.925,0.31034288066073235,121650,0.13215449929237366
2434,218552583,124447.5,-1244.4750000000001,0.31019774550721396,121700,0.1288824212551117
2435,626477237,100420.0,-1004.2000000000002,0.31005268290313354,121750,0.1274269016087055
2436,243394957,134390.0,-1343.8999999999999,0.3099076928122254,121800,0.13431961596012115
2437,280777646,121522.5,-1215.2250000000001,0.3097627751982418,121850,0.13754324585199357
2438,802907323,117320.0,-1173.1999999999998,0.30961793002495364,121900,0.12474887803196907
2439,99850698,129055.0,-1290.5500000000002,0.3094731572561495,121950,0.13242059350013732
2440,965899189,152780.0,-1527.8,0.30932845685563615,122000,0.12962763383984566
2441,39331251,132392.5,-1323.9250000000002,0.30918382878723843,122050,0.13166965961456298
2442,471089864,108235.0,-1082.35,0.30903927301479955,122100,0.13042205572128296
2443,354281011,152807.5,-1528.0749999999994,0.3088947895021804,122150,0.131070032119751
2444,392909328,140905.0,-1409.05,0.3087503782132601,122200,0.12959830954670906
2445,653881634,131537.5,-1315.3749999999998,0.30860603911193585,122250,0.12533836483955382
2446,93450582,155407.5,-1554.075,0.3084617721621229,122300,0.13971465453505516
2447,695904450,100877.5,-1008.7749999999997,0.3083175773277545,122350,0.12428369253873825
2448,283297770,112382.5,-1123.8250000000003,0.30817345457278195,122400,0.13313899099826812
2449,738188533,194430.0,-1944.3,0.30802940386117444,122450,0.13276611819863318
2450,454165894,133930.0,-1339.3000000000002,0.3078854251569195,122500,0.13042572721838952
2451,174112598,144342.5,-1443.4250000000002,0.30774151842402236,122550,0.13175563439726828
2452,252226046,205532.5,-2055.325,0.3075976836265063,122600,0.12581019565463067
2453,607993212,152310.0,-1523.1000000000001,0.30745392072841254,122650,0.12917962908744812
2454,844243789,159142.5,-1591.4249999999997,0.3073102296938006,122700,0.12553150370717048
2455,533929228,126657.5,-1266.5749999999998,0.30716661048674754,122750,0.13380979061126708
2456,823863910,175487.5,-1754.8749999999995,0.30702306307134863,122800,0.12341086640954017
2457,349356561,221940.0,-2219.4000000000005,0.30687958741171684,122850,0.1301937261223793
2458,905276230,211402.5,-2114.0249999999996,0.30673618347198356,122900,0.1265220357477665
2459,997240302,198637.5,-1986.3750000000002,0.30659285121629754,122950,0.12966873303055762
2460,789229153,112650.0,-1126.5,0.30644959060882593,123000,0.13014901742339136
2461,242385703,142080.0,-1420.7999999999997,0.30630640161375333,123050,0.1323293098807335
2462,682731450,142332.5,-1423.3249999999998,0.30616328419528266,123100,0.13273293510079384
2463,378504714,129052.5,-1290.5250000000003,0.3060202383176346,123150,0.1330370905995369
2464,664704470,104117.5,-1041.175,0.30587726394504755,123200,0.1294281515479088
2465,702950362,143460.0,-1434.6000000000004,0.305734361041778,123250,0.12085697665810585
2466,415619932,131372.5,-1313.7250000000004,0.3055915295721002,123300,0.12325704544782638
2467,545986325,180132.5,-1801.325,0.30544876950030625,123350,0.1272967801988125
2468,420001627,129867.5,-1298.6750000000004,0.3053060807907062,123400,0.1300156144797802
2469,917108405,161902.5,-1619.0249999999999,0.3051634634076278,123450,0.1278240592777729
2470,749498161,116902.5,-1169.025,0.3050209173154167,123500,0.1337723948061466
2471,956494465,132062.5,-1320.625,0.3048784424784365,123550,0.12868499085307122
2472,956893024,117432.5,-1174.3250000000003,0.30473603886106837,123600,0.11844407752156258
2473,167464066,143990.0,-1439.8999999999999,0.30459370642771144,123650,0.12288048177957535
2474,9606655,110245.0,-1102.4500000000003,0.30445144514278255,123700,0.12885383740067483
2475,443417160,127935.0,-1279.3500000000001,0.30430925497071654,123750,0.13234690070152283
2476,253179647,157675.0,-1576.75,0.30416713587596567,123800,0.13755597591400145
2477,931748458,174505.0,-1745.0499999999997,0.3040250878230002,123850,0.1261850593984127
2478,112858314,134952.5,-1349.5249999999999,0.30388311077630825,123900,0.13153475701808928
2479,502297286,111825.0,-1118.2499999999998,0.30374120470039545,123950,0.12908258125185967
2480,59895257,134935.0,-1349.3499999999995,0.30359936955978534,124000,0.12102732509374618
2481,661202284,139132.5,-1391.3249999999998,0.303457605319019,124050,0.12824366733431816
2482,370509475,131675.0,-1316.75,0.30331591194265556,124100,0.12899011835455895
2483,744440650,105410.0,-1054.1,0.3031742893952716,124150,0.12764061421155928
2484,706442838,162105.0,-1621.0499999999997,0.3030327376414614,124200,0.12400841802358627
2485,60728443,113717.5,-1137.1750000000004,0.302891256645837,124250,0.12527274906635286
2486,140799838,123847.5,-1238.475,0.3027498463730284,124300,0.1254611524939537
2487,80065901,134782.5,-1347.8249999999998,0.3026085067876828,124350,0.12173239976167678
2488,828204441,182387.5,-1823.8749999999995,0.3024672378544654,124400,0.13566288366913795
2489,899765976,114975.0,-1149.7499999999998,0.30232603953805887,124450,0.12640296101570128
2490,619282549,142442.5,-1424.4250000000002,0.3021849118031637,124500,0.11758672580122947
2491,515128723,115722.5,-1157.225,0.302043854614498,124550,0.13535983130335807
2492,911143808,116667.5,-1166.6749999999997,0.3019028679367974,124600,0.12986031413078308
2493,878017665,153257.5,-1532.575,0.3017619517348152,124650,0.12173100978136063
2494,144480447,137612.5,-1376.125,0.3016211059733225,124700,0.12473494201898574
2495,831700949,159337.5,-1593.3750000000002,0.30148033061710766,124750,0.12494249939918518
2496,848986327,110477.5,-1104.775,0.3013396256309771,124800,0.1236370487511158
2497,330102226,117547.5,-1175.4750000000001,0.3011989909797542,124850,0.12427240073680877
2498,290667848,125995.0,-1259.9500000000003,0.30105842662828064,124900,0.1240939012169838
2499,275456281,175535.0,-1755.3499999999995,0.3009179325414152,124950,0.1319157250225544
2500,1250745,122585.0,-1225.8500000000001,0.30077750868403436,125000,0.11629112258553505
2501,323865569,145942.5,-1459.4250000000002,0.30063715502103205,125050,0.12547291830182075
2502,840630496,140010.0,-1400.0999999999992,0.30049687151732,125100,0.11964196264743805
2503,553049792,116330.0,-1163.3,0.3003566581378274,125150,0.12476395413279534
2504,74848859,148097.5,-1480.9750000000001,0.3002165148475007,125200,0.1278846214711666
2505,792651690,125062.5,-1250.6249999999995,0.30007644161130415,125250,0.12593463331460952
2506,844779179,124837.5,-1248.3750000000002,0.2999364383942196,125300,0.13861743062734605
2507,744609293,159522.5,-1595.2249999999997,0.299796505161246,125350,0.12900274276733398
2508,631658914,124560.0,-1245.6,0.29965664187740015,125400,0.12069641023874284
2509,107726515,113277.5,-1132.775,0.2995168485077162,125450,0.12060925588011742
2510,960553509,126560.0,-1265.5999999999997,0.29937712501724584,125500,0.12570133462548255
2511,347366680,119297.5,-1192.9750000000001,0.2992374713710582,125550,0.1271777047216892
2512,804796765,142152.5,-1421.525,0.29909788753423994,125600,0.1239939446747303
2513,359481917,140545.0,-1405.4499999999996,0.2989583734718949,125650,0.12720181033015251
2514,585062869,137215.0,-1372.1500000000003,0.2988189291491447,125700,0.12117083236575127
2515,94253029,120635.0,-1206.3500000000001,0.2986795545311284,125750,0.12208625391125678
2516,386206083,139307.5,-1393.0749999999996,0.298540249583002,125800,0.12054011642932892
2517,979780063,140555.0,-1405.5500000000002,0.2984010142699395,125850,0.12385260626673698
2518,78824672,125875.0,-1258.7500000000002,0.298261848557132,125900,0.1273413108289242
2519,258771220,118100.0,-1181.0,0.2981227524097881,125950,0.11905058562755584
2520,638780118,248022.5,-2480.224999999999,0.29798372579313376,126000,0.12706964910030366
2521,953951239,115115.0,-1151.15,0.29784476867241233,126050,0.12742797240614892
2522,713997782,200220.0,-2002.2,0.2977058810128845,126100,0.12126235961914063
2523,611575563,125322.5,-1253.2250000000001,0.29756706277982836,126150,0.12184664204716683
2524,550188493,156407.5,-1564.075,0.2974283139385394,126200,0.12484705582261085
2525,745816343,106087.5,-1060.875,0.2972896344543304,126250,0.12394527435302734
2526,850993872,205197.5,-2051.975,0.29715102429253126,126300,0.12375546500086784
2527,332916141,146755.0,-1467.5499999999995,0.2970124834184898,126350,0.11715955197811127
2528,389460592,151075.0,-1510.7499999999995,0.29687401179757067,126400,0.1253128656744957
2529,99150859,120785.0,-1207.8500000000004,0.29673560939515586,126450,0.12138879597187043
2530,113434665,119457.5,-1194.5749999999998,0.29659727617664483,126500,0.12107937052845955
2531,827863200,103167.5,-1031.675,0.29645901210745434,126550,0.12650179520249366
2532,316745598,109967.5,-1099.6750000000002,0.2963208171530183,126600,0.12420104175806046
2533,731992611,115920.0,-1159.1999999999998,0.29618269127878794,126650,0.1196142965555191
2534,544731830,110517.5,-1105.175,0.2960446344502318,126700,0.12622763365507125
2535,51623601,129032.5,-1290.325,0.29590664663283583,126750,0.12586311176419257
2536,187316203,217015.0,-2170.15,0.2957687277921029,126800,0.14140435934066772
2537,317540041,100810.0,-1008.0999999999999,0.29563087789355336,126850,0.12407394722104073
2538,76877967,152440.0,-1524.4000000000003,0.29549309690272474,126900,0.1297515970468521
2539,723619289,149657.5,-1496.5750000000003,0.29535538478517176,126950,0.1261825281381607
2540,775518507,128552.5,-1285.525,0.2952177415064664,127000,0.12594299897551536
2541,157121818,199362.5,-1993.625,0.2950801670321979,127050,0.12789111971855163
2542,989993161,144430.0,-1444.3000000000002,0.29494266132797253,127100,0.12421381741762161
2543,530090323,122727.5,-1227.275,0.294805224359414,127150,0.12385889753699303
2544,17876869,196082.5,-1960.8249999999998,0.29466785609216295,127200,0.12234909608960151
2545,317251527,248830.0,-2488.3000000000006,0.29453055649187737,127250,0.12149104028940201
2546,482097467,154905.0,-1549.0499999999997,0.29439332552423225,127300,0.12131979092955589
2547,888256345,117440.0,-1174.4,0.29425616315492004,127350,0.12481202393770217
2548,100268146,127492.5,-1274.9249999999995,0.29411906934965,127400,0.12106929212808609
2549,463069098,145000.0,-1450.0,0.2939820440741488,127450,0.12263196721673011
2550,414734662,140295.0,-1402.9499999999996,0.2938450872941599,127500,0.11808014690876006
2551,799415030,139617.5,-1396.1750000000002,0.29370819897544437,127550,0.1333038680255413
2552,731412440,128585.0,-1285.8500000000001,0.29357137908378,127600,0.12904554963111878
2553,32064571,155870.0,-1558.7,0.2934346275849618,127650,0.12289311751723289
2554,94703281,194217.5,-1942.1749999999995,0.2932979444448019,127700,0.12553465932607652
2555,497189916,127102.5,-1271.0249999999999,0.29316132962912955,127750,0.12213973760604858
2556,333266295,115772.5,-1157.7250000000001,0.2930247831037911,127800,0.12406243622303009
2557,224682039,149522.5,-1495.2250000000001,0.2928883048346498,127850,0.12056784644722938
2558,323246113,146970.0,-1469.7000000000003,0.292751894787586,127900,0.11565276250243187
2559,48565789,116295.0,-1162.9500000000003,0.2926155529284975,127950,0.12287407159805298
2560,687832497,107655.0,-1076.55,0.2924792792232986,128000,0.1174355562031269
2561,996461181,123530.0,-1235.2999999999997,0.2923430736379209,128050,0.12035793960094451
2562,723263473,119385.0,-1193.8499999999997,0.292206936138313,128100,0.11867702260613441
2563,462337024,120685.0,-1206.85,0.2920708666904406,128150,0.11795866295695305
2564,943981163,164662.5,-1646.6249999999998,0.29193486526028634,128200,0.11718682065606117
2565,647674101,111685.0,-1116.8499999999997,0.29179893181384975,128250,0.1227241724729538
2566,225633486,122432.5,-1224.3249999999998,0.29166306631714745,128300,0.12953473031520843
2567,538649489,121540.0,-1215.4,0.29152726873621326,128350,0.11597538620233536
2568,291080351,122405.0,-1224.05,0.29139153903709764,128400,0.11861749917268753
2569,609311462,145805.0,-1458.05,0.2912558771858682,128450,0.11805797889828681
2570,575143735,230422.5,-2304.225,0.29112028314860944,128500,0.11993407428264619
2571,48191662,117920.0,-1179.2,0.2909847568914229,128550,0.12231521293520928
2572,200088794,104047.5,-1040.4750000000001,0.290849298380427,128600,0.11745004430413246
2573,965480182,143167.5,-1431.675,0.2907139075817571,128650,0.11911592856049538
2574,232079128,135112.5,-1351.1250000000002,0.2905785844615655,128700,0.11434993222355842
2575,398864641,139677.5,-1396.7749999999996,0.2904433289860214,128750,0.11706362932920455
2576,133160180,121372.5,-1213.725,0.29030814112131104,128800,0.1247761207818985
2577,336063144,142982.5,-1429.825,0.2901730208336373,128850,0.1243706776201725
2578,259967689,119522.5,-1195.2250000000001,0.29003796808922017,128900,0.11597907736897468
2579,372987762,121145.0,-1211.4500000000003,0.28990298285429644,128950,0.11821574151515961
2580,605244257,130432.5,-1304.3249999999998,0.28976806509511993,129000,0.12158270731568337
2581,632823761,136482.5,-1364.8249999999998,0.28963321477796106,129050,0.13013943105936052
2582,549007734,127837.5,-1278.3750000000002,0.28949843186910723,129100,0.11735232830047608
2583,227122828,143922.5,-1439.225,0.28936371633486274,129150,0.12345401883125305
2584,101924716,111042.5,-1110.425,0.28922906814154886,129200,0.12051827177405357
2585,450481569,119132.5,-1191.3250000000003,0.28909448725550335,129250,0.11844266712665558
2586,529803757,115237.5,-1152.3749999999998,0.28895997364308107,129300,0.11918279126286507
2587,226739283,120162.5,-1201.625,0.2888255272706536,129350,0.12398917779326439
2588,783403142,139217.5,-1392.175,0.2886911481046094,129400,0.12078372806310654
2589,560353243,126365.0,-1263.6499999999996,0.2885568361113536,129450,0.12262626394629478
2590,14524600,110990.0,-1109.9,0.2884225912573081,129500,0.12189073994755745
2591,109444386,168290.0,-1682.8999999999994,0.288288413508912,129550,0.1082367442548275
2592,272339334,109540.0,-1095.4,0.28815430283262056,129600,0.12309652090072631
2593,852772943,119197.5,-1191.975,0.28802025919490626,129650,0.12249915286898613
2594,462982540,136755.0,-1367.55,0.2878862825622581,129700,0.11747269436717034
2595,535370547,136497.5,-1364.9750000000004,0.28775237290118205,129750,0.11013093754649163
2596,945696490,154955.0,-1549.55,0.2876185301782006,129800,0.11833654716610909
2597,864901591,138330.0,-1383.3000000000004,0.2874847543598531,129850,0.11563743501901627
2598,542513380,186047.5,-1860.4750000000001,0.28735104541269557,129900,0.1269435253739357
2599,830429814,116090.0,-1160.9000000000005,0.28721740330330076,129950,0.11985544383525848
2600,654969512,125542.5,-1255.4250000000002,0.2870838279982582,130000,0.11887721911072731
2601,866248606,110995.0,-1109.95,0.28695031946417404,130050,0.11553156271576881
2602,283529094,161252.5,-1612.5249999999999,0.28681687766767106,130100,0.1200446404516697
2603,907993306,116250.0,-1162.5000000000002,0.28668350257538894,130150,0.12160396069288254
2604,869202180,132250.0,-1322.5000000000007,0.2865501941539839,130200,0.12228097051382064
2605,886536004,110965.0,-1109.6500000000003,0.28641695237012876,130250,0.11721333786845207
2606,325321501,137695.0,-1376.95,0.286283777190513,130300,0.1194937764108181
2607,674694646,156612.5,-1566.1249999999998,0.28615066858184307,130350,0.11427108272910118
2608,609696757,119625.0,-1196.2499999999998,0.2860176265108416,130400,0.11414529353380204
2609,618800294,122615.0,-1226.15,0.2858846509442482,130450,0.11672292664647102
2610,741092890,162345.0,-1623.45,0.28575174184881885,130500,0.11185127675533295
2611,778890377,111467.5,-1114.6750000000002,0.2856188991913263,130550,0.12439788058400154
2612,906157063,125702.5,-1257.0249999999999,0.28548612293856007,130600,0.12068391725420952
2613,292422121,125322.5,-1253.225,0.2853534130573259,130650,0.12094896599650383
2614,618648755,104740.0,-1047.3999999999996,0.2852207695144463,130700,0.11710652902722359
2615,654025084,145810.0,-1458.1,0.2850881922767606,130750,0.12039455220103264
2616,245189203,163750.0,-1637.5000000000002,0.28495568131112425,130800,0.11654479384422302
2617,182896391,117250.0,-1172.5,0.2848232365844096,130850,0.11538300558924675
2618,749304683,107157.5,-1071.5749999999998,0.28469085806350547,130900,0.11039886713027953
2619,791485429,151032.5,-1510.3249999999998,0.2845585457153173,130950,0.12461040511727334
2620,676519428,145282.5,-1452.8250000000003,0.28442629950676696,131000,0.11637285649776459
2621,156386076,112262.5,-1122.6249999999998,0.2842941194047928,131050,0.11114395201206208
2622,569809975,218810.0,-2188.0999999999995,0.28416200537634984,131100,0.11792949184775353
2623,362949973,141892.5,-1418.924999999999,0.2840299573884097,131150,0.12152112498879433
2624,664647254,146125.0,-1461.2500000000005,0.2838979754079602,131200,0.11962635144591331
2625,308006444,122037.5,-1220.3749999999998,0.283766059402006,131250,0.11660060286521912
2626,261620881,110292.5,-1102.9249999999997,0.28363420933756794,131300,0.1244992347061634
2627,644041081,117825.0,-1178.2499999999998,0.28350242518168367,131350,0.12217437833547592
2628,507273685,117570.0,-1175.6999999999998,0.28337070690140703,131400,0.11734494537115098
2629,68167642,105510.0,-1055.1,0.2832390544638085,131450,0.11927101895213127
2630,607003490,113730.0,-1137.3,0.2831074678359749,131500,0.11326885610818863
2631,741180872,130760.0,-1307.6,0.28297594698500966,131550,0.12078624308109283
2632,651031908,143632.5,-1436.3250000000005,0.28284449187803257,131600,0.11727825090289117
2633,154205009,130137.5,-1301.375,0.2827131024821798,131650,0.11277769789099694
2634,213847518,133390.0,-1333.9000000000003,0.282581778764604,131700,0.12125875085592269
2635,733127345,138142.5,-1381.4250000000004,0.2824505206924743,131750,0.12505445897579193
2636,992802269,122227.5,-1222.275,0.2823193282329761,131800,0.11628812372684479
2637,615838551,156685.0,-1566.8500000000004,0.28218820135331135,131850,0.11627299502491951
2638,886194810,131405.0,-1314.0500000000002,0.28205714002069826,131900,0.12022804215550423
2639,788429520,111562.5,-1115.6250000000002,0.28192614420237155,131950,0.1147622837126255
2640,76498610,114590.0,-1145.9,0.2817952138655823,132000,0.11423102006316185
2641,781441023,100365.0,-1003.6499999999999,0.2816643489775979,132050,0.12056843176484108
2642,67402365,126677.5,-1266.7749999999996,0.281533549505702,132100,0.11480796307325364
2643,401335808,107570.0,-1075.7,0.2814028154171949,132150,0.12062547132372856
2644,484844650,169832.5,-1698.3250000000003,0.28127214667939304,132200,0.11486871376633644
2645,439808409,112627.5,-1126.275,0.2811415432596292,132250,0.11938463851809501
2646,117494269,103792.5,-1037.925,0.28101100512525246,132300,0.12256958201527596
2647,70846954,119520.0,-1195.2000000000003,0.28088053224362847,132350,0.10630592063069344
2648,453323966,116765.0,-1167.65,0.2807501245821389,132400,0.11834355562925339
2649,851310726,223432.5,-2234.3250000000007,0.2806197821081818,132450,0.12018366873264313
2650,190088843,144670.0,-1446.6999999999998,0.28048950478917156,132500,0.11860291428864002
2651,800569271,142477.5,-1424.7749999999996,0.28035929259253883,132550,0.11556187018752098
2652,987501647,158405.0,-1584.0499999999995,0.2802291454857307,132600,0.11608833104372024
2653,205302639,134520.0,-1345.1999999999998,0.28009906343621027,132650,0.11719760596752167
2654,965875870,144117.5,-1441.175,0.2799690464114571,132700,0.11579600989818573
2655,184418332,187520.0,-1875.2000000000007,0.27983909437896676,132750,0.10998953893780708
2656,306964266,113710.0,-1137.1000000000001,0.27970920730625143,132800,0.11217652499675751
2657,336379510,163715.0,-1637.1499999999996,0.2795793851608393,132850,0.12766902893781662
2658,104440300,130070.0,-1300.6999999999998,0.2794496279102748,132900,0.1154981742799282
2659,885342549,167252.5,-1672.5250000000005,0.2793199355221186,132950,0.1136806945502758
2660,308072276,147487.5,-1474.875,0.27919030796394767,133000,0.12541219756007194
2661,99262486,124452.5,-1244.5249999999999,0.27906074520335505,133050,0.11567638233304024
2662,194478899,126137.5,-1261.3750000000002,0.2789312472079501,133100,0.1185596065223217
2663,285182059,170065.0,-1700.6500000000003,0.2788018139453583,133150,0.11451700419187545
2664,593089908,99655.0,-996.5499999999998,0.27867244538322133,133200,0.12519671082496642
2665,241360210,93915.0,-939.1500000000001,0.27854314148919707,133250,0.11606207966804505
2666,129902052,117365.0,-1173.65,0.2784139022309596,133300,0.12384542271494865
2667,747666928,113202.5,-1132.0249999999999,0.2782847275761988,133350,0.1254012641310692
2668,461611295,103852.5,-1038.525,0.2781556174926214,133400,0.12174556910991668
2669,572408143,128667.5,-1286.6750000000002,0.2780265719479498,133450,0.1209062297642231
2670,65861989,139015.0,-1390.1500000000005,0.27789759090992244,133500,0.1179558227956295
2671,873823063,125842.5,-1258.4249999999997,0.2777686743462941,133550,0.11906113967299461
2672,745632850,96717.5,-967.175,0.27763982222483574,133600,0.11410905465483666
2673,401074066,153862.5,-1538.6250000000007,0.27751103451333425,133650,0.12001014813780785
2674,564568400,136587.5,-1365.875,0.27738231117959283,133700,0.11293538689613342
2675,327353633,176612.5,-1766.125,0.27725365219143044,133750,0.1302637954056263
2676,216805312,152742.5,-1527.425,0.2771250575166825,133800,0.11268214479088784
2677,445866860,118760.0,-1187.6,0.27699652712320016,133850,0.11381392508745193
2678,857462241,160770.0,-1607.6999999999998,0.2768680609788511,133900,0.11798663452267646
2679,119485397,138432.5,-1384.3250000000005,0.2767396590515185,133950,0.11236197978258133
2680,363234921,143247.5,-1432.4750000000001,0.27661132130910204,134000,0.10961792826652526
2681,962877143,123000.0,-1230.0,0.27648304771951726,134050,0.1111335925757885
2682,894289850,122830.0,-1228.2999999999995,0.27635483825069573,134100,0.11610164567828178
2683,665082626,140335.0,-1403.35,0.2762266928705851,134150,0.11342416748404503
2684,220644432,158932.5,-1589.3250000000003,0.27609861154714904,134200,0.11293867945671082
2685,926550426,134470.0,-1344.7,0.27597059424836723,134250,0.122376309633255
2686,408016139,101315.0,-1013.1500000000001,0.27584264094223526,134300,0.11778340339660645
2687,421697440,134780.0,-1347.8,0.27571475159676484,134350,0.11372239738702775
2688,943129831,165442.5,-1654.425,0.2755869261799837,134400,0.1117998705804348
2689,566809663,110000.0,-1099.9999999999998,0.2754591646599354,134450,0.11396751642227172
2690,927229840,135057.5,-1350.575,0.27533146700467964,134500,0.11173766985535621
2691,642288745,124065.0,-1240.6499999999994,0.2752038331822919,134550,0.12294788792729378
2692,786489869,251910.0,-2519.0999999999995,0.2750762631608638,134600,0.12040379002690316
2693,155379395,139225.0,-1392.25,0.27494875690850284,134650,0.11043794497847557
2694,163836684,111335.0,-1113.3500000000001,0.2748213143933325,134700,0.1184241707623005
2695,920195180,135557.5,-1355.575,0.2746939355834919,134750,0.1126189760863781
2696,816241372,114960.0,-1149.6,0.2745666204471367,134800,0.11990104764699935
2697,652036842,146937.5,-1469.3750000000002,0.2744393689524379,134850,0.1107124288380146
2698,756246285,114960.0,-1149.6,0.27431218106758265,134900,0.11299212485551834
2699,129551964,103815.0,-1038.1499999999996,0.2741850567607739,134950,0.10912474811077118
2700,834773319,115740.0,-1157.4,0.2740579960002308,135000,0.1160303481668234
2701,683161268,138660.0,-1386.5999999999997,0.273930998754188,135050,0.11368834227323532
2702,722404910,112502.5,-1125.0249999999996,0.2738040649908962,135100,0.11712104082107544
2703,763808801,134057.5,-1340.575,0.2736771946786219,135150,0.11566215261816978
2704,46503558,174507.5,-1745.0749999999998,0.27355038778564766,135200,0.1184537348151207
2705,969862341,143937.5,-1439.375,0.2734236442802717,135250,0.11846929982304573
2706,784454261,120480.0,-1204.8,0.2732969641308081,135300,0.11909166395664215
2707,506652129,92092.5,-920.9249999999998,0.2731703473055868,135350,0.11685445755720139
2708,417795335,127050.0,-1270.5000000000002,0.27304379377295374,135400,0.12036972314119339
2709,600784521,118975.0,-1189.75,0.27291730350127036,135450,0.11478164181113243
2710,386534790,141267.5,-1412.675,0.27279087645891426,135500,0.11401761472225189
2711,759061655,145470.0,-1454.6999999999998,0.2726645126142785,135550,0.11158952608704567
2712,431331625,112610.0,-1126.1000000000001,0.27253821193577227,135600,0.11472298979759216
2713,681327356,148905.0,-1489.0499999999995,0.27241197439182036,135650,0.12335412830114365
2714,754822055,118632.5,-1186.3249999999998,0.2722857999508633,135700,0.11212542951107025
2715,524467761,235127.5,-2351.274999999999,0.2721596885813576,135750,0.12113548010587692
2716,925612281,140975.0,-1409.75,0.2720336402517753,135800,0.11239424750208854
2717,428397683,289935.0,-2899.3500000000004,0.2719076549306044,135850,0.11200558885931969
2718,911379811,122717.5,-1227.175,0.2717817325863485,135900,0.11569724813103675
2719,937390002,104767.5,-1047.675,0.2716558731875271,135950,0.11202500157058239
2720,635330751,167850.0,-1678.5000000000002,0.2715300767026753,136000,0.11787751868367195
2721,52412121,110927.5,-1109.2749999999999,0.271404343100344,136050,0.1136962403357029
2722,392938642,120140.0,-1201.4,0.2712786723490998,136100,0.12387281879782677
2723,492564203,128332.5,-1283.325,0.27115306441752496,136150,0.11172997862100602
2724,960746701,126892.5,-1268.9250000000004,0.27102751927421753,136200,0.11826863929629326
2725,283493860,166557.5,-1665.5749999999998,0.2709020368877913,136250,0.12194296792149543
2726,983050141,118962.5,-1189.625,0.27077661722687557,136300,0.11530713230371475
2727,778875528,129685.0,-1296.8499999999997,0.2706512602601154,136350,0.11380422666668892
2728,600017909,135597.5,-1355.975,0.27052596595617157,136400,0.11138792470097542
2729,805631988,123680.0,-1236.7999999999995,0.27040073428372063,136450,0.11300513595342636
2730,267775811,129535.0,-1295.35,0.27027556521145457,136500,0.11587297081947327
2731,132660454,136467.5,-1364.6749999999997,0.27015045870808096,136550,0.1120749743282795
2732,123892110,195627.5,-1956.2750000000003,0.27002541474232356,136600,0.11586240902543068
2733,806139103,115340.0,-1153.3999999999999,0.26990043328292096,136650,0.12179663628339768
2734,671000435,101255.0,-1012.5500000000003,0.26977551429862806,136700,0.12483403012156487
2735,686184095,148560.0,-1485.6000000000004,0.269650657758215,136750,0.10874829217791557
2736,511147229,163930.0,-1639.2999999999997,0.2695258636304677,136800,0.10574929669499397
2737,889141011,98905.0,-989.05,0.26940113188418763,136850,0.11736961707472801
2738,734046480,130547.5,-1305.4749999999995,0.26927646248819187,136900,0.11284015864133835
2739,915538300,101282.5,-1012.8249999999998,0.2691518554113129,136950,0.11502083837985992
2740,646707868,126185.0,-1261.8499999999997,0.2690273106223992,137000,0.11500693246722221
2741,445738558,112692.5,-1126.9250000000002,0.26890282809031446,137050,0.11248675778508187
2742,707353973,118757.5,-1187.5750000000003,0.26877840778393797,137100,0.10809416547417641
2743,177900660,138652.5,-1386.5249999999994,0.26865404967216466,137150,0.12327124044299126
2744,543350404,128072.5,-1280.7249999999997,0.26852975372390514,137200,0.11556381493806839
2745,26441289,104500.0,-1045.0000000000002,0.2684055199080854,137250,0.11839130476117134
2746,432856803,126355.0,-1263.5500000000002,0.26828134819364685,137300,0.11757020696997643
2747,360744613,123095.0,-1230.9500000000003,0.26815723854954665,137350,0.11539030380547047
2748,438552898,107207.5,-1072.0749999999998,0.2680331909447574,137400,0.11321216136217117
2749,555787686,148230.0,-1482.3000000000002,0.26790920534826723,137450,0.11663130089640618
2750,674725545,101952.5,-1019.525,0.2677852817290796,137500,0.11515970140695572
2751,273755529,122070.0,-1220.7000000000003,0.26766142005621374,137550,0.11743162989616394
2752,467870565,124305.0,-1243.0499999999997,0.2675376202987042,137600,0.12200950711965561
2753,753324897,155845.0,-1558.45,0.267413882425601,137650,0.11605429634451866
2754,887109183,303822.5,-3038.225,0.2672902064059697,137700,0.11234083876013756
2755,965452262,138992.5,-1389.9249999999997,0.2671665922088912,137750,0.11795528054237366
2756,896796013,123905.0,-1239.0499999999997,0.26704303980346217,137800,0.1160986490547657
2757,977101845,118137.5,-1181.3750000000005,0.26691954915879434,137850,0.11494850575923919
2758,233594022,103712.5,-1037.1249999999998,0.26679612024401506,137900,0.11579751685261726
2759,225443393,104975.0,-1049.75,0.2666727530282671,137950,0.11956372365355492
2760,13865641,133250.0,-1332.4999999999998,0.26654944748070875,138000,0.11564230516552926
2761,214801304,215357.5,-2153.575,0.26642620357051355,138050,0.11216612175107002
2762,210933788,175882.5,-1758.825,0.2663030212668705,138100,0.11237044215202331
2763,364333005,131212.5,-1312.1250000000002,0.26617990053898405,138150,0.10598325669765472
2764,233372822,118350.0,-1183.5,0.266056841356074,138200,0.1078282955288887
2765,243705572,131650.0,-1316.5000000000005,0.2659338436873756,138250,0.11983831748366355
2766,517479038,120275.0,-1202.75,0.2658109075021394,138300,0.11046692803502083
2767,577285516,108925.0,-1089.2499999999998,0.2656880327696313,138350,0.11069769896566868
2768,470843460,151145.0,-1511.45,0.26556521945913275,138400,0.11466476187109947
2769,609256507,147212.5,-1472.1249999999993,0.2654424675399403,138450,0.11011375918984413
2770,321586100,124482.5,-1244.825,0.26531977698136605,138500,0.11024040967226029
2771,669809263,112185.0,-1121.8500000000004,0.26519714775273723,138550,0.10878670796751976
2772,355391972,121322.5,-1213.2250000000001,0.2650745798233967,138600,0.11142100855708122
2773,444320320,167690.0,-1676.8999999999999,0.2649520731627025,138650,0.11454581275582314
2774,27267511,188825.0,-1888.2500000000002,0.2648296277400277,138700,0.11682662427425385
2775,586481636,159647.5,-1596.475,0.2647072435247612,138750,0.10864031255245209
2776,102690482,105370.0,-1053.7,0.26458492048630683,138800,0.11959220096468925
2777,110406235,188515.0,-1885.15,0.26446265859408385,138850,0.10490170404314995
2778,420551094,133657.5,-1336.575,0.2643404578175268,138900,0.11307902678847313
2779,365970283,147042.5,-1470.4249999999997,0.2642183181260855,138950,0.11731183975934982
2780,194862399,144747.5,-1447.4750000000001,0.26409623948922495,139000,0.11154479056596756
2781,635819792,144235.0,-1442.3500000000006,0.26397422187642555,139050,0.10642635256052017
2782,310626000,118770.0,-1187.7000000000005,0.2638522652571829,139100,0.10981491550803185
2783,867068045,229535.0,-2295.350000000001,0.26373036960100793,139150,0.11051326856017113
2784,421432036,155332.5,-1553.3250000000005,0.26360853487742647,139200,0.11041628986597062
2785,645418673,160332.5,-1603.325,0.2634867610559801,139250,0.11638383343815803
2786,252418826,122682.5,-1226.825,0.26336504810622524,139300,0.11204246416687966
2787,693392309,122510.0,-1225.1,0.26324339599773366,139350,0.1058829140663147
2788,270292682,122005.0,-1220.0499999999995,0.26312180470009233,139400,0.11309544429183006
2789,254216426,117717.5,-1177.1749999999997,0.2630002741829035,139450,0.11284749999642373
2790,101332111,119257.5,-1192.5749999999998,0.26287880441578443,139500,0.11091854363679886
2791,398889002,120255.0,-1202.55,0.2627573953683678,139550,0.11451887391507626
2792,444816907,129365.0,-1293.6500000000003,0.2626360470103012,139600,0.11230713084340095
2793,603771556,151462.5,-1514.6250000000002,0.2625147593112476,139650,0.10939755037426949
2794,39992527,107862.5,-1078.625,0.2623935322408852,139700,0.10954754874110222
2795,115186035,163532.5,-1635.3250000000007,0.262272365768907,139750,0.11521506145596504
2796,862827878,120430.0,-1204.3,0.2621512598650215,139800,0.1142928397655487
2797,673172220,157752.5,-1577.5249999999999,0.2620302144989523,139850,0.11380314007401467
2798,500331991,132260.0,-1322.6000000000004,0.261909229640438,139900,0.1021968412399292
2799,339205539,126515.0,-1265.1500000000003,0.26178830525923236,139950,0.10051836267113685
2800,164464903,118092.5,-1180.9249999999997,0.2616674413251042,140000,0.10631986260414124
2801,849045574,107550.0,-1075.4999999999998,0.26154663780783777,140050,0.10867396146059036
2802,467874722,130647.5,-1306.4749999999997,0.261425894677232,140100,0.11328111171722412
2803,389311863,109122.5,-1091.2250000000004,0.26130521190310113,140150,0.10983651041984559
2804,705470794,123737.5,-1237.375,0.2611845894552745,140200,0.10410956114530563
2805,761104502,128845.0,-1288.4500000000003,0.2610640273035965,140250,0.1084614360332489
2806,471089852,138310.0,-1383.1,0.2609435254179266,140300,0.1086807382106781
2807,5523908,116442.5,-1164.425,0.2608230837681393,140350,0.11127500370144844
2808,374245774,137490.0,-1374.8999999999999,0.2607027023241241,140400,0.11154839500784874
2809,891006889,106865.0,-1068.6499999999999,0.26058238105578585,140450,0.11097334071993828
2810,681133727,166385.0,-1663.85,0.2604621199330441,140500,0.10956307843327523
2811,928554747,103462.5,-1034.6249999999998,0.2603419189258336,140550,0.10654032930731773
2812,136979492,121857.5,-1218.575,0.26022177800410395,140600,0.10592307671904563
2813,894926141,135912.5,-1359.1250000000005,0.26010169713782016,140650,0.11523312613368035
2814,774998896,127847.5,-1278.4750000000001,0.25998167629696195,140700,0.1094320622086525
2815,25680392,132645.0,-1326.45,0.25986171545152403,140750,0.11229389294981956
2816,927581846,133165.0,-1331.6499999999996,0.2597418145715161,140800,0.10494649142026902
2817,300141797,119575.0,-1195.7500000000005,0.25962197362696326,140850,0.11633330777287483
2818,429667893,116207.5,-1162.075,0.25950219258790497,140900,0.11754469394683838
2819,3458647,114055.0,-1140.55,0.25938247142439613,140950,0.10702988162636756
2820,975681311,105202.5,-1052.0249999999999,0.2592628101065063,141000,0.10883897498250007
2821,863605060,119025.0,-1190.2499999999998,0.2591432086043203,141050,0.11158856771886348
2822,569969129,156522.5,-1565.2250000000001,0.2590236668879377,141100,0.1065601296722889
2823,315529811,167085.0,-1670.85,0.2589041849274731,141150,0.10862344160676002
2824,808567640,161105.0,-1611.05,0.25878476269305584,141200,0.10989167280495167
2825,814342877,141120.0,-1411.2000000000003,0.25866540015483064,141250,0.10308713495731353
2826,370833931,144722.5,-1447.225,0.2585460972829567,141300,0.10682883560657501
2827,893531809,141422.5,-1414.2249999999997,0.2584268540476083,141350,0.10816353596746922
2828,485732895,117552.5,-1175.5250000000003,0.25830767041897457,141400,0.10317615389823914
2829,309210869,121505.0,-1215.0499999999997,0.25818854636725974,141450,0.10820858620107174
2830,896386925,124147.5,-1241.475,0.2580694818626828,141500,0.10560291960835456
2831,439325287,159902.5,-1599.0249999999996,0.25795047687547756,141550,0.1078867743909359
2832,718258453,125275.0,-1252.75,0.2578315313758927,141600,0.10552510216832162
2833,573611735,161390.0,-1613.9,0.25771264533419197,141650,0.11334951400756836
2834,814689857,104560.0,-1045.6000000000001,0.25759381872065384,141700,0.1033559986948967
2835,462106526,132817.5,-1328.1750000000006,0.25747505150557165,141750,0.09843398883938789
2836,270796111,119342.5,-1193.4249999999995,0.2573563436592534,141800,0.10463451147079468
2837,103005326,126310.0,-1263.0999999999997,0.2572376951520225,141850,0.10906078986823559
2838,903619376,140275.0,-1402.7500000000002,0.25711910595421655,141900,0.10244382932782173
2839,145162591,135560.0,-1355.6000000000001,0.25700057603618837,141950,0.10715858064591885
2840,571962897,110867.5,-1108.6749999999997,0.2568821053683053,142000,0.09628714919090271
2841,832884031,160995.0,-1609.95,0.2567636939209499,142050,0.11418139189481735
2842,46979056,120750.0,-1207.5000000000002,0.25664534166451924,142100,0.1122062785923481
2843,376010162,118267.5,-1182.6749999999997,0.2565270485694252,142150,0.10954698488116264
2844,181873482,137505.0,-1375.0500000000002,0.2564088146060945,142200,0.10617762595415116
2845,693553562,122697.5,-1226.9749999999997,0.25629063974496874,142250,0.10616223216056823
2846,409006800,177640.0,-1776.4000000000005,0.2561725239565041,142300,0.11245393946766853
2847,296115336,132690.0,-1326.9000000000003,0.2560544672111717,142350,0.10349976822733879
2848,820375717,146385.0,-1463.85,0.2559364694794573,142400,0.10162432134151458
2849,512604910,124607.5,-1246.075,0.2558185307318615,142450,0.10908126883208752
2850,33091761,229670.0,-2296.6999999999994,0.2557006509388997,142500,0.10966689392924309
2851,504976460,126845.0,-1268.45,0.25558283007110183,142550,0.10904595620930195
2852,312159476,142642.5,-1426.4250000000004,0.25546506809901265,142600,0.10709895163774491
2853,997732204,119472.5,-1194.7249999999997,0.2553473649931917,142650,0.10551408156752587
2854,673655455,127042.5,-1270.4250000000002,0.2552297207242133,142700,0.10841737598180771
2855,598994816,103980.0,-1039.8,0.2551121352626663,142750,0.10806094117462635
2856,307832280,137890.0,-1378.9000000000003,0.2549946085791543,142800,0.11689654782414437
2857,371738521,120917.5,-1209.1750000000004,0.2548771406442957,142850,0.10739902570843697
2858,729372110,119350.0,-1193.5000000000002,0.25475973142872343,142900,0.10175045631825924
2859,756460249,118427.5,-1184.275,0.25464238090308533,142950,0.11239918030798435
2860,5236846,121362.5,-1213.6249999999995,0.2545250890380436,143000,0.10145319975912571
2861,583045677,134572.5,-1345.7250000000004,0.2544078558042754,143050,0.10220327094197273
2862,434014666,112465.0,-1124.6500000000003,0.25429068117247233,143100,0.11395551398396492
2863,164961053,106555.0,-1065.5499999999997,0.2541735651133408,143150,0.10177262350916863
2864,105598168,126815.0,-1268.1500000000003,0.25405650759760173,143200,0.11621150977909565
2865,505861643,201232.5,-2012.3249999999994,0.25393950859599085,143250,0.11311524339020253
2866,657126147,120572.5,-1205.7250000000004,0.2538225680792583,143300,0.10594261839985847
2867,498045097,112445.0,-1124.45,0.253705686018169,143350,0.1073017756640911
2868,85542482,121755.0,-1217.55,0.25358886238350237,143400,0.10646214112639427
2869,994705189,140572.5,-1405.7250000000001,0.2534720971460526,143450,0.10137959092855453
2870,975475056,104527.5,-1045.275,0.25335539027662834,143500,0.10001943498849869
2871,479319046,144177.5,-1441.7749999999999,0.2532387417460528,143550,0.10429916992783546
2872,3618000,116887.5,-1168.875,0.253122151525164,143600,0.10842840969562531
2873,254903086,116332.5,-1163.3250000000003,0.25300561958481427,143650,0.09983330428600311
2874,555667273,117632.5,-1176.3249999999998,0.25288914589587064,143700,0.1037080492824316
2875,254887553,136335.0,-1363.3499999999997,0.25277273042921466,143750,0.10789509519934654
2876,940691420,124762.5,-1247.6250000000002,0.2526563731557425,143800,0.10274567872285843
2877,229169668,125830.0,-1258.3000000000004,0.2525400740463649,143850,0.11032128930091858
2878,597689281,131600.0,-1316.0,0.252423833072007,143900,0.10418203607201576
2879,571299579,123405.0,-1234.05,0.25230765020360857,143950,0.09664687506854534
2880,71067074,131510.0,-1315.1000000000004,0.2521915254121239,144000,0.10443977825343609
2881,339933378,137917.5,-1379.1750000000004,0.25207545866852177,144050,0.10999496191740037
2882,842189773,108085.0,-1080.8500000000004,0.25195944994378555,144100,0.09755584329366684
2883,842908020,115245.0,-1152.4499999999998,0.251843499208913,144150,0.10971734032034874
2884,812314803,177230.0,-1772.2999999999997,0.2517276064349165,144200,0.1051609218120575
2885,795636017,117265.0,-1172.6499999999999,0.2516117715928228,144250,0.10049565009772778
2886,698104213,122065.0,-1220.6499999999999,0.25149599465367317,144300,0.10161667108535767
2887,134966971,127875.0,-1278.75,0.2513802755885235,144350,0.10517613291740417
2888,838371192,109097.5,-1090.975,0.25126461436844383,144400,0.11109305687248706
2889,225069591,166282.5,-1662.8250000000003,0.25114901096451897,144450,0.10942086465656757
2890,872040507,120480.0,-1204.8,0.2510334653478481,144500,0.10584677599370479
2891,582295191,170460.0,-1704.6000000000001,0.25091797748954475,144550,0.10676775544881821
2892,518461200,151262.5,-1512.6249999999998,0.250802547360737,144600,0.115482597053051
2893,290096452,131930.0,-1319.3000000000004,0.25068717493256726,144650,0.10978223823010921
2894,568617348,127022.5,-1270.2250000000006,0.25057186017619243,144700,0.10113590180873872
2895,426242273,160285.0,-1602.8499999999995,0.2504566030627839,144750,0.09832672506570816
2896,751369034,123770.0,-1237.7,0.2503414035635273,144800,0.10432859674096108
2897,417837117,154115.0,-1541.1500000000003,0.2502262616496228,144850,0.11013563185930252
2898,327813603,130750.0,-1307.5,0.2501111772922849,144900,0.10574922785162925
2899,925409967,117977.5,-1179.775,0.24999615046274254,144950,0.10272441044449807
2900,461505841,109077.5,-1090.775,0.24988118113223903,145000,0.10209783561527729
2901,637925201,104667.5,-1046.6750000000002,0.2497662692720319,145050,0.11290063098073005
2902,884014068,112152.5,-1121.525,0.24965141485339334,145100,0.10823271498084068
2903,733836590,118297.5,-1182.975,0.24953661784760975,145150,0.11084279850125313
2904,230562072,129440.0,-1294.3999999999996,0.24942187822598175,145200,0.09966502316296101
2905,674906416,175970.0,-1759.7,0.24930719595982448,145250,0.10667634025216102
2906,780106416,139097.5,-1390.9750000000004,0.24919257102046743,145300,0.11344735890626907
2907,893352732,128302.5,-1283.0249999999999,0.24907800337925434,145350,0.10329770073294639
2908,962983297,113137.5,-1131.3750000000002,0.24896349300754328,145400,0.10680547386407852
2909,541551447,229450.0,-2294.5000000000005,0.24884903987670662,145450,0.10819120563566685
2910,210662493,145015.0,-1450.15,0.2487346439581312,145500,0.10556316062808037
2911,432076039,148990.0,-1489.9,0.2486203052232179,145550,0.1114748103916645
2912,218695450,148240.0,-1482.3999999999996,0.24850602364338215,145600,0.10961430802941323
2913,724834695,137270.0,-1372.7000000000003,0.24839179919005341,145650,0.09999839089810848
2914,431951368,108170.0,-1081.7,0.24827763183467574,145700,0.10378101356327533
2915,137768823,158785.0,-1587.8499999999997,0.2481635215487072,145750,0.10948288768529892
2916,679407873,112835.0,-1128.35,0.24804946830362024,145800,0.10054181411862373
2917,296970961,142227.5,-1422.2749999999999,0.2479354720709015,145850,0.10418856486678124
2918,7771672,121205.0,-1212.0499999999997,0.247821532822052,145900,0.1013717732578516
2919,295872731,136217.5,-1362.1749999999995,0.2477076505285869,145950,0.10142321914434432
2920,125906425,159635.0,-1596.3500000000001,0.2475938251620356,146000,0.11533280670642852
2921,324914220,122182.5,-1221.825,0.24748005669394177,146050,0.10542929708957673
2922,332740780,139475.0,-1394.7500000000005,0.2473663450958633,146100,0.0986330246180296
2923,274108011,120725.0,-1207.25,0.24725269033937233,146150,0.09829440377652646
2924,701333480,185040.0,-1850.4000000000003,0.2471390923960551,146200,0.10954248912632465
2925,326731205,118957.5,-1189.5749999999996,0.24702555123751213,146250,0.10845104083418847
2926,812563378,133275.0,-1332.75,0.24691206683535816,146300,0.10604381397366523
2927,689278161,133457.5,-1334.575,0.2467986391612221,146350,0.09848174065351487
2928,890648755,128035.0,-1280.3500000000001,0.24668526818674705,146400,0.10169226981699467
2929,870972796,143030.0,-1430.3000000000004,0.24657195388359013,146450,0.10592595443129539
2930,302581120,133045.0,-1330.4499999999998,0.24645869622342292,146500,0.10583061426877975
2931,264972878,193375.0,-1933.7500000000005,0.24634549517793095,146550,0.10321209989488125
2932,315052904,125837.5,-1258.3749999999998,0.24623235071881394,146600,0.1037358819693327
2933,961626201,124727.5,-1247.275,0.24611926281778576,146650,0.0973509382456541
2934,568165513,158085.0,-1580.85,0.2460062314465745,146700,0.10422020226716995
2935,883029995,171412.5,-1714.1249999999998,0.2458932565769223,146750,0.10678783096373082
2936,872343352,111125.0,-1111.2499999999998,0.24578033818058537,146800,0.10247169084846973
2937,464186964,162517.5,-1625.1749999999997,0.24566747622933416,146850,0.10246439017355442
2938,622363610,107517.5,-1075.1749999999997,0.24555467069495324,146900,0.09934075504541397
2939,858590341,110910.0,-1109.1000000000004,0.24544192154924113,146950,0.09428968869149684
2940,756778532,113405.0,-1134.05,0.2453292287640106,147000,0.11319238036870956
2941,40979638,264602.5,-2646.0249999999987,0.2452165923110884,147050,0.0983660726249218
2942,604626808,155770.0,-1557.6999999999998,0.24510401216231545,147100,0.10113844193518162
2943,255669053,135375.0,-1353.7499999999998,0.24499148828954675,147150,0.10282828882336617
2944,317284266,127735.0,-1277.35,0.24487902066465128,147200,0.10072755783796311
2945,226862137,204590.0,-2045.9000000000003,0.2447666092595121,147250,0.10257947206497192
2946,99560031,120415.0,-1204.1499999999999,0.24465425404602645,147300,0.10153057478368283
2947,130692480,120232.5,-1202.3250000000003,0.2445419549961055,147350,0.10062504045665265
2948,44914731,130227.5,-1302.2749999999999,0.24442971208167447,147400,0.10079153142869472
2949,405379010,145657.5,-1456.575,0.24431752527467257,147450,0.1020368280261755
2950,711422725,154777.5,-1547.775,0.24420539454705323,147500,0.10289379850029945
2951,62236200,116557.5,-1165.575,0.24409331987078364,147550,0.10350389130413533
2952,633503012,132602.5,-1326.0250000000003,0.24398130121784523,147600,0.09993246391415596
2953,597692417,139107.5,-1391.0749999999998,0.24386933856023324,147650,0.10044516451656818
2954,280121888,133322.5,-1333.2250000000004,0.24375743186995708,147700,0.10706342533230781
2955,437422301,118625.0,-1186.2500000000002,0.24364558111904008,147750,0.09217503413558006
2956,114980761,112052.5,-1120.5249999999999,0.2435337862795195,147800,0.10053617782890796
2957,831281061,116907.5,-1169.075,0.24342204732344663,147850,0.1006470973789692
2958,465111546,115690.0,-1156.8999999999999,0.24331036422288677,147900,0.09354475781321525
2959,610774235,114795.0,-1147.95,0.24319873694991917,147950,0.10431103691458703
2960,533882715,129742.5,-1297.425,0.24308716547663692,148000,0.09949321411550045
2961,607133969,114765.0,-1147.65,0.2429756497751472,148050,0.10305623903870582
2962,585909807,109160.0,-1091.6000000000001,0.2428641898175711,148100,0.0993449242413044
2963,731128256,186390.0,-1863.9,0.24275278557604363,148150,0.09930771797895431
2964,264451831,113070.0,-1130.6999999999998,0.24264143702271374,148200,0.09943977296352387
2965,558149754,171000.0,-1710.0000000000002,0.24253014412974416,148250,0.1019092509150505
2966,677853980,128752.5,-1287.5249999999999,0.2424189068693119,148300,0.09823387898504735
2967,235793278,140732.5,-1407.3249999999998,0.24230772521360744,148350,0.09820213608443737
2968,914406831,147665.0,-1476.6499999999999,0.24219659913483546,148400,0.1007800768315792
2969,959357856,129662.5,-1296.6249999999998,0.24208552860521437,148450,0.10091288477182388
2970,233671719,121492.5,-1214.925,0.24197451359697666,148500,0.10229365780949592
2971,851785012,126212.5,-1262.125,0.2418635540823685,148550,0.1030579912662506
2972,882341840,163175.0,-1631.75,0.24175265003365,148600,0.09329230576753617
2973,781839888,116037.5,-1160.375,0.2416418014230951,148650,0.10004659414291382
2974,490497966,122130.0,-1221.3,0.2415310082229918,148700,0.10244141072034836
2975,862691169,131525.0,-1315.25,0.24142027040564168,148750,0.10075684398412704
2976,449307075,119185.0,-1191.8500000000001,0.24130958794336033,148800,0.0945266081392765
2977,339373779,147002.5,-1470.025,0.24119896080847705,148850,0.09701689884066582
2978,20983836,173677.5,-1736.7749999999999,0.2410883889733352,148900,0.09749911792576313
2979,881834020,213195.0,-2131.95,0.24097787241029173,148950,0.10473589181900024
2980,543734302,109782.5,-1097.825,0.24086741109171753,149000,0.09770300820469856
2981,278670254,109612.5,-1096.125,0.2407570049899972,149050,0.10157170236110687
2982,509828023,127380.0,-1273.7999999999997,0.2406466540775293,149100,0.09777052752673626
2983,837278341,123707.5,-1237.0749999999998,0.24053635832672607,149150,0.09925833530724049
2984,229537095,135550.0,-1355.4999999999995,0.2404261177100136,149200,0.09711952477693558
2985,470719557,110440.0,-1104.4000000000003,0.2403159321998316,149250,0.10175578825175763
2986,152828777,156810.0,-1568.1,0.2402058017686339,149300,0.09302728205919265
2987,5437704,127715.0,-1277.1499999999996,0.24009572638888776,149350,0.09495593406260014
2988,224512824,238557.5,-2385.575,0.23998570603307437,149400,0.10110667832195759
2989,697071590,137247.5,-1372.475,0.2398757406736886,149450,0.10522627256810665
2990,632325734,131505.0,-1315.0499999999997,0.23976583028323917,149500,0.09902605354785919
2991,332513420,176680.0,-1766.8,0.2396559748342485,149550,0.10260683931410312
2992,940240302,138437.5,-1384.3750000000002,0.23954617429925262,149600,0.10448966592550278
2993,397410221,132095.0,-1320.9499999999998,0.23943642865080145,149650,0.1028105628490448
2994,125251128,137072.5,-1370.725,0.2393267378614586,149700,0.1031135468930006
2995,778584709,116450.0,-1164.4999999999998,0.23921710190380138,149750,0.09813963070511818
2996,132607884,119370.0,-1193.6999999999998,0.2391075207504208,149800,0.10624384649097919
2997,397603820,123780.0,-1237.7999999999997,0.23899799437392147,149850,0.10004973866045475
2998,319793004,116787.5,-1167.8749999999995,0.23888852274692193,149900,0.09833788834512233
2999,589288424,116172.5,-1161.725,0.23877910584205422,149950,0.09517699413001537
3000,3292751,107152.5,-1071.5249999999999,0.2386697436319641,150000,0.09972342647612095
