episode,environment_seed,epsilon,episode_reward,episode_cost,holding_cost,stockout_cost,ordering_cost,discarding_cost,steps,states_seen
1,794961877,1.0,-11183.425,1118342.5,197992.5,91000.0,17400.0,811950.0,50,30
2,36018463,0.9992,-7165.250000000001,716525.0,193465.0,61600.0,15760.0,445700.0,50,48
3,291043680,0.99840064,-9868.249999999998,986825.0,192035.0,52100.0,16840.0,725850.0,50,52
4,637695589,0.9976019194879999,-14713.074999999999,1471307.5,207187.5,337800.0,18320.0,908000.0,50,80
5,433056395,0.9968038379524095,-9610.724999999999,961072.5,196132.5,30800.0,17840.0,716300.0,50,82
6,364766336,0.9960063948820475,-11254.800000000001,1125480.0,199630.0,197700.0,16600.0,711550.0,50,93
7,823004999,0.9952095897661418,-11298.575,1129857.5,202267.5,223500.0,16640.0,687450.0,50,100
8,391493709,0.9944134220943289,-10651.15,1065115.0,199105.0,226300.0,15760.0,623950.0,50,105
9,972695891,0.9936178913566535,-7158.2249999999985,715822.5,189612.5,42000.0,15160.0,469050.0,50,115
10,543515192,0.9928229970435681,-7065.599999999999,706560.0,187670.0,44500.0,16640.0,457750.0,50,122
11,747250049,0.9920287386459332,-11525.275000000001,1152527.5,200707.5,235800.0,17720.0,698300.0,50,124
12,616309480,0.9912351156550164,-9509.250000000002,950925.0,192885.0,87300.0,17040.0,653700.0,50,138
13,941534041,0.9904421275624924,-9666.974999999999,966697.5,197717.5,157200.0,16880.0,594900.0,50,139
14,445524324,0.9896497738604424,-9492.75,949275.0,198335.0,216300.0,16240.0,518400.0,50,142
15,132024555,0.9888580540413541,-8300.674999999997,830067.5,194467.5,86600.0,15800.0,533200.0,50,145
16,920935653,0.988066967598121,-10658.350000000002,1065835.0,193245.0,197300.0,16840.0,658450.0,50,149
17,14790878,0.9872765140240425,-11949.399999999996,1194940.0,200600.0,184800.0,16840.0,792700.0,50,152
18,310788765,0.9864866928128232,-10089.349999999999,1008935.0,194225.0,154700.0,16360.0,643650.0,50,155
19,954681019,0.9856975034585729,-7830.824999999999,783082.5,189392.5,12400.0,16640.0,564650.0,50,158
20,632158873,0.984908945455806,-7759.600000000001,775960.0,187340.0,125500.0,15720.0,447400.0,50,161
21,280333510,0.9841210182994413,-9834.75,983475.0,193845.0,176700.0,16480.0,596450.0,50,165
22,883595084,0.9833337214848017,-11822.399999999996,1182240.0,194310.0,340200.0,16280.0,631450.0,50,173
23,68698633,0.9825470545076138,-11817.999999999998,1181800.0,198120.0,149700.0,17480.0,816500.0,50,174
24,168835113,0.9817610168640077,-8770.750000000002,877075.0,195395.0,52400.0,17080.0,612200.0,50,174
25,900277640,0.9809756080505165,-8894.65,889465.0,198225.0,184200.0,16040.0,491000.0,50,176
26,304006174,0.980190827564076,-7298.024999999998,729802.5,186032.5,152000.0,16720.0,375050.0,50,177
27,252983970,0.9794066749020248,-9257.475,925747.5,193387.5,132800.0,16160.0,583400.0,50,183
28,963010739,0.9786231495621032,-10688.900000000003,1068890.0,197920.0,206400.0,16920.0,647650.0,50,186
29,722938258,0.9778402510424534,-9517.925,951792.5,194752.5,92300.0,15840.0,648900.0,50,189
30,796202697,0.9770579788416195,-8238.675000000001,823867.5,189647.5,45600.0,16720.0,571900.0,50,190
31,558281379,0.9762763324585462,-7996.8,799680.0,188990.0,42000.0,16640.0,552050.0,50,191
32,398583138,0.9754953113925793,-8430.25,843025.0,190065.0,21200.0,16760.0,615000.0,50,192
33,368913646,0.9747149151434652,-8221.999999999998,822200.0,196150.0,15600.0,16200.0,594250.0,50,194
34,329865694,0.9739351432113504,-9885.175,988517.5,191627.5,99800.0,17240.0,679850.0,50,200
35,375539314,0.9731559950967813,-8135.325,813532.5,193652.5,95200.0,16280.0,508400.0,50,200
36,823097560,0.9723774703007039,-6669.225000000001,666922.5,184722.5,25800.0,15800.0,440600.0,50,206
37,738172761,0.9715995683244633,-9826.074999999999,982607.5,196887.5,195600.0,16920.0,573200.0,50,206
38,445105079,0.9708222886698037,-10224.55,1022455.0,196825.0,230900.0,15680.0,579050.0,50,209
39,273090388,0.9700456308388679,-10557.575,1055757.5,197407.5,141900.0,17000.0,699450.0,50,212
40,912834359,0.9692695943341968,-11080.349999999999,1108035.0,194235.0,200500.0,17200.0,696100.0,50,215
41,535226974,0.9684941786587294,-9732.024999999996,973202.5,194092.5,168800.0,16560.0,593750.0,50,216
42,168725148,0.9677193833158024,-9429.074999999999,942907.5,197317.5,162000.0,17040.0,566550.0,50,216
43,733705870,0.9669452078091497,-7082.750000000001,708275.0,186705.0,13600.0,16320.0,491650.0,50,218
44,506830882,0.9661716516429024,-9141.225000000002,914122.5,197452.5,110400.0,17320.0,588950.0,50,218
45,149680210,0.9653987143215881,-10070.725,1007072.5,197852.5,175200.0,17320.0,616700.0,50,219
46,65256795,0.9646263953501308,-10867.849999999999,1086785.0,196035.0,229300.0,16000.0,645450.0,50,222
47,816812753,0.9638546942338507,-6974.799999999999,697480.0,182050.0,5600.0,16880.0,492950.0,50,227
48,916921900,0.9630836104784636,-11529.5,1152950.0,196150.0,180800.0,16800.0,759200.0,50,228
49,278531198,0.9623131435900808,-7243.2,724320.0,187420.0,86400.0,15200.0,435300.0,50,233
50,582010040,0.9615432930752087,-10739.499999999998,1073950.0,194500.0,132800.0,17800.0,728850.0,50,233
51,329760994,0.9607740584407485,-8560.399999999998,856040.0,178010.0,147600.0,17080.0,513350.0,50,236
52,900731199,0.9600054391939958,-10416.5,1041650.0,190840.0,72400.0,17560.0,760850.0,50,237
53,202608925,0.9592374348426406,-6603.849999999999,660385.0,186635.0,54300.0,16000.0,403450.0,50,238
54,856251952,0.9584700448947664,-11705.975000000004,1170597.5,198467.5,198400.0,17880.0,755850.0,50,238
55,753780618,0.9577032688588506,-8463.125,846312.5,191072.5,20300.0,17240.0,617700.0,50,238
56,471472931,0.9569371062437635,-9183.2,918320.0,192890.0,69600.0,16280.0,639550.0,50,242
57,76235603,0.9561715565587685,-7910.75,791075.0,187065.0,61600.0,17360.0,525050.0,50,242
58,877115785,0.9554066193135214,-8760.649999999998,876065.0,192315.0,0.0,17400.0,666350.0,50,248
59,183883999,0.9546422940180707,-7775.9000000000015,777590.0,189030.0,70000.0,16360.0,502200.0,50,249
60,576283832,0.9538785801828562,-7277.625,727762.5,191222.5,62400.0,16440.0,457700.0,50,252
61,539933956,0.9531154773187099,-9849.050000000001,984905.0,195235.0,188700.0,16920.0,584050.0,50,253
62,746831431,0.9523529849368549,-9502.75,950275.0,197075.0,175600.0,17000.0,560600.0,50,254
63,404494743,0.9515911025489054,-10818.975000000002,1081897.5,199137.5,110000.0,17560.0,755200.0,50,254
64,936776561,0.9508298296668662,-11734.725,1173472.5,200622.5,158000.0,17400.0,797450.0,50,256
65,41182595,0.9500691658031327,-7817.05,781705.0,187975.0,16500.0,17680.0,559550.0,50,258
66,413418456,0.9493091104704902,-9268.775,926877.5,195537.5,98200.0,17040.0,616100.0,50,260
67,445098591,0.9485496631821138,-12593.800000000001,1259380.0,202480.0,217200.0,18600.0,821100.0,50,260
68,938601660,0.9477908234515681,-8246.1,824610.0,188910.0,104700.0,16400.0,514600.0,50,261
69,75181090,0.9470325907928068,-8165.324999999998,816532.5,189952.5,70900.0,17680.0,538000.0,50,263
70,890012027,0.9462749647201725,-7778.524999999999,777852.5,189592.5,31200.0,16160.0,540900.0,50,264
71,265009018,0.9455179447483963,-8497.975000000002,849797.5,188577.5,25100.0,16520.0,619600.0,50,267
72,795641826,0.9447615303925976,-7652.700000000003,765270.0,175920.0,68400.0,15800.0,505150.0,50,273
73,732870010,0.9440057211682835,-9507.125,950712.5,196092.5,130400.0,16920.0,607300.0,50,273
74,677200104,0.9432505165913488,-9256.400000000001,925640.0,197690.0,117500.0,17400.0,593050.0,50,273
75,669095884,0.9424959161780757,-8213.4,821340.0,187130.0,60100.0,16960.0,557150.0,50,275
76,565891963,0.9417419194451332,-9811.224999999999,981122.5,197952.5,164500.0,16520.0,602150.0,50,275
77,815119608,0.940988525909577,-8411.2,841120.0,190630.0,87600.0,16640.0,546250.0,50,276
78,572400734,0.9402357350888494,-9417.575,941757.5,194987.5,3100.0,17920.0,725750.0,50,277
79,992843472,0.9394835465007783,-8594.075,859407.5,192937.5,50500.0,16320.0,599650.0,50,277
80,435750439,0.9387319596635776,-10554.574999999997,1055457.5,185247.5,282900.0,17160.0,570150.0,50,284
81,856032425,0.9379809740958467,-9560.924999999997,956092.5,191582.5,128800.0,16360.0,619350.0,50,286
82,458353389,0.93723058931657,-8444.749999999998,844475.0,192165.0,25200.0,16360.0,610750.0,50,287
83,386593350,0.9364808048451168,-7626.1,762610.0,194390.0,1200.0,16920.0,550100.0,50,287
84,470524193,0.9357316202012407,-7543.7249999999985,754372.5,187132.5,58000.0,15840.0,493400.0,50,288
85,529845381,0.9349830349050796,-10463.949999999999,1046395.0,199235.0,163800.0,17360.0,666000.0,50,288
86,833279494,0.9342350484771555,-8499.400000000003,849940.0,196370.0,23000.0,17320.0,613250.0,50,289
87,865333717,0.9334876604383738,-9613.625000000002,961362.5,193912.5,64800.0,17000.0,685650.0,50,289
88,396929717,0.9327408703100231,-8880.725,888072.5,198202.5,30400.0,17320.0,642150.0,50,289
89,642135258,0.931994677613775,-8191.674999999998,819167.5,184367.5,194300.0,16400.0,424100.0,50,304
90,164242731,0.931249081871684,-10926.099999999999,1092610.0,194890.0,120700.0,16920.0,760100.0,50,305
91,122364137,0.9305040826061867,-10596.8,1059680.0,195900.0,99200.0,17480.0,747100.0,50,305
92,121747040,0.9297596793401017,-10350.025000000003,1035002.5,198222.5,143200.0,16280.0,677300.0,50,305
93,36445456,0.9290158715966296,-10638.925000000001,1063892.5,201172.5,118800.0,16720.0,727200.0,50,306
94,97333940,0.9282726588993523,-11832.574999999995,1183257.5,202767.5,262700.0,17240.0,700550.0,50,307
95,807854193,0.9275300407722328,-7542.524999999998,754252.5,190412.5,23500.0,17440.0,522900.0,50,309
96,208491659,0.926788016739615,-10872.425000000001,1087242.5,198942.5,193000.0,16800.0,678500.0,50,309
97,976772995,0.9260465863262233,-10006.775000000001,1000677.5,188077.5,105700.0,16600.0,690300.0,50,309
98,744746590,0.9253057490571622,-7496.275000000002,749627.5,187317.5,39000.0,15560.0,507750.0,50,310
99,483477990,0.9245655044579165,-11220.850000000004,1122085.0,201435.0,214600.0,17400.0,688650.0,50,313
100,740114297,0.9238258520543502,-7184.850000000001,718485.0,190855.0,24400.0,16480.0,486750.0,50,315
101,510810717,0.9230867913727067,-11858.075,1185807.5,196037.5,180400.0,18320.0,791050.0,50,315
102,271165371,0.9223483219396085,-12237.7,1223770.0,200700.0,161900.0,17920.0,843250.0,50,315
103,946248597,0.9216104432820568,-13589.399999999998,1358940.0,197730.0,355500.0,16760.0,788950.0,50,320
104,392807168,0.920873154927431,-9204.55,920455.0,189445.0,160400.0,15160.0,555450.0,50,322
105,667719475,0.9201364564034891,-8627.525,862752.5,190792.5,48500.0,16960.0,606500.0,50,324
106,616317351,0.9194003472383663,-11557.200000000003,1155720.0,197090.0,274500.0,17080.0,667050.0,50,324
107,472750804,0.9186648269605756,-7967.95,796795.0,188915.0,35700.0,16680.0,555500.0,50,324
108,650655470,0.9179298950990071,-8144.075,814407.5,189337.5,105200.0,16320.0,503550.0,50,324
109,116859411,0.917195551182928,-8138.849999999999,813885.0,187285.0,55200.0,17000.0,554400.0,50,325
110,67014192,0.9164617947419816,-8607.975,860797.5,194587.5,34800.0,16960.0,614450.0,50,325
111,535178916,0.915728625306188,-8398.349999999999,839835.0,194425.0,73200.0,17360.0,554850.0,50,325
112,242503548,0.914996042405943,-12133.474999999999,1213347.5,198827.5,159600.0,17120.0,837800.0,50,325
113,572142328,0.9142640455720182,-8926.675,892667.5,192687.5,26800.0,16680.0,656500.0,50,326
114,273184854,0.9135326343355606,-9565.9,956590.0,194990.0,173600.0,15800.0,572200.0,50,326
115,340957450,0.9128018082280922,-8925.0,892500.0,192310.0,65600.0,16240.0,618350.0,50,326
116,100591834,0.9120715667815097,-6546.675,654667.5,192587.5,0.0,16480.0,445600.0,50,328
117,271322435,0.9113419095280845,-7880.949999999999,788095.0,178595.0,133000.0,16000.0,460500.0,50,332
118,374831677,0.910612836000462,-7679.475000000001,767947.5,193087.5,6800.0,16960.0,551100.0,50,332
119,116875848,0.9098843457316615,-9258.324999999999,925832.5,194752.5,9600.0,16880.0,704600.0,50,332
120,313588541,0.9091564382550762,-8101.775,810177.5,193237.5,59200.0,16440.0,541300.0,50,332
121,58686502,0.9084291131044722,-7817.424999999999,781742.5,191052.5,46000.0,16840.0,527850.0,50,333
122,218722370,0.9077023698139886,-7336.950000000003,733695.0,183255.0,49400.0,16840.0,484200.0,50,334
123,462799860,0.9069762079181374,-7209.725000000003,720972.5,184272.5,102200.0,16400.0,418100.0,50,334
124,978620855,0.9062506269518028,-9455.075,945507.5,190217.5,171700.0,17040.0,566550.0,50,334
125,984338519,0.9055256264502414,-10098.049999999997,1009805.0,196315.0,90000.0,17640.0,705850.0,50,334
126,153994222,0.9048012059490812,-9256.175,925617.5,193657.5,42600.0,16760.0,672600.0,50,334
127,315486665,0.9040773649843219,-7701.375,770137.5,185857.5,36800.0,16280.0,531200.0,50,334
128,797448217,0.9033541030923344,-8932.975000000002,893297.5,192157.5,141500.0,16240.0,543400.0,50,334
129,985599220,0.9026314198098605,-10225.550000000001,1022555.0,197715.0,78000.0,17640.0,729200.0,50,334
130,125470934,0.9019093146740126,-11205.249999999998,1120525.0,199105.0,188400.0,16920.0,716100.0,50,334
131,597033509,0.9011877872222733,-7799.2,779920.0,196350.0,112400.0,16320.0,454850.0,50,335
132,941288751,0.9004668369924955,-5657.174999999999,565717.5,176277.5,8400.0,15640.0,365400.0,50,335
133,859159685,0.8997464635229016,-7359.324999999999,735932.5,189292.5,28000.0,16240.0,502400.0,50,336
134,553271581,0.8990266663520832,-7606.724999999999,760672.5,192422.5,32000.0,17400.0,518850.0,50,336
135,939900331,0.8983074450190015,-8094.4000000000015,809440.0,191070.0,138800.0,16720.0,462850.0,50,336
136,35727413,0.8975887990629863,-7143.050000000001,714305.0,189265.0,40500.0,15640.0,468900.0,50,337
137,535947486,0.8968707280237359,-9839.225000000002,983922.5,194812.5,147700.0,16160.0,625250.0,50,338
138,226835476,0.8961532314413169,-11070.075,1107007.5,200677.5,118400.0,17280.0,770650.0,50,338
139,811823249,0.8954363088561638,-10553.024999999998,1055302.5,196442.5,202000.0,16960.0,639900.0,50,338
140,425010705,0.8947199598090788,-9298.150000000001,929815.0,200015.0,46400.0,17200.0,666200.0,50,338
141,324699146,0.8940041838412315,-10675.8,1067580.0,198840.0,147100.0,17640.0,704000.0,50,338
142,66820352,0.8932889804941585,-8042.249999999999,804225.0,188295.0,36500.0,17480.0,561950.0,50,339
143,564148898,0.8925743493097632,-9375.350000000002,937535.0,196175.0,98000.0,16760.0,626600.0,50,339
144,853256550,0.8918602898303154,-8744.724999999999,874472.5,194932.5,20400.0,16840.0,642300.0,50,340
145,611246339,0.8911468015984512,-9369.725,936972.5,190322.5,75700.0,16800.0,654150.0,50,342
146,13813311,0.8904338841571724,-11366.825,1136682.5,199462.5,199600.0,17320.0,720300.0,50,342
147,809182357,0.8897215370498467,-7925.425000000002,792542.5,194572.5,105900.0,15120.0,476950.0,50,344
148,424880615,0.8890097598202068,-7261.950000000002,726195.0,179645.0,9000.0,16000.0,521550.0,50,349
149,888235162,0.8882985520123506,-11935.85,1193585.0,200385.0,235000.0,17200.0,741000.0,50,352
150,975105791,0.8875879131707407,-6871.0250000000015,687102.5,186712.5,49900.0,16240.0,434250.0,50,352
151,961259562,0.8868778428402041,-9541.449999999997,954145.0,195465.0,85200.0,16880.0,656600.0,50,352
152,866663312,0.886168340565932,-8487.05,848705.0,193815.0,64500.0,17040.0,573350.0,50,352
153,518711525,0.8854594058934792,-10305.3,1030530.0,195640.0,184300.0,17440.0,633150.0,50,352
154,132114236,0.8847510383687643,-10536.674999999997,1053667.5,196757.5,117200.0,17360.0,722350.0,50,352
155,821221238,0.8840432375380693,-11110.675000000001,1111067.5,198147.5,175600.0,16920.0,720400.0,50,352
156,272619631,0.8833360029480388,-8961.7,896170.0,189130.0,8400.0,17240.0,681400.0,50,352
157,286721658,0.8826293341456803,-8672.549999999997,867255.0,194635.0,81600.0,15520.0,575500.0,50,353
158,670772748,0.8819232306783638,-7434.200000000001,743420.0,192220.0,15000.0,16200.0,520000.0,50,353
159,543265333,0.8812176920938211,-11335.300000000001,1133530.0,198130.0,325200.0,16800.0,593400.0,50,356
160,278988574,0.880512717940146,-9889.1,988910.0,185710.0,182000.0,16600.0,604600.0,50,356
161,827240137,0.8798083077657938,-8552.650000000001,855265.0,193405.0,61400.0,16360.0,584100.0,50,356
162,136571532,0.8791044611195811,-9184.699999999999,918470.0,197870.0,102200.0,17400.0,601000.0,50,358
163,218645758,0.8784011775506854,-7812.975,781297.5,182927.5,126000.0,15720.0,456650.0,50,360
164,529182022,0.8776984566086448,-8520.050000000001,852005.0,187415.0,159500.0,16640.0,488450.0,50,362
165,596721901,0.8769962978433579,-8002.000000000001,800200.0,194950.0,150200.0,16800.0,438250.0,50,363
166,368759595,0.8762947008050832,-7561.500000000001,756150.0,190670.0,8100.0,15880.0,541500.0,50,363
167,456186874,0.8755936650444391,-8135.700000000002,813570.0,191250.0,67300.0,16320.0,538700.0,50,363
168,401686342,0.8748931901124035,-6389.325,638932.5,187322.5,65600.0,15560.0,370450.0,50,367
169,742274128,0.8741932755603136,-7911.775000000002,791177.5,193487.5,44100.0,16040.0,537550.0,50,367
170,293820945,0.8734939209398653,-9219.374999999998,921937.5,196787.5,91200.0,16200.0,617750.0,50,367
171,343479954,0.8727951258031135,-10482.15,1048215.0,185235.0,200200.0,17080.0,645700.0,50,370
172,244761696,0.872096889702471,-9259.175000000001,925917.5,193487.5,163600.0,16680.0,552150.0,50,370
173,134555173,0.871399212190709,-9780.600000000002,978060.0,191890.0,114700.0,16320.0,655150.0,50,371
174,958451094,0.8707020928209565,-8966.324999999999,896632.5,197462.5,77400.0,16120.0,605650.0,50,371
175,687932044,0.8700055311466997,-7857.375000000002,785737.5,182627.5,135200.0,15560.0,452350.0,50,372
176,485975408,0.8693095267217823,-8444.925,844492.5,193002.5,73000.0,16440.0,562050.0,50,372
177,778635423,0.8686140791004049,-10197.3,1019730.0,189230.0,125000.0,17000.0,688500.0,50,374
178,740379267,0.8679191878371245,-13787.25,1378725.0,201795.0,391400.0,17080.0,768450.0,50,375
179,453398715,0.8672248524868548,-12554.749999999996,1255475.0,200085.0,304000.0,16440.0,734950.0,50,376
180,720628986,0.8665310726048653,-9655.599999999999,965560.0,190940.0,106800.0,16920.0,650900.0,50,376
181,404921694,0.8658378477467814,-11082.049999999996,1108205.0,197965.0,196600.0,17040.0,696600.0,50,376
182,665935310,0.865145177468584,-7584.975000000002,758497.5,190107.5,70700.0,17040.0,480650.0,50,376
183,720869314,0.8644530613266092,-8320.949999999997,832095.0,188995.0,92400.0,16800.0,533900.0,50,376
184,334614499,0.8637614988775478,-9049.25,904925.0,194935.0,127300.0,16840.0,565850.0,50,377
185,933551072,0.8630704896784458,-8586.8,858680.0,187900.0,141900.0,16680.0,512200.0,50,378
186,261909467,0.862380033286703,-9235.025000000001,923502.5,194082.5,150200.0,16120.0,563100.0,50,378
187,559456652,0.8616901292600736,-9567.075,956707.5,192137.5,82400.0,17320.0,664850.0,50,378
188,344752122,0.8610007771566656,-6417.15,641715.0,184425.0,65600.0,15840.0,375850.0,50,378
189,337257317,0.8603119765349402,-7060.950000000001,706095.0,190555.0,12400.0,16440.0,486700.0,50,380
190,850831130,0.8596237269537123,-8023.175,802317.5,191847.5,108000.0,15720.0,486750.0,50,380
191,256091636,0.8589360279721493,-8171.4,817140.0,195130.0,129200.0,15960.0,476850.0,50,380
192,328967970,0.8582488791497715,-8386.600000000002,838660.0,190560.0,47900.0,16400.0,583800.0,50,382
193,65976150,0.8575622800464517,-8960.400000000001,896040.0,197940.0,90000.0,17000.0,591100.0,50,382
194,701831923,0.8568762302224145,-11040.474999999999,1104047.5,197967.5,305900.0,16280.0,583900.0,50,392
195,720496252,0.8561907292382366,-10060.324999999999,1006032.5,190242.5,148800.0,16840.0,650150.0,50,392
196,873319286,0.855505776654846,-11014.625,1101462.5,198512.5,208200.0,17600.0,677150.0,50,392
197,843023069,0.854821372033522,-10221.849999999999,1022185.0,198765.0,69000.0,17320.0,737100.0,50,392
198,768046686,0.8541375149358952,-8888.249999999998,888825.0,197205.0,19900.0,16320.0,655400.0,50,393
199,456474618,0.8534542049239464,-10430.350000000002,1043035.0,191945.0,185600.0,16640.0,648850.0,50,393
200,594324039,0.8527714415600073,-8960.375,896037.5,192187.5,102000.0,16800.0,585050.0,50,393
201,611302887,0.8520892244067593,-7922.249999999998,792225.0,191755.0,41200.0,16320.0,542950.0,50,393
202,736755337,0.8514075530272338,-10040.475,1004047.5,191277.5,176300.0,16520.0,619950.0,50,395
203,29766979,0.850726426984812,-11263.924999999997,1126392.5,190642.5,156400.0,17000.0,762350.0,50,395
204,397530930,0.8500458458432242,-6628.699999999999,662870.0,186100.0,16400.0,17120.0,443250.0,50,395
205,898339477,0.8493658091665496,-11392.850000000004,1139285.0,196795.0,135200.0,17640.0,789650.0,50,395
206,260592495,0.8486863165192163,-7756.575,775657.5,184517.5,32800.0,17040.0,541300.0,50,397
207,331357297,0.8480073674660009,-8883.15,888315.0,193385.0,105700.0,16680.0,572550.0,50,397
208,645051141,0.8473289615720281,-9316.925000000001,931692.5,198992.5,41600.0,16800.0,674300.0,50,397
209,828142683,0.8466510984027704,-10720.800000000003,1072080.0,198830.0,272600.0,16800.0,583850.0,50,398
210,927843536,0.8459737775240482,-6048.375,604837.5,184517.5,28800.0,16120.0,375400.0,50,400
211,215007668,0.845296998502029,-13585.050000000001,1358505.0,203745.0,309000.0,17360.0,828400.0,50,401
212,397293471,0.8446207609032274,-10016.675,1001667.5,200667.5,69400.0,17600.0,714000.0,50,401
213,973002976,0.8439450642945048,-9866.275000000003,986627.5,189937.5,107900.0,17840.0,670950.0,50,401
214,39212222,0.8432699082430691,-9277.924999999997,927792.5,189942.5,134500.0,17400.0,585950.0,50,402
215,214907926,0.8425952923164747,-8404.85,840485.0,192875.0,56800.0,15960.0,574850.0,50,403
216,299434635,0.8419212160826215,-6566.725,656672.5,185172.5,3300.0,16400.0,451800.0,50,403
217,888184776,0.8412476791097554,-9377.649999999998,937765.0,194115.0,118600.0,16600.0,608450.0,50,403
218,349494651,0.8405746809664676,-6873.950000000003,687395.0,189825.0,32000.0,15720.0,449850.0,50,404
219,219577240,0.8399022212216944,-11304.525,1130452.5,201042.5,169600.0,17160.0,742650.0,50,405
220,714244178,0.839230299444717,-11150.725,1115072.5,195792.5,154000.0,18080.0,747200.0,50,406
221,933196767,0.8385589152051612,-10116.425000000003,1011642.5,199252.5,196300.0,15640.0,600450.0,50,407
222,841839412,0.8378880680729971,-9425.175000000001,942517.5,198157.5,81500.0,16760.0,646100.0,50,407
223,754374947,0.8372177576185387,-10082.699999999997,1008270.0,193650.0,131400.0,16920.0,666300.0,50,407
224,254117693,0.8365479834124439,-10713.675000000003,1071367.5,199727.5,266900.0,15440.0,589300.0,50,407
225,95714325,0.8358787450257139,-9358.974999999999,935897.5,196847.5,154500.0,15800.0,568750.0,50,407
226,552944308,0.8352100420296933,-7974.35,797435.0,194075.0,92000.0,17160.0,494200.0,50,407
227,558677021,0.8345418739960695,-7900.900000000002,790090.0,186720.0,60000.0,16920.0,526450.0,50,407
228,480550694,0.8338742404968726,-7298.049999999999,729805.0,190415.0,64000.0,15440.0,459950.0,50,407
229,723508875,0.8332071411044751,-10419.65,1041965.0,188535.0,267200.0,16080.0,570150.0,50,409
230,611261583,0.8325405753915915,-8980.5,898050.0,195790.0,82800.0,17560.0,601900.0,50,409
231,695418905,0.8318745429312783,-10069.075,1006907.5,198197.5,107900.0,17360.0,683450.0,50,409
232,868636544,0.8312090432969332,-10403.099999999999,1040310.0,192380.0,176900.0,16680.0,654350.0,50,409
233,391513540,0.8305440760622956,-9399.174999999997,939917.5,197587.5,95600.0,16480.0,630250.0,50,409
234,333011490,0.8298796408014458,-8771.474999999999,877147.5,185637.5,33500.0,17160.0,640850.0,50,409
235,467273491,0.8292157370888047,-10831.925,1083192.5,201932.5,258400.0,15760.0,607100.0,50,409
236,401197306,0.8285523644991336,-6733.924999999999,673392.5,183342.5,38400.0,16200.0,435450.0,50,410
237,804746515,0.8278895226075342,-9479.874999999998,947987.5,196677.5,144600.0,17560.0,589150.0,50,410
238,818545069,0.8272272109894482,-8738.975,873897.5,195067.5,1500.0,16480.0,660850.0,50,410
239,861689742,0.8265654292206566,-10008.2,1000820.0,191990.0,196800.0,16280.0,595750.0,50,411
240,856052444,0.82590417687728,-13236.275000000005,1323627.5,197907.5,288300.0,17920.0,819500.0,50,412
241,416954801,0.8252434535357782,-8730.15,873015.0,194935.0,72000.0,16680.0,589400.0,50,413
242,942623989,0.8245832587729496,-8407.425,840742.5,189602.5,33900.0,17240.0,600000.0,50,414
243,561445345,0.8239235921659313,-10817.799999999997,1081780.0,198290.0,141000.0,17640.0,724850.0,50,414
244,183056781,0.8232644532921984,-10212.85,1021285.0,186275.0,180000.0,16360.0,638650.0,50,416
245,759581471,0.8226058417295646,-8759.324999999997,875932.5,192612.5,91600.0,15120.0,576600.0,50,416
246,528422756,0.821947757056181,-9215.650000000003,921565.0,197175.0,94800.0,15640.0,613950.0,50,416
247,536296805,0.821290198850536,-9824.25,982425.0,191355.0,103600.0,16520.0,670950.0,50,416
248,924155276,0.8206331666914556,-12242.349999999997,1224235.0,199755.0,170100.0,17280.0,837100.0,50,417
249,373495932,0.8199766601581024,-7357.199999999996,735720.0,184060.0,138500.0,15360.0,397800.0,50,417
250,673957181,0.819320678829976,-7655.325000000002,765532.5,188002.5,10500.0,17280.0,549750.0,50,417
251,376531522,0.818665222286912,-9873.100000000002,987310.0,198890.0,162100.0,17920.0,608400.0,50,417
252,728308872,0.8180102901090824,-8446.599999999999,844660.0,189750.0,0.0,16560.0,638350.0,50,417
253,622142243,0.8173558818769951,-8997.099999999999,899710.0,188660.0,13600.0,17200.0,680250.0,50,417
254,704839374,0.8167019971714935,-7249.549999999999,724955.0,180835.0,145400.0,16520.0,382200.0,50,418
255,395639331,0.8160486355737563,-7880.800000000001,788080.0,187320.0,97700.0,16360.0,486700.0,50,420
256,739948373,0.8153957966652973,-9384.55,938455.0,192865.0,90900.0,17040.0,637650.0,50,420
257,6264439,0.814743480027965,-7319.624999999997,731962.5,188022.5,28000.0,16240.0,499700.0,50,420
258,105390773,0.8140916852439426,-10855.525,1085552.5,195902.5,149200.0,17600.0,722850.0,50,420
259,941275153,0.8134404118957475,-7830.049999999999,783005.0,183365.0,64400.0,16640.0,518600.0,50,421
260,162618882,0.8127896595662308,-7728.950000000001,772895.0,192655.0,24600.0,16240.0,539400.0,50,422
261,49687656,0.8121394278385778,-8673.075000000004,867307.5,191917.5,0.0,17240.0,658150.0,50,422
262,534678916,0.811489716296307,-11302.449999999997,1130245.0,199205.0,146000.0,17040.0,768000.0,50,422
263,876416124,0.8108405245232699,-11926.175,1192617.5,192597.5,297300.0,16520.0,686200.0,50,424
264,842029539,0.8101918521036513,-8388.399999999998,838840.0,197150.0,74000.0,16640.0,551050.0,50,424
265,558541341,0.8095436986219684,-11454.799999999997,1145480.0,194470.0,283600.0,16160.0,651250.0,50,424
266,529912700,0.8088960636630708,-7911.150000000001,791115.0,191885.0,84000.0,16080.0,499150.0,50,424
267,563411143,0.8082489468121403,-8565.900000000001,856590.0,196190.0,101600.0,16000.0,542800.0,50,424
268,583602387,0.8076023476546906,-8649.175,864917.5,194977.5,29600.0,17440.0,622900.0,50,424
269,349688153,0.8069562657765669,-8989.749999999998,898975.0,195835.0,118200.0,16640.0,568300.0,50,425
270,213972911,0.8063107007639456,-11906.375000000004,1190637.5,201047.5,231600.0,16640.0,741350.0,50,426
271,869963506,0.8056656522033344,-10775.950000000003,1077595.0,197405.0,188400.0,17040.0,674750.0,50,426
272,746188379,0.8050211196815718,-11762.6,1176260.0,199680.0,248800.0,17080.0,710700.0,50,427
273,292915911,0.8043771027858265,-9025.975000000002,902597.5,189247.5,87500.0,17200.0,608650.0,50,428
274,163286098,0.8037336011035978,-9170.024999999998,917002.5,196312.5,90000.0,15840.0,614850.0,50,428
275,57512116,0.8030906142227149,-9819.2,981920.0,192090.0,129900.0,17080.0,642850.0,50,428
276,328601207,0.8024481417313367,-8496.95,849695.0,192305.0,39200.0,16440.0,601750.0,50,428
277,424643977,0.8018061832179516,-9354.7,935470.0,196140.0,38000.0,16680.0,684650.0,50,428
278,842593381,0.8011647382713772,-11100.35,1110035.0,196515.0,166000.0,17320.0,730200.0,50,428
279,734011986,0.8005238064807602,-7825.574999999998,782557.5,197437.5,33600.0,16720.0,534800.0,50,428
280,602209308,0.7998833874355755,-10338.8,1033880.0,188680.0,293400.0,16600.0,535200.0,50,429
281,261591165,0.799243480725627,-8937.375,893737.5,189987.5,67600.0,16400.0,619750.0,50,429
282,23385953,0.7986040859410465,-10878.825000000003,1087882.5,199972.5,148800.0,17960.0,721150.0,50,429
283,180339226,0.7979652026722936,-7305.675000000001,730567.5,190317.5,37600.0,16800.0,485850.0,50,429
284,18917983,0.7973268305101558,-8971.1,897110.0,192910.0,134300.0,16600.0,553300.0,50,429
285,369919522,0.7966889690457477,-10277.074999999999,1027707.5,196117.5,159800.0,16640.0,655150.0,50,429
286,699510887,0.796051617870511,-10758.725000000004,1075872.5,196282.5,118400.0,17440.0,743750.0,50,429
287,308417123,0.7954147765762146,-9968.050000000001,996805.0,194075.0,100800.0,17880.0,684050.0,50,429
288,417529988,0.7947784447549536,-8501.150000000001,850115.0,192095.0,156900.0,16520.0,484600.0,50,432
289,821876256,0.7941426219991496,-7544.775,754477.5,189847.5,23700.0,17080.0,523850.0,50,432
290,987398460,0.7935073079015503,-9403.824999999999,940382.5,197632.5,134400.0,16600.0,591750.0,50,432
291,263105157,0.7928725020552291,-6472.475,647247.5,182077.5,20300.0,16120.0,428750.0,50,432
292,852217327,0.7922382040535849,-7978.525000000003,797852.5,189342.5,9900.0,15960.0,582650.0,50,432
293,291559559,0.791604413490342,-9474.325000000003,947432.5,195882.5,78100.0,17200.0,656250.0,50,432
294,235365905,0.7909711299595498,-9496.675,949667.5,194767.5,42400.0,17400.0,695100.0,50,432
295,277555240,0.7903383530555821,-8806.35,880635.0,193285.0,122000.0,16800.0,548550.0,50,433
296,550935383,0.7897060823731376,-7106.3,710630.0,186370.0,9100.0,16760.0,498400.0,50,433
297,897296745,0.789074317507239,-7787.7750000000015,778777.5,186907.5,86000.0,16120.0,489750.0,50,433
298,577019300,0.7884430580532332,-10484.025,1048402.5,198292.5,144800.0,16960.0,688350.0,50,434
299,645398629,0.7878123036067907,-5752.2750000000015,575227.5,185627.5,22000.0,15200.0,352400.0,50,434
300,931069926,0.7871820537639053,-9130.75,913075.0,196205.0,0.0,18320.0,698550.0,50,434
301,24268896,0.7865523081208942,-9620.125,962012.5,190522.5,139200.0,17040.0,615250.0,50,435
302,75775437,0.7859230662743975,-9851.25,985125.0,199925.0,150500.0,16200.0,618500.0,50,435
303,475573030,0.7852943278213779,-9400.449999999997,940045.0,195465.0,120000.0,16880.0,607700.0,50,435
304,994616315,0.7846660923591208,-12763.025,1276302.5,203682.5,225400.0,16520.0,830700.0,50,438
305,201332615,0.7840383594852335,-7982.175000000001,798217.5,185267.5,23100.0,17400.0,572450.0,50,438
306,695799602,0.7834111287976453,-5014.175000000001,501417.5,184997.5,0.0,15720.0,300700.0,50,438
307,506763657,0.7827843998946071,-7986.325,798632.5,198912.5,49800.0,16320.0,533600.0,50,438
308,396664656,0.7821581723746914,-8046.925000000002,804692.5,189292.5,53800.0,16000.0,545600.0,50,439
309,778503599,0.7815324458367917,-8647.349999999999,864735.0,192605.0,12500.0,16680.0,642950.0,50,439
310,783516508,0.7809072198801222,-7739.149999999999,773915.0,195035.0,3600.0,16880.0,558400.0,50,439
311,84201640,0.7802824941042181,-6816.374999999998,681637.5,185537.5,40000.0,15600.0,440500.0,50,439
312,529315206,0.7796582681089347,-7409.924999999999,740992.5,187662.5,48400.0,16280.0,488650.0,50,439
313,410505972,0.7790345414944475,-6787.275000000001,678727.5,186517.5,13800.0,16160.0,462250.0,50,439
314,364559608,0.778411313861252,-6471.400000000001,647140.0,186410.0,0.0,16880.0,443850.0,50,439
315,520407814,0.7777885848101629,-9259.025,925902.5,190812.5,114200.0,17040.0,603850.0,50,440
316,988883962,0.7771663539423147,-8917.35,891735.0,193605.0,68800.0,16080.0,613250.0,50,442
317,215142013,0.7765446208591609,-9092.275,909227.5,189737.5,90000.0,15440.0,614050.0,50,442
318,786228264,0.7759233851624735,-6224.700000000001,622470.0,192330.0,79600.0,15840.0,334700.0,50,442
319,674189626,0.7753026464543435,-9185.800000000001,918580.0,193820.0,154700.0,16160.0,553900.0,50,444
320,295092635,0.77468240433718,-7439.65,743965.0,188405.0,40900.0,16360.0,498300.0,50,444
321,717856337,0.7740626584137102,-10715.775,1071577.5,200297.5,136300.0,17080.0,717900.0,50,444
322,751628702,0.7734434082869792,-6412.5,641250.0,176720.0,23600.0,16080.0,424850.0,50,448
323,645807276,0.7728246535603496,-7254.075,725407.5,176447.5,111900.0,16160.0,420900.0,50,451
324,607550761,0.7722063938375012,-8383.100000000002,838310.0,189010.0,80000.0,16200.0,553100.0,50,451
325,367306389,0.7715886287224312,-8838.15,883815.0,198255.0,164800.0,16560.0,504200.0,50,451
326,458739110,0.7709713578194533,-9007.675000000001,900767.5,192737.5,91600.0,17080.0,599350.0,50,451
327,868070635,0.7703545807331976,-8566.699999999999,856670.0,192180.0,74800.0,16040.0,573650.0,50,451
328,109018700,0.7697382970686111,-10659.55,1065955.0,192185.0,170300.0,16920.0,686550.0,50,451
329,838544719,0.7691225064309561,-6871.624999999999,687162.5,184542.5,18900.0,15720.0,468000.0,50,454
330,655830774,0.7685072084258113,-9696.05,969605.0,197525.0,94800.0,16680.0,660600.0,50,454
331,39989119,0.7678924026590707,-11112.825000000003,1111282.5,196832.5,228300.0,16000.0,670150.0,50,454
332,896984323,0.7672780887369434,-9702.525,970252.5,195332.5,80800.0,17320.0,676800.0,50,454
333,878182094,0.7666642662659537,-9001.475,900147.5,194817.5,177200.0,15880.0,512250.0,50,454
334,846300247,0.766050934852941,-10327.199999999997,1032720.0,194620.0,165200.0,17400.0,655500.0,50,454
335,564410771,0.7654380941050586,-8094.724999999998,809472.5,189602.5,24000.0,16520.0,579350.0,50,454
336,248669816,0.7648257436297745,-10582.924999999997,1058292.5,199012.5,182900.0,17080.0,659300.0,50,454
337,387468416,0.7642138830348707,-7230.825,723082.5,191612.5,90700.0,15520.0,425250.0,50,454
338,886774955,0.7636025119284428,-9381.050000000001,938105.0,195535.0,119400.0,17520.0,605650.0,50,454
339,943899753,0.7629916299189,-9185.974999999997,918597.5,197627.5,86000.0,17520.0,617450.0,50,454
340,538865314,0.7623812366149649,-7522.224999999998,752222.5,188252.5,44500.0,17120.0,502350.0,50,455
341,420809236,0.7617713316256729,-8742.449999999999,874245.0,191185.0,134800.0,15960.0,532300.0,50,455
342,655342633,0.7611619145603723,-9731.924999999997,973192.5,200932.5,143600.0,15760.0,612900.0,50,455
343,652608838,0.760552985028724,-12985.524999999998,1298552.5,202992.5,275000.0,17360.0,803200.0,50,455
344,128574818,0.759944542640701,-9480.774999999998,948077.5,194437.5,87200.0,17040.0,649400.0,50,455
345,949136151,0.7593365870065885,-7575.925000000002,757592.5,181292.5,56100.0,16000.0,504200.0,50,455
346,934663119,0.7587291177369831,-6694.15,669415.0,186735.0,65200.0,16280.0,401200.0,50,455
347,381864637,0.7581221344427935,-8284.300000000001,828430.0,193340.0,69400.0,16640.0,549050.0,50,455
348,288188683,0.7575156367352393,-8677.875000000002,867787.5,189117.5,20500.0,16920.0,641250.0,50,455
349,296245624,0.7569096242258511,-8996.325,899632.5,194002.5,155600.0,16280.0,533750.0,50,455
350,939808592,0.7563040965264703,-8745.124999999998,874512.5,194612.5,75700.0,17600.0,586600.0,50,456
351,832670016,0.7556990532492491,-8482.75,848275.0,190975.0,148400.0,16000.0,492900.0,50,458
352,202795290,0.7550944940066497,-8612.749999999998,861275.0,185985.0,120100.0,16640.0,538550.0,50,460
353,436092656,0.7544904184114444,-7430.375,743037.5,181567.5,69900.0,15920.0,475650.0,50,463
354,605297043,0.7538868260767152,-8049.149999999999,804915.0,187995.0,16400.0,16920.0,583600.0,50,463
355,426544372,0.7532837166158538,-7716.4249999999965,771642.5,188372.5,9200.0,15920.0,558150.0,50,463
356,62007547,0.7526810896425611,-13727.824999999997,1372782.5,200672.5,343300.0,17760.0,811050.0,50,464
357,359189412,0.752078944770847,-7015.8499999999985,701585.0,183645.0,41200.0,15640.0,461100.0,50,464
358,306400412,0.7514772816150304,-8878.674999999997,887867.5,194807.5,149700.0,15560.0,527800.0,50,465
359,435604040,0.7508760997897383,-8137.700000000001,813770.0,189050.0,7600.0,17520.0,599600.0,50,465
360,3855807,0.7502753989099066,-10893.224999999997,1089322.5,200182.5,227200.0,16640.0,645300.0,50,465
361,624652353,0.7496751785907786,-8523.325,852332.5,193052.5,25700.0,16480.0,617100.0,50,465
362,755030786,0.7490754384479059,-10028.625000000004,1002862.5,194242.5,155700.0,16520.0,636400.0,50,465
363,776622978,0.7484761780971476,-9998.224999999999,999822.5,196062.5,80600.0,15760.0,707400.0,50,465
364,49234515,0.7478773971546698,-8701.325,870132.5,190682.5,84600.0,16200.0,578650.0,50,465
365,302257390,0.7472790952369461,-9068.774999999998,906877.5,185947.5,118600.0,17080.0,585250.0,50,465
366,161236109,0.7466812719607565,-6789.625000000001,678962.5,192122.5,8500.0,16640.0,461700.0,50,465
367,25108794,0.7460839269431879,-10187.25,1018725.0,195155.0,155300.0,17120.0,651150.0,50,465
368,792503402,0.7454870598016333,-9067.899999999998,906790.0,185260.0,116700.0,15880.0,588950.0,50,467
369,111676992,0.744890670153792,-9166.724999999997,916672.5,195912.5,65500.0,16960.0,638300.0,50,467
370,824952072,0.744294757617669,-9413.875,941387.5,190777.5,157200.0,16760.0,576650.0,50,467
371,981428030,0.7436993218115748,-7726.450000000002,772645.0,188385.0,55900.0,16160.0,512200.0,50,467
372,794269979,0.7431043623541256,-13017.6,1301760.0,201290.0,275300.0,17520.0,807650.0,50,468
373,835476085,0.7425098788642422,-7000.549999999999,700055.0,191335.0,4800.0,16520.0,487400.0,50,468
374,126338332,0.7419158709611509,-9090.175,909017.5,193147.5,28000.0,16920.0,670950.0,50,468
375,820728947,0.7413223382643819,-8465.349999999999,846535.0,192715.0,56800.0,16320.0,580700.0,50,468
376,585451591,0.7407292803937704,-7915.174999999999,791517.5,188317.5,67500.0,15800.0,519900.0,50,470
377,118765524,0.7401366969694554,-9739.925000000003,973992.5,187482.5,49900.0,17160.0,719450.0,50,471
378,458984804,0.7395445876118798,-12031.149999999998,1203115.0,200195.0,274500.0,16920.0,711500.0,50,475
379,846000784,0.7389529519417902,-10187.724999999997,1018772.5,197932.5,132000.0,16240.0,672600.0,50,476
380,608172766,0.7383617895802368,-8648.824999999999,864882.5,190852.5,76400.0,16080.0,581550.0,50,476
381,809952098,0.7377711001485726,-8883.399999999998,888340.0,187640.0,95600.0,16400.0,588700.0,50,476
382,673961666,0.7371808832684538,-8995.200000000003,899520.0,191800.0,66600.0,16720.0,624400.0,50,476
383,147450226,0.736591138561839,-9636.625000000002,963662.5,197642.5,140400.0,16520.0,609100.0,50,476
384,999072872,0.7360018656509895,-10088.749999999998,1008875.0,193825.0,150400.0,17000.0,647650.0,50,476
385,906543495,0.7354130641584686,-9412.374999999996,941237.5,196657.5,17200.0,16080.0,711300.0,50,476
386,148315950,0.7348247337071419,-7823.049999999998,782305.0,196455.0,78600.0,16400.0,490850.0,50,477
387,270562856,0.7342368739201761,-7955.700000000001,795570.0,192090.0,0.0,16680.0,586800.0,50,477
388,189892960,0.7336494844210399,-9003.549999999997,900355.0,193155.0,59800.0,16400.0,631000.0,50,477
389,289497387,0.7330625648335031,-8481.074999999997,848107.5,189117.5,25600.0,16640.0,616750.0,50,478
390,657018455,0.7324761147816362,-6658.5,665850.0,186540.0,89800.0,16560.0,372950.0,50,483
391,278262912,0.7318901338898108,-9258.175,925817.5,195137.5,123300.0,16680.0,590700.0,50,483
392,280705938,0.731304621782699,-7620.174999999999,762017.5,187347.5,46000.0,15920.0,512750.0,50,484
393,204903050,0.7307195780852728,-6898.475000000001,689847.5,175407.5,53600.0,16240.0,444600.0,50,484
394,131182212,0.7301350024228045,-11187.125,1118712.5,200022.5,195100.0,16840.0,706750.0,50,484
395,584214533,0.7295508944208662,-8170.950000000001,817095.0,190785.0,40400.0,16160.0,569750.0,50,484
396,585691193,0.7289672537053294,-12629.8,1262980.0,201720.0,283600.0,17960.0,759700.0,50,485
397,32321742,0.7283840799023652,-8283.825000000003,828382.5,188782.5,800.0,16800.0,622000.0,50,485
398,865633597,0.7278013726384432,-6936.074999999998,693607.5,191497.5,5500.0,15760.0,480850.0,50,485
399,911882160,0.7272191315403325,-9125.7,912570.0,195620.0,82400.0,17600.0,616950.0,50,485
400,431920305,0.7266373562351002,-9193.3,919330.0,192330.0,132400.0,15400.0,579200.0,50,485
401,614794402,0.7260560463501121,-7899.025,789902.5,197042.5,39200.0,16760.0,536900.0,50,485
402,417081521,0.725475201513032,-8977.249999999998,897725.0,191615.0,110100.0,16160.0,579850.0,50,487
403,596761145,0.7248948213518216,-6270.374999999998,627037.5,197007.5,12000.0,16280.0,401750.0,50,487
404,350970801,0.7243149054947401,-6263.650000000001,626365.0,172005.0,81200.0,16360.0,356800.0,50,491
405,509285382,0.7237354535703443,-7613.874999999998,761387.5,191807.5,16500.0,17280.0,535800.0,50,491
406,219492371,0.723156465207488,-8710.75,871075.0,188665.0,119800.0,16560.0,546050.0,50,492
407,247105079,0.7225779400353219,-8074.200000000002,807420.0,190030.0,128400.0,17040.0,471950.0,50,492
408,565513566,0.7219998776832937,-7997.549999999999,799755.0,191175.0,5600.0,17080.0,585900.0,50,492
409,379015954,0.721422277781147,-9514.375000000002,951437.5,183377.5,157200.0,16160.0,594700.0,50,495
410,701731284,0.7208451399589221,-11737.824999999995,1173782.5,201692.5,203300.0,17640.0,751150.0,50,495
411,242391240,0.720268463846955,-11703.224999999997,1170322.5,200682.5,242700.0,15440.0,711500.0,50,495
412,358112422,0.7196922490758774,-8680.8,868080.0,191060.0,124400.0,16120.0,536500.0,50,495
413,545211071,0.7191164952766167,-7291.375,729137.5,190867.5,61600.0,16520.0,460150.0,50,495
414,525003007,0.7185412020803954,-10828.625000000002,1082862.5,200652.5,195400.0,17160.0,669650.0,50,495
415,564189973,0.717966369118731,-6995.7750000000015,699577.5,188977.5,20400.0,16800.0,473400.0,50,495
416,756691037,0.7173919960234361,-11792.6,1179260.0,202500.0,294900.0,16560.0,665300.0,50,496
417,421131035,0.7168180824266173,-9861.425,986142.5,197992.5,170800.0,15800.0,601550.0,50,497
418,600098793,0.716244627960676,-7328.700000000002,732870.0,188010.0,54800.0,16760.0,473300.0,50,497
419,297146646,0.7156716322583074,-6884.9249999999965,688492.5,189412.5,6400.0,17280.0,475400.0,50,497
420,492670354,0.7150990949525008,-9307.925000000003,930792.5,192042.5,74800.0,16800.0,647150.0,50,497
421,437294671,0.7145270156765388,-9504.575000000003,950457.5,194447.5,159600.0,17360.0,579050.0,50,497
422,286345657,0.7139553940639976,-7909.625000000002,790962.5,185962.5,38900.0,15600.0,550500.0,50,497
423,384012456,0.7133842297487464,-7260.625,726062.5,186252.5,75000.0,15760.0,449050.0,50,497
424,150012170,0.7128135223649473,-10756.925000000001,1075692.5,200212.5,192400.0,17480.0,665600.0,50,497
425,948380881,0.7122432715470554,-7800.225000000001,780022.5,189242.5,66400.0,17080.0,507300.0,50,497
426,113622236,0.7116734769298177,-9001.550000000001,900155.0,192365.0,151100.0,16640.0,540050.0,50,497
427,381128784,0.7111041381482739,-10000.45,1000045.0,197565.0,114800.0,16880.0,670800.0,50,497
428,774468020,0.7105352548377553,-8372.274999999998,837227.5,192857.5,12000.0,16520.0,615850.0,50,497
429,767976588,0.709966826633885,-9855.5,985550.0,194250.0,186200.0,17000.0,588100.0,50,497
430,484738923,0.7093988531725779,-9141.25,914125.0,194635.0,152400.0,17040.0,550050.0,50,497
431,521367554,0.7088313340900398,-9120.25,912025.0,193495.0,83600.0,17080.0,617850.0,50,497
432,574631968,0.7082642690227678,-9430.500000000002,943050.0,193870.0,84600.0,16080.0,648500.0,50,497
433,309243739,0.7076976576075497,-9789.775,978977.5,197257.5,150000.0,17120.0,614600.0,50,497
434,689711544,0.7071314994814636,-7811.05,781105.0,195805.0,23100.0,16200.0,546000.0,50,497
435,575556342,0.7065657942818784,-8065.499999999999,806550.0,191120.0,131900.0,15880.0,467650.0,50,499
436,702040093,0.7060005416464529,-8854.300000000001,885430.0,187610.0,111600.0,15720.0,570500.0,50,499
437,27542487,0.7054357412131357,-10783.9,1078390.0,196740.0,106800.0,17800.0,757050.0,50,499
438,692259213,0.7048713926201652,-8258.55,825855.0,185365.0,37200.0,15640.0,587650.0,50,499
439,11578756,0.7043074955060691,-8264.749999999996,826475.0,190215.0,147900.0,16960.0,471400.0,50,499
440,689325539,0.7037440495096642,-7825.924999999999,782592.5,189372.5,3200.0,17320.0,572700.0,50,499
441,24851098,0.7031810542700564,-9523.975,952397.5,190647.5,123200.0,16400.0,622150.0,50,499
442,807533192,0.7026185094266403,-9449.724999999997,944972.5,197232.5,120100.0,16440.0,611200.0,50,499
443,819916756,0.702056414619099,-8358.075,835807.5,192837.5,74800.0,16920.0,551250.0,50,499
444,865441987,0.7014947694874036,-9670.749999999996,967075.0,190005.0,194500.0,16520.0,566050.0,50,499
445,896180075,0.7009335736718137,-9010.0,901000.0,191840.0,112800.0,15560.0,580800.0,50,499
446,807992529,0.7003728268128763,-8484.900000000001,848490.0,195390.0,112300.0,16400.0,524400.0,50,499
447,355797866,0.699812528551426,-7887.9,788790.0,189950.0,68400.0,16640.0,513800.0,50,499
448,918340311,0.6992526785285847,-9239.55,923955.0,196555.0,61600.0,17000.0,648800.0,50,499
449,578494939,0.6986932763857618,-6156.199999999999,615620.0,183800.0,46900.0,16120.0,368800.0,50,500
450,803719725,0.6981343217646532,-11728.775,1172877.5,197997.5,237600.0,16680.0,720600.0,50,500
451,754223913,0.6975758143072415,-8712.125000000002,871212.5,193702.5,50400.0,16560.0,610550.0,50,500
452,809301307,0.6970177536557957,-10006.249999999998,1000625.0,193435.0,107000.0,16240.0,683950.0,50,500
453,811734327,0.696460139452871,-12138.999999999998,1213900.0,198760.0,295300.0,15840.0,704000.0,50,501
454,136983851,0.6959029713413086,-9305.499999999998,930550.0,197480.0,8900.0,16720.0,707450.0,50,501
455,947231601,0.6953462489642356,-8654.475,865447.5,191047.5,128000.0,17600.0,528800.0,50,501
456,970549375,0.6947899719650642,-9097.125,909712.5,192842.5,49200.0,16520.0,651150.0,50,501
457,158235130,0.6942341399874922,-8422.550000000001,842255.0,192585.0,89200.0,16720.0,543750.0,50,501
458,590322314,0.6936787526755022,-12652.4,1265240.0,204730.0,209100.0,17560.0,833850.0,50,501
459,720023344,0.6931238096733617,-10126.200000000003,1012620.0,195220.0,111300.0,17000.0,689100.0,50,502
460,666206453,0.692569310625623,-9175.9,917590.0,188600.0,125900.0,17440.0,585650.0,50,502
461,36067008,0.6920152551771225,-8282.299999999997,828230.0,192620.0,64800.0,16360.0,554450.0,50,502
462,184615074,0.6914616429729807,-11693.249999999998,1169325.0,195425.0,153200.0,17600.0,803100.0,50,502
463,953809400,0.6909084736586023,-7134.450000000001,713445.0,193265.0,28400.0,16480.0,475300.0,50,502
464,933861337,0.6903557468796754,-6776.375,677637.5,184777.5,0.0,16360.0,476500.0,50,502
465,348772052,0.6898034622821716,-8298.175,829817.5,182717.5,44800.0,16200.0,586100.0,50,502
466,392610880,0.6892516195123458,-8344.225000000004,834422.5,190942.5,114600.0,15680.0,513200.0,50,505
467,27547174,0.6887002182167359,-5770.15,577015.0,183085.0,16400.0,15680.0,361850.0,50,505
468,903488505,0.6881492580421624,-9321.824999999999,932182.5,191432.5,170500.0,16800.0,553450.0,50,505
469,666741922,0.6875987386357287,-8056.825000000001,805682.5,190412.5,0.0,16720.0,598550.0,50,505
470,884930267,0.6870486596448201,-11303.699999999999,1130370.0,195990.0,244600.0,16080.0,673700.0,50,506
471,260767010,0.6864990207171042,-8021.275000000001,802127.5,193537.5,104500.0,16840.0,487250.0,50,506
472,391807529,0.6859498215005305,-8234.300000000001,823430.0,184590.0,91300.0,15640.0,531900.0,50,506
473,69932664,0.68540106164333,-10014.624999999998,1001462.5,195502.5,146600.0,16560.0,642800.0,50,506
474,635866883,0.6848527407940154,-10103.249999999998,1010325.0,200165.0,218500.0,16560.0,575100.0,50,506
475,347391325,0.6843048586013801,-9612.35,961235.0,190895.0,94200.0,17040.0,659100.0,50,507
476,512078157,0.683757414714499,-9147.800000000001,914780.0,187660.0,86800.0,17720.0,622600.0,50,509
477,728480387,0.6832104087827274,-8901.425000000001,890142.5,192722.5,3600.0,16520.0,677300.0,50,509
478,125710360,0.6826638404557013,-11118.05,1111805.0,197005.0,171500.0,16400.0,726900.0,50,509
479,364359978,0.6821177093833367,-11120.749999999995,1112075.0,196085.0,174700.0,17040.0,724250.0,50,510
480,25559952,0.68157201521583,-8614.175,861417.5,190097.5,153200.0,16920.0,501200.0,50,510
481,154249809,0.6810267576036573,-8371.675,837167.5,196877.5,53200.0,16840.0,570250.0,50,510
482,114431156,0.6804819361975744,-8070.525000000001,807052.5,193482.5,57600.0,16720.0,539250.0,50,510
483,901780949,0.6799375506486163,-8407.100000000002,840710.0,190950.0,73700.0,16560.0,559500.0,50,511
484,818146154,0.6793936006080974,-9663.925000000001,966392.5,198492.5,106800.0,16800.0,644300.0,50,511
485,467799739,0.6788500857276109,-12152.95,1215295.0,198885.0,212000.0,17760.0,786650.0,50,511
486,489449554,0.6783070056590288,-8138.575000000001,813857.5,192927.5,66100.0,16680.0,538150.0,50,511
487,921376737,0.6777643600545016,-6406.150000000001,640615.0,181705.0,116100.0,14960.0,327850.0,50,512
488,260812488,0.677222148566458,-7050.599999999999,705060.0,190090.0,87200.0,14520.0,413250.0,50,512
489,224612447,0.6766803708476048,-7287.6,728760.0,193040.0,93600.0,15720.0,426400.0,50,512
490,167997943,0.6761390265509267,-11413.149999999994,1141315.0,199135.0,231500.0,17080.0,693600.0,50,512
491,608340187,0.6755981153296859,-6676.325000000002,667632.5,189532.5,12800.0,16200.0,449100.0,50,512
492,186347260,0.6750576368374221,-7549.125,754912.5,188962.5,28800.0,16200.0,520950.0,50,512
493,132795996,0.6745175907279521,-9041.824999999999,904182.5,191702.5,63200.0,16880.0,632400.0,50,512
494,341794103,0.6739779766553697,-11025.949999999999,1102595.0,194395.0,164400.0,17200.0,726600.0,50,512
495,428083660,0.6734387942740454,-13272.574999999999,1327257.5,203647.5,315600.0,17960.0,790050.0,50,512
496,984963867,0.6729000432386262,-8524.699999999999,852470.0,195210.0,96600.0,15960.0,544700.0,50,513
497,956398444,0.6723617232040353,-10530.000000000002,1053000.0,197740.0,198500.0,16760.0,640000.0,50,513
498,460853246,0.6718238338254721,-8920.549999999997,892055.0,194285.0,89900.0,15920.0,591950.0,50,513
499,193680050,0.6712863747584117,-8026.7,802670.0,180630.0,100400.0,16440.0,505200.0,50,513
500,920599431,0.6707493456586049,-9284.874999999995,928487.5,196727.5,114900.0,16360.0,600500.0,50,513
501,128441947,0.670212746182078,-7973.575,797357.5,190107.5,15600.0,16600.0,575050.0,50,513
502,317392962,0.6696765759851324,-9608.700000000003,960870.0,194780.0,95500.0,17040.0,653550.0,50,513
503,62262469,0.6691408347243443,-8349.025000000001,834902.5,190462.5,31400.0,17640.0,595400.0,50,513
504,154683531,0.6686055220565648,-9167.025000000001,916702.5,193292.5,71200.0,16960.0,635250.0,50,513
505,32663180,0.6680706376389195,-10042.050000000001,1004205.0,198485.0,127200.0,17720.0,660800.0,50,513
506,626517578,0.6675361811288083,-7996.0,799600.0,184910.0,60600.0,16040.0,538050.0,50,513
507,985213904,0.6670021521839052,-10177.225,1017722.5,196312.5,108800.0,16960.0,695650.0,50,513
508,622700292,0.6664685504621581,-9245.249999999998,924525.0,191565.0,165300.0,16960.0,550700.0,50,514
509,389437585,0.6659353756217884,-9386.45,938645.0,185775.0,184400.0,16520.0,551950.0,50,514
510,577613945,0.665402627321291,-9729.374999999996,972937.5,195887.5,136400.0,16800.0,623850.0,50,514
511,642912460,0.6648703052194339,-7948.424999999998,794842.5,194612.5,22800.0,16280.0,561150.0,50,514
512,425066578,0.6643384089752583,-9544.825,954482.5,195102.5,114900.0,16680.0,627800.0,50,514
513,901729389,0.6638069382480781,-11121.175000000003,1112117.5,198847.5,149200.0,17320.0,746750.0,50,514
514,930253649,0.6632758926974797,-8762.599999999999,876260.0,195700.0,1000.0,16160.0,663400.0,50,514
515,575459458,0.6627452719833217,-10799.874999999998,1079987.5,200897.5,235300.0,16440.0,627350.0,50,514
516,830953407,0.662215075765735,-15014.500000000002,1501450.0,201760.0,377800.0,16840.0,905050.0,50,514
517,34107504,0.6616853037051225,-8731.425,873142.5,192552.5,141300.0,16240.0,523050.0,50,514
518,959405142,0.6611559554621583,-8693.174999999997,869317.5,187757.5,165000.0,16160.0,500400.0,50,514
519,228718350,0.6606270306977886,-9523.75,952375.0,187965.0,130100.0,16760.0,617550.0,50,514
520,808447551,0.6600985290732304,-8450.05,845005.0,186255.0,96300.0,16400.0,546050.0,50,515
521,383344379,0.6595704502499719,-9445.124999999998,944512.5,197482.5,104000.0,17280.0,625750.0,50,515
522,289187637,0.6590427938897718,-12340.375,1234037.5,200827.5,193500.0,17760.0,821950.0,50,515
523,560680464,0.65851555965466,-10354.850000000002,1035485.0,194725.0,96000.0,16960.0,727800.0,50,515
524,45851909,0.6579887472069362,-6437.599999999999,643760.0,180360.0,7600.0,16200.0,439600.0,50,515
525,479470442,0.6574623562091707,-8950.199999999999,895020.0,198100.0,86800.0,16320.0,593800.0,50,515
526,420709589,0.6569363863242034,-8200.599999999999,820060.0,187950.0,9400.0,17360.0,605350.0,50,515
527,574066187,0.656410837215144,-9918.675,991867.5,190957.5,204600.0,15560.0,580750.0,50,515
528,212822738,0.6558857085453719,-9603.25,960325.0,193005.0,68800.0,17120.0,681400.0,50,515
529,837677936,0.6553609999785356,-8540.974999999999,854097.5,190097.5,84800.0,16000.0,563200.0,50,516
530,119791895,0.6548367111785527,-9289.149999999998,928915.0,192775.0,116200.0,16840.0,603100.0,50,516
531,235252077,0.6543128418096098,-7732.325000000002,773232.5,190552.5,52900.0,16080.0,513700.0,50,516
532,471772755,0.6537893915361621,-9671.724999999999,967172.5,192162.5,110800.0,17760.0,646450.0,50,516
533,886263590,0.6532663600229331,-7704.974999999999,770497.5,190057.5,130000.0,15840.0,434600.0,50,516
534,456711109,0.6527437469349148,-7271.624999999999,727162.5,193302.5,35200.0,15960.0,482700.0,50,516
535,525641206,0.6522215519373669,-8752.175000000001,875217.5,196377.5,21600.0,16840.0,640400.0,50,516
536,375614666,0.651699774695817,-11158.575000000003,1115857.5,197797.5,175700.0,17160.0,725200.0,50,517
537,14200771,0.6511784148760603,-8917.175000000001,891717.5,194807.5,47600.0,17360.0,631950.0,50,517
538,806570628,0.6506574721441595,-8843.0,884300.0,188140.0,85600.0,16960.0,593600.0,50,518
539,104333383,0.6501369461664441,-9615.725000000002,961572.5,193362.5,165300.0,16560.0,586350.0,50,518
540,936806405,0.649616836609511,-10612.550000000001,1061255.0,196305.0,206200.0,16400.0,642350.0,50,518
541,663922001,0.6490971431402234,-7992.7000000000035,799270.0,184200.0,0.0,16520.0,598550.0,50,518
542,838095916,0.6485778654257112,-9267.849999999997,926785.0,193135.0,98200.0,16800.0,618650.0,50,518
543,554840822,0.6480590031333706,-9908.175,990817.5,187927.5,146400.0,16440.0,640050.0,50,518
544,115838655,0.6475405559308639,-7704.800000000001,770480.0,188260.0,86900.0,16520.0,478800.0,50,518
545,593004194,0.6470225234861192,-9388.025,938802.5,187282.5,122800.0,16920.0,611800.0,50,518
546,855475731,0.6465049054673303,-8133.199999999999,813320.0,189010.0,9600.0,16360.0,598350.0,50,519
547,873748129,0.6459877015429564,-9668.825,966882.5,196382.5,67600.0,17000.0,685900.0,50,519
548,32790785,0.645470911381722,-7828.5,782850.0,195790.0,4800.0,15960.0,566300.0,50,519
549,403424863,0.6449545346526165,-8294.175,829417.5,192357.5,54100.0,15760.0,567200.0,50,520
550,26391044,0.6444385710248944,-7890.375000000001,789037.5,191497.5,113600.0,15840.0,468100.0,50,520
551,491997864,0.6439230201680745,-10313.050000000001,1031305.0,195575.0,130400.0,18080.0,687250.0,50,520
552,473438579,0.64340788175194,-7648.249999999999,764825.0,183665.0,117600.0,16760.0,446800.0,50,524
553,827506442,0.6428931554465384,-9630.599999999999,963060.0,195450.0,131800.0,18160.0,617650.0,50,524
554,459609858,0.6423788409221811,-9241.824999999999,924182.5,191812.5,82000.0,17520.0,632850.0,50,524
555,248899923,0.6418649378494433,-7039.2,703920.0,186720.0,62400.0,15800.0,439000.0,50,524
556,261828849,0.6413514458991637,-10243.374999999998,1024337.5,194697.5,200800.0,16440.0,612400.0,50,525
557,961612873,0.6408383647424444,-8444.449999999999,844445.0,195755.0,78800.0,18040.0,551850.0,50,525
558,967384390,0.6403256940506504,-8293.5,829350.0,187700.0,67200.0,15600.0,558850.0,50,525
559,713844912,0.6398134334954099,-8804.2,880420.0,196890.0,83400.0,15680.0,584450.0,50,526
560,857051866,0.6393015827486135,-8074.049999999999,807405.0,189195.0,2400.0,16560.0,599250.0,50,526
561,726935321,0.6387901414824145,-9259.625000000002,925962.5,195252.5,129600.0,16760.0,584350.0,50,526
562,424638082,0.6382791093692286,-10561.349999999997,1056135.0,197385.0,175300.0,16800.0,666650.0,50,526
563,9974143,0.6377684860817332,-12965.200000000003,1296520.0,203530.0,219600.0,18040.0,855350.0,50,526
564,428816750,0.6372582712928678,-12936.650000000005,1293665.0,198715.0,305600.0,17600.0,771750.0,50,526
565,666419936,0.6367484646758336,-6355.625,635562.5,172472.5,38200.0,15640.0,409250.0,50,527
566,126461655,0.6362390659040928,-8642.775000000001,864277.5,190997.5,52900.0,15680.0,604700.0,50,527
567,60332676,0.6357300746513695,-8395.425,839542.5,196302.5,61800.0,17040.0,564400.0,50,527
568,577870484,0.6352214905916485,-6570.150000000001,657015.0,187765.0,12000.0,16000.0,441250.0,50,527
569,711025329,0.6347133133991751,-9571.4,957140.0,192130.0,96000.0,17160.0,651850.0,50,527
570,511627913,0.6342055427484558,-11086.699999999999,1108670.0,199920.0,177900.0,16200.0,714650.0,50,527
571,950735681,0.633698178314257,-8436.425000000003,843642.5,188662.5,42300.0,16880.0,595800.0,50,527
572,694943708,0.6331912197716056,-9101.675000000001,910167.5,192057.5,125600.0,16960.0,575550.0,50,528
573,204674909,0.6326846667957884,-11003.125,1100312.5,201132.5,147400.0,17280.0,734500.0,50,528
574,280992151,0.6321785190623518,-7969.175000000001,796917.5,189607.5,37000.0,14960.0,555350.0,50,530
575,700015576,0.6316727762471019,-7689.700000000002,768970.0,189720.0,29000.0,15600.0,534650.0,50,531
576,801894249,0.6311674380261042,-10133.85,1013385.0,197085.0,100400.0,17000.0,698900.0,50,531
577,852987017,0.6306625040756833,-9551.300000000003,955130.0,191470.0,140800.0,16360.0,606500.0,50,531
578,707591290,0.6301579740724227,-8306.400000000003,830640.0,196040.0,31800.0,15400.0,587400.0,50,533
579,161814254,0.6296538476931647,-8061.525,806152.5,180752.5,86700.0,15600.0,523100.0,50,534
580,337774149,0.6291501246150102,-7753.050000000001,775305.0,197785.0,52200.0,16520.0,508800.0,50,534
581,847099100,0.6286468045153182,-5775.800000000001,577580.0,186480.0,2000.0,15400.0,373700.0,50,534
582,59158888,0.6281438870717059,-8029.5999999999985,802960.0,192990.0,113500.0,15920.0,480550.0,50,534
583,829969214,0.6276413719620485,-8875.7,887570.0,187940.0,55700.0,17080.0,626850.0,50,534
584,305231183,0.6271392588644789,-7723.324999999997,772332.5,187532.5,104000.0,16400.0,464400.0,50,536
585,126729806,0.6266375474573873,-6062.425,606242.5,187742.5,68200.0,16000.0,334300.0,50,536
586,293456752,0.6261362374194214,-9199.875,919987.5,193247.5,88000.0,16640.0,622100.0,50,536
587,634365365,0.6256353284294858,-8644.074999999997,864407.5,189437.5,58500.0,16120.0,600350.0,50,536
588,679965660,0.6251348201667422,-10698.325,1069832.5,186892.5,256000.0,16240.0,610700.0,50,536
589,605257703,0.6246347123106087,-8307.0,830700.0,189760.0,75600.0,17840.0,547500.0,50,536
590,980085827,0.6241350045407602,-7630.475000000001,763047.5,185677.5,59300.0,16120.0,501950.0,50,536
591,497748331,0.6236356965371276,-11432.775000000001,1143277.5,197567.5,151100.0,17760.0,776850.0,50,536
592,481522310,0.6231367879798979,-9145.774999999998,914577.5,183857.5,134300.0,16120.0,580300.0,50,536
593,727021890,0.6226382785495139,-9418.475,941847.5,197567.5,107200.0,15880.0,621200.0,50,536
594,213553004,0.6221401679266743,-9258.875,925887.5,187047.5,127200.0,16040.0,595600.0,50,536
595,94547654,0.6216424557923329,-9181.675,918167.5,196357.5,63700.0,17160.0,640950.0,50,536
596,370280586,0.621145141827699,-12051.350000000006,1205135.0,198985.0,203700.0,17400.0,785050.0,50,536
597,261723175,0.6206482257142368,-10806.175000000001,1080617.5,198057.5,178400.0,16160.0,688000.0,50,536
598,774286478,0.6201517071336654,-7676.2249999999985,767622.5,185952.5,55600.0,16720.0,509350.0,50,536
599,240029807,0.6196555857679584,-9922.025,992202.5,197192.5,175400.0,17160.0,602450.0,50,536
600,835395207,0.6191598612993441,-8881.2,888120.0,193010.0,125300.0,16360.0,553450.0,50,536
601,166459726,0.6186645334103046,-11128.525000000003,1112852.5,197822.5,147600.0,17880.0,749550.0,50,536
602,606658590,0.6181696017835763,-9417.575000000003,941757.5,185417.5,197600.0,16040.0,542700.0,50,538
603,324352644,0.6176750661021494,-6210.9000000000015,621090.0,189430.0,2800.0,15960.0,412900.0,50,538
604,471996046,0.6171809260492677,-9283.824999999999,928382.5,190372.5,120900.0,16760.0,600350.0,50,538
605,949387423,0.6166871813084283,-6550.375,655037.5,184957.5,38000.0,16280.0,415800.0,50,538
606,279927686,0.6161938315633815,-8095.175000000001,809517.5,193267.5,87600.0,15800.0,512850.0,50,538
607,38140812,0.6157008764981308,-9219.025,921902.5,184622.5,129200.0,16880.0,591200.0,50,539
608,288448779,0.6152083157969322,-8573.199999999999,857320.0,195170.0,48400.0,16000.0,597750.0,50,539
609,249076248,0.6147161491442947,-6566.550000000003,656655.0,194145.0,24800.0,16960.0,420750.0,50,539
610,715760789,0.6142243762249793,-7783.925,778392.5,190562.5,183600.0,16480.0,387750.0,50,539
611,296800086,0.6137329967239993,-8322.249999999998,832225.0,186515.0,81600.0,16360.0,547750.0,50,539
612,107174613,0.6132420103266201,-10470.700000000004,1047070.0,189160.0,185400.0,16360.0,656150.0,50,539
613,992429846,0.6127514167183588,-9371.200000000003,937120.0,191010.0,192800.0,15960.0,537350.0,50,539
614,676516766,0.612261215584984,-11957.299999999996,1195730.0,200550.0,183100.0,16680.0,795400.0,50,539
615,677439756,0.611771406612516,-10816.800000000003,1081680.0,189760.0,52400.0,17920.0,821600.0,50,539
616,434328218,0.611281989487226,-9348.975000000002,934897.5,188217.5,85600.0,16680.0,644400.0,50,539
617,904960633,0.6107929638956362,-10788.725,1078872.5,197222.5,160300.0,17800.0,703550.0,50,539
618,461783561,0.6103043295245196,-8413.799999999997,841380.0,191270.0,64000.0,16560.0,569550.0,50,539
619,780024517,0.6098160860609,-9222.625000000002,922262.5,192302.5,124400.0,15360.0,590200.0,50,539
620,154508104,0.6093282331920512,-8486.499999999998,848650.0,186510.0,220700.0,15240.0,426200.0,50,541
621,502159518,0.6088407706054976,-8038.675000000001,803867.5,189677.5,86400.0,16040.0,511750.0,50,542
622,366424042,0.6083536979890132,-11435.15,1143515.0,197495.0,156700.0,17320.0,772000.0,50,542
623,223173355,0.6078670150306219,-8414.900000000001,841490.0,188290.0,122200.0,17400.0,513600.0,50,542
624,795794216,0.6073807214185974,-10425.399999999998,1042540.0,197160.0,184600.0,16880.0,643900.0,50,542
625,120652790,0.6068948168414625,-10259.85,1025985.0,193855.0,161100.0,17080.0,653950.0,50,542
626,303283733,0.6064093009879893,-7193.500000000002,719350.0,181980.0,46000.0,15520.0,475850.0,50,543
627,779933720,0.6059241735471989,-11081.15,1108115.0,197715.0,259800.0,16000.0,634600.0,50,543
628,471076516,0.6054394342083611,-9537.924999999997,953792.5,198622.5,162300.0,16720.0,576150.0,50,543
629,865037679,0.6049550826609944,-11205.949999999999,1120595.0,198725.0,238400.0,16520.0,666950.0,50,543
630,862752720,0.6044711185948656,-8276.5,827650.0,186480.0,67400.0,16920.0,556850.0,50,543
631,767993323,0.6039875416999897,-8728.824999999999,872882.5,196202.5,69000.0,16280.0,591400.0,50,543
632,854915597,0.6035043516666296,-9465.074999999995,946507.5,195257.5,145300.0,17400.0,588550.0,50,544
633,486193252,0.6030215481852963,-10573.075,1057307.5,194117.5,187300.0,17840.0,658050.0,50,544
634,603206607,0.602539130946748,-7781.975,778197.5,190707.5,105800.0,16640.0,465050.0,50,544
635,406477603,0.6020570996419906,-10765.699999999997,1076570.0,201520.0,140100.0,17400.0,717550.0,50,545
636,279240547,0.601575453962277,-7534.624999999998,753462.5,189072.5,0.0,16640.0,547750.0,50,545
637,711669479,0.6010941935991071,-7990.7,799070.0,188650.0,70500.0,15720.0,524200.0,50,545
638,334318469,0.6006133182442278,-8706.8,870680.0,191950.0,63200.0,14880.0,600650.0,50,546
639,56001223,0.6001328275896324,-10654.174999999996,1065417.5,196547.5,249500.0,16120.0,603250.0,50,548
640,685196405,0.5996527213275606,-9302.324999999999,930232.5,191052.5,53400.0,17480.0,668300.0,50,548
641,435489402,0.5991729991504986,-10631.525000000001,1063152.5,191672.5,156700.0,17080.0,697700.0,50,548
642,276123066,0.5986936607511781,-8868.425,886842.5,195652.5,117000.0,16840.0,557350.0,50,548
643,489059583,0.5982147058225772,-11146.225,1114622.5,191202.5,185600.0,17320.0,720500.0,50,548
644,869321347,0.5977361340579191,-8320.150000000001,832015.0,191995.0,71700.0,15920.0,552400.0,50,548
645,420127492,0.5972579451506728,-8332.724999999999,833272.5,190582.5,37900.0,16840.0,587950.0,50,548
646,151858289,0.5967801387945522,-11971.475,1197147.5,203037.5,352800.0,15360.0,625950.0,50,548
647,821179689,0.5963027146835165,-11583.4,1158340.0,200060.0,194500.0,17280.0,746500.0,50,548
648,700070954,0.5958256725117697,-9130.650000000001,913065.0,184675.0,179400.0,16440.0,532550.0,50,550
649,833607817,0.5953490119737602,-10265.949999999999,1026595.0,198665.0,212400.0,16680.0,598850.0,50,550
650,182557842,0.5948727327641812,-9224.850000000002,922485.0,187665.0,56900.0,16520.0,661400.0,50,550
651,81366261,0.5943968345779698,-10205.000000000002,1020500.0,191600.0,129400.0,17600.0,681900.0,50,550
652,793790342,0.5939213171103074,-10279.400000000001,1027940.0,194490.0,61600.0,17600.0,754250.0,50,550
653,652556543,0.5934461800566191,-8892.75,889275.0,193225.0,55600.0,16800.0,623650.0,50,550
654,273606608,0.5929714231125738,-10907.875,1090787.5,194057.5,66400.0,17680.0,812650.0,50,550
655,470481599,0.5924970459740837,-12423.699999999999,1242370.0,203660.0,260400.0,17360.0,760950.0,50,550
656,931934768,0.5920230483373045,-10151.475000000002,1015147.5,198377.5,210000.0,16920.0,589850.0,50,550
657,628671329,0.5915494298986346,-11590.925,1159092.5,200892.5,300500.0,16800.0,640900.0,50,551
658,326115064,0.5910761903547157,-8217.324999999997,821732.5,186862.5,19700.0,15920.0,599250.0,50,551
659,479647277,0.5906033294024319,-7368.275,736827.5,187167.5,0.0,17360.0,532300.0,50,551
660,698704029,0.5901308467389099,-12657.124999999998,1265712.5,203822.5,269300.0,17440.0,775150.0,50,551
661,567273799,0.5896587420615188,-6847.4749999999985,684747.5,190177.5,31200.0,17320.0,446050.0,50,551
662,755755679,0.5891870150678695,-7326.899999999999,732690.0,185480.0,62500.0,15960.0,468750.0,50,552
663,716470574,0.5887156654558152,-7458.5,745850.0,196520.0,97600.0,15280.0,436450.0,50,552
664,66346062,0.5882446929234506,-8771.725000000002,877172.5,195162.5,91700.0,17160.0,573150.0,50,552
665,495123688,0.5877740971691119,-11966.000000000004,1196600.0,202530.0,195200.0,17320.0,781550.0,50,552
666,450630666,0.5873038778913766,-10224.575,1022457.5,193897.5,194900.0,17160.0,616500.0,50,552
667,372010962,0.5868340347890635,-9641.750000000002,964175.0,177825.0,134600.0,17000.0,634750.0,50,552
668,526763607,0.5863645675612322,-9500.824999999999,950082.5,195362.5,149300.0,16120.0,589300.0,50,553
669,279407707,0.5858954759071833,-10722.525,1072252.5,194402.5,76800.0,17600.0,783450.0,50,554
670,743798773,0.5854267595264575,-11179.200000000003,1117920.0,194510.0,234800.0,16960.0,671650.0,50,554
671,504235362,0.5849584181188363,-10326.824999999999,1032682.5,192342.5,132900.0,18040.0,689400.0,50,554
672,315921598,0.5844904513843412,-8521.899999999996,852190.0,193620.0,152200.0,16520.0,489850.0,50,554
673,33142430,0.5840228590232337,-6895.925000000002,689592.5,186332.5,45200.0,16560.0,441500.0,50,554
674,746208055,0.5835556407360151,-8343.599999999999,834360.0,191630.0,62700.0,16880.0,563150.0,50,554
675,731869642,0.5830887962234262,-7511.475000000001,751147.5,187357.5,56100.0,16040.0,491650.0,50,554
676,349257451,0.5826223251864475,-8944.424999999997,894442.5,188372.5,74400.0,17120.0,614550.0,50,554
677,186315245,0.5821562273262983,-11423.575,1142357.5,197147.5,125300.0,17160.0,802750.0,50,554
678,182785686,0.5816905023444373,-9868.3,986830.0,194710.0,134800.0,16120.0,641200.0,50,554
679,113530496,0.5812251499425617,-7565.650000000001,756565.0,183705.0,98000.0,15560.0,459300.0,50,554
680,453633953,0.5807601698226076,-8875.8,887580.0,194360.0,70500.0,17920.0,604800.0,50,554
681,641574211,0.5802955616867495,-10917.450000000004,1091745.0,199455.0,264900.0,16240.0,611150.0,50,554
682,231708768,0.5798313252374,-7028.825,702882.5,192602.5,2100.0,16080.0,492100.0,50,554
683,100248894,0.5793674601772101,-8102.1,810210.0,193460.0,96000.0,16600.0,504150.0,50,554
684,686689561,0.5789039662090683,-8820.625,882062.5,198932.5,118400.0,16680.0,548050.0,50,554
685,737877374,0.578440843036101,-9808.599999999997,980860.0,195550.0,97800.0,16160.0,671350.0,50,554
686,933642453,0.5779780903616721,-8087.975000000001,808797.5,195957.5,56400.0,17040.0,539400.0,50,554
687,224389479,0.5775157078893828,-8659.475000000002,865947.5,194477.5,142200.0,16720.0,512550.0,50,554
688,579951190,0.5770536953230713,-9538.724999999999,953872.5,195232.5,74700.0,16840.0,667100.0,50,554
689,50872842,0.5765920523668128,-9175.225,917522.5,192582.5,119100.0,16640.0,589200.0,50,554
690,12395528,0.5761307787249194,-11887.1,1188710.0,200770.0,225700.0,17040.0,745200.0,50,554
691,252891613,0.5756698741019394,-10244.924999999996,1024492.5,193032.5,193600.0,16360.0,621500.0,50,554
692,546828235,0.5752093382026578,-8986.2,898620.0,191470.0,44500.0,17400.0,645250.0,50,554
693,558429611,0.5747491707320957,-6566.0999999999985,656610.0,182730.0,80400.0,15480.0,378000.0,50,555
694,779900763,0.5742893713955101,-10876.199999999999,1087620.0,192150.0,158200.0,16120.0,721150.0,50,555
695,322345417,0.5738299398983936,-7351.750000000001,735175.0,187895.0,16800.0,15880.0,514600.0,50,555
696,161109044,0.5733708759464748,-8579.999999999996,858000.0,192140.0,116400.0,16960.0,532500.0,50,555
697,317236032,0.5729121792457177,-7114.125,711412.5,187442.5,0.0,16320.0,507650.0,50,555
698,424228633,0.5724538495023211,-11509.574999999999,1150957.5,198717.5,208800.0,17040.0,726400.0,50,555
699,942753329,0.5719958864227193,-9676.675,967667.5,188727.5,81500.0,16640.0,680800.0,50,555
700,378128441,0.5715382897135811,-6920.824999999998,692082.5,186752.5,8700.0,16280.0,480350.0,50,555
701,534142457,0.5710810590818103,-11969.325,1196932.5,201972.5,202200.0,16960.0,775800.0,50,555
702,7669938,0.5706241942345448,-9159.375,915937.5,192937.5,168600.0,15600.0,538800.0,50,557
703,87314580,0.5701676948791572,-11044.675000000001,1104467.5,183907.5,151400.0,16960.0,752200.0,50,557
704,751759328,0.5697115607232539,-8448.575,844857.5,188807.5,144700.0,17200.0,494150.0,50,557
705,250596296,0.5692557914746753,-10021.95,1002195.0,197715.0,224000.0,16280.0,564200.0,50,558
706,585904504,0.5688003868414956,-8806.175000000003,880617.5,193627.5,155000.0,15840.0,516150.0,50,559
707,745286618,0.5683453465320224,-7405.5,740550.0,191920.0,10200.0,16480.0,521950.0,50,559
708,325773969,0.5678906702547968,-9397.225,939722.5,193522.5,50800.0,16800.0,678600.0,50,559
709,837119679,0.5674363577185929,-11389.075,1138907.5,198557.5,223900.0,16400.0,700050.0,50,559
710,211407869,0.566982408632418,-11120.250000000002,1112025.0,194995.0,274400.0,16480.0,626150.0,50,559
711,740229967,0.5665288227055121,-10391.874999999998,1039187.5,198287.5,146800.0,17600.0,676500.0,50,559
712,976641456,0.5660755996473477,-6185.3,618530.0,182480.0,19200.0,15600.0,401250.0,50,560
713,222051872,0.5656227391676297,-11843.025,1184302.5,199862.5,132200.0,18240.0,834000.0,50,560
714,328580379,0.5651702409762956,-11675.575000000003,1167557.5,197897.5,181500.0,17760.0,770400.0,50,560
715,673795316,0.5647181047835146,-10302.725,1030272.5,197022.5,220600.0,16600.0,596050.0,50,560
716,940222656,0.5642663302996878,-9904.2,990420.0,191670.0,164000.0,16600.0,618150.0,50,560
717,883185893,0.563814917235448,-8679.3,867930.0,195260.0,99400.0,16120.0,557150.0,50,560
718,531054105,0.5633638653016596,-8009.749999999999,800975.0,188315.0,118600.0,15760.0,478300.0,50,560
719,388628107,0.5629131742094182,-8851.85,885185.0,187635.0,163900.0,15800.0,517850.0,50,560
720,57230167,0.5624628436700507,-10366.349999999999,1036635.0,192805.0,173100.0,15880.0,654850.0,50,560
721,320217322,0.5620128733951146,-11553.550000000003,1155355.0,197275.0,310200.0,16480.0,631400.0,50,561
722,487732744,0.5615632630963985,-10581.2,1058120.0,189560.0,128800.0,17360.0,722400.0,50,561
723,812445153,0.5611140124859213,-8641.575,864157.5,191677.5,83300.0,15880.0,573300.0,50,561
724,82983000,0.5606651212759326,-7376.024999999999,737602.5,187152.5,24400.0,15800.0,510250.0,50,561
725,964845451,0.5602165891789118,-9832.5,983250.0,194920.0,142000.0,15680.0,630650.0,50,561
726,272615326,0.5597684159075687,-6715.050000000001,671505.0,187465.0,61200.0,16840.0,406000.0,50,561
727,283022463,0.5593206011748426,-7525.975,752597.5,186397.5,27900.0,16600.0,521700.0,50,561
728,280995242,0.5588731446939027,-8387.1,838710.0,186990.0,92200.0,16120.0,543400.0,50,562
729,352921826,0.5584260461781476,-7069.850000000001,706985.0,186065.0,6000.0,16520.0,498400.0,50,562
730,715598521,0.5579793053412051,-7631.299999999999,763130.0,184690.0,78100.0,14840.0,485500.0,50,564
731,571625896,0.5575329218969322,-7522.599999999997,752260.0,190780.0,0.0,16480.0,545000.0,50,564
732,205247943,0.5570868955594146,-8809.375,880937.5,191437.5,133200.0,16000.0,540300.0,50,564
733,77184531,0.5566412260429671,-10132.749999999998,1013275.0,196185.0,135200.0,16240.0,665650.0,50,564
734,36891635,0.5561959130621327,-10998.300000000003,1099830.0,195860.0,74000.0,16120.0,813850.0,50,564
735,651595311,0.5557509563316829,-11637.7,1163770.0,195760.0,203200.0,17360.0,747450.0,50,564
736,933021010,0.5553063555666176,-8140.974999999998,814097.5,187037.5,21600.0,16760.0,588700.0,50,564
737,734879400,0.5548621104821643,-9112.25,911225.0,192955.0,172400.0,15720.0,530150.0,50,564
738,569935580,0.5544182207937786,-9390.35,939035.0,196955.0,108400.0,16280.0,617400.0,50,564
739,912282703,0.5539746862171435,-9059.675,905967.5,198297.5,165500.0,17320.0,524850.0,50,564
740,231181108,0.5535315064681698,-7026.3499999999985,702635.0,191455.0,29000.0,15080.0,467100.0,50,565
741,415051116,0.5530886812629953,-7740.899999999999,774090.0,193430.0,1600.0,17360.0,561700.0,50,565
742,660572180,0.5526462103179849,-7022.350000000001,702235.0,185715.0,14000.0,16320.0,486200.0,50,565
743,267281493,0.5522040933497305,-9340.05,934005.0,199405.0,137200.0,16400.0,581000.0,50,565
744,528596766,0.5517623300750507,-8598.2,859820.0,189240.0,129600.0,16680.0,524300.0,50,565
745,380009481,0.5513209202109907,-10160.275,1016027.5,196597.5,21000.0,16880.0,781550.0,50,565
746,132066870,0.5508798634748219,-9502.525000000001,950252.5,195382.5,181300.0,16720.0,556850.0,50,565
747,583464536,0.550439159584042,-10328.55,1032855.0,193885.0,154900.0,17520.0,666550.0,50,565
748,253944907,0.5499988082563747,-8673.400000000001,867340.0,195650.0,43600.0,17240.0,610850.0,50,565
749,936373330,0.5495588092097696,-9065.450000000003,906545.0,193755.0,147800.0,15640.0,549350.0,50,565
750,385023028,0.5491191621624018,-9113.925000000001,911392.5,191012.5,108300.0,16680.0,595400.0,50,565
751,466334613,0.5486798668326718,-8293.224999999997,829322.5,190782.5,105500.0,16840.0,516200.0,50,565
752,318130360,0.5482409229392057,-9302.100000000002,930210.0,194480.0,153200.0,16880.0,565650.0,50,565
753,547406101,0.5478023302008543,-9337.025,933702.5,192972.5,115200.0,16280.0,609250.0,50,565
754,705628277,0.5473640883366936,-7983.550000000001,798355.0,195505.0,25600.0,16200.0,561050.0,50,565
755,937749895,0.5469261970660242,-8332.775,833277.5,183547.5,19500.0,16880.0,613350.0,50,567
756,561261033,0.5464886561083714,-7361.125,736112.5,189032.5,57500.0,15880.0,473700.0,50,569
757,58623164,0.5460514651834847,-9379.625,937962.5,188852.5,110700.0,16760.0,621650.0,50,569
758,630963223,0.5456146240113379,-8282.175000000001,828217.5,191247.5,35200.0,16720.0,585050.0,50,569
759,841125388,0.5451781323121287,-9281.95,928195.0,190065.0,92700.0,17280.0,628150.0,50,569
760,677099367,0.5447419898062791,-8513.4,851340.0,185700.0,44800.0,16640.0,604200.0,50,570
761,235172968,0.544306196214434,-10388.05,1038805.0,193195.0,227400.0,16360.0,601850.0,50,570
762,313618100,0.5438707512574624,-10312.950000000003,1031295.0,199895.0,222000.0,16600.0,592800.0,50,570
763,481255680,0.5434356546564565,-8674.925000000001,867492.5,197072.5,121500.0,16920.0,532000.0,50,570
764,965763717,0.5430009061327313,-11219.800000000003,1121980.0,195160.0,133600.0,17520.0,775700.0,50,570
765,263234458,0.5425665054078251,-7158.775000000001,715877.5,189587.5,120500.0,15240.0,390550.0,50,570
766,362019326,0.5421324522034988,-9491.850000000002,949185.0,192085.0,188800.0,15800.0,552500.0,50,570
767,142740407,0.541698746241736,-8914.675000000001,891467.5,195637.5,47200.0,16280.0,632350.0,50,570
768,720758310,0.5412653872447426,-10143.924999999997,1014392.5,199632.5,91700.0,16160.0,706900.0,50,570
769,298504301,0.5408323749349468,-8340.449999999999,834045.0,192795.0,11000.0,17400.0,612850.0,50,570
770,513357521,0.5403997090349989,-8033.074999999999,803307.5,193477.5,47300.0,17080.0,545450.0,50,571
771,469866547,0.5399673892677709,-11940.900000000001,1194090.0,199780.0,259300.0,17160.0,717850.0,50,572
772,396520635,0.5395354153563566,-10065.300000000001,1006530.0,189610.0,216700.0,16320.0,583900.0,50,572
773,153271498,0.5391037870240716,-6331.424999999999,633142.5,184222.5,34000.0,16520.0,398400.0,50,572
774,546558410,0.5386725039944523,-9241.475000000002,924147.5,185607.5,51500.0,16440.0,670600.0,50,572
775,956006658,0.5382415659912567,-8823.449999999999,882345.0,196705.0,111200.0,16040.0,558400.0,50,572
776,427004648,0.5378109727384637,-5748.449999999998,574845.0,191215.0,24800.0,15080.0,343750.0,50,572
777,999051168,0.5373807239602729,-8277.675,827767.5,186347.5,61700.0,16520.0,563200.0,50,572
778,168305266,0.5369508193811047,-8971.775000000001,897177.5,193937.5,154400.0,16040.0,532800.0,50,572
779,629806804,0.5365212587255997,-13819.724999999999,1381972.5,202942.5,333900.0,16680.0,828450.0,50,574
780,949509666,0.5360920417186192,-7205.375,720537.5,194267.5,10800.0,15520.0,499950.0,50,574
781,118617902,0.5356631680852443,-10356.05,1035605.0,192825.0,258700.0,16880.0,567200.0,50,574
782,620230961,0.535234637550776,-8916.325,891632.5,189712.5,160800.0,16320.0,524800.0,50,575
783,814846905,0.5348064498407354,-10935.4,1093540.0,201030.0,255400.0,16160.0,620950.0,50,576
784,209949152,0.5343786046808628,-7526.125,752612.5,192312.5,38800.0,16000.0,505500.0,50,576
785,778464367,0.5339511017971181,-7528.925,752892.5,189742.5,76800.0,16600.0,469750.0,50,576
786,675046481,0.5335239409156805,-9058.349999999999,905835.0,196295.0,111000.0,17440.0,581100.0,50,577
787,460923367,0.5330971217629479,-7170.825000000001,717082.5,191842.5,123200.0,15840.0,386200.0,50,577
788,121176422,0.5326706440655375,-9585.550000000003,958555.0,195565.0,102100.0,17240.0,643650.0,50,577
789,931196650,0.5322445075502851,-10657.949999999999,1065795.0,199605.0,141600.0,16240.0,708350.0,50,577
790,830304165,0.5318187119442448,-12300.875000000002,1230087.5,199507.5,238300.0,17480.0,774800.0,50,577
791,850155330,0.5313932569746894,-10545.225000000004,1054522.5,196882.5,198600.0,16640.0,642400.0,50,577
792,11436644,0.5309681423691096,-12167.800000000001,1216780.0,202560.0,219100.0,17920.0,777200.0,50,577
793,470820282,0.5305433678552143,-9411.500000000004,941150.0,193590.0,84000.0,17160.0,646400.0,50,578
794,80992552,0.5301189331609301,-7101.3499999999985,710135.0,183685.0,155000.0,14800.0,356650.0,50,578
795,552446849,0.5296948380144013,-9716.025000000003,971602.5,194472.5,81300.0,17480.0,678350.0,50,578
796,909884119,0.5292710821439898,-12521.324999999997,1252132.5,203812.5,243300.0,17320.0,787700.0,50,578
797,521610155,0.5288476652782745,-6439.750000000002,643975.0,182925.0,22000.0,15600.0,423450.0,50,578
798,167353219,0.5284245871460519,-7162.575,716257.5,189507.5,50300.0,16000.0,460450.0,50,579
799,358046514,0.528001847476335,-6364.399999999999,636440.0,184270.0,22000.0,16320.0,413850.0,50,579
800,585287189,0.5275794459983539,-10431.150000000001,1043115.0,197355.0,168800.0,16360.0,660600.0,50,579
801,236548795,0.5271573824415552,-8846.25,884625.0,195205.0,182400.0,15320.0,491700.0,50,579
802,99071195,0.526735656535602,-11821.425,1182142.5,202312.5,214000.0,17280.0,748550.0,50,579
803,73347906,0.5263142680103735,-9066.624999999996,906662.5,188792.5,105500.0,15920.0,596450.0,50,579
804,473883419,0.5258932165959652,-7245.850000000001,724585.0,189175.0,70000.0,16160.0,449250.0,50,579
805,341494742,0.5254725020226885,-6776.325,677632.5,183482.5,6000.0,16800.0,471350.0,50,579
806,486615480,0.5250521240210703,-8410.924999999997,841092.5,191362.5,86400.0,16080.0,547250.0,50,579
807,136805678,0.5246320823218534,-7876.55,787655.0,186305.0,80400.0,16400.0,504550.0,50,579
808,869997827,0.524212376655996,-6932.900000000001,693290.0,187040.0,4900.0,16400.0,484950.0,50,579
809,948833578,0.5237930067546711,-8451.2,845120.0,183040.0,76400.0,15880.0,569800.0,50,580
810,486546585,0.5233739723492674,-8535.975,853597.5,191877.5,60000.0,17120.0,584600.0,50,580
811,918140221,0.522955273171388,-7166.925,716692.5,188782.5,20400.0,17160.0,490350.0,50,580
812,572091613,0.5225369089528509,-8624.3,862430.0,184410.0,66300.0,16920.0,594800.0,50,580
813,546940275,0.5221188794256886,-6350.799999999998,635080.0,180970.0,62100.0,15760.0,376250.0,50,580
814,467182108,0.521701184322148,-8487.974999999999,848797.5,193267.5,136000.0,15880.0,503650.0,50,580
815,734692871,0.5212838233746903,-9170.224999999999,917022.5,189712.5,140800.0,16560.0,569950.0,50,580
816,359484817,0.5208667963159905,-8302.200000000003,830220.0,187550.0,77700.0,15920.0,549050.0,50,583
817,942862990,0.5204501028789378,-7410.500000000001,741050.0,189440.0,12800.0,16360.0,522450.0,50,583
818,716336034,0.5200337427966346,-10156.574999999999,1015657.5,194397.5,156000.0,17360.0,647900.0,50,583
819,128019151,0.5196177158023972,-5994.325,599432.5,185302.5,0.0,15280.0,398850.0,50,583
820,405441495,0.5192020216297553,-9476.025000000003,947602.5,196682.5,121400.0,17120.0,612400.0,50,583
821,181955943,0.5187866600124514,-7335.525000000001,733552.5,189902.5,62400.0,15800.0,465450.0,50,583
822,978358105,0.5183716306844415,-5809.85,580985.0,179365.0,25200.0,16320.0,360100.0,50,583
823,257867198,0.5179569333798939,-8925.925,892592.5,191802.5,37000.0,17040.0,646750.0,50,583
824,78017576,0.51754256783319,-10126.949999999999,1012695.0,199235.0,59600.0,17360.0,736500.0,50,583
825,587988204,0.5171285337789234,-10578.600000000002,1057860.0,198360.0,223100.0,16200.0,620200.0,50,583
826,961968235,0.5167148309519003,-8991.075000000003,899107.5,194627.5,92000.0,16880.0,595600.0,50,583
827,242568985,0.5163014590871388,-10703.075000000003,1070307.5,200987.5,263700.0,15720.0,589900.0,50,583
828,958202731,0.5158884179198691,-7429.875,742987.5,187907.5,20200.0,16680.0,518200.0,50,583
829,790052464,0.5154757071855331,-7465.724999999999,746572.5,185212.5,55200.0,16160.0,490000.0,50,583
830,68565604,0.5150633266197847,-8442.324999999997,844232.5,196322.5,57700.0,15960.0,574250.0,50,583
831,550450481,0.5146512759584889,-9778.075,977807.5,196437.5,145600.0,16720.0,619050.0,50,583
832,924030925,0.5142395549377221,-11371.849999999997,1137185.0,201995.0,269200.0,16640.0,649350.0,50,583
833,340432035,0.5138281632937719,-11984.899999999998,1198490.0,200370.0,269000.0,17720.0,711400.0,50,583
834,4821088,0.5134171007631368,-9411.249999999998,941125.0,196745.0,94000.0,17080.0,633300.0,50,583
835,709837138,0.5130063670825263,-7126.025,712602.5,189752.5,96800.0,15800.0,410250.0,50,583
836,782802791,0.5125959619888603,-7525.100000000001,752510.0,191220.0,0.0,16440.0,544850.0,50,583
837,828227832,0.5121858852192691,-9532.949999999997,953295.0,184535.0,159000.0,16160.0,593600.0,50,583
838,655053978,0.5117761365110937,-7487.850000000003,748785.0,183725.0,112300.0,15960.0,436800.0,50,583
839,29302329,0.5113667156018847,-8459.6,845960.0,193480.0,82400.0,16080.0,554000.0,50,583
840,423365756,0.5109576222294032,-12339.375,1233937.5,199727.5,277400.0,16960.0,739850.0,50,583
841,150330068,0.5105488561316197,-10061.274999999998,1006127.5,188707.5,97700.0,17720.0,702000.0,50,583
842,826352263,0.5101404170467144,-9262.875,926287.5,191347.5,129600.0,16040.0,589300.0,50,583
843,665049014,0.5097323047130771,-9068.024999999998,906802.5,194062.5,130400.0,16440.0,565900.0,50,583
844,826901858,0.5093245188693066,-12689.199999999993,1268920.0,204720.0,302300.0,16400.0,745500.0,50,583
845,1596212,0.5089170592542112,-10212.4,1021240.0,194720.0,127200.0,17120.0,682200.0,50,583
846,162546136,0.5085099256068077,-7778.200000000002,777820.0,188950.0,42900.0,16520.0,529450.0,50,583
847,537568765,0.5081031176663223,-9709.799999999997,970980.0,198250.0,239200.0,16480.0,517050.0,50,583
848,507573864,0.5076966351721892,-7246.625,724662.5,184802.5,28000.0,17360.0,494500.0,50,583
849,722218029,0.5072904778640515,-11284.675,1128467.5,196457.5,165200.0,17760.0,749050.0,50,583
850,206009963,0.5068846454817602,-7111.374999999998,711137.5,186257.5,17300.0,16080.0,491500.0,50,583
851,817768808,0.5064791377653748,-7123.399999999999,712340.0,188390.0,0.0,16000.0,507950.0,50,583
852,724096853,0.5060739544551625,-9321.6,932160.0,198880.0,123800.0,16480.0,593000.0,50,583
853,25253852,0.5056690952915983,-6862.600000000001,686260.0,189400.0,30800.0,15760.0,450300.0,50,583
854,463616610,0.505264560015365,-8227.599999999997,822760.0,195390.0,0.0,16120.0,611250.0,50,583
855,25041073,0.5048603483673527,-8044.250000000003,804425.0,195625.0,47600.0,16200.0,545000.0,50,583
856,140750094,0.5044564600886589,-10100.525000000001,1010052.5,196942.5,122500.0,16960.0,673650.0,50,583
857,750923825,0.5040528949205879,-9619.6,961960.0,193180.0,106800.0,17080.0,644900.0,50,583
858,226364939,0.5036496526046514,-10049.624999999998,1004962.5,194042.5,146400.0,16920.0,647600.0,50,583
859,436082984,0.5032467328825677,-7907.899999999998,790790.0,193100.0,157100.0,15840.0,424750.0,50,584
860,255486405,0.5028441354962616,-10082.225,1008222.5,194812.5,222200.0,17560.0,573650.0,50,584
861,944447106,0.5024418601878646,-8797.250000000004,879725.0,197805.0,9900.0,16320.0,655700.0,50,584
862,104061069,0.5020399066997143,-9044.174999999997,904417.5,198747.5,133600.0,15720.0,556350.0,50,584
863,952294934,0.5016382747743545,-7316.125,731612.5,184122.5,3600.0,16240.0,527650.0,50,584
864,128648561,0.501236964154535,-8857.624999999996,885762.5,183892.5,101100.0,17120.0,583650.0,50,584
865,86237627,0.5008359745832114,-9352.275,935227.5,193857.5,93600.0,16720.0,631050.0,50,584
866,735358189,0.5004353058035448,-8504.599999999999,850460.0,198110.0,121200.0,17200.0,513950.0,50,584
867,115908346,0.5000349575589019,-9355.125,935512.5,188712.5,46600.0,16600.0,683600.0,50,584
868,890865913,0.49963492959285477,-8621.325,862132.5,191972.5,62000.0,16560.0,591600.0,50,584
869,395078076,0.4992352216491805,-9030.949999999999,903095.0,191545.0,71300.0,16400.0,623850.0,50,584
870,622967575,0.4988358334718611,-10913.9,1091390.0,196570.0,250700.0,16920.0,627200.0,50,585
871,238879984,0.4984367648050836,-7747.300000000001,774730.0,191310.0,43500.0,15920.0,524000.0,50,585
872,96102047,0.4980380153932395,-7464.95,746495.0,189335.0,18800.0,15960.0,522400.0,50,585
873,654571129,0.4976395849809249,-8533.124999999998,853312.5,179112.5,66200.0,16400.0,591600.0,50,587
874,116508378,0.49724147331294016,-10113.499999999996,1011350.0,200100.0,97200.0,17000.0,697050.0,50,587
875,155760223,0.4968436801342898,-12448.949999999999,1244895.0,202005.0,251600.0,17040.0,774250.0,50,587
876,669165431,0.49644620519018234,-7691.474999999999,769147.5,192177.5,21200.0,16920.0,538850.0,50,587
877,680058387,0.4960490482260302,-7668.8,766880.0,185690.0,104800.0,15640.0,460750.0,50,587
878,55095957,0.4956522089874493,-8436.325,843632.5,189782.5,112100.0,16000.0,525750.0,50,587
879,103182454,0.49525568722025937,-9664.5,966450.0,189350.0,50400.0,17800.0,708900.0,50,587
880,853736900,0.49485948267048313,-6987.55,698755.0,186435.0,72800.0,15920.0,423600.0,50,587
881,747045568,0.49446359508434673,-6727.825000000001,672782.5,186522.5,18600.0,16560.0,451100.0,50,587
882,240869280,0.4940680242082792,-9075.15,907515.0,193245.0,97500.0,16920.0,599850.0,50,587
883,787514752,0.4936727697889126,-9910.499999999996,991050.0,197660.0,155600.0,16640.0,621150.0,50,587
884,674417938,0.49327783157308147,-8650.225,865022.5,178522.5,90000.0,16600.0,579900.0,50,587
885,799266647,0.492883209307823,-7546.674999999998,754667.5,190627.5,34900.0,16640.0,512500.0,50,587
886,834001034,0.4924889027403767,-7903.375000000001,790337.5,187837.5,0.0,16000.0,586500.0,50,587
887,927573712,0.4920949116181844,-7319.399999999999,731940.0,189890.0,12800.0,16200.0,513050.0,50,587
888,297615592,0.49170123568888985,-8200.649999999998,820065.0,191275.0,97600.0,16640.0,514550.0,50,587
889,9329828,0.4913078747003387,-11297.474999999995,1129747.5,189717.5,272800.0,17080.0,650150.0,50,587
890,357575022,0.49091482840057843,-6873.750000000003,687375.0,179615.0,23600.0,15760.0,468400.0,50,587
891,24300887,0.49052209653785794,-9037.525000000003,903752.5,195572.5,13600.0,16880.0,677700.0,50,587
892,244464902,0.49012967886062764,-7621.725000000001,762172.5,184302.5,3800.0,17120.0,556950.0,50,588
893,118819168,0.4897375751175391,-8510.924999999997,851092.5,193602.5,61600.0,16840.0,579050.0,50,588
894,773772947,0.4893457850574451,-8954.400000000001,895440.0,196980.0,141100.0,15560.0,541800.0,50,588
895,938465074,0.48895430842939913,-9842.4,984240.0,196350.0,115800.0,16440.0,655650.0,50,589
896,472802000,0.48856314498265563,-7066.975,706697.5,188357.5,49600.0,15640.0,453100.0,50,589
897,686146551,0.4881722944666695,-8642.624999999996,864262.5,193322.5,17600.0,17240.0,636100.0,50,589
898,521432849,0.48778175663109613,-9116.799999999997,911680.0,193240.0,42800.0,17040.0,658600.0,50,589
899,409857225,0.48739153122579126,-9216.400000000001,921640.0,196460.0,168000.0,16080.0,541100.0,50,589
900,30034236,0.4870016180008106,-9438.074999999997,943807.5,192787.5,155100.0,16920.0,579000.0,50,590
901,401413173,0.48661201670640997,-9690.800000000001,969080.0,192350.0,238400.0,16080.0,522250.0,50,590
902,574361747,0.4862227270930448,-10559.774999999998,1055977.5,198407.5,126100.0,16720.0,714750.0,50,590
903,898876178,0.4858337489113704,-7912.15,791215.0,191745.0,56900.0,17120.0,525450.0,50,590
904,283208398,0.4854450819122413,-10353.800000000001,1035380.0,200260.0,184000.0,17320.0,633800.0,50,590
905,509057182,0.4850567258467115,-6493.4000000000015,649340.0,190740.0,43400.0,16000.0,399200.0,50,590
906,180124985,0.4846686804660341,-5598.725000000001,559872.5,188832.5,31100.0,16040.0,323900.0,50,590
907,413706048,0.4842809455216613,-9918.45,991845.0,197255.0,123200.0,17440.0,653950.0,50,590
908,335283402,0.48389352076524395,-9967.249999999998,996725.0,193345.0,230300.0,16680.0,556400.0,50,590
909,268470333,0.48350640594863176,-8033.05,803305.0,191005.0,52000.0,15600.0,544700.0,50,590
910,83383886,0.48311960082387284,-9103.125,910312.5,189082.5,146800.0,16080.0,558350.0,50,590
911,926363543,0.4827331051432137,-7803.2750000000015,780327.5,185727.5,22300.0,16000.0,556300.0,50,590
912,162512444,0.4823469186590991,-10913.074999999999,1091307.5,199377.5,191300.0,16080.0,684550.0,50,590
913,645455063,0.4819610411241718,-8902.925000000001,890292.5,195502.5,136100.0,16440.0,542250.0,50,590
914,452653949,0.48157547229127246,-10086.449999999999,1008645.0,192755.0,261900.0,16240.0,537750.0,50,590
915,708975135,0.4811902119134394,-6945.05,694505.0,185905.0,4800.0,16000.0,487800.0,50,590
916,63781621,0.48080525974390864,-10706.075,1070607.5,195587.5,108500.0,17720.0,748800.0,50,590
917,678437365,0.4804206155361135,-8448.124999999998,844812.5,194612.5,46000.0,16200.0,588000.0,50,590
918,553246541,0.48003627904368457,-8873.775000000001,887377.5,192857.5,209600.0,15920.0,469000.0,50,590
919,903163277,0.4796522500204496,-8010.199999999999,801020.0,189090.0,57300.0,17080.0,537550.0,50,590
920,86232664,0.4792685282204332,-12892.375,1289237.5,203297.5,344200.0,16840.0,724900.0,50,590
921,41090862,0.47888511339785683,-7741.9749999999985,774197.5,193167.5,156400.0,15880.0,408750.0,50,590
922,637781799,0.47850200530713854,-10815.475,1081547.5,194517.5,282000.0,17080.0,587950.0,50,591
923,273923503,0.47811920370289285,-11009.175000000005,1100917.5,198547.5,227700.0,17920.0,656750.0,50,591
924,90961673,0.47773670833993054,-7384.074999999998,738407.5,185777.5,22400.0,17480.0,512750.0,50,591
925,358485657,0.4773545189732586,-9903.725,990372.5,194182.5,113200.0,16640.0,666350.0,50,591
926,65526403,0.47697263535808,-9117.275000000003,911727.5,199907.5,138000.0,16520.0,557300.0,50,591
927,549827485,0.4765910572497935,-7150.549999999998,715055.0,192365.0,105200.0,15840.0,401650.0,50,591
928,647733507,0.47620978440399364,-6770.249999999999,677025.0,186835.0,87600.0,16240.0,386350.0,50,591
929,64432128,0.4758288165764704,-7256.05,725605.0,191445.0,41100.0,15960.0,477100.0,50,591
930,456033077,0.47544815352320924,-10372.65,1037265.0,195245.0,102100.0,16520.0,723400.0,50,591
931,943785745,0.47506779500039065,-9297.224999999999,929722.5,191782.5,135700.0,15640.0,586600.0,50,591
932,778086153,0.4746877407643903,-10301.024999999998,1030102.5,198732.5,194800.0,16720.0,619850.0,50,591
933,352543646,0.47430799057177875,-7918.749999999999,791875.0,186485.0,48000.0,16640.0,540750.0,50,594
934,427303061,0.4739285441793213,-12318.925,1231892.5,202632.5,286500.0,17160.0,725600.0,50,594
935,675133229,0.4735494013439778,-11333.95,1133395.0,200075.0,231000.0,16720.0,685600.0,50,594
936,548366898,0.4731705618229026,-10158.125000000002,1015812.5,196852.5,222900.0,16560.0,579500.0,50,594
937,875671282,0.4727920253734443,-7472.4,747240.0,187190.0,97200.0,16400.0,446450.0,50,594
938,30397164,0.4724137917531455,-8684.625000000002,868462.5,191272.5,170400.0,15640.0,491150.0,50,595
939,466452531,0.472035860719743,-9327.449999999999,932745.0,191855.0,74000.0,17240.0,649650.0,50,595
940,459932650,0.4716582320311672,-9838.925,983892.5,196492.5,110000.0,16800.0,660600.0,50,595
941,490998982,0.47128090544554224,-8022.775000000001,802277.5,192077.5,162000.0,16000.0,432200.0,50,595
942,470116818,0.4709038807211858,-7307.999999999998,730800.0,191130.0,47500.0,16520.0,475650.0,50,595
943,465300123,0.4705271576166088,-9626.774999999998,962677.5,188517.5,240500.0,15960.0,517700.0,50,595
944,434916290,0.4701507358905155,-11136.25,1113625.0,196345.0,207900.0,16480.0,692900.0,50,595
945,289377637,0.46977461530180303,-8325.950000000003,832595.0,190445.0,103200.0,16200.0,522750.0,50,595
946,165286843,0.4693987956095616,-11363.5,1136350.0,200970.0,203100.0,17080.0,715200.0,50,595
947,449687158,0.46902327657307397,-7779.6500000000015,777965.0,190905.0,16500.0,16160.0,554400.0,50,596
948,99505933,0.4686480579518155,-11391.300000000001,1139130.0,200670.0,184400.0,17560.0,736500.0,50,596
949,530924259,0.4682731395054541,-9466.75,946675.0,185895.0,135800.0,17880.0,607100.0,50,597
950,737173480,0.4678985209938497,-7305.675,730567.5,185187.5,48000.0,16680.0,480700.0,50,597
951,398929743,0.4675242021770546,-8331.449999999999,833145.0,185935.0,138400.0,16160.0,492650.0,50,597
952,595496993,0.46715018281531295,-8129.3,812930.0,195320.0,14400.0,16760.0,586450.0,50,597
953,865914784,0.4667764626690607,-7217.224999999998,721722.5,189932.5,40500.0,16440.0,474850.0,50,597
954,856630880,0.4664030414989254,-8472.7,847270.0,192820.0,141500.0,16600.0,496350.0,50,597
955,634332721,0.4660299190657263,-7506.325,750632.5,182982.5,111600.0,16200.0,439850.0,50,597
956,879653184,0.4656570951304737,-8294.125000000002,829412.5,186732.5,102700.0,16080.0,523900.0,50,597
957,691135707,0.4652845694543693,-10569.024999999998,1056902.5,194062.5,253000.0,15640.0,594200.0,50,597
958,186039265,0.4649123417988058,-8599.099999999999,859910.0,189970.0,66000.0,16440.0,587500.0,50,597
959,373766275,0.46454041192536677,-6938.275,693827.5,187187.5,28600.0,16840.0,461200.0,50,597
960,79940828,0.4641687795958265,-9501.099999999997,950110.0,192230.0,107500.0,16480.0,633900.0,50,597
961,353277632,0.46379744457214983,-10433.975000000002,1043397.5,196087.5,228400.0,16960.0,601950.0,50,597
962,631778863,0.4634264066164921,-8166.025,816602.5,185182.5,33200.0,16920.0,581300.0,50,597
963,197914886,0.46305566549119886,-8509.000000000002,850900.0,191890.0,49800.0,16560.0,592650.0,50,597
964,211578296,0.4626852209588059,-9774.374999999998,977437.5,199317.5,113500.0,17120.0,647500.0,50,597
965,643327109,0.4623150727820388,-8928.85,892885.0,186205.0,137600.0,17080.0,552000.0,50,597
966,132618586,0.46194522072381317,-10545.1,1054510.0,198280.0,190800.0,16880.0,648550.0,50,597
967,23382528,0.4615756645472341,-9001.550000000001,900155.0,186765.0,62100.0,16440.0,634850.0,50,599
968,766970852,0.4612064040155963,-9493.574999999997,949357.5,195247.5,98100.0,15360.0,640650.0,50,600
969,628397210,0.4608374388923838,-10386.574999999999,1038657.5,191177.5,142000.0,17280.0,688200.0,50,600
970,855545412,0.4604687689412699,-8905.075000000003,890507.5,190857.5,27600.0,16400.0,655650.0,50,600
971,794609323,0.4601003939261169,-7712.3,771230.0,187250.0,46800.0,16480.0,520700.0,50,600
972,152382947,0.459732313610976,-7691.174999999999,769117.5,191487.5,39000.0,16080.0,522550.0,50,600
973,727246674,0.4593645277600872,-8028.950000000001,802895.0,192715.0,14000.0,16680.0,579500.0,50,600
974,691302401,0.4589970361378791,-10746.124999999998,1074612.5,194722.5,162100.0,17040.0,700750.0,50,600
975,192635326,0.4586298385089688,-7350.525,735052.5,182192.5,11800.0,17160.0,523900.0,50,600
976,536978722,0.45826293463816165,-11674.375,1167437.5,194637.5,167200.0,17400.0,788200.0,50,600
977,591498003,0.45789632429045113,-8941.925,894192.5,196942.5,97200.0,17400.0,582650.0,50,600
978,456828231,0.4575300072310188,-10773.55,1077355.0,195145.0,128600.0,16960.0,736650.0,50,600
979,884917304,0.45716398322523394,-8176.9,817690.0,191000.0,123200.0,17040.0,486450.0,50,600
980,119803398,0.45679825203865376,-9008.025,900802.5,191972.5,137200.0,16480.0,555150.0,50,600
981,473299547,0.45643281343702286,-9096.425,909642.5,195522.5,121600.0,17120.0,575400.0,50,600
982,176610302,0.45606766718627323,-12678.900000000001,1267890.0,193820.0,226500.0,17520.0,830050.0,50,600
983,485573127,0.4557028130525242,-7263.850000000001,726385.0,186845.0,25500.0,16040.0,498000.0,50,600
984,886763241,0.4553382508020822,-11389.45,1138945.0,201705.0,267200.0,16040.0,654000.0,50,600
985,348812793,0.4549739802014405,-8397.475,839747.5,183147.5,48000.0,16800.0,591800.0,50,600
986,899039720,0.45461000101727933,-10530.449999999999,1053045.0,194135.0,193300.0,16760.0,648850.0,50,600
987,278279199,0.4542463130164655,-11304.449999999999,1130445.0,202465.0,250600.0,17880.0,659500.0,50,600
988,185535604,0.45388291596605235,-8719.275,871927.5,185037.5,116700.0,15640.0,554550.0,50,600
989,814838820,0.4535198096332795,-11422.624999999998,1142262.5,199722.5,290300.0,16640.0,635600.0,50,600
990,505575251,0.45315699378557284,-9174.974999999999,917497.5,196607.5,114400.0,17440.0,589050.0,50,600
991,381405384,0.45279446819054436,-11230.2,1123020.0,200280.0,215300.0,16440.0,691000.0,50,600
992,182219729,0.4524322326159919,-6210.275,621027.5,188707.5,29400.0,15120.0,387800.0,50,600
993,542065740,0.45207028682989914,-8028.500000000001,802850.0,191920.0,94800.0,17080.0,499050.0,50,600
994,526561836,0.4517086306004352,-7985.525,798552.5,192772.5,78800.0,17680.0,509300.0,50,600
995,865618178,0.45134726369595485,-8030.125,803012.5,188912.5,40000.0,17600.0,556500.0,50,600
996,462635516,0.45098618588499806,-11720.25,1172025.0,200995.0,254600.0,17280.0,699150.0,50,600
997,240127930,0.45062539693629006,-10624.8,1062480.0,197700.0,160100.0,16280.0,688400.0,50,600
998,884501026,0.45026489661874103,-8701.500000000002,870150.0,195030.0,102500.0,16120.0,556500.0,50,600
999,508751917,0.449904684701446,-8137.375000000003,813737.5,177637.5,100700.0,15400.0,520000.0,50,601
1000,100181857,0.44954476095368484,-10141.675,1014167.5,199197.5,176900.0,16720.0,621350.0,50,601
1001,775362132,0.44918512514492187,-9118.449999999999,911845.0,196105.0,75900.0,16840.0,623000.0,50,601
1002,417046550,0.4488257770448059,-10410.55,1041055.0,193905.0,170000.0,17800.0,659350.0,50,601
1003,521759766,0.44846671642317004,-11448.525,1144852.5,198562.5,212000.0,17240.0,717050.0,50,601
1004,342447461,0.4481079430500315,-10181.675000000001,1018167.5,198017.5,222400.0,17200.0,580550.0,50,601
1005,439344035,0.44774945669559146,-9395.574999999999,939557.5,196037.5,131200.0,17320.0,595000.0,50,601
1006,769383441,0.447391257130235,-8316.25,831625.0,189855.0,85900.0,15720.0,540150.0,50,601
1007,585646648,0.4470333441245308,-7670.899999999999,767090.0,188810.0,72600.0,16080.0,489600.0,50,601
1008,871146135,0.4466757174492311,-8717.349999999999,871735.0,195475.0,40000.0,16960.0,619300.0,50,601
1009,352768962,0.4463183768752717,-7765.824999999998,776582.5,193282.5,54100.0,15600.0,513600.0,50,601
1010,532757610,0.4459613221737715,-8557.15,855715.0,191235.0,58500.0,16880.0,589100.0,50,601
1011,476866195,0.4456045531160325,-8947.125000000004,894712.5,192812.5,101700.0,16400.0,583800.0,50,601
1012,630236896,0.4452480694735396,-12407.149999999998,1240715.0,196155.0,192000.0,17760.0,834800.0,50,601
1013,964864377,0.4448918710179608,-11828.950000000003,1182895.0,203745.0,304400.0,16000.0,658750.0,50,602
1014,853386706,0.44453595752114644,-9490.299999999996,949030.0,192670.0,73400.0,16560.0,666400.0,50,602
1015,135563900,0.4441803287551295,-8882.249999999998,888225.0,192015.0,123900.0,17160.0,555150.0,50,602
1016,119527365,0.44382498449212543,-10498.449999999999,1049845.0,194725.0,181900.0,17120.0,656100.0,50,602
1017,37547577,0.4434699245045317,-10162.550000000001,1016255.0,194195.0,117300.0,16360.0,688400.0,50,602
1018,447869810,0.44311514856492806,-8511.249999999998,851125.0,193985.0,58500.0,16440.0,582200.0,50,602
1019,650822309,0.4427606564460761,-8504.800000000001,850480.0,192120.0,9900.0,17360.0,631100.0,50,602
1020,244725852,0.4424064479209192,-10756.475,1075647.5,196747.5,182500.0,17400.0,679000.0,50,602
1021,335545626,0.44205252276258244,-9140.65,914065.0,194775.0,108800.0,15640.0,594850.0,50,602
1022,77947343,0.44169888074437236,-9616.375000000002,961637.5,198647.5,94400.0,17440.0,651150.0,50,602
1023,415422696,0.44134552163977686,-10814.099999999999,1081410.0,195950.0,99600.0,17360.0,768500.0,50,602
1024,825172160,0.44099244522246506,-7562.0250000000015,756202.5,192322.5,51200.0,16680.0,496000.0,50,602
1025,906758391,0.44063965126628707,-9033.824999999999,903382.5,197912.5,121200.0,16720.0,567550.0,50,602
1026,151235622,0.44028713954527404,-8300.225000000002,830022.5,192032.5,149600.0,15440.0,472950.0,50,603
1027,979833356,0.4399349098336378,-9260.525,926052.5,196782.5,81600.0,16520.0,631150.0,50,603
1028,147238100,0.4395829619057709,-8554.425,855442.5,195642.5,107200.0,16400.0,536200.0,50,603
1029,574915409,0.4392312955362463,-8809.724999999999,880972.5,193302.5,116800.0,16320.0,554550.0,50,603
1030,474061810,0.4388799104998173,-7980.849999999997,798085.0,193905.0,52000.0,16480.0,535700.0,50,603
1031,699740972,0.4385288065714174,-9446.675000000003,944667.5,194407.5,64500.0,16160.0,669600.0,50,603
1032,226815306,0.4381779835261603,-10559.15,1055915.0,195645.0,191200.0,16120.0,652950.0,50,603
1033,961062747,0.43782744113933936,-8693.000000000002,869300.0,194500.0,98300.0,16600.0,559900.0,50,603
1034,604184353,0.43747717918642787,-12483.425000000001,1248342.5,200002.5,222800.0,17240.0,808300.0,50,603
1035,914987066,0.4371271974430787,-9844.675000000001,984467.5,194017.5,142300.0,16800.0,631350.0,50,603
1036,516688448,0.43677749568512425,-10937.725,1093772.5,196562.5,177200.0,16760.0,703250.0,50,603
1037,676457913,0.43642807368857617,-9237.774999999998,923777.5,196307.5,36300.0,17320.0,673850.0,50,603
1038,379134817,0.4360789312296253,-9152.25,915225.0,192125.0,58000.0,16400.0,648700.0,50,603
1039,351127273,0.4357300680846416,-7816.45,781645.0,186635.0,66600.0,14960.0,513450.0,50,603
1040,37166284,0.43538148403017385,-10924.525,1092452.5,200952.5,216400.0,17400.0,657700.0,50,603
1041,937033991,0.4350331788429497,-11153.325,1115332.5,195352.5,120900.0,17480.0,781600.0,50,603
1042,733984199,0.4346851522998753,-8659.474999999999,865947.5,191047.5,178900.0,15400.0,480600.0,50,604
1043,505120473,0.4343374041780354,-9236.675,923667.5,194617.5,117100.0,17400.0,594550.0,50,604
1044,978964298,0.43398993425469296,-9345.974999999997,934597.5,193217.5,94800.0,17880.0,628700.0,50,604
1045,479072031,0.43364274230728916,-11373.949999999993,1137395.0,196685.0,255800.0,17360.0,667550.0,50,604
1046,373655467,0.4332958281134433,-11908.850000000002,1190885.0,196415.0,211700.0,17320.0,765450.0,50,604
1047,356956981,0.43294919145095256,-11721.775,1172177.5,194897.5,231600.0,16680.0,729000.0,50,604
1048,94064940,0.43260283209779177,-9421.000000000002,942100.0,196800.0,86000.0,16800.0,642500.0,50,604
1049,876599133,0.43225674983211354,-10390.75,1039075.0,198145.0,239500.0,16680.0,584750.0,50,604
1050,852619186,0.4319109444322478,-10421.925,1042192.5,193932.5,230900.0,16560.0,600800.0,50,604
1051,99972279,0.431565415676702,-11377.725,1137772.5,199942.5,260000.0,16480.0,661350.0,50,604
1052,278931530,0.43122016334416063,-9554.0,955400.0,195100.0,119600.0,17400.0,623300.0,50,604
1053,339320068,0.4308751872134853,-7569.775000000002,756977.5,190107.5,33600.0,15720.0,517550.0,50,604
1054,990826972,0.4305304870637145,-12229.35,1222935.0,199915.0,242600.0,17920.0,762500.0,50,604
1055,587119442,0.4301860626740635,-6915.749999999999,691575.0,192785.0,31600.0,16040.0,451150.0,50,604
1056,669610982,0.4298419138239242,-7598.374999999998,759837.5,188807.5,131800.0,15280.0,423950.0,50,604
1057,724671462,0.4294980402928651,-9167.675,916767.5,184587.5,208200.0,16680.0,507300.0,50,604
1058,282421659,0.4291544418606308,-11216.85,1121685.0,196735.0,207600.0,16200.0,701150.0,50,604
1059,125970843,0.42881111830714225,-7760.625000000002,776062.5,181512.5,86200.0,16200.0,492150.0,50,607
1060,856285604,0.42846806941249654,-9790.425,979042.5,192402.5,175200.0,16240.0,595200.0,50,607
1061,991941147,0.42812529495696655,-7732.249999999998,773225.0,180725.0,38400.0,16000.0,538100.0,50,613
1062,241757095,0.42778279472100095,-7059.3,705930.0,187770.0,27200.0,15560.0,475400.0,50,613
1063,451342754,0.42744056848522416,-9703.749999999998,970375.0,188755.0,121600.0,16720.0,643300.0,50,613
1064,640284985,0.427098616030436,-8462.499999999996,846250.0,195700.0,65800.0,16600.0,568150.0,50,613
1065,846027359,0.4267569371376116,-9248.924999999997,924892.5,196982.5,106200.0,15960.0,605750.0,50,613
1066,293029779,0.4264155315879015,-10033.149999999996,1003315.0,196895.0,170800.0,17320.0,618300.0,50,613
1067,143403104,0.4260743991626312,-8178.600000000001,817860.0,186790.0,72700.0,15920.0,542450.0,50,614
1068,571648429,0.4257335396433011,-8736.225,873622.5,195712.5,117200.0,16360.0,544350.0,50,614
1069,790191126,0.4253929528115864,-9975.875000000002,997587.5,189497.5,176900.0,17040.0,614150.0,50,614
1070,411571693,0.4250526384493371,-9402.1,940210.0,193510.0,99700.0,16800.0,630200.0,50,614
1071,683322276,0.4247125963385776,-10452.025000000001,1045202.5,195962.5,159000.0,17240.0,673000.0,50,614
1072,899304875,0.42437282626150674,-8051.049999999999,805105.0,195285.0,120700.0,16920.0,472200.0,50,614
1073,854974278,0.42403332800049753,-6574.925,657492.5,172852.5,41300.0,16440.0,426900.0,50,615
1074,103129718,0.42369410133809715,-10174.8,1017480.0,197580.0,167100.0,16400.0,636400.0,50,615
1075,479763199,0.4233551460570267,-12846.500000000002,1284650.0,200490.0,336000.0,17360.0,730800.0,50,615
1076,222480658,0.42301646194018105,-7551.499999999999,755150.0,187890.0,37700.0,16760.0,512800.0,50,615
1077,644226323,0.4226780487706289,-7180.0,718000.0,192380.0,56500.0,16520.0,452600.0,50,615
1078,123569321,0.4223399063316124,-9830.125,983012.5,200962.5,256900.0,15800.0,509350.0,50,615
1079,899788771,0.4220020344065471,-9740.800000000003,974080.0,195980.0,160800.0,16600.0,600700.0,50,617
1080,616006935,0.4216644327790218,-7317.299999999998,731730.0,186820.0,33600.0,16360.0,494950.0,50,617
1081,175070778,0.4213271012327986,-10696.825000000003,1069682.5,196172.5,269100.0,16360.0,588050.0,50,618
1082,832348751,0.42099003955181236,-9653.825000000003,965382.5,190232.5,190900.0,16000.0,568250.0,50,618
1083,983689199,0.4206532475201709,-5861.424999999999,586142.5,184502.5,2400.0,15240.0,384000.0,50,618
1084,593464446,0.42031672492215477,-10104.449999999999,1010445.0,199185.0,164800.0,16360.0,630100.0,50,618
1085,397332853,0.419980471542217,-6788.724999999998,678872.5,190492.5,65600.0,15480.0,407300.0,50,619
1086,403798368,0.41964448716498326,-8937.8,893780.0,191740.0,112400.0,16240.0,573400.0,50,619
1087,421537530,0.41930877157525126,-6642.700000000001,664270.0,186830.0,42800.0,16240.0,418400.0,50,619
1088,369590429,0.418973324557991,-8058.775000000003,805877.5,190367.5,31900.0,16760.0,566850.0,50,619
1089,872405355,0.41863814589834464,-9017.85,901785.0,188545.0,87100.0,17040.0,609100.0,50,619
1090,28926504,0.41830323538162595,-11088.100000000004,1108810.0,193520.0,254900.0,16640.0,643750.0,50,619
1091,868491482,0.41796859279332066,-7870.600000000001,787060.0,190750.0,68500.0,16160.0,511650.0,50,619
1092,519047091,0.417634217919086,-7583.849999999999,758385.0,184115.0,47600.0,16120.0,510550.0,50,619
1093,436534230,0.41730011054475075,-8201.2,820120.0,188990.0,74600.0,16480.0,540050.0,50,619
1094,89176472,0.41696627045631496,-10422.525000000003,1042252.5,196752.5,239300.0,15800.0,590400.0,50,620
1095,965542783,0.4166326974399499,-7541.325000000002,754132.5,188302.5,3300.0,17680.0,544850.0,50,620
1096,31360432,0.41629939128199794,-7646.925000000001,764692.5,187782.5,92900.0,16160.0,467850.0,50,620
1097,4330083,0.41596635176897234,-11568.849999999997,1156885.0,199355.0,231500.0,16680.0,709350.0,50,620
1098,801443247,0.4156335786875572,-8736.825,873682.5,197042.5,33200.0,16840.0,626600.0,50,620
1099,273214426,0.4153010718246071,-8701.650000000003,870165.0,192815.0,121600.0,17000.0,538750.0,50,620
1100,414383413,0.41496883096714743,-9881.600000000002,988160.0,196830.0,135600.0,16680.0,639050.0,50,620
1101,468747894,0.4146368559023737,-9000.199999999997,900020.0,192100.0,174300.0,16320.0,517300.0,50,620
1102,868584532,0.4143051464176518,-7731.3,773130.0,187220.0,97100.0,15560.0,473250.0,50,620
1103,467818842,0.41397370230051767,-10644.175000000001,1064417.5,199607.5,188000.0,17760.0,659050.0,50,620
1104,549732119,0.41364252333867724,-9176.224999999999,917622.5,190522.5,146000.0,16200.0,564900.0,50,621
1105,238197855,0.41331160932000627,-8348.15,834815.0,193445.0,95400.0,16320.0,529650.0,50,621
1106,808794254,0.41298096003255025,-9376.675000000001,937667.5,196137.5,115600.0,17480.0,608450.0,50,621
1107,722877328,0.4126505752645242,-8030.075000000002,803007.5,188617.5,27000.0,16840.0,570550.0,50,621
1108,401837625,0.41232045480431256,-9225.024999999998,922502.5,194902.5,124000.0,15800.0,587800.0,50,621
1109,354369776,0.4119905984404691,-10653.75,1065375.0,195585.0,260500.0,17040.0,592250.0,50,621
1110,429681636,0.41166100596171673,-7407.974999999999,740797.5,189577.5,60800.0,15320.0,475100.0,50,621
1111,300448126,0.41133167715694735,-8629.75,862975.0,189875.0,92500.0,17000.0,563600.0,50,621
1112,64685227,0.4110026118152218,-10277.975,1027797.5,190087.5,184700.0,16560.0,636450.0,50,621
1113,741694175,0.4106738097257696,-7939.775,793977.5,187527.5,6400.0,17400.0,582650.0,50,621
1114,908952629,0.410345270677989,-9100.899999999996,910090.0,193090.0,138200.0,15400.0,563400.0,50,621
1115,689291974,0.41001699446144657,-7294.6,729460.0,189770.0,89200.0,16640.0,433850.0,50,621
1116,883085457,0.4096889808658774,-8849.099999999999,884910.0,194940.0,130200.0,16120.0,543650.0,50,621
1117,627595539,0.4093612296811847,-8112.974999999999,811297.5,183787.5,49800.0,16960.0,560750.0,50,621
1118,18765555,0.40903374069743975,-9315.400000000003,931540.0,193580.0,134800.0,16360.0,586800.0,50,621
1119,221007428,0.4087065137048818,-9430.350000000002,943035.0,195175.0,89200.0,15560.0,643100.0,50,621
1120,496858793,0.4083795484939179,-6778.099999999999,677810.0,188080.0,30000.0,16080.0,443650.0,50,621
1121,230771868,0.4080528448551227,-10331.824999999999,1033182.5,194262.5,51200.0,17320.0,770400.0,50,621
1122,468760927,0.4077264025792386,-9273.85,927385.0,195475.0,93200.0,16360.0,622350.0,50,621
1123,282660230,0.4074002214571752,-9746.925,974692.5,194222.5,159600.0,16520.0,604350.0,50,621
1124,992381179,0.40707430128000943,-7879.550000000001,787955.0,183595.0,38000.0,15960.0,550400.0,50,621
1125,10800210,0.4067486418389854,-7506.450000000001,750645.0,182865.0,46100.0,16480.0,505200.0,50,621
1126,391785376,0.4064232429255142,-7643.450000000001,764345.0,185535.0,100500.0,15560.0,462750.0,50,621
1127,553451550,0.40609810433117377,-10096.674999999997,1009667.5,197317.5,147800.0,16400.0,648150.0,50,621
1128,163083426,0.4057732258477088,-9125.65,912565.0,194115.0,128000.0,15800.0,574650.0,50,621
1129,900195865,0.40544860726703064,-15846.799999999997,1584680.0,204530.0,399000.0,17200.0,963950.0,50,621
1130,430056073,0.405124248381217,-10185.199999999999,1018520.0,196180.0,180100.0,17040.0,625200.0,50,621
1131,95191895,0.40480014898251204,-11175.150000000001,1117515.0,193365.0,209800.0,15600.0,698750.0,50,621
1132,425464941,0.40447630886332603,-8909.224999999999,890922.5,196952.5,4800.0,17320.0,671850.0,50,621
1133,136730641,0.40415272781623535,-9244.2,924420.0,192620.0,46800.0,17400.0,667600.0,50,621
1134,159871512,0.40382940563398234,-8619.250000000002,861925.0,196695.0,108000.0,16280.0,540950.0,50,621
1135,822910729,0.40350634210947517,-12208.550000000001,1220855.0,202155.0,259000.0,17600.0,742100.0,50,621
1136,836122692,0.4031835370357876,-11050.374999999996,1105037.5,194157.5,148200.0,17680.0,745000.0,50,621
1137,176608708,0.40286099020615895,-9136.725000000004,913672.5,195182.5,185100.0,16840.0,516550.0,50,621
1138,766156512,0.402538701413994,-7183.574999999999,718357.5,187687.5,50500.0,15520.0,464650.0,50,621
1139,422575090,0.4022166704528628,-10120.074999999997,1012007.5,192667.5,155100.0,16840.0,647400.0,50,621
1140,429802271,0.4018948971165005,-9090.050000000003,909005.0,197145.0,58400.0,15960.0,637500.0,50,621
1141,227329848,0.4015733811988073,-8882.724999999997,888272.5,196642.5,0.0,16280.0,675350.0,50,621
1142,64840513,0.40125212249384823,-8621.425,862142.5,190682.5,70000.0,15760.0,585700.0,50,621
1143,715603540,0.40093112079585314,-7793.55,779355.0,195955.0,125300.0,16000.0,442100.0,50,621
1144,592473444,0.40061037589921644,-11104.224999999999,1110422.5,195572.5,157900.0,17400.0,739550.0,50,621
1145,194828091,0.40028988759849704,-11716.074999999997,1171607.5,199987.5,184500.0,16720.0,770400.0,50,621
1146,228009481,0.39996965568841825,-7132.0,713200.0,194460.0,60400.0,16240.0,442100.0,50,621
1147,486588894,0.3996496799638675,-9524.200000000003,952420.0,195880.0,121800.0,16640.0,618100.0,50,621
1148,71347643,0.3993299602198964,-8797.95,879795.0,190895.0,78500.0,16400.0,594000.0,50,621
1149,821793905,0.39901049625172047,-8259.724999999999,825972.5,194882.5,98000.0,16840.0,516250.0,50,621
1150,58511151,0.3986912878547191,-9564.200000000004,956420.0,195700.0,144800.0,15720.0,600200.0,50,621
1151,280815501,0.3983723348244353,-9025.775,902577.5,195387.5,52500.0,16840.0,637850.0,50,621
1152,893743825,0.39805363695657575,-8005.175,800517.5,193327.5,96000.0,15640.0,495550.0,50,621
1153,173622912,0.39773519404701047,-7888.3499999999985,788835.0,192685.0,65100.0,15400.0,515650.0,50,621
1154,896239480,0.39741700589177287,-6218.125,621812.5,170132.5,44400.0,15080.0,392200.0,50,622
1155,868739511,0.39709907228705943,-11376.350000000004,1137635.0,198015.0,215800.0,17120.0,706700.0,50,622
1156,391723426,0.39678139302922977,-10607.950000000003,1060795.0,200155.0,189700.0,16040.0,654900.0,50,622
1157,950521873,0.39646396791480637,-9678.525000000001,967852.5,195802.5,146700.0,16000.0,609350.0,50,622
1158,495160107,0.39614679674047454,-10450.025,1045002.5,200782.5,234500.0,15520.0,594200.0,50,622
1159,739598543,0.39582987930308217,-11566.350000000002,1156635.0,202905.0,239500.0,17280.0,696950.0,50,622
1160,682458556,0.3955132153996397,-10001.425,1000142.5,201002.5,149000.0,17040.0,633100.0,50,623
1161,878370063,0.39519680482731995,-9586.875,958687.5,191717.5,137200.0,15920.0,613850.0,50,623
1162,470593981,0.39488064738345807,-9101.074999999999,910107.5,194717.5,168000.0,15640.0,531750.0,50,623
1163,229903764,0.3945647428655513,-9079.350000000004,907935.0,195545.0,70200.0,16640.0,625550.0,50,623
1164,738550270,0.3942490910712589,-10314.7,1031470.0,194840.0,118200.0,17080.0,701350.0,50,623
1165,173111083,0.3939336917984019,-9411.450000000003,941145.0,195135.0,117600.0,16360.0,612050.0,50,623
1166,57249732,0.39361854484496317,-10974.7,1097470.0,189890.0,261700.0,15880.0,630000.0,50,623
1167,489014064,0.3933036500090872,-8797.05,879705.0,193045.0,126800.0,15960.0,543900.0,50,623
1168,682414367,0.3929890070890799,-11775.8,1177580.0,196480.0,209000.0,17000.0,755100.0,50,623
1169,107790681,0.39267461588340863,-13176.35,1317635.0,197605.0,312600.0,17080.0,790350.0,50,623
1170,964924097,0.3923604761907019,-7664.825,766482.5,191302.5,37500.0,14680.0,523000.0,50,624
1171,484348682,0.3920465878097493,-9036.174999999997,903617.5,192557.5,69600.0,15760.0,625700.0,50,624
1172,367636504,0.3917329505395015,-9027.975,902797.5,195117.5,92800.0,15880.0,599000.0,50,624
1173,966343488,0.3914195641790699,-7310.800000000001,731080.0,188450.0,31200.0,16080.0,495350.0,50,624
1174,586573141,0.39110642852772665,-12509.925000000003,1250992.5,204312.5,307700.0,17280.0,721700.0,50,624
1175,622170426,0.39079354338490446,-8621.175000000001,862117.5,194917.5,94100.0,16600.0,556500.0,50,624
1176,735710218,0.3904809085501965,-7992.574999999999,799257.5,192917.5,88400.0,16440.0,501500.0,50,624
1177,129699789,0.3901685238233564,-9401.475,940147.5,194547.5,170800.0,15600.0,559200.0,50,624
1178,309602411,0.3898563890042977,-9069.55,906955.0,192455.0,117300.0,17000.0,580200.0,50,624
1179,202268470,0.38954450389309425,-9763.425000000001,976342.5,199922.5,157400.0,16920.0,602100.0,50,624
1180,899163758,0.38923286828997977,-8573.325000000003,857332.5,197732.5,53200.0,16000.0,590400.0,50,624
1181,957382173,0.38892148199534776,-9939.949999999997,993995.0,197115.0,94800.0,16280.0,685800.0,50,624
1182,40421036,0.3886103448097515,-8885.7,888570.0,191930.0,111800.0,16440.0,568400.0,50,624
1183,611245493,0.3882994565339037,-7739.150000000001,773915.0,192145.0,44000.0,16720.0,521050.0,50,624
1184,978340669,0.38798881696867654,-7333.075,733307.5,190547.5,12000.0,16360.0,514400.0,50,624
1185,983401880,0.3876784259151016,-7343.225000000001,734322.5,187902.5,0.0,16320.0,530100.0,50,624
1186,695498797,0.3873682831743695,-8029.2,802920.0,195450.0,135200.0,16120.0,456150.0,50,624
1187,446103063,0.38705838854783,-10295.500000000002,1029550.0,196310.0,129200.0,17040.0,687000.0,50,624
1188,613146802,0.3867487418369917,-10982.374999999998,1098237.5,195327.5,283100.0,16360.0,603450.0,50,624
1189,958011027,0.3864393428435221,-7822.374999999999,782237.5,188917.5,85200.0,16720.0,491400.0,50,624
1190,8870465,0.38613019136924726,-9503.349999999997,950335.0,195155.0,221600.0,16880.0,516700.0,50,624
1191,330829963,0.38582128721615183,-8083.4000000000015,808340.0,188490.0,60400.0,16600.0,542850.0,50,624
1192,71779637,0.3855126301863789,-11193.275,1119327.5,193757.5,239000.0,17720.0,668850.0,50,624
1193,899106206,0.38520422008222976,-9327.75,932775.0,196735.0,140100.0,17440.0,578500.0,50,624
1194,521595204,0.38489605670616395,-8483.549999999997,848355.0,191875.0,136700.0,16280.0,503500.0,50,624
1195,533638718,0.384588139860799,-7165.675000000001,716567.5,176767.5,21900.0,16800.0,501100.0,50,624
1196,114030901,0.38428046934891036,-6890.875000000001,689087.5,190607.5,14000.0,15680.0,468800.0,50,624
1197,284254079,0.3839730449734312,-8075.875000000001,807587.5,187947.5,46500.0,16040.0,557100.0,50,624
1198,337844793,0.38366586653745244,-10519.249999999998,1051925.0,194305.0,113700.0,18320.0,725600.0,50,624
1199,794196830,0.3833589338442225,-5791.675,579167.5,188087.5,44700.0,15480.0,330900.0,50,624
1200,934295225,0.3830522466971471,-8756.65,875665.0,196915.0,3300.0,17200.0,658250.0,50,624
1201,825902050,0.3827458048997894,-7569.150000000001,756915.0,185905.0,118400.0,16560.0,436050.0,50,624
1202,981940293,0.38243960825586953,-9739.175000000001,973917.5,193057.5,204300.0,16160.0,560400.0,50,624
1203,677670168,0.38213365656926485,-9524.724999999999,952472.5,196332.5,137200.0,16640.0,602300.0,50,624
1204,933028564,0.3818279496440094,-7873.300000000002,787330.0,191920.0,120800.0,15360.0,459250.0,50,624
1205,772012473,0.38152248728429417,-7932.4749999999985,793247.5,195647.5,19600.0,16800.0,561200.0,50,624
1206,783169486,0.3812172692944667,-9261.775,926177.5,193977.5,81200.0,16800.0,634200.0,50,624
1207,534415617,0.3809122954790311,-9158.824999999997,915882.5,193992.5,102800.0,16240.0,602850.0,50,624
1208,655841516,0.38060756564264786,-9158.05,915805.0,194525.0,181600.0,16880.0,522800.0,50,624
1209,974768808,0.3803030795901337,-6951.399999999999,695140.0,190670.0,42000.0,16720.0,445750.0,50,624
1210,148342317,0.3799988371264616,-11907.975,1190797.5,193717.5,206700.0,16680.0,773700.0,50,624
1211,766201171,0.3796948380567604,-9093.725000000002,909372.5,189332.5,182600.0,16640.0,520800.0,50,624
1212,138673083,0.379391082186315,-9947.325,994732.5,196962.5,225200.0,16520.0,556050.0,50,624
1213,362118039,0.379087569320566,-8597.05,859705.0,177455.0,116300.0,16000.0,549950.0,50,624
1214,217076832,0.37878429926510954,-7282.65,728265.0,189155.0,31600.0,16960.0,490550.0,50,624
1215,545646318,0.37848127182569746,-8197.299999999997,819730.0,197580.0,202000.0,15800.0,404350.0,50,624
1216,590307722,0.3781784868082369,-10202.0,1020200.0,195560.0,98800.0,17040.0,708800.0,50,624
1217,582579718,0.3778759440187903,-9226.800000000001,922680.0,193020.0,84000.0,17160.0,628500.0,50,624
1218,29398456,0.3775736432635753,-8661.15,866115.0,193455.0,129400.0,16960.0,526300.0,50,624
1219,72431069,0.3772715843489644,-9806.875,980687.5,194917.5,107600.0,16920.0,661250.0,50,624
1220,671156510,0.3769697670814852,-12677.199999999999,1267720.0,197560.0,335000.0,16960.0,718200.0,50,625
1221,365633189,0.37666819126782003,-9327.874999999998,932787.5,185577.5,163700.0,16160.0,567350.0,50,625
1222,740771733,0.37636685671480574,-11560.649999999998,1156065.0,197175.0,235900.0,17040.0,705950.0,50,626
1223,328145595,0.3760657632294339,-7942.799999999999,794280.0,194470.0,80800.0,16360.0,502650.0,50,626
1224,188005453,0.37576491061885037,-7095.799999999999,709580.0,187900.0,35200.0,16880.0,469600.0,50,626
1225,405774266,0.3754642986903553,-7122.950000000001,712295.0,185605.0,47200.0,16040.0,463450.0,50,626
1226,877695510,0.375163927251403,-8363.599999999999,836360.0,187310.0,113000.0,16000.0,520050.0,50,626
1227,26816697,0.3748637961096019,-12506.699999999999,1250670.0,196160.0,228700.0,16560.0,809250.0,50,626
1228,373754898,0.3745639050727142,-9996.925000000001,999692.5,194652.5,182600.0,16040.0,606400.0,50,626
1229,533635037,0.37426425394865603,-8865.95,886595.0,192495.0,119900.0,15000.0,559200.0,50,626
1230,757903382,0.3739648425454971,-8898.500000000002,889850.0,192230.0,56100.0,15920.0,625600.0,50,626
1231,524073679,0.3736656706714607,-9315.849999999997,931585.0,191085.0,229100.0,16000.0,495400.0,50,626
1232,118910901,0.37336673813492355,-9610.049999999997,961005.0,195605.0,125600.0,16800.0,623000.0,50,626
1233,722433843,0.37306804474441563,-10573.825,1057382.5,202582.5,166400.0,16400.0,672000.0,50,626
1234,923629897,0.3727695903086201,-10223.374999999998,1022337.5,196687.5,174400.0,16600.0,634650.0,50,626
1235,100719516,0.3724713746363732,-8603.449999999999,860345.0,196855.0,90000.0,16640.0,556850.0,50,626
1236,98231496,0.37217339753666406,-10122.749999999998,1012275.0,195545.0,94000.0,17480.0,705250.0,50,626
1237,686616726,0.3718756588186347,-8940.600000000002,894060.0,187990.0,95000.0,17120.0,593950.0,50,626
1238,788299917,0.3715781582915798,-7403.649999999999,740365.0,181995.0,65400.0,16120.0,476850.0,50,627
1239,926497247,0.37128089576494655,-8076.95,807695.0,191765.0,54700.0,16280.0,544950.0,50,628
1240,369142886,0.3709838710483346,-7470.824999999999,747082.5,183222.5,400.0,15760.0,547700.0,50,628
1241,716851313,0.3706870839514959,-7201.45,720145.0,191495.0,66200.0,15600.0,446850.0,50,628
1242,929038038,0.3703905342843347,-8012.374999999999,801237.5,184667.5,97000.0,16320.0,503250.0,50,628
1243,426074061,0.3700942218569072,-14089.299999999997,1408930.0,204020.0,380700.0,17160.0,807050.0,50,629
1244,244636803,0.36979814647942166,-7369.4,736940.0,188130.0,29500.0,16960.0,502350.0,50,629
1245,180799237,0.3695023079622381,-14068.824999999995,1406882.5,206012.5,423000.0,16120.0,761750.0,50,629
1246,703447964,0.3692067061158683,-9623.350000000002,962335.0,194215.0,131700.0,16120.0,620300.0,50,629
1247,877008769,0.3689113407509756,-10895.425,1089542.5,193922.5,236800.0,16520.0,642300.0,50,629
1248,135170617,0.3686162116783748,-7856.000000000001,785600.0,186520.0,15500.0,16080.0,567500.0,50,629
1249,197650527,0.3683213187090321,-10320.675,1032067.5,189127.5,193600.0,17040.0,632300.0,50,629
1250,154075850,0.3680266616540649,-6378.600000000001,637860.0,173600.0,6400.0,15960.0,441900.0,50,629
1251,580844063,0.3677322403247416,-8651.699999999999,865170.0,190450.0,136800.0,16120.0,521800.0,50,629
1252,987653045,0.3674380545324818,-9782.650000000003,978265.0,194595.0,145700.0,16720.0,621250.0,50,629
1253,824585083,0.3671441040888558,-9916.199999999999,991620.0,197350.0,28800.0,16520.0,748950.0,50,629
1254,921847224,0.3668503888055847,-7764.175,776417.5,190847.5,56800.0,16120.0,512650.0,50,629
1255,110478405,0.3665569084945402,-11274.024999999998,1127402.5,199142.5,192500.0,17960.0,717800.0,50,629
1256,483847108,0.36626366296774454,-10541.725,1054172.5,189052.5,166200.0,17120.0,681800.0,50,629
1257,479127372,0.36597065203737034,-11643.474999999999,1164347.5,201187.5,170000.0,16160.0,777000.0,50,629
1258,929198339,0.36567787551574044,-7463.0250000000015,746302.5,188572.5,0.0,16280.0,541450.0,50,629
1259,507138915,0.36538533321532785,-5647.974999999999,564797.5,181947.5,0.0,15200.0,367650.0,50,629
1260,851290335,0.36509302494875556,-7115.550000000001,711555.0,193685.0,101200.0,15320.0,401350.0,50,630
1261,101581498,0.3648009505287966,-8208.225,820822.5,185162.5,12800.0,17360.0,605500.0,50,630
1262,973425206,0.36450910976837353,-9826.525,982652.5,192362.5,93200.0,16440.0,680650.0,50,630
1263,498565353,0.36421750248055884,-9554.175,955417.5,193997.5,53100.0,17120.0,691200.0,50,630
1264,103334424,0.36392612847857436,-9332.775,933277.5,183137.5,229800.0,16440.0,503900.0,50,631
1265,723548146,0.3636349875757915,-8790.299999999997,879030.0,194930.0,71500.0,16000.0,596600.0,50,631
1266,325011965,0.36334407958573084,-8905.274999999998,890527.5,190517.5,110200.0,16160.0,573650.0,50,631
1267,445838655,0.36305340432206223,-11149.3,1114930.0,191190.0,226200.0,16240.0,681300.0,50,631
1268,799809494,0.36276296159860455,-10384.374999999998,1038437.5,195517.5,292100.0,15720.0,535100.0,50,631
1269,876164866,0.36247275122932565,-6972.200000000001,697220.0,190630.0,0.0,17040.0,489550.0,50,631
1270,580806433,0.3621827730283422,-9421.549999999997,942155.0,195975.0,88000.0,17880.0,640300.0,50,631
1271,483010483,0.36189302680991947,-8284.85,828485.0,187585.0,149200.0,16800.0,474900.0,50,631
1272,550233713,0.36160351238847155,-9675.350000000002,967535.0,201315.0,95200.0,17120.0,653900.0,50,631
1273,379023455,0.36131422957856074,-10214.850000000002,1021485.0,198995.0,237600.0,17240.0,567650.0,50,631
1274,713732721,0.3610251781948979,-10634.825000000003,1063482.5,199192.5,187900.0,16840.0,659550.0,50,631
1275,398278845,0.36073635805234194,-8338.550000000001,833855.0,189355.0,92800.0,16800.0,534900.0,50,631
1276,981203602,0.3604477689659001,-9289.224999999997,928922.5,194642.5,133200.0,16880.0,584200.0,50,631
1277,769306647,0.3601594107507274,-8213.499999999998,821350.0,192960.0,36800.0,17440.0,574150.0,50,631
1278,350145163,0.3598712832221268,-6500.425,650042.5,184682.5,28000.0,15960.0,421400.0,50,631
1279,6142468,0.3595833861955491,-9851.025000000003,985102.5,195702.5,126000.0,16600.0,646800.0,50,631
1280,854471158,0.3592957194865926,-9855.250000000002,985525.0,189025.0,102400.0,16600.0,677500.0,50,631
1281,341692589,0.35900828291100334,-7572.325,757232.5,178132.5,125000.0,16000.0,438100.0,50,633
1282,724177996,0.35872107628467453,-11017.749999999998,1101775.0,197625.0,218000.0,16800.0,669350.0,50,633
1283,743375609,0.3584340994236468,-9373.725,937372.5,194342.5,22500.0,16280.0,704250.0,50,633
1284,229060834,0.35814735214410787,-8264.424999999997,826442.5,191452.5,41600.0,16840.0,576550.0,50,633
1285,369704297,0.35786083426239257,-9676.875,967687.5,196027.5,61600.0,16560.0,693500.0,50,633
1286,222337088,0.35757454559498264,-11473.224999999999,1147322.5,199362.5,266800.0,16960.0,664200.0,50,633
1287,250598641,0.35728848595850665,-10894.425,1089442.5,196472.5,181500.0,16920.0,694550.0,50,633
1288,989744752,0.35700265516973984,-10377.475000000002,1037747.5,198827.5,114000.0,16920.0,708000.0,50,633
1289,224661439,0.356717053045604,-13401.975,1340197.5,197237.5,369500.0,16560.0,756900.0,50,633
1290,106154612,0.35643167940316756,-10719.275000000003,1071927.5,192037.5,209400.0,18240.0,652250.0,50,633
1291,746822527,0.356146534059645,-8176.4,817640.0,192900.0,50100.0,15840.0,558800.0,50,633
1292,356639191,0.3558616168323973,-8707.449999999999,870745.0,175055.0,156300.0,15240.0,524150.0,50,633
1293,86804207,0.3555769275389314,-11164.775,1116477.5,200877.5,141600.0,17200.0,756800.0,50,633
1294,681638967,0.35529246599690023,-9110.3,911030.0,191850.0,122700.0,16680.0,579800.0,50,633
1295,431187201,0.3550082320241027,-11317.95,1131795.0,201045.0,184000.0,18000.0,728750.0,50,633
1296,210155852,0.3547242254384834,-8177.049999999999,817705.0,186405.0,77600.0,16600.0,537100.0,50,633
1297,900683854,0.35444044605813263,-10095.324999999999,1009532.5,199742.5,187800.0,16640.0,605350.0,50,634
1298,179493879,0.3541568937012861,-9469.6,946960.0,195980.0,74400.0,16680.0,659900.0,50,634
1299,421094743,0.3538735681863251,-9473.9,947390.0,197650.0,211100.0,15440.0,523200.0,50,634
1300,207044335,0.353590469331776,-7560.7750000000015,756077.5,187267.5,1600.0,16560.0,550650.0,50,634
1301,224573506,0.3533075969563106,-8097.3499999999985,809735.0,190765.0,117800.0,15920.0,485250.0,50,634
1302,160562593,0.3530249508787455,-7954.425,795442.5,183602.5,14000.0,17240.0,580600.0,50,634
1303,202747581,0.35274253091804253,-7772.125000000001,777212.5,193922.5,0.0,16240.0,567050.0,50,634
1304,202257470,0.3524603368933081,-9908.025000000001,990802.5,193182.5,190800.0,17320.0,589500.0,50,634
1305,341340673,0.3521783686237934,-12065.300000000001,1206530.0,202160.0,229500.0,16920.0,757950.0,50,634
1306,922929759,0.35189662592889437,-7306.65,730665.0,181535.0,41800.0,15680.0,491650.0,50,634
1307,93408154,0.35161510862815126,-10330.550000000001,1033055.0,197585.0,203800.0,16520.0,615150.0,50,634
1308,931199534,0.35133381654124873,-7689.2,768920.0,182630.0,64500.0,16640.0,505150.0,50,635
1309,503693589,0.35105274948801574,-10233.574999999997,1023357.5,198867.5,235400.0,16240.0,572850.0,50,635
1310,318381146,0.35077190728842533,-10982.125000000004,1098212.5,200722.5,269000.0,17240.0,611250.0,50,635
1311,453109939,0.3504912897625946,-7094.574999999999,709457.5,185657.5,25600.0,16200.0,482000.0,50,636
1312,755711709,0.3502108967307845,-9355.875,935587.5,194937.5,83300.0,17200.0,640150.0,50,636
1313,65744798,0.34993072801339986,-10582.125000000002,1058212.5,191492.5,195300.0,17320.0,654100.0,50,636
1314,331717033,0.34965078343098915,-10025.800000000003,1002580.0,198470.0,63200.0,17560.0,723350.0,50,636
1315,242958655,0.34937106280424435,-10968.574999999999,1096857.5,193557.5,291900.0,16400.0,595000.0,50,636
1316,962705264,0.3490915659540009,-9038.875000000002,903887.5,197097.5,23200.0,17440.0,666150.0,50,636
1317,764605758,0.3488122927012377,-13318.925,1331892.5,199222.5,301000.0,17720.0,813950.0,50,636
1318,207691384,0.3485332428670767,-14390.700000000003,1439070.0,200540.0,380300.0,17680.0,840550.0,50,636
1319,826662135,0.34825441627278303,-8291.225,829122.5,187082.5,79700.0,16440.0,545900.0,50,636
1320,227803339,0.3479758127397648,-9911.274999999998,991127.5,196857.5,156300.0,16720.0,621250.0,50,636
1321,527545150,0.347697432089573,-8048.075000000001,804807.5,192397.5,90400.0,16360.0,505650.0,50,636
1322,73169062,0.34741927414390134,-10103.650000000003,1010365.0,196755.0,245000.0,16960.0,551650.0,50,636
1323,102246073,0.3471413387245862,-10948.875,1094887.5,200127.5,297100.0,16160.0,581500.0,50,637
1324,169559795,0.3468636256536065,-6001.524999999999,600152.5,185472.5,14500.0,16880.0,383300.0,50,637
1325,701497002,0.34658613475308364,-9104.175,910417.5,193297.5,119700.0,16920.0,580500.0,50,637
1326,961303979,0.34630886584528114,-9101.449999999997,910145.0,186695.0,138900.0,16000.0,568550.0,50,637
1327,597351618,0.3460318187526049,-13326.575,1332657.5,202737.5,276200.0,17520.0,836200.0,50,637
1328,918655,0.34575499329760284,-7624.95,762495.0,192485.0,40400.0,16560.0,513050.0,50,637
1329,555318648,0.34547838930296476,-10251.249999999998,1025125.0,193725.0,251600.0,16000.0,563800.0,50,637
1330,180381338,0.3452020065915224,-8855.875,885587.5,195907.5,125600.0,17080.0,547000.0,50,637
1331,130914448,0.3449258449862492,-7775.1,777510.0,191820.0,98800.0,16440.0,470450.0,50,637
1332,394131151,0.34464990431026016,-9789.3,978930.0,194230.0,147200.0,17200.0,620300.0,50,637
1333,786216483,0.34437418438681194,-10428.250000000002,1042825.0,199485.0,240100.0,17440.0,585800.0,50,639
1334,336306502,0.34409868503930247,-9583.825,958382.5,193902.5,196400.0,16280.0,551800.0,50,639
1335,986871498,0.343823406091271,-8880.525000000001,888052.5,195042.5,94800.0,16760.0,581450.0,50,639
1336,615860281,0.34354834736639794,-8893.175,889317.5,192867.5,118400.0,15600.0,562450.0,50,639
1337,338660502,0.3432735086885048,-9158.574999999999,915857.5,196627.5,66000.0,17280.0,635950.0,50,639
1338,311432231,0.342998889881554,-8683.375000000002,868337.5,196637.5,18800.0,17000.0,635900.0,50,639
1339,579775642,0.3427244907696488,-10382.625,1038262.5,196792.5,139900.0,16520.0,685050.0,50,639
1340,303819938,0.34245031117703306,-10196.925,1019692.5,198142.5,205400.0,17000.0,599150.0,50,639
1341,432894006,0.34217635092809146,-10982.074999999999,1098207.5,202477.5,220400.0,17080.0,658250.0,50,639
1342,415758957,0.341902609847349,-8697.825000000003,869782.5,194652.5,95200.0,17480.0,562450.0,50,639
1343,395266020,0.3416290877594711,-6623.225000000001,662322.5,183422.5,23100.0,16600.0,439200.0,50,639
1344,29591300,0.3413557844892635,-9284.3,928430.0,192370.0,130400.0,16960.0,588700.0,50,639
1345,451168369,0.3410826998616721,-9331.825,933182.5,198342.5,126900.0,15840.0,592100.0,50,639
1346,193123562,0.34080983370178275,-10300.300000000001,1030030.0,191990.0,187600.0,16840.0,633600.0,50,639
1347,90900437,0.34053718583482134,-7693.824999999998,769382.5,188952.5,56200.0,16880.0,507350.0,50,639
1348,792228784,0.3402647560861535,-7287.475000000001,728747.5,192877.5,5600.0,16720.0,513550.0,50,639
1349,354935028,0.33999254428128456,-6986.875000000003,698687.5,176807.5,47200.0,16280.0,458400.0,50,640
1350,580336334,0.3397205502458595,-9583.85,958385.0,195645.0,125200.0,16840.0,620700.0,50,640
1351,349608282,0.3394487738056628,-8653.275,865327.5,195057.5,0.0,18120.0,652150.0,50,640
1352,839206283,0.3391772147866183,-10590.850000000002,1059085.0,198845.0,172400.0,16640.0,671200.0,50,640
1353,374795579,0.33890587301478897,-9254.3,925430.0,193210.0,191400.0,15320.0,525500.0,50,640
1354,198486520,0.33863474831637713,-7610.350000000001,761035.0,189605.0,136400.0,15080.0,419950.0,50,640
1355,113171738,0.338363840517724,-8144.200000000002,814420.0,185330.0,83100.0,15440.0,530550.0,50,640
1356,750174674,0.3380931494453098,-11436.3,1143630.0,192760.0,201100.0,17120.0,732650.0,50,640
1357,267947002,0.3378226749257536,-6638.275000000001,663827.5,182827.5,36700.0,15400.0,428900.0,50,643
1358,710798876,0.33755241678581294,-12401.850000000004,1240185.0,198295.0,243800.0,18040.0,780050.0,50,643
1359,117910400,0.33728237485238427,-10113.150000000001,1011315.0,196995.0,142800.0,17120.0,654400.0,50,643
1360,428302636,0.3370125489525024,-7971.049999999998,797105.0,189585.0,58800.0,16120.0,532600.0,50,643
1361,130425676,0.3367429389133404,-10287.825,1028782.5,199822.5,206000.0,17160.0,605800.0,50,643
1362,297873702,0.33647354456220974,-8379.05,837905.0,185585.0,43700.0,17520.0,591100.0,50,643
1363,912389968,0.33620436572656,-7428.049999999998,742805.0,185245.0,154000.0,15160.0,388400.0,50,644
1364,104169684,0.3359354022339787,-8212.0,821200.0,194530.0,165400.0,15520.0,445750.0,50,644
1365,656336926,0.3356666539121915,-7547.974999999999,754797.5,192167.5,73600.0,16280.0,472750.0,50,644
1366,349399969,0.33539812058906177,-8694.350000000002,869435.0,196145.0,29600.0,16640.0,627050.0,50,644
1367,889123235,0.3351298020925905,-9635.775,963577.5,193647.5,164300.0,16680.0,588950.0,50,644
1368,71008183,0.33486169825091644,-9249.924999999997,924992.5,192772.5,71600.0,16320.0,644300.0,50,644
1369,898888917,0.3345938088923157,-6200.199999999999,620020.0,187580.0,6000.0,16640.0,409800.0,50,644
1370,611155199,0.3343261338452019,-9501.599999999999,950160.0,193460.0,145200.0,16400.0,595100.0,50,644
1371,194160770,0.3340586729381257,-9714.975,971497.5,201697.5,108000.0,17800.0,644000.0,50,644
1372,525194414,0.3337914259997752,-7919.225,791922.5,186872.5,72000.0,16800.0,516250.0,50,645
1373,599054410,0.33352439285897534,-7384.374999999999,738437.5,190267.5,27200.0,16720.0,504250.0,50,645
1374,464822726,0.33325757334468814,-11468.4,1146840.0,197360.0,239400.0,16680.0,693400.0,50,645
1375,283364569,0.3329909672860124,-9720.524999999998,972052.5,201642.5,173200.0,16560.0,580650.0,50,645
1376,447145755,0.33272457451218357,-8151.374999999999,815137.5,191187.5,103200.0,16400.0,504350.0,50,645
1377,714418133,0.33245839485257384,-9337.550000000001,933755.0,198125.0,114100.0,17080.0,604450.0,50,646
1378,590382396,0.33219242813669175,-9701.3,970130.0,190310.0,101900.0,16920.0,661000.0,50,646
1379,273573314,0.33192667419418237,-10138.75,1013875.0,195175.0,115200.0,17000.0,686500.0,50,646
1380,852117376,0.331661132854827,-7585.3,758530.0,186120.0,55100.0,15560.0,501750.0,50,646
1381,355672007,0.3313958039485431,-6693.399999999999,669340.0,183530.0,17500.0,15160.0,453150.0,50,646
1382,858836798,0.33113068730538425,-8971.675,897167.5,189877.5,173200.0,16240.0,517850.0,50,646
1383,38924833,0.33086578275553996,-9251.225000000004,925122.5,195502.5,118400.0,17320.0,593900.0,50,646
1384,363471235,0.33060109012933553,-8430.900000000001,843090.0,182790.0,72100.0,16200.0,572000.0,50,646
1385,717148771,0.3303366092572321,-6792.150000000001,679215.0,179325.0,18000.0,16240.0,465650.0,50,646
1386,784979621,0.33007233996982627,-9903.500000000002,990350.0,193840.0,187600.0,16160.0,592750.0,50,646
1387,55657654,0.3298082820978504,-10009.025000000003,1000902.5,193282.5,235500.0,16120.0,556000.0,50,646
1388,494046549,0.3295444354721721,-13096.199999999995,1309620.0,204890.0,301600.0,17880.0,785250.0,50,646
1389,575634937,0.32928079992379433,-10619.55,1061955.0,198295.0,172700.0,16960.0,674000.0,50,646
1390,854849884,0.3290173752838553,-6952.400000000001,695240.0,179370.0,53600.0,15520.0,446750.0,50,646
1391,532717670,0.3287541613836282,-9701.599999999999,970160.0,195770.0,145800.0,16640.0,611950.0,50,646
1392,627985429,0.3284911580545213,-13806.875000000002,1380687.5,201157.5,321700.0,16680.0,841150.0,50,647
1393,183798806,0.3282283651280777,-10467.699999999999,1046770.0,197780.0,120400.0,16240.0,712350.0,50,647
1394,784533924,0.32796578243597524,-8002.375,800237.5,191027.5,26400.0,16360.0,566450.0,50,647
1395,625254580,0.32770340981002644,-11526.699999999997,1152670.0,201550.0,193200.0,16520.0,741400.0,50,647
1396,845106545,0.3274412470821784,-9202.25,920225.0,192105.0,99500.0,16720.0,611900.0,50,647
1397,898127513,0.3271792940845127,-8142.125000000001,814212.5,184102.5,164000.0,15960.0,450150.0,50,647
1398,343294252,0.32691755064924505,-7143.200000000002,714320.0,187090.0,46800.0,16880.0,463550.0,50,647
1399,620348447,0.3266560166087256,-10248.35,1024835.0,197005.0,127800.0,18080.0,681950.0,50,647
1400,815195297,0.3263946917954386,-7739.924999999999,773992.5,187822.5,65900.0,15320.0,504950.0,50,647
1401,685336270,0.32613357604200227,-7294.9000000000015,729490.0,188630.0,33600.0,16360.0,490900.0,50,647
1402,187958915,0.32587266918116864,-9829.375,982937.5,195427.5,231600.0,15760.0,540150.0,50,647
1403,985267931,0.3256119710458237,-9433.574999999999,943357.5,196347.5,131600.0,15960.0,599450.0,50,647
1404,10037567,0.325351481468987,-10213.349999999999,1021335.0,190395.0,121700.0,16840.0,692400.0,50,647
1405,275323394,0.32509120028381183,-9875.924999999997,987592.5,197392.5,149600.0,17400.0,623200.0,50,647
1406,753880184,0.32483112732358477,-6599.949999999999,659995.0,181365.0,87300.0,16080.0,375250.0,50,647
1407,682548241,0.3245712624217259,-10387.150000000003,1038715.0,201655.0,176000.0,16360.0,644700.0,50,647
1408,225569099,0.3243116054117885,-8375.599999999999,837560.0,193490.0,79300.0,16520.0,548250.0,50,647
1409,491608047,0.3240521561274591,-6681.375,668137.5,189257.5,2800.0,16880.0,459200.0,50,647
1410,448834996,0.3237929144025571,-10135.900000000001,1013590.0,192870.0,183800.0,16520.0,620400.0,50,647
1411,268958131,0.323533880071035,-10305.524999999998,1030552.5,196822.5,164700.0,17480.0,651550.0,50,647
1412,633393398,0.32327505296697817,-11182.525,1118252.5,200062.5,254000.0,16040.0,648150.0,50,647
1413,708378195,0.3230164329246046,-12113.350000000002,1211335.0,196655.0,283400.0,16880.0,714400.0,50,647
1414,993709346,0.3227580197782649,-12652.199999999997,1265220.0,199080.0,194300.0,17440.0,854400.0,50,647
1415,141239184,0.32249981336244227,-9119.949999999999,911995.0,194585.0,166800.0,17360.0,533250.0,50,647
1416,807815178,0.3222418135117523,-7582.775000000001,758277.5,180787.5,93500.0,15640.0,468350.0,50,647
1417,37075769,0.3219840200609429,-8449.375,844937.5,188537.5,135000.0,17200.0,504200.0,50,647
1418,787167449,0.32172643284489416,-8382.400000000001,838240.0,180430.0,69200.0,17760.0,570850.0,50,647
1419,344308646,0.3214690516986182,-8455.35,845535.0,197545.0,58800.0,17040.0,572150.0,50,647
1420,773224148,0.32121187645725935,-8232.3,823230.0,193780.0,44000.0,17200.0,568250.0,50,647
1421,506544296,0.3209549069560935,-8623.525,862352.5,186882.5,27900.0,17120.0,630450.0,50,647
1422,96565390,0.3206981430305286,-8982.85,898285.0,196655.0,91800.0,17080.0,592750.0,50,647
1423,554033735,0.3204415845161042,-8668.525,866852.5,183452.5,138500.0,15600.0,529300.0,50,647
1424,7051116,0.32018523124849135,-7755.974999999999,775597.5,194327.5,70800.0,15520.0,494950.0,50,647
1425,987008824,0.31992908306349255,-9431.225000000002,943122.5,192442.5,177200.0,17080.0,556400.0,50,647
1426,519661542,0.31967313979704176,-9626.249999999996,962625.0,190485.0,134400.0,17440.0,620300.0,50,648
1427,563478224,0.31941740128520413,-8754.825000000003,875482.5,193092.5,48300.0,16240.0,617850.0,50,648
1428,729092991,0.31916186736417596,-8420.225,842022.5,191712.5,42400.0,17160.0,590750.0,50,648
1429,944971622,0.3189065378702846,-10077.4,1007740.0,194720.0,89600.0,16920.0,706500.0,50,648
1430,256732820,0.31865141263998836,-11558.824999999999,1155882.5,190922.5,296800.0,17560.0,650600.0,50,648
1431,621182921,0.31839649150987637,-7425.049999999999,742505.0,193625.0,16800.0,15480.0,516600.0,50,648
1432,665418888,0.31814177431666846,-8457.699999999999,845770.0,191250.0,54100.0,15720.0,584700.0,50,648
1433,667415009,0.31788726089721514,-9171.275,917127.5,199127.5,73900.0,16800.0,627300.0,50,648
1434,370074293,0.3176329510884974,-7339.275000000001,733927.5,188837.5,78600.0,15640.0,450850.0,50,650
1435,896412504,0.31737884472762656,-11768.124999999996,1176812.5,198842.5,308300.0,16320.0,653350.0,50,650
1436,468003650,0.31712494165184446,-10858.474999999999,1085847.5,199947.5,190300.0,16400.0,679200.0,50,650
1437,290715325,0.316871241698523,-9634.600000000002,963460.0,193210.0,153700.0,16400.0,600150.0,50,650
1438,111001867,0.3166177447051642,-8588.699999999999,858870.0,196350.0,51200.0,16520.0,594800.0,50,650
1439,871690853,0.31636445050940004,-7917.65,791765.0,187095.0,85600.0,16320.0,502750.0,50,651
1440,985290609,0.3161113589489925,-9057.374999999998,905737.5,194617.5,81000.0,17920.0,612200.0,50,651
1441,528723992,0.3158584698618333,-11070.250000000002,1107025.0,198395.0,117200.0,17680.0,773750.0,50,651
1442,351944367,0.31560578308594384,-10523.275,1052327.5,199007.5,213500.0,17120.0,622700.0,50,651
1443,703084504,0.3153532984594751,-10104.45,1010445.0,199135.0,167700.0,16560.0,627050.0,50,651
1444,739594180,0.3151010158207075,-9679.599999999997,967960.0,192440.0,137900.0,17320.0,620300.0,50,651
1445,361475811,0.3148489350080509,-9789.474999999999,978947.5,193757.5,139600.0,16640.0,628950.0,50,651
1446,786791344,0.31459705586004444,-10188.425000000003,1018842.5,197882.5,117200.0,16760.0,687000.0,50,651
1447,247184840,0.3143453782153564,-11175.675000000001,1117567.5,194127.5,206700.0,16840.0,699900.0,50,651
1448,809833597,0.31409390191278413,-11739.525000000001,1173952.5,194842.5,332000.0,16560.0,630550.0,50,653
1449,37892072,0.3138426267912539,-9309.6,930960.0,193420.0,137000.0,17240.0,583300.0,50,653
1450,863351107,0.3135915526898209,-7154.925,715492.5,189702.5,18400.0,15640.0,491750.0,50,653
1451,778854559,0.3133406794476691,-8940.725,894072.5,193432.5,66400.0,17440.0,616800.0,50,653
1452,492184365,0.31309000690411093,-7275.000000000001,727500.0,186950.0,28800.0,15800.0,495950.0,50,653
1453,680026261,0.3128395348985876,-8121.125000000001,812112.5,183452.5,62700.0,15960.0,550000.0,50,653
1454,612013134,0.31258926327066877,-8563.324999999999,856332.5,184392.5,139200.0,16040.0,516700.0,50,653
1455,41026469,0.3123391918600522,-6824.274999999999,682427.5,175477.5,22500.0,16200.0,468250.0,50,656
1456,541184222,0.3120893205065642,-8263.4,826340.0,190460.0,93200.0,16280.0,526400.0,50,656
1457,789323905,0.31183964905015893,-13489.224999999999,1348922.5,201372.5,285300.0,17200.0,845050.0,50,656
1458,446688850,0.3115901773309188,-8643.375,864337.5,193267.5,61400.0,16520.0,593150.0,50,656
1459,166125333,0.31134090518905405,-11116.024999999998,1111602.5,195652.5,364100.0,16800.0,535050.0,50,656
1460,964514972,0.3110918324649028,-9584.949999999997,958495.0,200045.0,122400.0,16800.0,619250.0,50,656
1461,131745470,0.3108429589989309,-7122.775000000002,712277.5,188247.5,9200.0,16080.0,498750.0,50,656
1462,803655581,0.3105942846317317,-9036.3,903630.0,193200.0,208200.0,15680.0,486550.0,50,656
1463,910562806,0.3103458092040263,-7851.099999999998,785110.0,193280.0,12800.0,17280.0,561750.0,50,656
1464,755609270,0.3100975325566631,-7164.750000000002,716475.0,195165.0,88700.0,14960.0,417650.0,50,656
1465,747779343,0.3098494545306178,-7566.025,756602.5,185332.5,126000.0,14920.0,430350.0,50,657
1466,286857046,0.3096015749669933,-7265.074999999999,726507.5,191167.5,86000.0,16240.0,433100.0,50,657
1467,774212680,0.3093538937070197,-8163.925,816392.5,192312.5,128400.0,16280.0,479400.0,50,657
1468,128678043,0.30910641059205407,-10256.275000000001,1025627.5,192487.5,138800.0,17040.0,677300.0,50,657
1469,942648199,0.3088591254635804,-8210.999999999998,821100.0,189940.0,62000.0,15760.0,553400.0,50,657
1470,37333791,0.30861203816320953,-6736.850000000001,673685.0,180575.0,62800.0,16160.0,414150.0,50,657
1471,713056072,0.30836514853267893,-7823.525000000002,782352.5,193342.5,86500.0,15960.0,486550.0,50,657
1472,632836583,0.30811845641385277,-8042.499999999999,804250.0,193090.0,62200.0,15160.0,533800.0,50,657
1473,477942587,0.30787196164872166,-9481.575000000003,948157.5,182227.5,147000.0,16480.0,602450.0,50,657
1474,23274996,0.30762566407940267,-11881.300000000003,1188130.0,201120.0,284800.0,16960.0,685250.0,50,657
1475,1710334,0.30737956354813917,-5914.25,591425.0,184915.0,27800.0,15160.0,363550.0,50,657
1476,336783189,0.3071336598973006,-7567.374999999998,756737.5,191517.5,79200.0,15320.0,470700.0,50,657
1477,607124509,0.30688795296938276,-10585.449999999997,1058545.0,197195.0,123300.0,16400.0,721650.0,50,657
1478,367828650,0.30664244260700724,-10025.500000000002,1002550.0,188940.0,76400.0,16360.0,720850.0,50,659
1479,113217648,0.3063971286529216,-9632.375,963237.5,189677.5,49600.0,17960.0,706000.0,50,659
1480,798594344,0.3061520109499993,-7686.05,768605.0,190465.0,91700.0,16640.0,469800.0,50,659
1481,171496221,0.3059070893412393,-7322.849999999999,732285.0,188685.0,52700.0,16600.0,474300.0,50,659
1482,139936955,0.3056623636697663,-8684.550000000001,868455.0,196935.0,112800.0,16120.0,542600.0,50,659
1483,531346659,0.30541783377883047,-9332.650000000001,933265.0,192985.0,12400.0,17280.0,710600.0,50,659
1484,998394633,0.3051734995118074,-8666.825,866682.5,188672.5,91100.0,17360.0,569550.0,50,659
1485,654316605,0.30492936071219795,-10736.625,1073662.5,202232.5,181900.0,17880.0,671650.0,50,659
1486,255250542,0.3046854172236282,-7811.325000000002,781132.5,186612.5,100800.0,16920.0,476800.0,50,659
1487,461896770,0.30444166888984925,-10046.35,1004635.0,188985.0,120600.0,17400.0,677650.0,50,659
1488,124125911,0.30419811555473736,-7199.425,719942.5,190322.5,10800.0,17520.0,501300.0,50,659
1489,439683287,0.3039547570622936,-10252.925,1025292.5,193802.5,247800.0,16640.0,567050.0,50,659
1490,837148828,0.30371159325664376,-9970.025,997002.5,194522.5,145100.0,17080.0,640300.0,50,659
1491,785142618,0.30346862398203844,-10086.925,1008692.5,195232.5,224300.0,16560.0,572600.0,50,659
1492,834940799,0.3032258490828528,-9225.749999999998,922575.0,194945.0,117700.0,16280.0,593650.0,50,659
1493,239090384,0.3029832684035865,-11310.400000000001,1131040.0,196700.0,299500.0,16440.0,618400.0,50,659
1494,427929322,0.30274088178886366,-8450.675,845067.5,189077.5,4800.0,17440.0,633750.0,50,659
1495,974155603,0.3024986890834326,-8905.575000000003,890557.5,191867.5,184100.0,16040.0,498550.0,50,659
1496,417482718,0.30225669013216583,-9654.925000000001,965492.5,197282.5,224800.0,16960.0,526450.0,50,659
1497,237587835,0.3020148847800601,-6835.349999999998,683535.0,191095.0,38800.0,16440.0,437200.0,50,659
1498,140941393,0.30177327287223604,-10423.775,1042377.5,193297.5,206300.0,16880.0,625900.0,50,659
1499,460280171,0.30153185425393825,-14566.15,1456615.0,203675.0,314900.0,17640.0,920400.0,50,659
1500,586931940,0.3012906287705351,-8811.050000000001,881105.0,195375.0,95600.0,16080.0,574050.0,50,660
1501,633057919,0.30104959626751865,-7500.500000000001,750050.0,189560.0,97600.0,16440.0,446450.0,50,660
1502,274872642,0.3008087565905046,-8343.45,834345.0,192895.0,69400.0,16200.0,555850.0,50,661
1503,62055155,0.30056810958523217,-10603.774999999998,1060377.5,198387.5,213600.0,16440.0,631950.0,50,661
1504,38581637,0.300327655097564,-11849.05,1184905.0,201705.0,308300.0,16600.0,658300.0,50,661
1505,349064134,0.3000873929734859,-8595.9,859590.0,189650.0,61200.0,16240.0,592500.0,50,661
1506,427154737,0.2998473230591071,-9374.975,937497.5,189147.5,120900.0,16600.0,610850.0,50,661
1507,539502542,0.2996074452006598,-8745.424999999997,874542.5,188232.5,56800.0,16760.0,612750.0,50,661
1508,566926495,0.29936775924449927,-6611.65,661165.0,185965.0,65300.0,14400.0,395500.0,50,661
1509,942573536,0.29912826503710366,-7609.050000000002,760905.0,195095.0,68800.0,15960.0,481050.0,50,661
1510,218630845,0.29888896242507396,-12421.424999999997,1242142.5,200292.5,294300.0,17200.0,730350.0,50,661
1511,715984570,0.2986498512551339,-7194.775000000003,719477.5,181497.5,106200.0,15280.0,416500.0,50,661
1512,825792364,0.2984109313741298,-7067.525000000001,706752.5,187642.5,56200.0,15360.0,447550.0,50,661
1513,833170524,0.29817220262903044,-9432.549999999997,943255.0,195275.0,118400.0,16080.0,613500.0,50,661
1514,260525440,0.2979336648669272,-9692.999999999998,969300.0,189470.0,110400.0,16480.0,652950.0,50,661
1515,336197432,0.2976953179350336,-10277.8,1027780.0,200190.0,180500.0,16640.0,630450.0,50,661
1516,989573785,0.2974571616806856,-9755.300000000001,975530.0,191710.0,69000.0,16920.0,697900.0,50,661
1517,405905323,0.29721919595134105,-9530.449999999999,953045.0,190975.0,156300.0,15720.0,590050.0,50,661
1518,103708336,0.29698142059458,-10306.775,1030677.5,192927.5,292400.0,15800.0,529550.0,50,661
1519,86397224,0.29674383545810434,-8472.375,847237.5,188387.5,96000.0,17400.0,545450.0,50,661
1520,340877550,0.29650644038973784,-9695.075,969507.5,194767.5,113800.0,16440.0,644500.0,50,661
1521,723285040,0.29626923523742604,-6454.050000000002,645405.0,183105.0,9500.0,16200.0,436600.0,50,661
1522,292514321,0.2960322198492361,-9223.374999999995,922337.5,185847.5,77700.0,16840.0,641950.0,50,661
1523,18642416,0.2957953940733567,-7407.274999999999,740727.5,191687.5,147600.0,15240.0,386200.0,50,661
1524,531804813,0.29555875775809803,-11438.299999999997,1143830.0,192340.0,191100.0,16440.0,743950.0,50,661
1525,377946266,0.2953223107518915,-7802.0999999999985,780210.0,187500.0,79000.0,16160.0,497550.0,50,661
1526,765598746,0.29508605290329,-6839.450000000001,683945.0,186045.0,27700.0,15200.0,455000.0,50,661
1527,486963276,0.29484998406096735,-10511.550000000001,1051155.0,201095.0,194400.0,16560.0,639100.0,50,661
1528,379215400,0.2946141040737186,-8736.325,873632.5,194232.5,125300.0,17000.0,537100.0,50,661
1529,960892568,0.2943784127904596,-11912.524999999998,1191252.5,199512.5,234800.0,17240.0,739700.0,50,661
1530,380844663,0.29414291006022725,-11679.625000000002,1167962.5,198912.5,283200.0,16600.0,669250.0,50,661
1531,804705047,0.29390759573217906,-9636.275,963627.5,193507.5,216400.0,16920.0,536800.0,50,661
1532,608926464,0.2936724696555933,-10913.824999999999,1091382.5,199152.5,224900.0,18080.0,649250.0,50,661
1533,764391747,0.2934375316798688,-10364.675000000001,1036467.5,197597.5,43200.0,16520.0,779150.0,50,661
1534,81940252,0.2932027816545249,-11093.7,1109370.0,196180.0,223900.0,17240.0,672050.0,50,661
1535,687145820,0.29296821942920126,-7470.7249999999985,747072.5,189202.5,51600.0,15720.0,490550.0,50,661
1536,908813786,0.2927338448536579,-8744.275000000001,874427.5,188527.5,61500.0,16800.0,607600.0,50,661
1537,478308154,0.292499657777775,-12066.900000000005,1206690.0,203940.0,249900.0,16800.0,736050.0,50,661
1538,31395666,0.29226565805155275,-8861.574999999997,886157.5,196787.5,113200.0,16520.0,559650.0,50,661
1539,675179941,0.2920318455251115,-8119.700000000003,811970.0,193300.0,81600.0,16320.0,520750.0,50,661
1540,990524802,0.29179822004869144,-7417.575000000003,741757.5,193107.5,34000.0,16400.0,498250.0,50,661
1541,696150766,0.29156478147265247,-9335.85,933585.0,192255.0,154800.0,16880.0,569650.0,50,661
1542,942602949,0.29133152964747433,-11175.599999999999,1117560.0,200740.0,144800.0,17920.0,754100.0,50,661
1543,546921283,0.29109846442375636,-10750.624999999996,1075062.5,197432.5,199200.0,17080.0,661350.0,50,661
1544,476564475,0.2908655856522174,-10459.625,1045962.5,197132.5,230000.0,16680.0,602150.0,50,661
1545,972620643,0.2906328931836956,-10788.1,1078810.0,197150.0,161500.0,16960.0,703200.0,50,661
1546,923174932,0.29040038686914865,-8258.0,825800.0,192550.0,48700.0,16000.0,568550.0,50,661
1547,773569553,0.2901680665596533,-9361.75,936175.0,190035.0,143000.0,17040.0,586100.0,50,661
1548,789845452,0.2899359321064056,-9711.099999999999,971110.0,196650.0,130800.0,16960.0,626700.0,50,661
1549,30087233,0.2897039833607205,-10705.275000000003,1070527.5,196477.5,208800.0,17000.0,648250.0,50,661
1550,249281915,0.2894722201740319,-10456.05,1045605.0,192675.0,152000.0,17480.0,683450.0,50,661
1551,802014880,0.28924064239789266,-8898.65,889865.0,184045.0,71700.0,16720.0,617400.0,50,661
1552,190178269,0.28900924988397436,-8353.949999999997,835395.0,195885.0,56000.0,16560.0,566950.0,50,661
1553,4188713,0.2887780424840672,-10556.200000000003,1055620.0,196990.0,228600.0,17080.0,612950.0,50,661
1554,962197478,0.2885470200500799,-8368.05,836805.0,191335.0,112000.0,16520.0,516950.0,50,661
1555,198675565,0.28831618243403984,-12613.674999999996,1261367.5,194817.5,339200.0,17200.0,710150.0,50,662
1556,209979326,0.2880855294880926,-7409.749999999999,740975.0,187635.0,158400.0,16440.0,378500.0,50,662
1557,924975462,0.2878550610645021,-11324.949999999999,1132495.0,191875.0,284700.0,16120.0,639800.0,50,662
1558,1119071,0.2876247770156505,-6172.500000000001,617250.0,179410.0,18000.0,14840.0,405000.0,50,662
1559,336195165,0.28739467719403794,-10381.399999999996,1038140.0,197280.0,194100.0,17160.0,629600.0,50,662
1560,458171962,0.2871647614522827,-10026.725000000004,1002672.5,191752.5,175200.0,16320.0,619400.0,50,663
1561,117164582,0.28693502964312084,-6234.574999999999,623457.5,186927.5,6300.0,15680.0,414550.0,50,663
1562,309649235,0.28670548161940634,-7820.875000000002,782087.5,190887.5,14000.0,17400.0,559800.0,50,663
1563,811706025,0.2864761172341108,-7907.449999999999,790745.0,191085.0,0.0,16160.0,583500.0,50,663
1564,296716391,0.2862469363403235,-9233.275000000001,923327.5,188497.5,206800.0,15280.0,512750.0,50,663
1565,363090023,0.28601793879125126,-10119.175000000001,1011917.5,199147.5,231200.0,16320.0,565250.0,50,663
1566,388337735,0.28578912444021826,-7437.65,743765.0,183435.0,61100.0,16080.0,483150.0,50,663
1567,157767316,0.28556049314066606,-7659.100000000002,765910.0,189630.0,76200.0,15880.0,484200.0,50,663
1568,807646753,0.28533204474615353,-6636.299999999998,663630.0,180380.0,8000.0,16600.0,458650.0,50,663
1569,36053059,0.2851037791103566,-10854.750000000004,1085475.0,196615.0,261500.0,16360.0,611000.0,50,663
1570,889380619,0.2848756960870683,-11221.625,1122162.5,192862.5,160500.0,17600.0,751200.0,50,663
1571,784166180,0.28464779553019864,-7815.5999999999985,781560.0,188330.0,58700.0,16880.0,517650.0,50,663
1572,247333906,0.2844200772937745,-7758.3499999999985,775835.0,185625.0,75700.0,15960.0,498550.0,50,663
1573,683290150,0.2841925412319395,-9916.425000000001,991642.5,187462.5,230300.0,16280.0,557600.0,50,663
1574,351650201,0.2839651871989539,-9233.65,923365.0,193455.0,118800.0,17760.0,593350.0,50,663
1575,552564940,0.28373801504919477,-9333.600000000002,933360.0,196160.0,82400.0,17000.0,637800.0,50,663
1576,58684627,0.2835110246371554,-10305.925000000001,1030592.5,190822.5,194800.0,16920.0,628050.0,50,663
1577,402532528,0.2832842158174457,-11117.600000000002,1111760.0,195080.0,214400.0,16880.0,685400.0,50,663
1578,458170979,0.28305758844479173,-9510.0,951000.0,185290.0,232500.0,15960.0,517250.0,50,663
1579,966403289,0.2828311423740359,-6492.049999999998,649205.0,184575.0,5500.0,15680.0,443450.0,50,663
1580,641074675,0.2826048774601367,-7414.000000000001,741400.0,190880.0,11200.0,16320.0,523000.0,50,663
1581,268993414,0.2823787935581686,-8242.7,824270.0,192430.0,102100.0,16040.0,513700.0,50,663
1582,728801201,0.28215289052332204,-10343.075000000003,1034307.5,197377.5,192000.0,16680.0,628250.0,50,663
1583,397578955,0.28192716821090336,-7772.450000000001,777245.0,189335.0,32300.0,16360.0,539250.0,50,663
1584,386470397,0.2817016264763346,-6581.5250000000015,658152.5,184132.5,16800.0,16120.0,441100.0,50,667
1585,539126421,0.28147626517515356,-10204.8,1020480.0,194800.0,197500.0,16880.0,611300.0,50,667
1586,612378781,0.2812510841630134,-10265.749999999998,1026575.0,189875.0,154400.0,16000.0,666300.0,50,667
1587,393835872,0.281026083295683,-8911.849999999999,891185.0,194485.0,124400.0,16200.0,556100.0,50,667
1588,56682489,0.28080126242904646,-8386.925,838692.5,193622.5,74300.0,16520.0,554250.0,50,667
1589,218069505,0.2805766214191032,-8884.050000000001,888405.0,188415.0,35200.0,17240.0,647550.0,50,668
1590,306705002,0.28035216012196795,-9650.375,965037.5,195457.5,183200.0,15880.0,570500.0,50,668
1591,78316982,0.2801278783938704,-6985.55,698555.0,189085.0,38400.0,15720.0,455350.0,50,668
1592,205301702,0.2799037760911553,-6882.299999999999,688230.0,189140.0,14800.0,15840.0,468450.0,50,668
1593,627351233,0.27967985307028237,-9219.624999999998,921962.5,180722.5,113800.0,16440.0,611000.0,50,668
1594,780127586,0.27945610918782615,-11462.324999999997,1146232.5,201342.5,243800.0,17040.0,684050.0,50,668
1595,173093016,0.2792325443004759,-6769.775000000001,676977.5,193457.5,32400.0,15520.0,435600.0,50,668
1596,690931149,0.27900915826503553,-8555.4,855540.0,196790.0,132000.0,16600.0,510150.0,50,668
1597,808361616,0.2787859509384235,-6912.675000000003,691267.5,188797.5,71100.0,16320.0,415050.0,50,668
1598,867552260,0.27856292217767276,-9264.275,926427.5,196347.5,21700.0,16680.0,691700.0,50,668
1599,886336876,0.2783400718399306,-5552.500000000002,555250.0,184370.0,800.0,15680.0,354400.0,50,668
1600,960040433,0.27811739978245864,-7455.424999999998,745542.5,188652.5,94800.0,16040.0,446050.0,50,668
1601,697548688,0.27789490586263266,-6949.374999999999,694937.5,186237.5,82200.0,16400.0,410100.0,50,669
1602,438955694,0.2776725899379425,-10571.875,1057187.5,195717.5,177800.0,16320.0,667350.0,50,669
1603,369535157,0.27745045186599215,-9307.475,930747.5,189647.5,216800.0,15200.0,509100.0,50,669
1604,958554072,0.27722849150449935,-6197.199999999999,619720.0,190080.0,16400.0,14840.0,398400.0,50,669
1605,14400066,0.27700670871129573,-9589.75,958975.0,181755.0,247300.0,15920.0,514000.0,50,670
1606,263957175,0.2767851033443267,-7016.774999999997,701677.5,187207.5,95900.0,16520.0,402050.0,50,670
1607,954755076,0.27656367526165127,-7768.349999999998,776835.0,196415.0,31500.0,15920.0,533000.0,50,670
1608,124969364,0.27634242432144196,-10097.6,1009760.0,194200.0,153200.0,17160.0,645200.0,50,670
1609,700356326,0.2761213503819848,-11051.975,1105197.5,192727.5,228800.0,16120.0,667550.0,50,670
1610,517121117,0.2759004533016792,-8332.725,833272.5,194322.5,187400.0,16400.0,435150.0,50,671
1611,158342403,0.27567973293903786,-6127.924999999998,612792.5,189422.5,7200.0,15320.0,400850.0,50,671
1612,59871402,0.27545918915268663,-11497.199999999999,1149720.0,198880.0,180800.0,17840.0,752200.0,50,671
1613,922920338,0.2752388218013645,-10635.55,1063555.0,196435.0,211600.0,16520.0,639000.0,50,671
1614,404171083,0.2750186307439234,-8337.425000000001,833742.5,193942.5,63200.0,16200.0,560400.0,50,671
1615,364368504,0.27479861583932824,-8446.675000000003,844667.5,189777.5,64500.0,16440.0,573950.0,50,671
1616,309823627,0.2745787769466568,-11082.325000000003,1108232.5,201432.5,214400.0,16800.0,675600.0,50,671
1617,478313372,0.27435911392509943,-9716.174999999997,971617.5,190017.5,188100.0,16400.0,577100.0,50,672
1618,135913699,0.27413962663395935,-8666.099999999999,866610.0,190210.0,28000.0,16400.0,632000.0,50,672
1619,803240686,0.2739203149326522,-9588.725,958872.5,190742.5,71400.0,16880.0,679850.0,50,672
1620,948074791,0.27370117868070604,-12350.025000000001,1235002.5,197552.5,274500.0,16600.0,746350.0,50,672
1621,646259534,0.2734822177377615,-7623.15,762315.0,196775.0,11600.0,16040.0,537900.0,50,672
1622,648552732,0.2732634319635713,-6416.599999999999,641660.0,184410.0,77300.0,15600.0,364350.0,50,672
1623,811528900,0.2730448212180004,-9280.449999999997,928045.0,191525.0,198800.0,16720.0,521000.0,50,672
1624,889233043,0.272826385361026,-7836.55,783655.0,184135.0,114300.0,17520.0,467700.0,50,672
1625,765733429,0.27260812425273717,-10091.05,1009105.0,190895.0,133600.0,16560.0,668050.0,50,672
1626,85940189,0.272390037753335,-9174.95,917495.0,196005.0,122500.0,15440.0,583550.0,50,672
1627,644747894,0.2721721257231323,-10266.175000000003,1026617.5,194987.5,117000.0,17880.0,696750.0,50,672
1628,199670244,0.2719543880225538,-8303.925,830392.5,194662.5,9600.0,17080.0,609050.0,50,672
1629,482281053,0.2717368245121357,-6948.05,694805.0,189715.0,39600.0,15240.0,450250.0,50,672
1630,299845969,0.271519435052526,-9051.025000000001,905102.5,192552.5,160400.0,16800.0,535350.0,50,672
1631,435466117,0.27130221950448397,-9288.275000000003,928827.5,195757.5,176500.0,16320.0,540250.0,50,672
1632,426577220,0.27108517772888036,-8370.4,837040.0,193250.0,800.0,17040.0,625950.0,50,672
1633,695469732,0.2708683095866972,-8261.875,826187.5,196667.5,109700.0,15520.0,504300.0,50,672
1634,454495014,0.27065161493902784,-11560.075,1156007.5,195307.5,269600.0,17000.0,674100.0,50,672
1635,923976665,0.27043509364707663,-7519.5,751950.0,188750.0,59200.0,16000.0,488000.0,50,672
1636,863688774,0.27021874557215897,-8027.5250000000015,802752.5,188652.5,43400.0,16800.0,553900.0,50,672
1637,306559497,0.27000257057570126,-8288.15,828815.0,192125.0,62800.0,17440.0,556450.0,50,672
1638,643423720,0.2697865685192407,-9648.374999999998,964837.5,200517.5,68300.0,16720.0,679300.0,50,672
1639,425468889,0.2695707392644253,-7681.524999999999,768152.5,190852.5,57900.0,15800.0,503600.0,50,672
1640,874314142,0.2693550826730138,-8331.7,833170.0,190310.0,60100.0,16560.0,566200.0,50,672
1641,218730452,0.26913959860687536,-11229.599999999999,1122960.0,198930.0,193700.0,16680.0,713650.0,50,672
1642,580750734,0.26892428692798986,-9382.799999999997,938280.0,197810.0,124800.0,16920.0,598750.0,50,672
1643,26836331,0.2687091474984475,-8733.625,873362.5,193252.5,97200.0,16760.0,566150.0,50,672
1644,415445285,0.26849418018044874,-8481.825,848182.5,187372.5,119200.0,16160.0,525450.0,50,672
1645,361819798,0.26827938483630437,-7762.474999999999,776247.5,194077.5,70400.0,16920.0,494850.0,50,672
1646,291753536,0.2680647613284353,-10439.874999999998,1043987.5,196647.5,139200.0,17240.0,690900.0,50,672
1647,225620101,0.26785030951937255,-10160.125000000002,1016012.5,195162.5,193600.0,17600.0,609650.0,50,672
1648,319077601,0.26763602927175706,-9396.475000000002,939647.5,196417.5,131100.0,16880.0,595250.0,50,672
1649,248845916,0.2674219204483396,-8461.474999999999,846147.5,188077.5,96500.0,16320.0,545250.0,50,672
1650,426692410,0.26720798291198095,-7699.075,769907.5,190157.5,7000.0,16000.0,556750.0,50,672
1651,340774204,0.26699421652565136,-8042.9,804290.0,189840.0,83600.0,15600.0,515250.0,50,672
1652,342207169,0.26678062115243084,-7880.275000000001,788027.5,190757.5,95400.0,16120.0,485750.0,50,672
1653,875506499,0.2665671966555089,-11364.149999999998,1136415.0,197735.0,250700.0,16880.0,671100.0,50,672
1654,10369897,0.2663539428981845,-10312.900000000005,1031290.0,193480.0,140200.0,17160.0,680450.0,50,672
1655,303690847,0.2661408597438659,-9978.5,997850.0,191790.0,147400.0,16360.0,642300.0,50,672
1656,237937527,0.2659279470560708,-9450.500000000002,945050.0,199580.0,111000.0,16120.0,618350.0,50,672
1657,179401998,0.26571520469842597,-6354.775000000001,635477.5,183457.5,62400.0,15320.0,374300.0,50,672
1658,721613593,0.2655026325346672,-6869.350000000002,686935.0,182475.0,36600.0,15960.0,451900.0,50,673
1659,770525378,0.2652902304286395,-8480.400000000001,848040.0,184790.0,66600.0,16400.0,580250.0,50,673
1660,947392878,0.26507799824429656,-8677.050000000001,867705.0,194565.0,109200.0,17840.0,546100.0,50,673
1661,794158578,0.2648659358457011,-9826.900000000003,982690.0,193480.0,169600.0,17560.0,602050.0,50,673
1662,75035856,0.26465404309702456,-11646.124999999996,1164612.5,197672.5,324300.0,16240.0,626400.0,50,673
1663,61600500,0.26444231986254696,-12257.75,1225775.0,193755.0,208800.0,17920.0,805300.0,50,673
1664,585399939,0.2642307660066569,-11213.000000000002,1121300.0,199240.0,263000.0,15560.0,643500.0,50,673
1665,690385051,0.26401938139385156,-14381.099999999997,1438110.0,202800.0,388200.0,16760.0,830350.0,50,673
1666,333317006,0.26380816588873646,-8650.95,865095.0,190925.0,44400.0,16520.0,613250.0,50,673
1667,184448633,0.2635971193560255,-10046.700000000003,1004670.0,189010.0,238600.0,16160.0,560900.0,50,673
1668,887626996,0.26338624166054064,-8474.374999999998,847437.5,190857.5,137200.0,16080.0,503300.0,50,673
1669,297334483,0.2631755326672122,-6803.575,680357.5,190267.5,36600.0,15040.0,438450.0,50,673
1670,770056289,0.26296499224107844,-10602.675,1060267.5,199117.5,248100.0,16000.0,597050.0,50,673
1671,893187416,0.2627546202472856,-8611.425,861142.5,195352.5,92000.0,16240.0,557550.0,50,673
1672,522095026,0.26254441655108773,-13426.925000000001,1342692.5,203812.5,387900.0,17080.0,733900.0,50,673
1673,271305874,0.26233438101784684,-13116.325000000004,1311632.5,201522.5,204000.0,16960.0,889150.0,50,674
1674,53438733,0.26212451351303256,-11839.45,1183945.0,197565.0,229600.0,16880.0,739900.0,50,674
1675,93209117,0.26191481390222215,-7096.325,709632.5,187052.5,8000.0,15480.0,499100.0,50,674
1676,769717048,0.2617052820511004,-11496.024999999998,1149602.5,195072.5,185100.0,17080.0,752350.0,50,674
1677,791092752,0.2614959178254595,-10007.225000000002,1000722.5,196572.5,117200.0,17000.0,669950.0,50,674
1678,951690091,0.2612867210911991,-8157.624999999999,815762.5,190302.5,87200.0,14960.0,523300.0,50,674
1679,710345131,0.26107769171432615,-9610.849999999999,961085.0,195255.0,189800.0,16480.0,559550.0,50,674
1680,113176894,0.2608688295609547,-9789.649999999998,978965.0,198085.0,193200.0,16080.0,571600.0,50,674
1681,821369271,0.2606601344973059,-8835.724999999999,883572.5,197012.5,39000.0,15560.0,632000.0,50,674
1682,974228965,0.26045160638970805,-7805.024999999998,780502.5,181772.5,81800.0,16280.0,500650.0,50,674
1683,881577933,0.2602432451045963,-8334.925000000001,833492.5,190642.5,107300.0,16400.0,519150.0,50,674
1684,790269133,0.2600350505085126,-12853.475000000002,1285347.5,203177.5,362300.0,16520.0,703350.0,50,674
1685,217628934,0.2598270224681058,-5645.975,564597.5,183967.5,35600.0,15680.0,329350.0,50,674
1686,578435260,0.2596191608501313,-12891.325000000003,1289132.5,203952.5,332900.0,17280.0,735000.0,50,674
1687,412255123,0.2594114655214512,-10358.5,1035850.0,193600.0,157500.0,16600.0,668150.0,50,674
1688,465141746,0.25920393634903405,-7146.724999999999,714672.5,186362.5,40900.0,15560.0,471850.0,50,674
1689,924552295,0.25899657319995484,-9153.675000000001,915367.5,196637.5,149600.0,15880.0,553250.0,50,674
1690,786046476,0.2587893759413949,-11133.349999999999,1113335.0,201795.0,172500.0,17240.0,721800.0,50,674
1691,88043662,0.25858234444064176,-8442.725,844272.5,188852.5,52500.0,16520.0,586400.0,50,674
1692,166989289,0.25837547856508924,-9687.899999999998,968790.0,195830.0,188300.0,16160.0,568500.0,50,674
1693,253895276,0.25816877818223716,-7296.65,729665.0,183775.0,94000.0,15840.0,436050.0,50,674
1694,947543828,0.25796224315969135,-12204.025000000001,1220402.5,201372.5,218100.0,18080.0,782850.0,50,674
1695,326400658,0.2577558733651636,-8941.05,894105.0,191615.0,140000.0,16440.0,546050.0,50,674
1696,837890775,0.25754966866647144,-8896.875,889687.5,187697.5,78400.0,16840.0,606750.0,50,674
1697,911089422,0.2573436289315383,-7555.35,755535.0,188435.0,45000.0,16200.0,505900.0,50,674
1698,912161416,0.25713775402839306,-8622.599999999997,862260.0,189070.0,148200.0,15440.0,509550.0,50,674
1699,956821745,0.2569320438251703,-9946.775,994677.5,195467.5,233200.0,16960.0,549050.0,50,674
1700,932897451,0.2567264981901102,-10681.124999999998,1068112.5,199912.5,206800.0,16600.0,644800.0,50,674
1701,195762515,0.2565211169915581,-9171.124999999998,917112.5,193992.5,37400.0,16920.0,668800.0,50,674
1702,285750475,0.25631590009796484,-11188.299999999996,1118830.0,197680.0,156800.0,16200.0,748150.0,50,674
1703,906471664,0.2561108473778865,-8313.725,831372.5,193002.5,44100.0,16520.0,577750.0,50,674
1704,747850695,0.25590595869998417,-11581.749999999998,1158175.0,202435.0,232500.0,16040.0,707200.0,50,674
1705,558412606,0.2557012339330242,-6207.125,620712.5,186002.5,41100.0,15760.0,377850.0,50,674
1706,106337750,0.25549667294587775,-6645.05,664505.0,183435.0,30400.0,16320.0,434350.0,50,674
1707,296929646,0.25529227560752105,-9243.275,924327.5,194067.5,155500.0,16560.0,558200.0,50,674
1708,69922246,0.25508804178703504,-8962.525,896252.5,192542.5,126000.0,16360.0,561350.0,50,674
1709,336054250,0.2548839713536054,-6205.0250000000015,620502.5,177732.5,22100.0,15920.0,404750.0,50,674
1710,809621614,0.2546800641765225,-8148.675000000001,814867.5,190787.5,159600.0,15280.0,449200.0,50,674
1711,890737385,0.2544763201251813,-12465.775000000001,1246577.5,197887.5,314600.0,17240.0,716850.0,50,674
1712,831880391,0.25427273906908116,-9320.075,932007.5,190257.5,97200.0,16600.0,627950.0,50,674
1713,785548232,0.2540693208778259,-11585.699999999997,1158570.0,194510.0,272400.0,16760.0,674900.0,50,674
1714,962193016,0.25386606542112367,-9725.374999999998,972537.5,195417.5,150500.0,15120.0,611500.0,50,677
1715,524241847,0.2536629725687868,-7375.099999999999,737510.0,186210.0,48800.0,16000.0,486500.0,50,677
1716,705827603,0.25346004219073176,-7775.150000000001,777515.0,181335.0,7600.0,16680.0,571900.0,50,677
1717,295915279,0.2532572741569792,-8564.150000000001,856415.0,192585.0,138000.0,15480.0,510350.0,50,677
1718,63999142,0.2530546683376536,-11182.55,1118255.0,199975.0,222200.0,17480.0,678600.0,50,677
1719,493365731,0.25285222460298346,-9925.924999999997,992592.5,198102.5,114800.0,16440.0,663250.0,50,677
1720,670433742,0.25264994282330105,-8774.1,877410.0,198490.0,162800.0,15920.0,500200.0,50,677
1721,556911726,0.2524478228690424,-10655.875,1065587.5,197037.5,94900.0,18200.0,755450.0,50,677
1722,862802305,0.25224586461074716,-9471.149999999998,947115.0,196405.0,146400.0,17160.0,587150.0,50,677
1723,528455659,0.25204406791905853,-6927.075000000001,692707.5,187317.5,50900.0,16640.0,437850.0,50,677
1724,284808834,0.2518424326647233,-8756.425000000003,875642.5,192782.5,231900.0,15360.0,435600.0,50,677
1725,311531430,0.2516409587185915,-14218.775000000001,1421877.5,203407.5,437800.0,17320.0,763350.0,50,677
1726,402856999,0.2514396459516166,-8575.599999999999,857560.0,191360.0,26900.0,17400.0,621900.0,50,677
1727,438420779,0.25123849423485534,-7983.05,798305.0,188005.0,109400.0,16600.0,484300.0,50,678
1728,490305534,0.25103750343946746,-9051.25,905125.0,191835.0,120500.0,15640.0,577150.0,50,678
1729,576452452,0.2508366734367159,-9987.000000000002,998700.0,193710.0,185300.0,16040.0,603650.0,50,678
1730,974721736,0.2506360040979665,-8152.224999999998,815222.5,190132.5,8800.0,16840.0,599450.0,50,678
1731,396746802,0.2504354952946881,-8662.250000000002,866225.0,185025.0,130600.0,17400.0,533200.0,50,679
1732,856750836,0.25023514689845233,-10780.250000000002,1078025.0,193715.0,194800.0,16360.0,673150.0,50,679
1733,589145277,0.25003495878093357,-8937.575000000003,893757.5,188347.5,147600.0,16160.0,541650.0,50,679
1734,424130030,0.2498349308139088,-10221.849999999999,1022185.0,192305.0,148200.0,16680.0,665000.0,50,679
1735,518173044,0.24963506286925768,-7288.0999999999985,728810.0,179250.0,87000.0,15760.0,446800.0,50,680
1736,942456984,0.24943535481896228,-11590.275000000001,1159027.5,201017.5,196000.0,17160.0,744850.0,50,680
1737,297537761,0.2492358065351071,-6315.875000000001,631587.5,185717.5,31900.0,14920.0,399050.0,50,681
1738,437223090,0.249036417889879,-7489.9000000000015,748990.0,186150.0,102000.0,15840.0,445000.0,50,681
1739,599419380,0.2488371887555671,-7210.999999999999,721100.0,184040.0,39300.0,16960.0,480800.0,50,681
1740,619563537,0.24863811900456265,-10961.225,1096122.5,200882.5,236600.0,16640.0,642000.0,50,681
1741,610032258,0.248439208509359,-11050.000000000002,1105000.0,196270.0,199200.0,16280.0,693250.0,50,681
1742,830940055,0.2482404571425515,-8822.9,882290.0,195450.0,185200.0,16240.0,485400.0,50,681
1743,716627702,0.24804186477683746,-9208.925,920892.5,195702.5,38400.0,16640.0,670150.0,50,681
1744,28087829,0.24784343128501599,-6367.8,636780.0,183070.0,19600.0,15960.0,418150.0,50,681
1745,341410643,0.24764515653998798,-5745.924999999998,574592.5,173292.5,60300.0,15400.0,325600.0,50,681
1746,186150133,0.247447040414756,-9529.850000000002,952985.0,196155.0,66000.0,17080.0,673750.0,50,681
1747,893260466,0.2472490827824242,-8115.475000000002,811547.5,183927.5,62000.0,15520.0,550100.0,50,681
1748,108962251,0.24705128351619823,-5974.7,597470.0,178750.0,8600.0,15920.0,394200.0,50,681
1749,891416858,0.24685364248938527,-6778.449999999999,677845.0,188725.0,20200.0,16520.0,452400.0,50,681
1750,437205139,0.24665615957539375,-8262.875,826287.5,189387.5,98500.0,16600.0,521800.0,50,681
1751,246996583,0.24645883464773344,-9033.925,903392.5,184102.5,223500.0,16240.0,479550.0,50,681
1752,651619498,0.24626166758001525,-7299.424999999999,729942.5,184342.5,15600.0,16600.0,513400.0,50,681
1753,454133330,0.24606465824595122,-10339.625,1033962.5,191702.5,216500.0,16960.0,608800.0,50,681
1754,8558422,0.24586780651935447,-9196.800000000001,919680.0,191570.0,123400.0,17360.0,587350.0,50,681
1755,609110164,0.245671112274139,-6344.7750000000015,634477.5,185987.5,31200.0,15840.0,401450.0,50,681
1756,911208255,0.24547457538431966,-9794.024999999998,979402.5,192552.5,194100.0,16200.0,576550.0,50,681
1757,862252999,0.2452781957240122,-10397.449999999999,1039745.0,196335.0,259900.0,15560.0,567950.0,50,681
1758,539428548,0.24508197316743296,-8237.775,823777.5,186377.5,97800.0,16200.0,523400.0,50,681
1759,504687046,0.24488590758889903,-11355.149999999998,1135515.0,195165.0,174800.0,16800.0,748750.0,50,681
1760,149773479,0.2446899988628279,-10925.999999999998,1092600.0,194640.0,216600.0,16760.0,664600.0,50,681
1761,347919855,0.24449424686373764,-8737.324999999999,873732.5,183482.5,131500.0,16000.0,542750.0,50,681
1762,483767278,0.24429865146624663,-7439.125000000001,743912.5,192802.5,53800.0,16560.0,480750.0,50,682
1763,647186056,0.24410321254507364,-9410.575,941057.5,193957.5,122700.0,16200.0,608200.0,50,682
1764,470401366,0.24390792997503757,-11799.774999999998,1179977.5,198897.5,284400.0,16480.0,680200.0,50,682
1765,560824949,0.24371280363105755,-6929.324999999998,692932.5,191132.5,81300.0,14800.0,405700.0,50,683
1766,251003831,0.2435178333881527,-7464.525,746452.5,191102.5,53400.0,16000.0,485950.0,50,683
1767,213185551,0.24332301912144216,-8225.925,822592.5,189552.5,40000.0,15840.0,577200.0,50,683
1768,607226407,0.243128360706145,-10057.050000000001,1005705.0,190545.0,107600.0,17560.0,690000.0,50,683
1769,532855309,0.24293385801758008,-7704.000000000002,770400.0,191180.0,2800.0,15520.0,560900.0,50,683
1770,873361878,0.242739510931166,-8971.125,897112.5,194632.5,120700.0,17080.0,564700.0,50,685
1771,770876708,0.24254531932242107,-6973.424999999999,697342.5,175042.5,34700.0,17200.0,470400.0,50,685
1772,359726380,0.24235128306696313,-11634.125,1163412.5,201992.5,250200.0,16920.0,694300.0,50,685
1773,594572217,0.24215740204050956,-11534.324999999997,1153432.5,199362.5,254900.0,16720.0,682450.0,50,685
1774,638249579,0.24196367611887715,-6120.124999999999,612012.5,185132.5,23200.0,15080.0,388600.0,50,685
1775,520053825,0.24177010517798203,-8587.450000000003,858745.0,185145.0,162200.0,16000.0,495400.0,50,685
1776,236149122,0.24157668909383964,-10301.675,1030167.5,195617.5,127400.0,16800.0,690350.0,50,685
1777,909452587,0.24138342774256458,-9053.150000000001,905315.0,191395.0,79000.0,15920.0,619000.0,50,685
1778,478707183,0.24119032100037052,-8787.65,878765.0,195945.0,169200.0,17320.0,496300.0,50,685
1779,118673499,0.24099736874357022,-6399.600000000001,639960.0,177820.0,63200.0,14840.0,384100.0,50,685
1780,597013514,0.24080457084857537,-10816.025,1081602.5,199742.5,154800.0,16760.0,710300.0,50,685
1781,225154838,0.2406119271918965,-8431.075,843107.5,196047.5,111700.0,15960.0,519400.0,50,685
1782,269492497,0.24041943765014298,-7124.525,712452.5,188102.5,16000.0,15600.0,492750.0,50,685
1783,424687836,0.24022710210002285,-10981.325000000003,1098132.5,197782.5,230900.0,17200.0,652250.0,50,685
1784,597141545,0.24003492041834282,-8551.675,855167.5,195577.5,128400.0,17040.0,514150.0,50,685
1785,682075518,0.23984289248200813,-9765.4,976540.0,194580.0,176000.0,16360.0,589600.0,50,685
1786,42461949,0.2396510181680225,-10572.9,1057290.0,195890.0,138400.0,17800.0,705200.0,50,685
1787,231880971,0.2394592973534881,-11039.649999999998,1103965.0,199405.0,245200.0,17160.0,642200.0,50,685
1788,650308752,0.2392677299156053,-10257.125,1025712.5,195402.5,172800.0,16160.0,641350.0,50,685
1789,946522292,0.23907631573167282,-10452.199999999999,1045220.0,191910.0,155200.0,16560.0,681550.0,50,685
1790,313150018,0.23888505467908747,-10663.850000000002,1066385.0,198805.0,164000.0,17680.0,685900.0,50,685
1791,752965040,0.23869394663534418,-9979.774999999998,997977.5,194517.5,181200.0,16360.0,605900.0,50,685
1792,115298567,0.23850299147803591,-7430.324999999999,743032.5,185472.5,37300.0,16760.0,503500.0,50,685
1793,497371827,0.2383121890848535,-8025.224999999998,802522.5,185192.5,130200.0,15680.0,471450.0,50,685
1794,620876002,0.2381215393335856,-9954.8,995480.0,197650.0,126900.0,16480.0,654450.0,50,685
1795,656903488,0.2379310421021187,-9575.099999999999,957510.0,190570.0,140200.0,15640.0,611100.0,50,685
1796,743029376,0.23774069726843702,-6963.325,696332.5,191762.5,50400.0,15520.0,438650.0,50,685
1797,105147524,0.23755050471062228,-10448.425000000001,1044842.5,199212.5,188900.0,16880.0,639850.0,50,685
1798,805264680,0.23736046430685379,-7807.549999999998,780755.0,186965.0,71400.0,16440.0,505950.0,50,685
1799,404704235,0.2371705759354083,-8728.174999999997,872817.5,190707.5,42100.0,16760.0,623250.0,50,685
1800,607798364,0.23698083947465998,-8129.975000000001,812997.5,186607.5,97800.0,16040.0,512550.0,50,685
1801,444370613,0.23679125480308025,-8354.85,835485.0,190885.0,38900.0,17000.0,588700.0,50,685
1802,151622067,0.23660182179923778,-8520.974999999999,852097.5,183717.5,190500.0,15680.0,462200.0,50,685
1803,839816213,0.23641254034179837,-8149.875000000001,814987.5,189557.5,150800.0,17080.0,457550.0,50,685
1804,372272730,0.23622341030952493,-11224.1,1122410.0,203170.0,309700.0,18240.0,591300.0,50,685
1805,389346615,0.2360344315812773,-10855.625000000004,1085562.5,200092.5,183200.0,16920.0,685350.0,50,685
1806,805714283,0.23584560403601226,-6723.0250000000015,672302.5,190392.5,83900.0,16160.0,381850.0,50,685
1807,806076469,0.23565692755278345,-9661.949999999997,966195.0,194445.0,176000.0,16000.0,579750.0,50,685
1808,125486406,0.2354684020107412,-9733.45,973345.0,192495.0,180300.0,15800.0,584750.0,50,685
1809,579370700,0.2352800272891326,-8868.75,886875.0,191545.0,137400.0,16680.0,541250.0,50,685
1810,876300489,0.2350918032673013,-12542.175000000007,1254217.5,198177.5,347800.0,17440.0,690800.0,50,685
1811,138015781,0.23490372982468746,-9876.375,987637.5,195257.5,150400.0,17280.0,624700.0,50,685
1812,80862521,0.2347158068408277,-8197.374999999998,819737.5,185867.5,101400.0,16320.0,516150.0,50,685
1813,527810167,0.23452803419535503,-9248.325,924832.5,191082.5,40800.0,16800.0,676150.0,50,685
1814,926059658,0.23434041176799875,-10667.400000000001,1066740.0,200350.0,217600.0,16240.0,632550.0,50,686
1815,762461841,0.23415293943858434,-8839.65,883965.0,177465.0,118100.0,16000.0,572400.0,50,686
1816,484050429,0.23396561708703348,-8430.400000000001,843040.0,190620.0,148000.0,16720.0,487700.0,50,686
1817,598719146,0.23377844459336386,-8790.725,879072.5,192122.5,104900.0,15800.0,566250.0,50,686
1818,370316146,0.23359142183768916,-9518.375,951837.5,185877.5,157400.0,16160.0,592400.0,50,686
1819,506243876,0.233404548700219,-7658.375,765837.5,186957.5,63400.0,15480.0,500000.0,50,686
1820,716204121,0.23321782506125882,-11322.500000000004,1132250.0,202890.0,268500.0,16360.0,644500.0,50,686
1821,153349507,0.23303125080120982,-9467.550000000001,946755.0,198465.0,79300.0,17040.0,651950.0,50,686
1822,391506807,0.23284482580056884,-7756.2750000000015,775627.5,195057.5,86000.0,15920.0,478650.0,50,686
1823,100158048,0.23265854993992838,-9953.625,995362.5,192852.5,96400.0,17160.0,688950.0,50,686
1824,565017848,0.23247242309997643,-8778.050000000001,877805.0,195275.0,126800.0,15680.0,540050.0,50,686
1825,550505383,0.23228644516149644,-9388.899999999998,938890.0,197750.0,109100.0,16440.0,615600.0,50,686
1826,411179138,0.23210061600536724,-8640.725000000002,864072.5,191262.5,30200.0,16560.0,626050.0,50,686
1827,941315508,0.23191493551256295,-10471.074999999999,1047107.5,198907.5,242000.0,16400.0,589800.0,50,686
1828,102970180,0.2317294035641529,-9096.775,909677.5,196217.5,84400.0,17360.0,611700.0,50,686
1829,920099469,0.23154402004130156,-11005.249999999998,1100525.0,191125.0,255700.0,15800.0,637900.0,50,686
1830,381544244,0.2313587848252685,-11860.124999999998,1186012.5,201262.5,249600.0,17400.0,717750.0,50,686
1831,795793852,0.2311736977974083,-9471.925,947192.5,196942.5,118000.0,17000.0,615250.0,50,686
1832,855874375,0.23098875883917036,-8758.75,875875.0,192495.0,40300.0,16680.0,626400.0,50,686
1833,97963414,0.23080396783209903,-12135.724999999999,1213572.5,204172.5,274300.0,17400.0,717700.0,50,686
1834,517601749,0.23061932465783333,-8410.950000000003,841095.0,195275.0,45200.0,16520.0,584100.0,50,686
1835,494636656,0.23043482919810707,-10043.600000000002,1004360.0,199070.0,194000.0,16040.0,595250.0,50,686
1836,951624853,0.23025048133474857,-7192.425,719242.5,184742.5,47100.0,15800.0,471600.0,50,687
1837,917484108,0.23006628094968076,-6629.575,662957.5,189957.5,0.0,15600.0,457400.0,50,687
1838,13640187,0.22988222792492102,-10283.725000000002,1028372.5,201532.5,180600.0,16640.0,629600.0,50,687
1839,28494197,0.22969832214258107,-13278.349999999997,1327835.0,200055.0,215600.0,17680.0,894500.0,50,687
1840,47908604,0.22951456348486698,-7028.5,702850.0,182240.0,44300.0,15960.0,460350.0,50,687
1841,536939367,0.2293309518340791,-8092.6500000000015,809265.0,194065.0,149100.0,15600.0,450500.0,50,687
1842,498286710,0.22914748707261182,-6436.750000000001,643675.0,192505.0,0.0,15120.0,436050.0,50,687
1843,945128074,0.22896416908295372,-8018.3499999999985,801835.0,188535.0,84900.0,16400.0,512000.0,50,687
1844,684137452,0.22878099774768734,-8085.024999999999,808502.5,196292.5,60800.0,16360.0,535050.0,50,687
1845,38688536,0.2285979729494892,-12121.275000000003,1212127.5,200877.5,263800.0,17400.0,730050.0,50,687
1846,68856648,0.2284150945711296,-8840.299999999997,884030.0,189900.0,152000.0,16080.0,526050.0,50,687
1847,953208701,0.22823236249547268,-9223.600000000002,922360.0,199470.0,182800.0,16840.0,523250.0,50,687
1848,952558610,0.2280497766054763,-7835.549999999999,783555.0,192815.0,98000.0,15640.0,477100.0,50,687
1849,295510801,0.2278673367841919,-9509.5,950950.0,193870.0,165800.0,16080.0,575200.0,50,687
1850,345746289,0.22768504291476455,-7306.474999999999,730647.5,189317.5,120600.0,15880.0,404850.0,50,687
1851,116851666,0.22750289488043274,-8629.675,862967.5,194017.5,50000.0,17400.0,601550.0,50,687
1852,314918365,0.2273208925645284,-8100.149999999999,810015.0,189885.0,22400.0,17280.0,580450.0,50,687
1853,178772450,0.22713903585047676,-6846.7249999999985,684672.5,189372.5,74000.0,16000.0,405300.0,50,687
1854,267472822,0.22695732462179638,-10056.625000000002,1005662.5,191432.5,235000.0,16880.0,562350.0,50,687
1855,867521565,0.22677575876209893,-7115.900000000001,711590.0,188640.0,11600.0,16400.0,494950.0,50,687
1856,267610044,0.22659433815508925,-10328.324999999999,1032832.5,197872.5,163100.0,16360.0,655500.0,50,687
1857,227842872,0.22641306268456518,-8407.574999999997,840757.5,192587.5,143000.0,14720.0,490450.0,50,688
1858,358381780,0.2262319322344175,-7720.849999999997,772085.0,188915.0,32400.0,17520.0,533250.0,50,688
1859,127824727,0.22605094668862996,-7629.0,762900.0,193370.0,14100.0,16680.0,538750.0,50,688
1860,487840545,0.22587010593127904,-11615.175,1161517.5,192747.5,292000.0,16120.0,660650.0,50,688
1861,342978948,0.22568940984653402,-8530.800000000001,853080.0,191690.0,81100.0,16240.0,564050.0,50,689
1862,660624036,0.22550885831865677,-9030.799999999997,903080.0,192660.0,120200.0,17120.0,573100.0,50,689
1863,247367966,0.22532845123200185,-7832.1500000000015,783215.0,187595.0,0.0,17120.0,578500.0,50,689
1864,34474294,0.22514818847101625,-8501.2,850120.0,183600.0,61300.0,16120.0,589100.0,50,689
1865,250408954,0.22496806992023943,-5639.200000000001,563920.0,183860.0,12900.0,14760.0,352400.0,50,692
1866,353012063,0.22478809546430323,-10335.6,1033560.0,193850.0,158300.0,16360.0,665050.0,50,692
1867,555761230,0.2246082649879318,-6939.4749999999985,693947.5,178777.5,21100.0,15320.0,478750.0,50,692
1868,473648684,0.22442857837594143,-7250.724999999999,725072.5,189242.5,29300.0,16080.0,490450.0,50,692
1869,532624759,0.22424903551324069,-8500.225000000002,850022.5,191222.5,168000.0,16800.0,474000.0,50,692
1870,888135239,0.2240696362848301,-11979.299999999997,1197930.0,194270.0,294600.0,16960.0,692100.0,50,692
1871,452150471,0.2238903805758022,-7723.525000000001,772352.5,191472.5,96800.0,15880.0,468200.0,50,692
1872,617839769,0.22371126827134155,-7177.25,717725.0,185795.0,81000.0,16080.0,434850.0,50,692
1873,673965266,0.22353229925672446,-8962.5,896250.0,195150.0,58400.0,16800.0,625900.0,50,692
1874,598848707,0.2233534734173191,-8369.100000000002,836910.0,180090.0,140000.0,15920.0,500900.0,50,692
1875,560569602,0.22317479063858522,-9439.75,943975.0,199705.0,104500.0,16120.0,623650.0,50,692
1876,964800351,0.22299625080607435,-8492.324999999999,849232.5,186142.5,216000.0,16240.0,430850.0,50,692
1877,746660215,0.22281785380542948,-8078.775000000003,807877.5,192447.5,31600.0,16280.0,567550.0,50,692
1878,524716215,0.22263959952238513,-8234.400000000001,823440.0,189220.0,94700.0,15120.0,524400.0,50,693
1879,853095176,0.2224614878427672,-8004.600000000003,800460.0,183150.0,95600.0,15560.0,506150.0,50,693
1880,110483558,0.222283518652493,-13268.600000000002,1326860.0,203120.0,314900.0,17040.0,791800.0,50,693
1881,555105683,0.22210569183757098,-10144.099999999999,1014410.0,198350.0,211100.0,17160.0,587800.0,50,693
1882,164297760,0.22192800728410092,-10305.775,1030577.5,195027.5,244400.0,16600.0,574550.0,50,693
1883,572082022,0.22175046487827363,-8233.999999999998,823400.0,196890.0,53200.0,16360.0,556950.0,50,693
1884,1771607,0.22157306450637101,-6530.175000000001,653017.5,187077.5,100000.0,15640.0,350300.0,50,693
1885,573150266,0.22139580605476591,-8929.625000000002,892962.5,194362.5,159200.0,16600.0,522800.0,50,693
1886,50853219,0.2212186894099221,-8594.750000000002,859475.0,194375.0,83200.0,16800.0,565100.0,50,693
1887,590212115,0.22104171445839416,-10542.925,1054292.5,192352.5,238500.0,16240.0,607200.0,50,693
1888,244912963,0.22086488108682745,-10103.8,1010380.0,199510.0,120000.0,16520.0,674350.0,50,693
1889,561945828,0.22068818918195798,-7480.5250000000015,748052.5,189902.5,113000.0,16200.0,428950.0,50,693
1890,555629517,0.2205116386306124,-10024.4,1002440.0,201540.0,170600.0,16600.0,613700.0,50,693
1891,356925028,0.22033522931970792,-13204.774999999996,1320477.5,201047.5,231300.0,18080.0,870050.0,50,693
1892,121865845,0.22015896113625216,-9422.875000000002,942287.5,192297.5,152000.0,15840.0,582150.0,50,693
1893,903651221,0.21998283396734317,-9638.525,963852.5,187372.5,230700.0,16480.0,529300.0,50,693
1894,598960543,0.21980684770016928,-7636.125,763612.5,194122.5,29700.0,17040.0,522750.0,50,693
1895,435639826,0.21963100222200915,-9235.224999999997,923522.5,187072.5,40900.0,17400.0,678150.0,50,693
1896,604981264,0.21945529742023154,-5779.424999999999,577942.5,184622.5,10400.0,15320.0,367600.0,50,693
1897,939606708,0.21927973318229535,-9496.099999999997,949610.0,201570.0,134500.0,16640.0,596900.0,50,694
1898,767032274,0.2191043093957495,-9644.500000000002,964450.0,193170.0,44300.0,17080.0,709900.0,50,694
1899,526261464,0.2189290259482329,-7488.375000000002,748837.5,187437.5,33300.0,16600.0,511500.0,50,694
1900,333767754,0.2187538827274743,-10064.475,1006447.5,193317.5,143600.0,16880.0,652650.0,50,694
1901,848240374,0.21857887962129233,-8612.15,861215.0,188945.0,69200.0,16720.0,586350.0,50,694
1902,881770539,0.21840401651759528,-9607.7,960770.0,194630.0,172000.0,16240.0,577900.0,50,694
1903,77221208,0.2182292933043812,-7265.600000000001,726560.0,191260.0,8000.0,16800.0,510500.0,50,694
1904,324495421,0.21805470986973768,-8539.075,853907.5,192957.5,107500.0,15400.0,538050.0,50,698
1905,700850402,0.21788026610184189,-7710.699999999999,771070.0,195660.0,33400.0,16760.0,525250.0,50,698
1906,574881453,0.2177059618889604,-6500.350000000001,650035.0,182875.0,30100.0,15960.0,421100.0,50,698
1907,891931034,0.21753179711944923,-9206.0,920600.0,193140.0,135200.0,16360.0,575900.0,50,698
1908,910039079,0.21735777168175366,-12524.375000000002,1252437.5,198157.5,216700.0,17480.0,820100.0,50,698
1909,481744342,0.21718388546440826,-6740.649999999999,674065.0,181825.0,92600.0,15040.0,384600.0,50,698
1910,706442853,0.21701013835603672,-8820.5,882050.0,197060.0,194500.0,14840.0,475650.0,50,698
1911,772799725,0.21683653024535188,-7747.549999999999,774755.0,189085.0,40100.0,16520.0,529050.0,50,698
1912,711059459,0.2166630610211556,-8691.550000000001,869155.0,191275.0,57100.0,15880.0,604900.0,50,698
1913,413494947,0.21648973057233867,-8536.175000000001,853617.5,192767.5,108000.0,16800.0,536050.0,50,698
1914,891979635,0.2163165387878808,-8544.425,854442.5,189652.5,129500.0,16240.0,519050.0,50,698
1915,880002604,0.21614348555685048,-8397.425000000001,839742.5,192702.5,114900.0,16040.0,516100.0,50,698
1916,177715398,0.215970570768405,-8481.900000000001,848190.0,191850.0,68800.0,16440.0,571100.0,50,698
1917,623200835,0.21579779431179028,-11756.375000000002,1175637.5,196317.5,225200.0,16720.0,737400.0,50,698
1918,432929498,0.21562515607634083,-7827.2999999999965,782730.0,190330.0,137600.0,15200.0,439600.0,50,698
1919,832468251,0.21545265595147975,-6078.5750000000035,607857.5,180947.5,68800.0,16360.0,341750.0,50,698
1920,614000008,0.21528029382671857,-7426.300000000001,742630.0,193700.0,20000.0,16680.0,512250.0,50,698
1921,722932211,0.21510806959165718,-7183.824999999999,718382.5,186262.5,46300.0,16120.0,469700.0,50,698
1922,106023502,0.21493598313598386,-9972.85,997285.0,194415.0,151600.0,17720.0,633550.0,50,698
1923,732216630,0.21476403434947508,-8852.874999999998,885287.5,191517.5,8800.0,17120.0,667850.0,50,698
1924,219777114,0.2145922231219955,-12513.499999999998,1251350.0,203620.0,189500.0,16880.0,841350.0,50,698
1925,694794012,0.21442054934349788,-9826.725,982672.5,193102.5,174000.0,16720.0,598850.0,50,698
1926,204832031,0.2142490129040231,-8045.124999999999,804512.5,186892.5,43400.0,16120.0,558100.0,50,698
1927,360827538,0.21407761369369988,-10270.350000000002,1027035.0,195125.0,227500.0,16160.0,588250.0,50,700
1928,448530281,0.2139063516027449,-7483.125000000001,748312.5,183942.5,92600.0,16320.0,455450.0,50,701
1929,83237053,0.2137352265214627,-8175.374999999998,817537.5,186447.5,119100.0,16640.0,495350.0,50,701
1930,54312326,0.21356423834024554,-6023.174999999999,602317.5,184717.5,25600.0,16800.0,375200.0,50,701
1931,858201897,0.21339338694957335,-5493.474999999999,549347.5,178867.5,73200.0,14280.0,283000.0,50,701
1932,869570702,0.21322267224001368,-8834.925000000003,883492.5,193322.5,20100.0,16720.0,653350.0,50,701
1933,988729686,0.21305209410222167,-9986.075,998607.5,199727.5,161600.0,16080.0,621200.0,50,701
1934,897829777,0.2128816524269399,-9590.925,959092.5,188222.5,181700.0,16920.0,572250.0,50,701
1935,630368836,0.21271134710499834,-7946.45,794645.0,187955.0,2400.0,16240.0,588050.0,50,701
1936,56847189,0.21254117802731434,-11659.724999999999,1165972.5,196832.5,234800.0,16640.0,717700.0,50,701
1937,434163383,0.2123711450848925,-10880.575,1088057.5,197817.5,180500.0,16840.0,692900.0,50,701
1938,344360424,0.21220124816882457,-11471.65,1147165.0,194805.0,284900.0,16960.0,650500.0,50,702
1939,426913630,0.21203148717028952,-11513.925000000003,1151392.5,191872.5,240000.0,16720.0,702800.0,50,702
1940,248531691,0.2118618619805533,-11761.899999999998,1176190.0,189380.0,346100.0,15960.0,624750.0,50,702
1941,241991034,0.21169237249096884,-9120.275000000001,912027.5,194457.5,45300.0,16520.0,655750.0,50,702
1942,333234347,0.21152301859297606,-9148.4,914840.0,191570.0,136500.0,17120.0,569650.0,50,702
1943,688587442,0.21135380017810168,-11992.374999999996,1199237.5,199217.5,249100.0,16520.0,734400.0,50,702
1944,622247175,0.2111847171379592,-8324.55,832455.0,191665.0,107700.0,15240.0,517850.0,50,702
1945,509121563,0.21101576936424882,-8916.674999999997,891667.5,197947.5,36000.0,17120.0,640600.0,50,702
1946,962078099,0.21084695674875742,-7128.6,712860.0,189410.0,60500.0,15200.0,447750.0,50,703
1947,271603078,0.2106782791833584,-7130.300000000001,713030.0,191200.0,95600.0,15680.0,410550.0,50,703
1948,717305666,0.2105097365600117,-10709.300000000003,1070930.0,198830.0,283900.0,16000.0,572200.0,50,703
1949,716413640,0.2103413287707637,-10147.724999999999,1014772.5,193652.5,153900.0,17120.0,650100.0,50,703
1950,788412603,0.21017305570774708,-9151.749999999996,915175.0,187125.0,86600.0,16400.0,625050.0,50,704
1951,358304061,0.21000491726318088,-7209.449999999999,720945.0,186205.0,106700.0,15040.0,413000.0,50,704
1952,930506783,0.20983691332937032,-9103.0,910300.0,193950.0,152400.0,16400.0,547550.0,50,704
1953,457159838,0.20966904379870682,-7137.749999999998,713775.0,188585.0,74800.0,16440.0,433950.0,50,704
1954,966824741,0.20950130856366786,-9273.300000000001,927330.0,198490.0,84800.0,17240.0,626800.0,50,704
1955,939032297,0.20933370751681693,-9665.075,966507.5,192877.5,239300.0,16080.0,518250.0,50,704
1956,23111208,0.20916624055080346,-9887.6,988760.0,197550.0,277800.0,15560.0,497850.0,50,704
1957,913808029,0.2089989075583628,-9757.500000000002,975750.0,197310.0,143100.0,16640.0,618700.0,50,704
1958,778874495,0.2088317084323161,-10160.225,1016022.5,185342.5,152000.0,17080.0,661600.0,50,705
1959,586098054,0.20866464306557025,-8367.200000000003,836720.0,191920.0,89600.0,16200.0,539000.0,50,705
1960,19626133,0.2084977113511178,-8968.374999999998,896837.5,198577.5,197200.0,16160.0,484900.0,50,705
1961,554103089,0.2083309131820369,-8270.575000000003,827057.5,191987.5,146400.0,16520.0,472150.0,50,705
1962,744931960,0.20816424845149126,-9659.250000000002,965925.0,196615.0,185800.0,15560.0,567950.0,50,705
1963,299822583,0.20799771705273007,-8426.849999999999,842685.0,194225.0,90400.0,15360.0,542700.0,50,706
1964,876134316,0.20783131887908787,-9746.825000000003,974682.5,189592.5,200000.0,17040.0,568050.0,50,706
1965,65110570,0.2076650538239846,-11285.775000000001,1128577.5,190137.5,336000.0,16640.0,585800.0,50,706
1966,195200515,0.2074989217809254,-8167.9,816790.0,189530.0,29600.0,15960.0,581700.0,50,706
1967,351430268,0.20733292264350067,-7558.425000000002,755842.5,186682.5,104000.0,16160.0,449000.0,50,706
1968,217975026,0.20716705630538587,-8271.074999999999,827107.5,196487.5,62000.0,16120.0,552500.0,50,706
1969,24245603,0.20700132266034155,-7505.324999999999,750532.5,189752.5,117200.0,16280.0,427300.0,50,706
1970,953064777,0.20683572160221328,-6691.250000000001,669125.0,188235.0,5600.0,16240.0,459050.0,50,706
1971,632324830,0.2066702530249315,-9226.2,922620.0,192860.0,145600.0,16560.0,567600.0,50,706
1972,434341162,0.20650491682251154,-9941.075000000003,994107.5,194007.5,199900.0,15600.0,584600.0,50,707
1973,588554992,0.20633971288905353,-8853.775000000001,885377.5,190487.5,220600.0,16440.0,457850.0,50,707
1974,297107185,0.20617464111874229,-8692.074999999999,869207.5,192777.5,120000.0,16080.0,540350.0,50,707
1975,289678268,0.2060097014058473,-10995.725000000002,1099572.5,200452.5,171900.0,16720.0,710500.0,50,707
1976,375491900,0.2058448936447226,-8235.4,823540.0,197200.0,87600.0,16640.0,522100.0,50,707
1977,423748779,0.20568021772980682,-8134.5,813450.0,182850.0,101600.0,16000.0,513000.0,50,713
1978,304115152,0.20551567355562297,-7780.374999999998,778037.5,185127.5,76700.0,16760.0,499450.0,50,713
1979,638596269,0.20535126101677847,-7372.500000000001,737250.0,180830.0,18800.0,15920.0,521700.0,50,713
1980,419650654,0.20518698000796504,-9508.974999999999,950897.5,192787.5,51500.0,17760.0,688850.0,50,713
1981,760364528,0.20502283042395866,-12440.199999999997,1244020.0,201510.0,237600.0,17560.0,787350.0,50,713
1982,563314295,0.20485881215961949,-10854.350000000002,1085435.0,200425.0,246000.0,16360.0,622650.0,50,713
1983,108302780,0.2046949251098918,-8704.475,870447.5,191047.5,190400.0,16400.0,472600.0,50,713
1984,484412400,0.20453116916980388,-10328.775,1032877.5,197187.5,210400.0,15840.0,609450.0,50,713
1985,908869955,0.20436754423446804,-10957.75,1095775.0,201415.0,227100.0,17760.0,649500.0,50,713
1986,438732203,0.20420405019908047,-14186.075,1418607.5,205157.5,464400.0,17200.0,731850.0,50,713
1987,133965203,0.2040406869589212,-10916.750000000004,1091675.0,188805.0,288100.0,16120.0,598650.0,50,713
1988,284756758,0.20387745440935404,-8208.35,820835.0,184655.0,51000.0,16080.0,569100.0,50,713
1989,250949439,0.20371435244582656,-8668.300000000001,866830.0,191590.0,117300.0,16440.0,541500.0,50,713
1990,157583087,0.2035513809638699,-11725.350000000002,1172535.0,196575.0,283600.0,15760.0,676600.0,50,713
1991,61340155,0.2033885398590988,-12165.924999999997,1216592.5,201022.5,212600.0,17320.0,785650.0,50,713
1992,679685475,0.2032258290272115,-8704.975,870497.5,186467.5,89200.0,16280.0,578550.0,50,713
1993,759355885,0.20306324836398973,-8259.35,825935.0,192385.0,25700.0,17000.0,590850.0,50,713
1994,743250754,0.20290079776529854,-12407.75,1240775.0,199645.0,238100.0,17280.0,785750.0,50,713
1995,375807820,0.2027384771270863,-7616.2249999999985,761622.5,192772.5,40000.0,16600.0,512250.0,50,713
1996,592986482,0.2025762863453846,-10572.899999999998,1057290.0,199190.0,222300.0,16400.0,619400.0,50,714
1997,674362540,0.2024142253163083,-9796.0,979600.0,191110.0,191000.0,17640.0,579850.0,50,715
1998,100368406,0.20225229393605523,-6926.225000000001,692622.5,184762.5,16400.0,16960.0,474500.0,50,715
1999,339734624,0.20209049210090638,-7219.225000000002,721922.5,187322.5,18000.0,16000.0,500600.0,50,718
2000,986712030,0.20192881970722565,-8923.050000000001,892305.0,189235.0,82300.0,17120.0,603650.0,50,718
2001,127888470,0.20176727665145985,-9525.675000000001,952567.5,199877.5,155600.0,15640.0,581450.0,50,718
2002,858312390,0.20160586283013868,-9329.475000000002,932947.5,187057.5,107000.0,16440.0,622450.0,50,718
2003,36350028,0.20144457813987457,-10321.399999999998,1032140.0,200000.0,159600.0,17240.0,655300.0,50,718
2004,104612504,0.20128342247736267,-8878.974999999999,887897.5,195847.5,27200.0,17200.0,647650.0,50,718
2005,134752995,0.20112239573938076,-8787.775,878777.5,184447.5,142200.0,17280.0,534850.0,50,718
2006,216272198,0.20096149782278924,-8880.624999999998,888062.5,193712.5,0.0,17200.0,677150.0,50,718
2007,779792110,0.200800728624531,-9629.225000000002,962922.5,194072.5,90000.0,16600.0,662250.0,50,718
2008,917029366,0.20064008804163136,-6294.475,629447.5,183207.5,32000.0,16040.0,398200.0,50,718
2009,452382078,0.20047957597119806,-12131.099999999999,1213110.0,202120.0,362300.0,16640.0,632050.0,50,718
2010,143846301,0.20031919231042108,-8639.099999999999,863910.0,193550.0,111900.0,15760.0,542700.0,50,718
2011,595612419,0.20015893695657275,-7903.500000000001,790350.0,181820.0,95700.0,16880.0,495950.0,50,718
2012,819026988,0.1999988098070075,-8182.6,818260.0,189230.0,16700.0,15880.0,596450.0,50,718
2013,227962589,0.19983881075916188,-9121.250000000002,912125.0,193785.0,94400.0,16640.0,607300.0,50,718
2014,478563007,0.19967893971055453,-10488.575,1048857.5,188847.5,193500.0,16760.0,649750.0,50,718
2015,358744333,0.19951919655878608,-8687.5,868750.0,198010.0,154800.0,15640.0,500300.0,50,718
2016,634231658,0.19935958120153904,-8606.449999999997,860645.0,181405.0,153500.0,15640.0,510100.0,50,718
2017,898695098,0.1992000935365778,-7514.074999999999,751407.5,183677.5,69000.0,15880.0,482850.0,50,718
2018,777105929,0.19904073346174853,-9778.875,977887.5,199027.5,73700.0,16960.0,688200.0,50,718
2019,843724969,0.19888150087497913,-7336.2,733620.0,193990.0,66100.0,16480.0,457050.0,50,718
2020,340231628,0.19872239567427916,-7753.124999999999,775312.5,189122.5,85300.0,15640.0,485250.0,50,718
2021,78482452,0.19856341775773972,-8941.400000000003,894140.0,191990.0,150600.0,17000.0,534550.0,50,718
2022,758308553,0.19840456702353354,-7923.499999999999,792350.0,184630.0,2600.0,15920.0,589200.0,50,718
2023,599192897,0.19824584336991471,-14091.124999999996,1409112.5,203092.5,331600.0,17120.0,857300.0,50,718
2024,876862710,0.19808724669521877,-9989.3,998930.0,192510.0,187100.0,17120.0,602200.0,50,718
2025,125783455,0.1979287768978626,-9485.35,948535.0,190685.0,0.0,18200.0,739650.0,50,718
2026,996765995,0.1977704338763443,-8483.675,848367.5,195107.5,110400.0,16360.0,526500.0,50,718
2027,741887148,0.1976122175292432,-8811.849999999999,881185.0,196745.0,152400.0,15040.0,517000.0,50,718
2028,419334258,0.1974541277552198,-9987.7,998770.0,201030.0,189200.0,15440.0,593100.0,50,718
2029,602452284,0.19729616445301562,-9099.349999999999,909935.0,195705.0,78000.0,17280.0,618950.0,50,718
2030,953477858,0.19713832752145322,-9552.075000000003,955207.5,188237.5,219600.0,16520.0,530850.0,50,718
2031,567812891,0.19698061685943605,-8685.975000000004,868597.5,192547.5,194400.0,16200.0,465450.0,50,718
2032,410802479,0.1968230323659485,-9863.925,986392.5,193442.5,250100.0,16000.0,526850.0,50,718
2033,303522560,0.19666557394005574,-8335.925,833592.5,193802.5,87800.0,16040.0,535950.0,50,718
2034,545367408,0.19650824148090368,-10108.074999999997,1010807.5,187177.5,186900.0,16480.0,620250.0,50,718
2035,705029903,0.19635103488771896,-11682.350000000002,1168235.0,195595.0,300100.0,16240.0,656300.0,50,718
2036,65658044,0.19619395405980877,-8400.9,840090.0,198150.0,104400.0,16640.0,520900.0,50,718
2037,24284278,0.19603699889656093,-6900.775,690077.5,197757.5,10800.0,15920.0,465600.0,50,718
2038,171147927,0.19588016929744367,-11086.824999999999,1108682.5,197592.5,188100.0,17240.0,705750.0,50,718
2039,282433823,0.19572346516200573,-10253.475,1025347.5,196667.5,173600.0,17480.0,637600.0,50,718
2040,584012417,0.19556688638987613,-5532.199999999999,553220.0,185390.0,0.0,16080.0,351750.0,50,718
2041,982541556,0.19541043288076423,-8412.075,841207.5,193487.5,124400.0,16120.0,507200.0,50,718
2042,427056839,0.19525410453445963,-7773.300000000002,777330.0,194630.0,18000.0,15800.0,548900.0,50,718
2043,887040854,0.19509790125083207,-7722.725000000001,772272.5,185622.5,124900.0,15800.0,445950.0,50,719
2044,118067652,0.1949418229298314,-7766.649999999999,776665.0,179235.0,52000.0,16480.0,528950.0,50,719
2045,243264364,0.19478586947148752,-11028.275000000001,1102827.5,192887.5,280800.0,16440.0,612700.0,50,719
2046,945224007,0.1946300407759103,-8453.675000000003,845367.5,191907.5,114200.0,15760.0,523500.0,50,719
2047,264943810,0.19447433674328957,-5143.6500000000015,514365.0,177345.0,17000.0,15720.0,304300.0,50,719
2048,719109783,0.19431875727389494,-12800.325000000003,1280032.5,203502.5,311800.0,16880.0,747850.0,50,719
2049,158934877,0.19416330226807582,-10338.625000000002,1033862.5,195992.5,175400.0,17120.0,645350.0,50,719
2050,951685926,0.19400797162626135,-10461.975,1046197.5,195097.5,119600.0,16200.0,715300.0,50,719
2051,503121196,0.19385276524896033,-10008.45,1000845.0,192045.0,191300.0,16200.0,601300.0,50,720
2052,923302318,0.19369768303676116,-9322.699999999999,932270.0,192910.0,89100.0,16360.0,633900.0,50,720
2053,898987310,0.19354272489033175,-9048.425,904842.5,193582.5,166400.0,15360.0,529500.0,50,720
2054,423112935,0.19338789071041948,-9811.275,981127.5,192677.5,129300.0,17400.0,641750.0,50,720
2055,949501771,0.19323318039785115,-7556.274999999998,755627.5,187347.5,70100.0,16280.0,481900.0,50,720
2056,110756766,0.19307859385353285,-7433.075000000002,743307.5,195777.5,31200.0,14880.0,501450.0,50,720
2057,462565629,0.19292413097845001,-5510.875000000001,551087.5,178397.5,7900.0,15440.0,349350.0,50,720
2058,613568930,0.19276979167366726,-7201.875000000002,720187.5,176827.5,136100.0,14960.0,392300.0,50,720
2059,882273408,0.19261557584032832,-14232.550000000001,1423255.0,203035.0,366600.0,17520.0,836100.0,50,720
2060,644297095,0.19246148337965605,-7877.524999999997,787752.5,186282.5,115400.0,15320.0,470750.0,50,720
2061,2752406,0.1923075141929523,-10373.775000000001,1037377.5,199747.5,178600.0,17280.0,641750.0,50,720
2062,25027367,0.19215366818159793,-8406.449999999999,840645.0,195405.0,78800.0,16040.0,550400.0,50,720
2063,40475725,0.19199994524705266,-8899.425,889942.5,191222.5,113300.0,16320.0,569100.0,50,720
2064,801260525,0.191846345290855,-12844.924999999997,1284492.5,204042.5,256300.0,17400.0,806750.0,50,720
2065,980858534,0.1916928682146223,-6204.574999999998,620457.5,179677.5,28000.0,14880.0,397900.0,50,721
2066,601968092,0.1915395139200506,-9609.849999999999,960985.0,195445.0,155500.0,15840.0,594200.0,50,721
2067,917800292,0.19138628230891458,-11013.05,1101305.0,192115.0,203400.0,17240.0,688550.0,50,721
2068,126779074,0.19123317328306744,-8990.050000000001,899005.0,192405.0,154700.0,17000.0,534900.0,50,721
2069,170522006,0.19108018674444097,-8286.525,828652.5,189932.5,77400.0,15520.0,545800.0,50,721
2070,217448607,0.1909273225950454,-8520.95,852095.0,190855.0,131500.0,16040.0,513700.0,50,721
2071,68479834,0.19077458073696937,-6958.75,695875.0,194635.0,0.0,15840.0,485400.0,50,721
2072,174497942,0.1906219610723798,-7181.3499999999985,718135.0,185535.0,18800.0,15400.0,498400.0,50,721
2073,90055912,0.1904694635035219,-8412.4,841240.0,195090.0,35900.0,16400.0,593850.0,50,721
2074,560949061,0.19031708793271906,-7884.4,788440.0,182950.0,108200.0,15240.0,482050.0,50,721
2075,453619391,0.19016483426237288,-11308.975,1130897.5,193577.5,203600.0,17520.0,716200.0,50,721
2076,406705714,0.19001270239496298,-8962.45,896245.0,193105.0,103000.0,15640.0,584500.0,50,721
2077,505024765,0.189860692233047,-8165.125000000002,816512.5,195782.5,53000.0,16880.0,550850.0,50,721
2078,743543008,0.18970880367926055,-6439.85,643985.0,189095.0,43900.0,15240.0,395750.0,50,721
2079,145817002,0.18955703663631712,-9253.449999999997,925345.0,183845.0,146700.0,16600.0,578200.0,50,722
2080,775178656,0.18940539100700807,-7604.724999999999,760472.5,188952.5,75600.0,15720.0,480200.0,50,722
2081,698442194,0.18925386669420247,-9557.775,955777.5,197767.5,138000.0,16960.0,603050.0,50,722
2082,596153309,0.1891024636008471,-8837.725000000002,883772.5,190102.5,168000.0,16120.0,509550.0,50,722
2083,947698738,0.1889511816299664,-8306.050000000001,830605.0,192735.0,61600.0,16920.0,559350.0,50,722
2084,108400089,0.18880002068466242,-7874.674999999999,787467.5,197127.5,97900.0,15240.0,477200.0,50,722
2085,890663854,0.1886489806681147,-6424.325000000002,642432.5,188992.5,17100.0,16240.0,420100.0,50,722
2086,968654589,0.1884980614835802,-9939.350000000002,993935.0,195705.0,146100.0,16280.0,635850.0,50,722
2087,239217276,0.18834726303439334,-9315.7,931570.0,196670.0,34400.0,17000.0,683500.0,50,722
2088,294820916,0.18819658522396582,-10372.074999999999,1037207.5,197737.5,193800.0,15920.0,629750.0,50,722
2089,742490649,0.18804602795578665,-8128.575,812857.5,186617.5,137000.0,16040.0,473200.0,50,722
2090,736285291,0.18789559113342202,-5676.0250000000015,567602.5,169242.5,18800.0,14760.0,364800.0,50,723
2091,656959982,0.18774527466051527,-7897.249999999999,789725.0,190505.0,11200.0,16320.0,571700.0,50,723
2092,365076277,0.18759507844078685,-7485.7,748570.0,195030.0,400.0,17040.0,536100.0,50,723
2093,917273528,0.18744500237803421,-9852.575000000003,985257.5,194347.5,84600.0,16360.0,689950.0,50,723
2094,629068146,0.18729504637613179,-10749.350000000004,1074935.0,197255.0,87600.0,17280.0,772800.0,50,723
2095,673315590,0.18714521033903087,-8349.074999999999,834907.5,185557.5,85500.0,16600.0,547250.0,50,723
2096,545370236,0.18699549417075964,-10255.724999999997,1025572.5,200442.5,244500.0,15480.0,565150.0,50,723
2097,52847223,0.18684589777542304,-7892.299999999998,789230.0,187780.0,67200.0,16000.0,518250.0,50,723
2098,790247034,0.1866964210572027,-8129.574999999999,812957.5,198587.5,106500.0,15520.0,492350.0,50,723
2099,980567518,0.18654706392035691,-5114.624999999998,511462.5,175012.5,17200.0,14600.0,304650.0,50,723
2100,913167818,0.18639782626922063,-8130.925,813092.5,195932.5,70700.0,15960.0,530500.0,50,723
2101,732181308,0.18624870800820525,-11882.899999999998,1188290.0,196570.0,299700.0,16520.0,675500.0,50,723
2102,47062545,0.18609970904179868,-8527.349999999999,852735.0,193755.0,85900.0,17480.0,555600.0,50,723
2103,282275396,0.18595082927456524,-7387.599999999999,738760.0,190800.0,91300.0,16560.0,440100.0,50,724
2104,527698811,0.1858020686111456,-8438.300000000001,843830.0,192450.0,38900.0,16680.0,595800.0,50,724
2105,772799689,0.18565342695625667,-9454.0,945400.0,194120.0,142400.0,15880.0,593000.0,50,724
2106,594684654,0.18550490421469165,-12057.049999999997,1205705.0,193255.0,303100.0,16400.0,692950.0,50,724
2107,705082697,0.1853565002913199,-10312.174999999997,1031217.5,201877.5,198200.0,16240.0,614900.0,50,724
2108,776132989,0.18520821509108684,-10920.449999999999,1092045.0,191095.0,242100.0,16800.0,642050.0,50,724
2109,643160603,0.18506004851901398,-7486.1,748610.0,194480.0,115200.0,15480.0,423450.0,50,724
2110,527861001,0.18491200048019876,-10093.65,1009365.0,195555.0,226800.0,16360.0,570650.0,50,724
2111,294824408,0.1847640708798146,-6666.75,666675.0,186905.0,5500.0,16320.0,457950.0,50,724
2112,83463970,0.18461625962311076,-7658.950000000001,765895.0,181865.0,99000.0,15880.0,469150.0,50,724
2113,204520121,0.18446856661541228,-9390.225,939022.5,197672.5,176600.0,16000.0,548750.0,50,724
2114,88726041,0.18432099176211994,-9281.800000000003,928180.0,195120.0,62700.0,17160.0,653200.0,50,724
2115,778820874,0.18417353496871025,-9835.625000000002,983562.5,196212.5,168400.0,15800.0,603150.0,50,724
2116,766817650,0.1840261961407353,-7470.949999999999,747095.0,195065.0,7200.0,16680.0,528150.0,50,724
2117,759024413,0.1838789751838227,-9712.349999999997,971235.0,195615.0,126600.0,17120.0,631900.0,50,727
2118,718782353,0.18373187200367563,-9314.825,931482.5,203262.5,78000.0,16920.0,633300.0,50,727
2119,255294420,0.1835848865060727,-8040.65,804065.0,190275.0,73600.0,16840.0,523350.0,50,727
2120,290316479,0.1834380185968678,-8486.8,848680.0,190880.0,118700.0,16200.0,522900.0,50,727
2121,435880608,0.18329126818199032,-12413.825000000003,1241382.5,204122.5,285300.0,16760.0,735200.0,50,727
2122,544810811,0.18314463516744472,-11341.324999999997,1134132.5,197362.5,266000.0,16520.0,654250.0,50,727
2123,649964228,0.18299811945931077,-7831.9,783190.0,190660.0,12400.0,17680.0,562450.0,50,727
2124,311590891,0.18285172096374333,-7783.85,778385.0,193865.0,97100.0,16320.0,471100.0,50,727
2125,828097930,0.18270543958697233,-9769.849999999997,976985.0,195025.0,216700.0,16560.0,548700.0,50,727
2126,255169021,0.18255927523530274,-7175.949999999997,717595.0,188565.0,82800.0,15680.0,430550.0,50,727
2127,415911345,0.1824132278151145,-10760.974999999999,1076097.5,198317.5,157700.0,16280.0,703800.0,50,727
2128,454170333,0.1822672972328624,-7651.249999999998,765125.0,189595.0,4000.0,16680.0,554850.0,50,727
2129,768218876,0.18212148339507608,-10049.25,1004925.0,193535.0,100000.0,16640.0,694750.0,50,727
2130,650390559,0.18197578620836002,-9238.775000000001,923877.5,198577.5,228700.0,15000.0,481600.0,50,727
2131,790810530,0.18183020557939333,-10172.4,1017240.0,195540.0,149000.0,16600.0,656100.0,50,727
2132,476057048,0.18168474141492982,-9760.6,976060.0,197750.0,162400.0,16760.0,599150.0,50,727
2133,732753830,0.18153939362179788,-10066.750000000004,1006675.0,199695.0,177200.0,16080.0,613700.0,50,727
2134,402674735,0.18139416210690043,-11129.200000000003,1112920.0,202720.0,225300.0,16800.0,668100.0,50,727
2135,891882444,0.1812490467772149,-11601.149999999996,1160115.0,196585.0,201700.0,16880.0,744950.0,50,727
2136,994518383,0.18110404753979312,-10175.875,1017587.5,197807.5,212000.0,16480.0,591300.0,50,727
2137,759288950,0.1809591643017613,-7633.974999999999,763397.5,179407.5,55100.0,16240.0,512650.0,50,727
2138,705367773,0.18081439697031987,-9531.349999999999,953135.0,192575.0,72300.0,16760.0,671500.0,50,727
2139,856595469,0.1806697454527436,-10370.200000000003,1037020.0,201670.0,153800.0,16000.0,665550.0,50,727
2140,819647179,0.1805252096563814,-10155.3,1015530.0,188720.0,241100.0,16760.0,568950.0,50,728
2141,327604672,0.1803807894886563,-8889.724999999999,888972.5,195512.5,182800.0,16560.0,494100.0,50,728
2142,809533211,0.18023648485706537,-7911.799999999999,791180.0,188900.0,121600.0,16080.0,464600.0,50,728
2143,224260176,0.1800922956691797,-7529.224999999999,752922.5,186092.5,92900.0,15080.0,458850.0,50,728
2144,996147208,0.17994822183264436,-8949.925000000001,894992.5,191322.5,99300.0,16920.0,587450.0,50,728
2145,302513910,0.17980426325517823,-9283.05,928305.0,196475.0,97600.0,16680.0,617550.0,50,728
2146,382883058,0.1796604198445741,-8777.824999999999,877782.5,195582.5,85400.0,16600.0,580200.0,50,728
2147,810514086,0.17951669150869842,-10999.95,1099995.0,194465.0,135200.0,16480.0,753850.0,50,728
2148,193659921,0.17937307815549147,-12024.800000000001,1202480.0,193280.0,257500.0,17000.0,734700.0,50,728
2149,171152766,0.17922957969296707,-8996.899999999998,899690.0,192690.0,191200.0,16400.0,499400.0,50,728
2150,684780059,0.1790861960292127,-10398.475,1039847.5,193777.5,226300.0,15920.0,603850.0,50,728
2151,736184093,0.17894292707238932,-7204.725,720472.5,182272.5,60400.0,17200.0,460600.0,50,728
2152,348810784,0.17879977273073142,-8203.025,820302.5,190202.5,149100.0,16200.0,464800.0,50,728
2153,771495403,0.17865673291254683,-10292.425000000001,1029242.5,188862.5,178100.0,16480.0,645800.0,50,728
2154,574245540,0.1785138075262168,-7538.900000000001,753890.0,184900.0,85300.0,15640.0,468050.0,50,728
2155,496782772,0.1783709964801958,-7372.550000000002,737255.0,188765.0,90500.0,15240.0,442750.0,50,729
2156,587549423,0.17822829968301165,-8511.425000000003,851142.5,191102.5,96000.0,16040.0,548000.0,50,729
2157,297257613,0.17808571704326523,-7123.099999999999,712310.0,191400.0,20400.0,16960.0,483550.0,50,729
2158,853286697,0.1779432484696306,-8230.475,823047.5,181107.5,138000.0,16440.0,487500.0,50,729
2159,328028129,0.1778008938708549,-8317.650000000001,831765.0,188205.0,140700.0,16160.0,486700.0,50,729
2160,321991385,0.1776586531557582,-7160.124999999998,716012.5,185572.5,6800.0,16440.0,507200.0,50,729
2161,252762627,0.1775165262332336,-7166.250000000002,716625.0,185955.0,22000.0,15320.0,493350.0,50,729
2162,257872345,0.17737451301224702,-11066.500000000002,1106650.0,195970.0,318200.0,16480.0,576000.0,50,729
2163,254539841,0.1772326134018372,-9425.150000000001,942515.0,195115.0,97100.0,16800.0,633500.0,50,729
2164,854994442,0.17709082731111575,-11654.224999999999,1165422.5,198952.5,303600.0,16720.0,646150.0,50,729
2165,532178472,0.17694915464926686,-7700.924999999998,770092.5,193282.5,68400.0,15960.0,492450.0,50,729
2166,574708137,0.17680759532554743,-11452.000000000004,1145200.0,192410.0,311100.0,16840.0,624850.0,50,729
2167,333405572,0.176666149249287,-10449.775000000001,1044977.5,197907.5,211000.0,17720.0,618350.0,50,729
2168,945076598,0.17652481632988756,-7956.875,795687.5,187807.5,33300.0,15880.0,558700.0,50,729
2169,206584947,0.17638359647682364,-7303.050000000001,730305.0,192905.0,49600.0,15800.0,472000.0,50,729
2170,314365076,0.17624248959964217,-7768.55,776855.0,191735.0,84000.0,16720.0,484400.0,50,729
2171,917012575,0.17610149560796245,-8351.450000000003,835145.0,193745.0,28900.0,16800.0,595700.0,50,729
2172,530658689,0.1759606144114761,-8212.300000000003,821230.0,178390.0,139700.0,15640.0,487500.0,50,729
2173,778531828,0.1758198459199469,-7166.475000000001,716647.5,186387.5,5400.0,16560.0,508300.0,50,729
2174,448005715,0.17567919004321095,-10069.049999999997,1006905.0,197685.0,78400.0,17520.0,713300.0,50,729
2175,520537255,0.1755386466911764,-8928.35,892835.0,191575.0,72000.0,16960.0,612300.0,50,729
2176,983558026,0.17539821577382345,-6125.674999999999,612567.5,185667.5,51600.0,15200.0,360100.0,50,729
2177,541742559,0.17525789720120438,-9737.950000000003,973795.0,194265.0,204400.0,17680.0,557450.0,50,729
2178,416781666,0.17511769088344342,-11646.725,1164672.5,202192.5,291200.0,16880.0,654400.0,50,729
2179,505007385,0.17497759673073665,-6740.575000000002,674057.5,187947.5,4400.0,15960.0,465750.0,50,729
2180,347407652,0.17483761465335207,-8754.899999999998,875490.0,197980.0,161400.0,16160.0,499950.0,50,729
2181,345349276,0.17469774456162937,-8952.275000000001,895227.5,192647.5,95600.0,16280.0,590700.0,50,729
2182,883912464,0.17455798636598005,-9488.549999999997,948855.0,189065.0,108900.0,16840.0,634050.0,50,729
2183,354772050,0.17441833997688727,-9635.950000000003,963595.0,192305.0,249300.0,15240.0,506750.0,50,729
2184,23946839,0.17427880530490575,-6409.4,640940.0,174050.0,86700.0,15440.0,364750.0,50,729
2185,532494846,0.1741393822606618,-9116.15,911615.0,197815.0,192800.0,16000.0,505000.0,50,729
2186,908508046,0.17400007075485327,-9656.5,965650.0,198800.0,113200.0,18000.0,635650.0,50,729
2187,958261704,0.17386087069824938,-8521.75,852175.0,194975.0,83600.0,17000.0,556600.0,50,729
2188,534951293,0.17372178200169078,-8697.925000000001,869792.5,192172.5,33200.0,16920.0,627500.0,50,729
2189,320537487,0.17358280457608943,-8182.149999999999,818215.0,192095.0,10800.0,16320.0,599000.0,50,729
2190,56469139,0.17344393833242855,-7388.675,738867.5,191957.5,18700.0,17160.0,511050.0,50,729
2191,515882204,0.1733051831817626,-9391.825,939182.5,198582.5,156800.0,16400.0,567400.0,50,729
2192,842576506,0.1731665390352172,-8226.0,822600.0,193300.0,69900.0,15600.0,543800.0,50,729
2193,467138031,0.17302800580398903,-7936.3499999999985,793635.0,192535.0,3200.0,17200.0,580700.0,50,729
2194,982102939,0.17288958339934582,-11489.900000000003,1148990.0,198200.0,236500.0,17640.0,696650.0,50,729
2195,774983404,0.17275127173262633,-9547.275,954727.5,194817.5,46000.0,16360.0,697550.0,50,729
2196,96928948,0.17261307071524024,-10113.900000000001,1011390.0,191800.0,252500.0,16040.0,551050.0,50,729
2197,985175166,0.17247498025866803,-7299.675,729967.5,183567.5,0.0,16400.0,530000.0,50,729
2198,193491340,0.17233700027446108,-9024.949999999999,902495.0,196815.0,94000.0,16880.0,594800.0,50,729
2199,145419928,0.1721991306742415,-8521.775,852177.5,184297.5,54300.0,15880.0,597700.0,50,729
2200,88040813,0.1720613713697021,-8354.500000000002,835450.0,190800.0,70700.0,16400.0,557550.0,50,729
2201,780167587,0.17192372227260633,-7460.775,746077.5,187327.5,85800.0,15000.0,457950.0,50,729
2202,704158328,0.17178618329478823,-6706.45,670645.0,188675.0,6000.0,15520.0,460450.0,50,729
2203,163523015,0.17164875434815238,-8906.45,890645.0,194205.0,121400.0,17640.0,557400.0,50,729
2204,499000844,0.17151143534467386,-7422.874999999998,742287.5,193637.5,36900.0,16600.0,495150.0,50,729
2205,426281968,0.1713742261963981,-8804.724999999999,880472.5,196382.5,94000.0,16240.0,573850.0,50,729
2206,190448495,0.17123712681544098,-13187.249999999995,1318725.0,191615.0,263500.0,18160.0,845450.0,50,729
2207,325210453,0.17110013711398864,-9547.550000000003,954755.0,191845.0,149600.0,15960.0,597350.0,50,729
2208,879364553,0.17096325700429743,-9267.4,926740.0,191690.0,131400.0,16800.0,586850.0,50,729
2209,913553267,0.170826486398694,-9968.300000000001,996830.0,189500.0,149900.0,17080.0,640350.0,50,729
2210,426997428,0.17068982520957504,-11476.075,1147607.5,194457.5,235000.0,17400.0,700750.0,50,729
2211,677504510,0.17055327334940737,-7923.849999999999,792385.0,181525.0,62900.0,16360.0,531600.0,50,729
2212,369119237,0.17041683073072783,-9267.324999999999,926732.5,195052.5,144500.0,16080.0,571100.0,50,729
2213,605463019,0.17028049726614325,-11713.625000000002,1171362.5,201652.5,220400.0,18160.0,731150.0,50,729
2214,387825988,0.17014427286833034,-10356.550000000003,1035655.0,195715.0,242000.0,15640.0,582300.0,50,729
2215,878701792,0.17000815745003567,-8572.200000000003,857220.0,195360.0,179200.0,16160.0,466500.0,50,729
2216,247463916,0.16987215092407565,-10566.8,1056680.0,196300.0,203400.0,16680.0,640300.0,50,729
2217,330214359,0.16973625320333638,-7059.050000000001,705905.0,190975.0,32500.0,16680.0,465750.0,50,729
2218,567803977,0.1696004642007737,-10357.025000000003,1035702.5,196702.5,132400.0,17200.0,689400.0,50,729
2219,453165880,0.16946478382941307,-10598.724999999997,1059872.5,195002.5,73400.0,16920.0,774550.0,50,729
2220,551490458,0.16932921200234954,-10999.499999999998,1099950.0,192660.0,239100.0,16640.0,651550.0,50,729
2221,873192376,0.16919374863274766,-10762.625,1076262.5,194162.5,208400.0,16200.0,657500.0,50,729
2222,124335452,0.16905839363384145,-8419.225,841922.5,191922.5,98400.0,16000.0,535600.0,50,729
2223,390022052,0.16892314691893437,-7835.925,783592.5,193082.5,47600.0,17560.0,525350.0,50,729
2224,768376611,0.1687880084013992,-9606.675000000001,960667.5,190187.5,152400.0,17080.0,601000.0,50,729
2225,294234456,0.1686529779946781,-7110.400000000002,711040.0,191470.0,24500.0,15920.0,479150.0,50,729
2226,828028235,0.16851805561228236,-11025.724999999997,1102572.5,197042.5,268100.0,16080.0,621350.0,50,729
2227,545937836,0.16838324116779255,-7946.299999999999,794630.0,192910.0,27200.0,16320.0,558200.0,50,729
2228,722676028,0.1682485345748583,-10578.700000000003,1057870.0,193500.0,86800.0,17720.0,759850.0,50,729
2229,6914240,0.1681139357471984,-8618.675000000001,861867.5,193957.5,85600.0,16560.0,565750.0,50,729
2230,695054791,0.16797944459860065,-6109.8499999999985,610985.0,170385.0,60800.0,15600.0,364200.0,50,729
2231,521305188,0.16784506104292177,-8907.975,890797.5,198887.5,77900.0,15960.0,598050.0,50,729
2232,681762266,0.16771078499408743,-8642.825,864282.5,193022.5,116800.0,16160.0,538300.0,50,729
2233,726954832,0.16757661636609214,-9477.075,947707.5,195917.5,68600.0,16440.0,666750.0,50,729
2234,249251841,0.16744255507299927,-8813.949999999999,881395.0,193895.0,174400.0,16600.0,496500.0,50,729
2235,279550573,0.16730860102894085,-10569.099999999997,1056910.0,194280.0,118800.0,16880.0,726950.0,50,729
2236,492649435,0.1671747541481177,-7583.450000000001,758345.0,189375.0,13900.0,16320.0,538750.0,50,729
2237,278339766,0.1670410143447992,-9728.224999999997,972822.5,195222.5,195200.0,16600.0,565800.0,50,729
2238,57895451,0.16690738153332335,-7654.775,765477.5,183847.5,111600.0,16080.0,453950.0,50,729
2239,242038407,0.16677385562809668,-9876.750000000002,987675.0,192335.0,187600.0,16440.0,591300.0,50,729
2240,761817244,0.1666404365435942,-8288.825000000003,828882.5,180872.5,105900.0,16160.0,525950.0,50,729
2241,433353050,0.1665071241943593,-8235.075000000003,823507.5,191787.5,106400.0,16520.0,508800.0,50,729
2242,357257297,0.16637391849500383,-7680.474999999999,768047.5,186577.5,101300.0,16320.0,463850.0,50,729
2243,760614183,0.16624081936020782,-8398.449999999997,839845.0,177055.0,156200.0,15640.0,490950.0,50,729
2244,731682120,0.16610782670471966,-10262.874999999998,1026287.5,196677.5,176000.0,16160.0,637450.0,50,729
2245,121129308,0.16597494044335587,-8854.699999999997,885470.0,191740.0,158800.0,15880.0,519050.0,50,729
2246,39791625,0.16584216049100117,-8116.200000000002,811620.0,193380.0,98800.0,15040.0,504400.0,50,729
2247,550080242,0.16570948676260835,-8144.700000000002,814470.0,190910.0,87600.0,16160.0,519800.0,50,729
2248,485571479,0.16557691917319825,-9156.474999999997,915647.5,199837.5,114500.0,16560.0,584750.0,50,729
2249,556236950,0.1654444576378597,-8489.500000000002,848950.0,196400.0,49700.0,16400.0,586450.0,50,729
2250,618162153,0.1653121020717494,-8964.0,896400.0,190380.0,89200.0,15920.0,600900.0,50,729
2251,801931268,0.165179852390092,-8712.300000000001,871230.0,193570.0,80000.0,16760.0,580900.0,50,729
2252,237922461,0.16504770850817993,-8529.325000000003,852932.5,188152.5,108000.0,16480.0,540300.0,50,729
2253,913702035,0.1649156703413734,-6577.699999999999,657770.0,169440.0,18000.0,16080.0,454250.0,50,731
2254,398421282,0.16478373780510028,-9903.25,990325.0,198755.0,253000.0,15920.0,522650.0,50,731
2255,562298514,0.1646519108148562,-8026.35,802635.0,186795.0,4400.0,16840.0,594600.0,50,731
2256,29002946,0.1645201892862043,-10503.550000000003,1050355.0,191475.0,209500.0,17080.0,632300.0,50,731
2257,369624968,0.16438857313477534,-10223.675000000003,1022367.5,199237.5,117200.0,17080.0,688850.0,50,731
2258,884535268,0.16425706227626752,-6784.000000000001,678400.0,192860.0,4000.0,16040.0,465500.0,50,731
2259,400008231,0.1641256566264465,-9031.250000000002,903125.0,188805.0,149700.0,16720.0,547900.0,50,731
2260,73852211,0.16399435610114532,-7717.750000000001,771775.0,192155.0,0.0,16720.0,562900.0,50,731
2261,108501817,0.1638631606162644,-8124.675000000001,812467.5,190697.5,133200.0,15720.0,472850.0,50,731
2262,508753382,0.16373207008777138,-7110.6500000000015,711065.0,181905.0,75200.0,15360.0,438600.0,50,731
2263,227210730,0.16360108443170115,-8746.724999999997,874672.5,194772.5,131300.0,16800.0,531800.0,50,731
2264,343875976,0.16347020356415579,-11251.55,1125155.0,193145.0,248000.0,15960.0,668050.0,50,731
2265,863932624,0.16333942740130447,-8252.175,825217.5,195047.5,110000.0,16320.0,503850.0,50,732
2266,520053941,0.16320875585938344,-8930.45,893045.0,186855.0,181600.0,16040.0,508550.0,50,732
2267,698511262,0.16307818885469594,-6741.200000000001,674120.0,186640.0,83800.0,14480.0,389200.0,50,732
2268,490646695,0.16294772630361218,-8348.425,834842.5,194602.5,73600.0,16840.0,549800.0,50,732
2269,625105355,0.16281736812256928,-8471.399999999998,847140.0,187290.0,34800.0,16400.0,608650.0,50,732
2270,778291532,0.16268711422807122,-10587.375000000002,1058737.5,193527.5,211600.0,15960.0,637650.0,50,732
2271,12015934,0.16255696453668877,-8737.0,873700.0,189180.0,131600.0,15920.0,537000.0,50,732
2272,641866877,0.16242691896505942,-7216.525000000001,721652.5,189992.5,2400.0,15760.0,513500.0,50,732
2273,362710851,0.16229697742988738,-9639.450000000003,963945.0,194245.0,162400.0,17400.0,589900.0,50,732
2274,639423500,0.16216713984794348,-8372.875,837287.5,190717.5,103300.0,17120.0,526150.0,50,732
2275,988904942,0.16203740613606513,-10233.05,1023305.0,195425.0,185600.0,16680.0,625600.0,50,732
2276,329011395,0.16190777621115626,-10599.475000000002,1059947.5,188057.5,235800.0,17240.0,618850.0,50,732
2277,65615646,0.16177824999018733,-7635.025000000001,763502.5,192242.5,123100.0,16160.0,432000.0,50,732
2278,993350018,0.16164882739019518,-8057.900000000001,805790.0,193900.0,26500.0,16840.0,568550.0,50,732
2279,346853164,0.16151950832828302,-7862.249999999999,786225.0,191355.0,9200.0,18120.0,567550.0,50,732
2280,838175204,0.1613902927216204,-10073.649999999996,1007365.0,187415.0,146300.0,16800.0,656850.0,50,732
2281,929165839,0.1612611804874431,-9032.375,903237.5,185737.5,93200.0,16600.0,607700.0,50,732
2282,884334985,0.16113217154305312,-7651.324999999998,765132.5,181212.5,108100.0,15120.0,460700.0,50,732
2283,118584124,0.16100326580581867,-9377.725,937772.5,194782.5,193100.0,16440.0,533450.0,50,732
2284,740166742,0.160874463193174,-8900.95,890095.0,192145.0,108400.0,16800.0,572750.0,50,732
2285,934412014,0.16074576362261947,-6281.824999999999,628182.5,189612.5,39600.0,16320.0,382650.0,50,732
2286,334461459,0.16061716701172138,-7665.250000000001,766525.0,187855.0,48400.0,15920.0,514350.0,50,732
2287,974973367,0.160488673278112,-8774.425,877442.5,186712.5,239600.0,16280.0,434850.0,50,732
2288,32933656,0.1603602823394895,-10095.900000000001,1009590.0,194400.0,172900.0,16840.0,625450.0,50,732
2289,263229805,0.1602319941136179,-11723.250000000002,1172325.0,203945.0,257100.0,16680.0,694600.0,50,732
2290,709179017,0.160103808518327,-12960.4,1296040.0,198380.0,288500.0,15960.0,793200.0,50,732
2291,418389753,0.15997572547151234,-7433.200000000001,743320.0,176420.0,102400.0,16000.0,448500.0,50,732
2292,437488011,0.15984774489113512,-7486.399999999999,748640.0,193680.0,0.0,16560.0,538400.0,50,732
2293,263067344,0.1597198666952222,-12550.625,1255062.5,202012.5,241000.0,17200.0,794850.0,50,732
2294,755953403,0.159592090801866,-6233.049999999999,623305.0,177625.0,26900.0,16080.0,402700.0,50,732
2295,255952346,0.15946441712922452,-12873.7,1287370.0,199230.0,295500.0,18440.0,774200.0,50,732
2296,673100184,0.15933684559552114,-9301.375,930137.5,195917.5,22500.0,16720.0,695000.0,50,732
2297,772874261,0.1592093761190447,-12596.3,1259630.0,203080.0,335000.0,16400.0,705150.0,50,732
2298,554762504,0.15908200861814947,-9825.2,982520.0,190930.0,262800.0,16240.0,512550.0,50,732
2299,752743926,0.15895474301125495,-8750.349999999997,875035.0,195345.0,118600.0,16440.0,544650.0,50,732
2300,17838433,0.15882757921684595,-7957.525,795752.5,184882.5,107900.0,16120.0,486850.0,50,732
2301,857383632,0.15870051715347247,-9428.849999999995,942885.0,195985.0,88000.0,17800.0,641100.0,50,732
2302,362391732,0.15857355673974968,-7964.049999999998,796405.0,189565.0,103600.0,15840.0,487400.0,50,732
2303,111395419,0.1584466978943579,-7469.375000000001,746937.5,194927.5,30400.0,16160.0,505450.0,50,732
2304,305054197,0.1583199405360424,-6479.9000000000015,647990.0,189630.0,59200.0,15160.0,384000.0,50,732
2305,311578363,0.15819328458361356,-6132.575000000001,613257.5,182517.5,67400.0,15640.0,347700.0,50,732
2306,560417774,0.15806672995594667,-11900.275,1190027.5,199367.5,275100.0,15960.0,699600.0,50,732
2307,703859713,0.15794027657198192,-8313.550000000001,831355.0,190975.0,53100.0,16680.0,570600.0,50,732
2308,361119798,0.15781392435072433,-13514.800000000001,1351480.0,208280.0,319200.0,16800.0,807200.0,50,732
2309,318416460,0.15768767321124375,-9086.2,908620.0,197460.0,174400.0,16760.0,520000.0,50,732
2310,287963814,0.15756152307267474,-12895.75,1289575.0,195565.0,317400.0,17360.0,759250.0,50,732
2311,11564528,0.1574354738542166,-9904.550000000001,990455.0,200055.0,171800.0,16000.0,602600.0,50,732
2312,994402181,0.15730952547513322,-10059.600000000002,1005960.0,195550.0,160800.0,16560.0,633050.0,50,732
2313,319549289,0.1571836778547531,-8849.9,884990.0,173670.0,89900.0,15520.0,605900.0,50,732
2314,333888146,0.15705793091246928,-7317.974999999999,731797.5,191487.5,63100.0,15760.0,461450.0,50,732
2315,227485984,0.1569322845677393,-5812.674999999998,581267.5,186607.5,32900.0,14360.0,347400.0,50,732
2316,653508016,0.1568067387400851,-6572.275000000001,657227.5,181817.5,66400.0,14760.0,394250.0,50,732
2317,945274372,0.15668129334909303,-7146.2,714620.0,179960.0,71700.0,15960.0,447000.0,50,732
2318,471755446,0.15655594831441375,-8576.0,857600.0,195730.0,125200.0,16520.0,520150.0,50,732
2319,753708740,0.15643070355576222,-7729.625,772962.5,190502.5,800.0,17160.0,564500.0,50,732
2320,281682157,0.1563055589929176,-8797.849999999999,879785.0,195735.0,68500.0,15600.0,599950.0,50,733
2321,55830420,0.15618051454572326,-9298.225000000002,929822.5,197942.5,151500.0,16680.0,563700.0,50,734
2322,984419436,0.1560555701340867,-8029.875,802987.5,190337.5,117500.0,16000.0,479150.0,50,734
2323,30852975,0.15593072567797941,-8893.899999999998,889390.0,190910.0,176000.0,17480.0,505000.0,50,734
2324,127991920,0.15580598109743704,-12007.349999999999,1200735.0,193315.0,311100.0,17120.0,679200.0,50,734
2325,890078310,0.1556813363125591,-8729.650000000001,872965.0,195015.0,106800.0,16200.0,554950.0,50,734
2326,679896272,0.15555679124350905,-7281.925,728192.5,191122.5,62700.0,16320.0,458050.0,50,734
2327,382879473,0.15543234581051424,-8468.274999999998,846827.5,191127.5,62500.0,15800.0,577400.0,50,734
2328,458346084,0.15530799993386582,-8319.375000000002,831937.5,182577.5,99900.0,16160.0,533300.0,50,734
2329,404541859,0.15518375353391872,-7969.500000000001,796950.0,185890.0,150400.0,16760.0,443900.0,50,734
2330,604440829,0.15505960653109158,-8013.9,801390.0,188270.0,23600.0,16720.0,572800.0,50,734
2331,668141968,0.1549355588458667,-9287.649999999998,928765.0,197215.0,92800.0,16200.0,622550.0,50,734
2332,648770052,0.15481161039879002,-8799.574999999999,879957.5,193067.5,166400.0,16440.0,504050.0,50,734
2333,948829844,0.15468776111047097,-8313.125,831312.5,184402.5,100700.0,15760.0,530450.0,50,734
2334,337479424,0.1545640109015826,-7999.374999999999,799937.5,191927.5,49200.0,15760.0,543050.0,50,734
2335,816835645,0.15444035969286132,-9107.849999999999,910785.0,195965.0,112400.0,16920.0,585500.0,50,734
2336,701688758,0.15431680740510703,-8432.375,843237.5,189027.5,215200.0,15760.0,423250.0,50,734
2337,499686292,0.15419335395918293,-7709.799999999998,770980.0,193450.0,56100.0,15480.0,505950.0,50,734
2338,137200996,0.15406999927601558,-10311.15,1031115.0,185005.0,210700.0,17160.0,618250.0,50,734
2339,767661165,0.15394674327659477,-7863.775000000001,786377.5,183777.5,28800.0,16400.0,557400.0,50,734
2340,412051250,0.15382358588197348,-7718.300000000001,771830.0,192090.0,126900.0,15240.0,437600.0,50,734
2341,921396042,0.1537005270132679,-9575.25,957525.0,193605.0,101000.0,16920.0,646000.0,50,734
2342,279904938,0.15357756659165728,-8093.575000000002,809357.5,192807.5,42400.0,16000.0,558150.0,50,734
2343,399106500,0.15345470453838395,-10353.374999999995,1035337.5,194877.5,137600.0,16760.0,686100.0,50,734
2344,676162773,0.15333194077475323,-7909.375,790937.5,184757.5,24400.0,15280.0,566500.0,50,734
2345,575002484,0.15320927522213343,-9586.724999999995,958672.5,193042.5,306800.0,15880.0,442950.0,50,734
2346,159413907,0.1530867078019557,-8546.625,854662.5,192142.5,23600.0,15920.0,623000.0,50,734
2347,861456005,0.15296423843571413,-8934.35,893435.0,189535.0,140000.0,16000.0,547900.0,50,734
2348,390219563,0.15284186704496555,-10430.574999999997,1043057.5,193157.5,153000.0,16800.0,680100.0,50,734
2349,972486387,0.15271959355132958,-7445.299999999997,744530.0,192100.0,45200.0,16680.0,490550.0,50,734
2350,879117502,0.1525974178764885,-8426.224999999999,842622.5,193472.5,44000.0,17000.0,588150.0,50,734
2351,386796031,0.15247533994218732,-10185.750000000002,1018575.0,188485.0,237600.0,16440.0,576050.0,50,735
2352,74403634,0.15235335967023356,-7631.024999999997,763102.5,187782.5,79500.0,16320.0,479500.0,50,735
2353,492936195,0.15223147698249737,-9844.850000000002,984485.0,194285.0,203000.0,15800.0,571400.0,50,735
2354,993041137,0.15210969180091136,-7714.225,771422.5,185342.5,24800.0,16280.0,545000.0,50,735
2355,572346298,0.15198800404747062,-8740.0,874000.0,191900.0,73900.0,16400.0,591800.0,50,735
2356,579130165,0.15186641364423265,-5703.625,570362.5,187752.5,42000.0,14160.0,326450.0,50,735
2357,934391644,0.15174492051331726,-9275.925000000001,927592.5,196112.5,102400.0,16880.0,612200.0,50,735
2358,479679346,0.1516235245769066,-9290.150000000001,929015.0,191335.0,83900.0,17480.0,636300.0,50,735
2359,270906554,0.15150222575724506,-8066.849999999999,806685.0,184965.0,71300.0,17120.0,533300.0,50,735
2360,484483833,0.15138102397663927,-8055.6500000000015,805565.0,192975.0,13600.0,16840.0,582150.0,50,735
2361,384151026,0.15125991915745796,-9319.525000000001,931952.5,192752.5,98100.0,16600.0,624500.0,50,735
2362,129207513,0.151138911222132,-7599.149999999998,759915.0,185495.0,1500.0,16520.0,556400.0,50,735
2363,860866241,0.15101800009315428,-9650.075,965007.5,192147.5,143200.0,16760.0,612900.0,50,735
2364,667073628,0.15089718569307975,-8877.125000000002,887712.5,197362.5,81700.0,16400.0,592250.0,50,735
2365,806315769,0.1507764679445253,-9233.700000000003,923370.0,193860.0,127600.0,16160.0,585750.0,50,735
2366,825228304,0.15065584677016966,-9322.249999999998,932225.0,192725.0,154800.0,16400.0,568300.0,50,735
2367,640572711,0.15053532209275353,-7235.099999999999,723510.0,186840.0,78700.0,16120.0,441850.0,50,735
2368,667233569,0.15041489383507933,-8906.799999999997,890680.0,195430.0,152200.0,16800.0,526250.0,50,735
2369,234096477,0.15029456192001125,-8224.025,822402.5,190702.5,74100.0,16800.0,540800.0,50,735
2370,439230810,0.15017432627047525,-7936.725,793672.5,182582.5,119400.0,15840.0,475850.0,50,735
2371,979280576,0.15005418680945887,-8088.4,808840.0,194030.0,7200.0,16560.0,591050.0,50,735
2372,852532100,0.1499341434600113,-9413.300000000001,941330.0,193230.0,171300.0,15000.0,561800.0,50,740
2373,262963300,0.14981419614524327,-10574.275,1057427.5,201877.5,216900.0,16800.0,621850.0,50,740
2374,757234281,0.14969434478832708,-9873.599999999997,987360.0,191730.0,139100.0,16280.0,640250.0,50,740
2375,862665100,0.14957458931249643,-10990.499999999998,1099050.0,197410.0,319500.0,15640.0,566500.0,50,740
2376,665025085,0.14945492964104642,-7877.849999999999,787785.0,193215.0,94100.0,15720.0,484750.0,50,740
2377,938901921,0.14933536569733358,-9259.35,925935.0,188395.0,144300.0,16440.0,576800.0,50,740
2378,22938056,0.1492158974047757,-10517.374999999996,1051737.5,197077.5,203600.0,16760.0,634300.0,50,740
2379,43511280,0.1490965246868519,-10279.199999999999,1027920.0,200000.0,215800.0,17120.0,595000.0,50,740
2380,963890843,0.1489772474671024,-12803.275000000001,1280327.5,199287.5,309300.0,16840.0,754900.0,50,740
2381,778992452,0.1488580656691287,-11019.525,1101952.5,199042.5,261900.0,17360.0,623650.0,50,740
2382,197962812,0.1487389792165934,-8379.825,837982.5,188842.5,154900.0,15840.0,478400.0,50,740
2383,461954096,0.14861998803322013,-8027.999999999998,802800.0,191740.0,78000.0,15760.0,517300.0,50,740
2384,153339104,0.14850109204279355,-7594.15,759415.0,191045.0,66800.0,15920.0,485650.0,50,740
2385,145137511,0.1483822911691593,-9194.2,919420.0,195110.0,130900.0,16760.0,576650.0,50,740
2386,971651028,0.14826358533622397,-11817.875,1181787.5,198437.5,272700.0,16600.0,694050.0,50,740
2387,403185893,0.148144974467955,-10408.225,1040822.5,196202.5,237700.0,15720.0,591200.0,50,740
2388,944579199,0.1480264584883806,-10062.65,1006265.0,193995.0,138800.0,16120.0,657350.0,50,740
2389,798236692,0.1479080373215899,-9710.625,971062.5,195862.5,87700.0,17000.0,670500.0,50,740
2390,454852688,0.14778971089173265,-7254.875000000001,725487.5,189037.5,68200.0,16000.0,452250.0,50,740
2391,491678442,0.14767147912301926,-8333.024999999998,833302.5,194942.5,93300.0,16560.0,528500.0,50,740
2392,928922607,0.14755334193972083,-5939.4749999999985,593947.5,182407.5,11200.0,15840.0,384500.0,50,740
2393,644144563,0.14743529926616905,-9256.200000000003,925620.0,191500.0,82400.0,17320.0,634400.0,50,740
2394,615930525,0.1473173510267561,-9033.325,903332.5,190802.5,110400.0,16280.0,585850.0,50,740
2395,719257539,0.1471994971459347,-10108.65,1010865.0,198125.0,90400.0,17440.0,704900.0,50,740
2396,314750827,0.14708173754821793,-12094.325,1209432.5,199882.5,244800.0,17200.0,747550.0,50,740
2397,245453139,0.14696407215817936,-9801.600000000002,980160.0,195350.0,188100.0,16360.0,580350.0,50,740
2398,145514392,0.14684650090045281,-10782.1,1078210.0,199350.0,202500.0,16560.0,659800.0,50,740
2399,308513909,0.14672902369973245,-7366.499999999999,736650.0,189800.0,87800.0,16200.0,442850.0,50,740
2400,947948335,0.14661164048077266,-8658.375,865837.5,189767.5,128900.0,16720.0,530450.0,50,740
2401,969477681,0.14649435116838805,-6346.925,634692.5,186742.5,63700.0,14800.0,369450.0,50,740
2402,392880990,0.14637715568745333,-8968.5,896850.0,191860.0,126600.0,16240.0,562150.0,50,740
2403,499280894,0.14626005396290337,-8456.224999999999,845622.5,194932.5,118800.0,16040.0,515850.0,50,740
2404,648731798,0.14614304591973304,-11547.150000000001,1154715.0,191045.0,286000.0,16720.0,660950.0,50,740
2405,9157101,0.14602613148299726,-8333.975,833397.5,190387.5,95400.0,16360.0,531250.0,50,740
2406,822542579,0.14590931057781087,-6098.849999999999,609885.0,172285.0,46300.0,15600.0,375700.0,50,740
2407,319209187,0.14579258312934862,-10038.875000000002,1003887.5,193107.5,240800.0,16280.0,553700.0,50,740
2408,815540186,0.14567594906284514,-11540.425000000001,1154042.5,198722.5,196400.0,17920.0,741000.0,50,740
2409,172211206,0.14555940830359487,-9360.275,936027.5,188377.5,169100.0,15800.0,562750.0,50,740
2410,693358998,0.14544296077695198,-10045.650000000001,1004565.0,191065.0,193900.0,16200.0,603400.0,50,740
2411,261924173,0.14532660640833042,-7161.650000000001,716165.0,186945.0,61600.0,15320.0,452300.0,50,740
2412,320698750,0.14521034512320374,-8685.599999999999,868560.0,192460.0,70400.0,16000.0,589700.0,50,740
2413,437368811,0.14509417684710518,-7903.15,790315.0,191045.0,163000.0,15320.0,420950.0,50,740
2414,481565350,0.14497810150562748,-9109.325000000003,910932.5,192582.5,130400.0,16600.0,571350.0,50,740
2415,873363270,0.14486211902442298,-10603.65,1060365.0,200505.0,225900.0,17560.0,616400.0,50,740
2416,840711047,0.14474622932920345,-11398.824999999995,1139882.5,198772.5,235100.0,17560.0,688450.0,50,740
2417,906606720,0.14463043234574008,-8347.425,834742.5,191442.5,77200.0,16400.0,549700.0,50,740
2418,111181036,0.14451472799986348,-10838.75,1083875.0,195995.0,267500.0,16480.0,603900.0,50,740
2419,60790420,0.1443991162174636,-7187.200000000002,718720.0,188520.0,30700.0,16200.0,483300.0,50,740
2420,313899307,0.1442835969244896,-10948.45,1094845.0,193905.0,219700.0,16240.0,665000.0,50,740
2421,884861401,0.14416817004695,-7437.825,743782.5,181282.5,67500.0,15400.0,479600.0,50,740
2422,58993008,0.14405283551091244,-10384.350000000002,1038435.0,195525.0,172400.0,16560.0,653950.0,50,740
2423,237677769,0.14393759324250371,-6817.000000000001,681700.0,185500.0,95600.0,15400.0,385200.0,50,740
2424,510086504,0.1438224431679097,-7864.550000000001,786455.0,194865.0,72900.0,15440.0,503250.0,50,740
2425,386837570,0.14370738521337537,-6696.025000000001,669602.5,189622.5,43400.0,15280.0,421300.0,50,740
2426,424943057,0.14359241930520467,-9149.6,914960.0,188510.0,96400.0,16200.0,613850.0,50,740
2427,736330546,0.1434775453697605,-10202.350000000002,1020235.0,193515.0,239700.0,16120.0,570900.0,50,740
2428,821753577,0.1433627633334647,-7384.7,738470.0,191860.0,105000.0,15960.0,425650.0,50,740
2429,640044933,0.14324807312279794,-9840.175,984017.5,194557.5,233200.0,15560.0,540700.0,50,740
2430,910603994,0.1431334746642997,-9606.700000000003,960670.0,184640.0,235000.0,16280.0,524750.0,50,740
2431,334197190,0.14301896788456828,-7155.325,715532.5,191512.5,113400.0,14520.0,396100.0,50,740
2432,518381604,0.14290455271026062,-8109.724999999998,810972.5,183462.5,86000.0,15760.0,525750.0,50,740
2433,308737889,0.1427902290680924,-9023.275000000001,902327.5,192117.5,110100.0,16360.0,583750.0,50,740
2434,614409359,0.14267599688483792,-6382.925000000001,638292.5,191002.5,4800.0,15040.0,427450.0,50,740
2435,869062268,0.14256185608733005,-7096.875000000002,709687.5,188937.5,58700.0,16000.0,446050.0,50,740
2436,828886702,0.14244780660246018,-8481.300000000001,848130.0,195340.0,138200.0,15640.0,498950.0,50,740
2437,53535460,0.14233384835717822,-10058.849999999997,1005885.0,197495.0,94500.0,18040.0,695850.0,50,740
2438,247696314,0.14221998127849247,-12673.625000000002,1267362.5,201012.5,341900.0,16600.0,707850.0,50,740
2439,923247774,0.14210620529346968,-6562.800000000001,656280.0,178800.0,15800.0,15480.0,446200.0,50,740
2440,417168964,0.1419925203292349,-9429.875,942987.5,189137.5,141200.0,15600.0,597050.0,50,740
2441,641728991,0.1418789263129715,-10148.625,1014862.5,192972.5,220400.0,16640.0,584850.0,50,740
2442,891784665,0.14176542317192112,-9522.925000000001,952292.5,190522.5,122100.0,16720.0,622950.0,50,740
2443,509225453,0.14165201083338358,-9507.099999999997,950710.0,194970.0,156600.0,16840.0,582300.0,50,740
2444,834021654,0.14153868922471688,-8485.1,848510.0,193070.0,78800.0,17440.0,559200.0,50,740
2445,219380202,0.1414254582733371,-10115.625000000002,1011562.5,193352.5,192400.0,16360.0,609450.0,50,740
2446,42721048,0.14131231790671844,-8547.175000000001,854717.5,194887.5,104800.0,16480.0,538550.0,50,740
2447,531356967,0.14119926805239308,-7977.600000000002,797760.0,194320.0,40800.0,17040.0,545600.0,50,740
2448,342324334,0.14108630863795116,-9381.6,938160.0,190170.0,218800.0,16040.0,513150.0,50,740
2449,172165915,0.1409734395910408,-7976.425,797642.5,192092.5,49200.0,16600.0,539750.0,50,740
2450,32426587,0.14086066083936796,-11984.549999999997,1198455.0,201925.0,267500.0,16680.0,712350.0,50,740
2451,291178756,0.14074797231069647,-12929.825,1292982.5,201792.5,313800.0,17440.0,759950.0,50,740
2452,697313221,0.14063537393284792,-11587.525,1158752.5,194882.5,229000.0,16520.0,718350.0,50,740
2453,510075404,0.14052286563370164,-7648.124999999999,764812.5,188602.5,25700.0,15760.0,534750.0,50,740
2454,283819578,0.14041044734119468,-8630.175,863017.5,191357.5,139800.0,15960.0,515900.0,50,740
2455,993730017,0.14029811898332173,-5577.574999999999,557757.5,164627.5,48700.0,15680.0,328750.0,50,741
2456,989281070,0.14018588048813507,-7911.100000000002,791110.0,184860.0,143500.0,16200.0,446550.0,50,741
2457,740268626,0.14007373178374455,-9559.275000000001,955927.5,191177.5,218600.0,16400.0,529750.0,50,742
2458,250762449,0.13996167279831756,-9521.199999999999,952120.0,190980.0,97600.0,17040.0,646500.0,50,742
2459,970106158,0.1398497034600789,-7480.475000000001,748047.5,194317.5,26700.0,15880.0,511150.0,50,743
2460,452382679,0.13973782369731083,-8867.15,886715.0,196525.0,58800.0,16240.0,615150.0,50,743
2461,667787368,0.13962603343835298,-7512.500000000001,751250.0,186400.0,81600.0,15400.0,467850.0,50,743
2462,139446456,0.1395143326116023,-10280.100000000002,1028010.0,196740.0,128400.0,17320.0,685550.0,50,743
2463,113874135,0.139402721145513,-7060.049999999997,706005.0,177375.0,100000.0,15480.0,413150.0,50,743
2464,53772746,0.1392911989685966,-9715.699999999997,971570.0,198710.0,116800.0,16560.0,639500.0,50,743
2465,888347113,0.13917976600942172,-5868.05,586805.0,180805.0,14000.0,15800.0,376200.0,50,743
2466,682965401,0.1390684221966142,-11550.95,1155095.0,200015.0,229800.0,17280.0,708000.0,50,743
2467,689525696,0.1389571674588569,-12409.900000000001,1240990.0,201070.0,261300.0,17320.0,761300.0,50,743
2468,343456380,0.1388460017248898,-7858.8,785880.0,186350.0,146200.0,16480.0,436850.0,50,743
2469,560037820,0.1387349249235099,-6737.800000000001,673780.0,188190.0,88100.0,15840.0,381650.0,50,743
2470,857829710,0.1386239369835711,-6100.2,610020.0,180260.0,10800.0,15760.0,403200.0,50,744
2471,142174854,0.13851303783398422,-8695.775000000001,869577.5,188027.5,104100.0,15800.0,561650.0,50,744
2472,105997460,0.13840222740371702,-10970.424999999997,1097042.5,195562.5,204600.0,17480.0,679400.0,50,744
2473,457415662,0.13829150562179404,-7161.224999999998,716122.5,185772.5,100300.0,15600.0,414450.0,50,744
2474,53841266,0.1381808724172966,-6812.725,681272.5,183262.5,11600.0,14960.0,471450.0,50,744
2475,703873780,0.13807032771936276,-9330.1,933010.0,195260.0,116200.0,16400.0,605150.0,50,744
2476,783945041,0.13795987145718727,-8664.375,866437.5,192287.5,176500.0,16000.0,481650.0,50,744
2477,336463727,0.1378495035600215,-9907.550000000001,990755.0,197555.0,32400.0,18000.0,742800.0,50,744
2478,283859900,0.1377392239571735,-10281.45,1028145.0,196715.0,204200.0,17080.0,610150.0,50,744
2479,755379489,0.13762903257800777,-7299.45,729945.0,183895.0,23500.0,15600.0,506950.0,50,744
2480,446507322,0.13751892935194535,-13024.125,1302412.5,201502.5,398300.0,17160.0,685450.0,50,744
2481,803250002,0.1374089142084638,-8348.749999999998,834875.0,194485.0,100100.0,16240.0,524050.0,50,744
2482,926610079,0.13729898707709703,-9444.550000000001,944455.0,197865.0,105000.0,16440.0,625150.0,50,744
2483,69909138,0.13718914788743536,-8459.225000000002,845922.5,193192.5,163600.0,15880.0,473250.0,50,744
2484,711341445,0.1370793965691254,-8614.875000000002,861487.5,191267.5,150000.0,15920.0,504300.0,50,744
2485,593574452,0.1369697330518701,-9651.775000000003,965177.5,193617.5,71200.0,16960.0,683400.0,50,745
2486,635389502,0.1368601572654286,-10012.300000000001,1001230.0,188610.0,139100.0,16920.0,656600.0,50,745
2487,889641912,0.13675066913961625,-7530.075000000002,753007.5,187917.5,49200.0,15640.0,500250.0,50,745
2488,172059587,0.13664126860430456,-13029.499999999998,1302950.0,202680.0,353000.0,16520.0,730750.0,50,745
2489,948827894,0.1365319555894211,-9763.449999999999,976345.0,194705.0,127500.0,16840.0,637300.0,50,745
2490,242651298,0.13642273002494956,-9604.425,960442.5,194872.5,165800.0,16120.0,583650.0,50,745
2491,294506207,0.1363135918409296,-9753.150000000001,975315.0,191045.0,28400.0,16520.0,739350.0,50,745
2492,712023444,0.13620454096745685,-10147.575,1014757.5,192577.5,180700.0,16080.0,625400.0,50,745
2493,939529322,0.1360955773346829,-11894.849999999999,1189485.0,194165.0,175000.0,17120.0,803200.0,50,745
2494,452288627,0.13598670087281514,-7418.175000000001,741817.5,183877.5,11700.0,15840.0,530400.0,50,745
2495,491697767,0.1358779115121169,-9239.15,923915.0,199495.0,108800.0,16520.0,599100.0,50,745
2496,598346431,0.1357692091829072,-11014.4,1101440.0,200050.0,162400.0,16640.0,722350.0,50,745
2497,274500092,0.13566059381556086,-6458.15,645815.0,188835.0,31200.0,15080.0,410700.0,50,745
2498,194342054,0.13555206534050843,-8267.650000000001,826765.0,191365.0,28000.0,16400.0,591000.0,50,745
2499,955170471,0.135443623688236,-9995.349999999999,999535.0,194465.0,208200.0,16520.0,580350.0,50,745
2500,587541291,0.13533526878928542,-10467.55,1046755.0,197325.0,234800.0,17280.0,597350.0,50,745
2501,452816969,0.135227000574254,-9498.95,949895.0,191655.0,68100.0,17240.0,672900.0,50,745
2502,140419904,0.13511881897379457,-8792.300000000001,879230.0,196060.0,152000.0,15520.0,515650.0,50,745
2503,980919169,0.13501072391861554,-8179.4749999999985,817947.5,197297.5,109200.0,16400.0,495050.0,50,745
2504,367168289,0.13490271533948064,-8878.324999999999,887832.5,189242.5,46000.0,17040.0,635550.0,50,745
2505,98492851,0.13479479316720905,-8253.049999999996,825305.0,188925.0,105200.0,15680.0,515500.0,50,746
2506,492850291,0.13468695733267527,-12918.224999999999,1291822.5,201752.5,278400.0,17520.0,794150.0,50,746
2507,366605151,0.13457920776680912,-7087.025000000001,708702.5,190142.5,0.0,16160.0,502400.0,50,746
2508,387342354,0.13447154440059567,-6707.549999999999,670755.0,177985.0,42200.0,15920.0,434650.0,50,747
2509,591501419,0.13436396716507518,-6582.700000000001,658270.0,186160.0,10300.0,16560.0,445250.0,50,747
2510,205288547,0.1342564759913431,-11545.6,1154560.0,199120.0,239000.0,17040.0,699400.0,50,747
2511,159298293,0.13414907081055003,-11014.549999999996,1101455.0,198885.0,254000.0,16320.0,632250.0,50,747
2512,646277088,0.13404175155390158,-9672.425000000003,967242.5,195492.5,153500.0,16800.0,601450.0,50,747
2513,391041275,0.13393451815265844,-8960.575,896057.5,189217.5,68500.0,17240.0,621100.0,50,747
2514,735028529,0.13382737053813631,-8342.3,834230.0,196600.0,90200.0,16480.0,530950.0,50,747
2515,934752074,0.1337203086417058,-9510.724999999999,951072.5,189082.5,246500.0,15440.0,500050.0,50,747
2516,64404113,0.13361333239479245,-9936.975000000002,993697.5,196467.5,118000.0,16880.0,662350.0,50,747
2517,517957763,0.1335064417288766,-8980.175,898017.5,195247.5,143200.0,16320.0,543250.0,50,747
2518,625320801,0.1333996365754935,-8801.949999999999,880195.0,194795.0,22800.0,17800.0,644800.0,50,747
2519,391314362,0.1332929168662331,-9843.824999999999,984382.5,199592.5,146400.0,16440.0,621950.0,50,747
2520,482926957,0.13318628253274012,-10530.374999999998,1053037.5,190737.5,218500.0,15800.0,628000.0,50,747
2521,279145158,0.13307973350671393,-7331.075,733107.5,185587.5,47900.0,15920.0,483700.0,50,747
2522,315299066,0.13297326971990855,-9073.7,907370.0,197640.0,104400.0,16680.0,588650.0,50,747
2523,57082371,0.13286689110413263,-11364.35,1136435.0,195305.0,317600.0,15680.0,607850.0,50,747
2524,49745611,0.13276059759124934,-12748.15,1274815.0,200275.0,373000.0,16840.0,684700.0,50,747
2525,614688822,0.13265438911317634,-8125.175000000001,812517.5,191227.5,125100.0,16240.0,479950.0,50,747
2526,812040755,0.1325482656018858,-11541.324999999995,1154132.5,202412.5,296100.0,15520.0,640100.0,50,747
2527,606911662,0.13244222698940428,-8957.825000000004,895782.5,189372.5,245000.0,15160.0,446250.0,50,747
2528,720007312,0.13233627320781274,-8767.2,876720.0,193860.0,97500.0,15960.0,569400.0,50,747
2529,300885535,0.1322304041892465,-6746.425,674642.5,183602.5,27700.0,15440.0,447900.0,50,747
2530,677691391,0.1321246198658951,-9238.525000000001,923852.5,194662.5,180800.0,15840.0,532550.0,50,747
2531,773223042,0.13201892017000239,-8923.625000000004,892362.5,194722.5,140400.0,16440.0,540800.0,50,747
2532,682665392,0.1319133050338664,-11360.025,1136002.5,201432.5,226000.0,17520.0,691050.0,50,747
2533,600001010,0.1318077743898393,-11330.975,1133097.5,197757.5,172400.0,16840.0,746100.0,50,747
2534,31340928,0.13170232817032743,-7215.750000000001,721575.0,181835.0,65200.0,15840.0,458700.0,50,748
2535,977963667,0.13159696630779116,-8967.375,896737.5,192407.5,101600.0,16680.0,586050.0,50,748
2536,819069410,0.13149168873474493,-9455.6,945560.0,193440.0,102100.0,17720.0,632300.0,50,748
2537,663916450,0.13138649538375713,-12793.875000000002,1279387.5,202087.5,331700.0,17800.0,727800.0,50,748
2538,531235563,0.1312813861874501,-8942.800000000001,894280.0,191930.0,100400.0,17000.0,584950.0,50,748
2539,705076226,0.13117636107850014,-8147.525,814752.5,196352.5,125100.0,15400.0,477900.0,50,748
2540,104016024,0.13107141998963734,-7372.599999999998,737260.0,189310.0,55600.0,17000.0,475350.0,50,748
2541,310470312,0.13096656285364563,-8410.025000000001,841002.5,188072.5,109600.0,16480.0,526850.0,50,748
2542,301686001,0.13086178960336273,-9732.749999999998,973275.0,191495.0,150900.0,16080.0,614800.0,50,748
2543,592001770,0.13075710017168005,-8843.1,884310.0,195290.0,46800.0,16720.0,625500.0,50,748
2544,35300586,0.1306524944915427,-11891.625,1189162.5,202402.5,171600.0,17960.0,797200.0,50,748
2545,913938021,0.13054797249594946,-8384.975000000002,838497.5,188777.5,147300.0,16520.0,485900.0,50,748
2546,378445423,0.1304435341179527,-8196.025000000001,819602.5,191302.5,33800.0,16600.0,577900.0,50,749
2547,895500623,0.13033917929065833,-11224.624999999996,1122462.5,194142.5,329300.0,16520.0,582500.0,50,749
2548,67335912,0.1302349079472258,-9475.825,947582.5,192392.5,163600.0,15840.0,575750.0,50,749
2549,891393438,0.13013072002086803,-12595.75,1259575.0,198375.0,252500.0,17000.0,791700.0,50,749
2550,230695295,0.13002661544485133,-9802.475,980247.5,194807.5,162700.0,17840.0,604900.0,50,749
2551,816586630,0.12992259415249546,-6574.024999999999,657402.5,187972.5,68000.0,16080.0,385350.0,50,749
2552,820910660,0.12981865607717347,-9197.100000000002,919710.0,192110.0,96600.0,15600.0,615400.0,50,750
2553,783095839,0.12971480115231174,-8853.324999999999,885332.5,196552.5,102400.0,16080.0,570300.0,50,750
2554,580747925,0.12961102931138987,-6878.774999999999,687877.5,188437.5,28800.0,15440.0,455200.0,50,750
2555,819796255,0.12950734048794077,-8388.7,838870.0,193840.0,47600.0,16280.0,581150.0,50,750
2556,182949960,0.1294037346155504,-10765.574999999999,1076557.5,197917.5,186100.0,16840.0,675700.0,50,750
2557,308535091,0.12930021162785796,-10254.974999999999,1025497.5,194227.5,261400.0,15520.0,554350.0,50,750
2558,761187901,0.12919677145855568,-7745.550000000002,774555.0,193325.0,86400.0,15880.0,478950.0,50,750
2559,208258653,0.12909341404138883,-9627.775000000001,962777.5,194867.5,272800.0,15560.0,479550.0,50,750
2560,851822035,0.1289901393101557,-6231.325,623132.5,177482.5,27300.0,16000.0,402350.0,50,750
2561,583701845,0.12888694719870758,-10664.075000000004,1066407.5,195867.5,237000.0,15640.0,617900.0,50,750
2562,625535473,0.1287838376409486,-6128.975,612897.5,175167.5,29000.0,16280.0,392450.0,50,750
2563,369073721,0.12868081057083586,-10025.625000000002,1002562.5,195172.5,210600.0,16840.0,579950.0,50,750
2564,480637684,0.1285778659223792,-7882.075000000002,788207.5,192947.5,104300.0,15760.0,475200.0,50,750
2565,159429445,0.1284750036296413,-8965.0,896500.0,194150.0,165000.0,15600.0,521750.0,50,750
2566,267421196,0.12837222362673756,-8387.575,838757.5,192117.5,105900.0,14640.0,526100.0,50,750
2567,350036730,0.12826952584783616,-9226.5,922650.0,190170.0,148600.0,17080.0,566800.0,50,750
2568,648441151,0.1281669102271579,-9933.924999999997,993392.5,194582.5,98000.0,17560.0,683250.0,50,750
2569,713827564,0.12806437669897616,-8175.400000000001,817540.0,194800.0,64800.0,16640.0,541300.0,50,750
2570,174843901,0.12796192519761698,-10076.349999999999,1007635.0,198075.0,141400.0,16960.0,651200.0,50,750
2571,139776241,0.12785955565745888,-11182.449999999999,1118245.0,196065.0,214400.0,17080.0,690700.0,50,750
2572,775918900,0.1277572680129329,-6499.9,649990.0,189160.0,95000.0,15080.0,350750.0,50,750
2573,379821762,0.12765506219852257,-9800.925,980092.5,194832.5,221600.0,15960.0,547700.0,50,750
2574,967132769,0.12755293814876376,-10557.4,1055740.0,194960.0,201800.0,16480.0,642500.0,50,750
2575,611034441,0.12745089579824473,-10386.9,1038690.0,192610.0,88800.0,16880.0,740400.0,50,750
2576,371679729,0.12734893508160613,-11199.875,1119987.5,197757.5,186400.0,16680.0,719150.0,50,750
2577,519563856,0.12724705593354085,-9206.775000000001,920677.5,197437.5,116400.0,17640.0,589200.0,50,750
2578,503872691,0.12714525828879403,-8810.949999999999,881095.0,196895.0,112800.0,16800.0,554600.0,50,750
2579,69745211,0.12704354208216298,-8890.150000000001,889015.0,189555.0,56800.0,16760.0,625900.0,50,750
2580,161730305,0.12694190724849724,-7335.425000000001,733542.5,184532.5,29100.0,14760.0,505150.0,50,750
2581,8517823,0.12684035372269845,-6445.275,644527.5,181077.5,73700.0,14600.0,375150.0,50,751
2582,538669450,0.12673888143972029,-7791.225000000001,779122.5,194032.5,70100.0,15240.0,499750.0,50,751
2583,543389634,0.1266374903345685,-9882.149999999998,988215.0,190675.0,241300.0,15640.0,540600.0,50,751
2584,493087647,0.12653618034230085,-9150.874999999998,915087.5,194107.5,91500.0,17280.0,612200.0,50,751
2585,381376336,0.12643495139802702,-8501.449999999999,850145.0,196305.0,96800.0,16040.0,541000.0,50,751
2586,463291964,0.1263338034369086,-10585.600000000002,1058560.0,190830.0,245600.0,16680.0,605450.0,50,751
2587,840408185,0.12623273639415905,-9185.925000000001,918592.5,188382.5,174500.0,15360.0,540350.0,50,751
2588,386189461,0.12613175020504372,-8028.825,802882.5,194212.5,33600.0,15920.0,559150.0,50,751
2589,60834278,0.1260308448048797,-10212.575,1021257.5,193977.5,131200.0,17480.0,678600.0,50,751
2590,19656096,0.12593002012903579,-7637.175000000001,763717.5,188787.5,58200.0,16680.0,500050.0,50,751
2591,990910967,0.12582927611293254,-9313.5,931350.0,189520.0,204800.0,15880.0,521150.0,50,751
2592,910666249,0.1257286126920422,-8013.099999999999,801310.0,194590.0,63600.0,15920.0,527200.0,50,751
2593,416805544,0.12562802980188856,-11243.724999999999,1124372.5,203142.5,220200.0,17280.0,683750.0,50,751
2594,68084910,0.12552752737804704,-9971.075000000003,997107.5,195587.5,71600.0,17720.0,712200.0,50,751
2595,194679989,0.1254271053561446,-7289.050000000002,728905.0,191695.0,63400.0,16760.0,457050.0,50,751
2596,744768014,0.1253267636718597,-7162.124999999997,716212.5,192562.5,104400.0,15600.0,403650.0,50,751
2597,614059253,0.1252265022609222,-10235.150000000001,1023515.0,194425.0,106000.0,16240.0,706850.0,50,751
2598,280391630,0.12512632105911345,-10123.674999999997,1012367.5,198337.5,229900.0,16680.0,567450.0,50,751
2599,646720415,0.12502622000226615,-9548.25,954825.0,196475.0,184400.0,16600.0,557350.0,50,751
2600,188654306,0.12492619902626434,-8293.374999999998,829337.5,198377.5,137600.0,15560.0,477800.0,50,751
2601,388388533,0.12482625806704332,-8301.474999999999,830147.5,191117.5,201300.0,15280.0,422450.0,50,751
2602,313906823,0.12472639706058969,-8967.775000000001,896777.5,196427.5,175000.0,16200.0,509150.0,50,751
2603,698126212,0.12462661594294121,-9375.55,937555.0,195925.0,111600.0,16080.0,613950.0,50,751
2604,905798849,0.12452691465018685,-7585.724999999999,758572.5,193342.5,33600.0,16880.0,514750.0,50,751
2605,956336140,0.1244272931184667,-12751.300000000001,1275130.0,200480.0,347100.0,16400.0,711150.0,50,751
2606,518564483,0.12432775128397193,-8214.299999999997,821430.0,196980.0,90500.0,16200.0,517750.0,50,751
2607,292889357,0.12422828908294475,-10344.85,1034485.0,191835.0,144000.0,17400.0,681250.0,50,751
2608,590315091,0.1241289064516784,-9986.35,998635.0,195185.0,126000.0,17200.0,660250.0,50,751
2609,17419961,0.12402960332651705,-8680.8,868080.0,187910.0,146000.0,16320.0,517850.0,50,751
2610,989814402,0.12393037964385584,-10920.499999999998,1092050.0,196650.0,287900.0,15800.0,591700.0,50,751
2611,582317182,0.12383123534014075,-7357.625000000001,735762.5,192432.5,112100.0,15880.0,415350.0,50,751
2612,747254379,0.12373217035186863,-10067.900000000001,1006790.0,196420.0,169900.0,16720.0,623750.0,50,751
2613,436644260,0.12363318461558713,-8425.5,842550.0,182880.0,108900.0,15920.0,534850.0,50,751
2614,1454607,0.12353427806789466,-10682.799999999996,1068280.0,194990.0,253000.0,17240.0,603050.0,50,751
2615,751046487,0.12343545064544034,-10313.625000000004,1031362.5,196472.5,210000.0,16440.0,608450.0,50,751
2616,907566094,0.123336702284924,-7259.849999999999,725985.0,190155.0,45100.0,15880.0,474850.0,50,752
2617,411874257,0.12323803292309606,-9003.550000000001,900355.0,193065.0,108400.0,17040.0,581850.0,50,752
2618,942202401,0.12313944249675758,-8133.575000000001,813357.5,191077.5,29200.0,16680.0,576400.0,50,752
2619,203716549,0.12304093094276017,-8266.825,826682.5,191572.5,15000.0,15760.0,604350.0,50,752
2620,670852279,0.12294249819800596,-9416.625000000002,941662.5,197262.5,212000.0,16400.0,516000.0,50,752
2621,328060099,0.12284414419944754,-7644.349999999998,764435.0,188215.0,111600.0,16720.0,447900.0,50,752
2622,153598948,0.12274586888408798,-12190.275,1219027.5,200887.5,298600.0,16640.0,702900.0,50,752
2623,885720800,0.1226476721889807,-13034.675000000003,1303467.5,201907.5,354100.0,17160.0,730300.0,50,752
2624,604614442,0.12254955405122951,-10224.625000000002,1022462.5,197292.5,220500.0,15520.0,589150.0,50,752
2625,591202242,0.12245151440798853,-8908.9,890890.0,191950.0,136600.0,15440.0,546900.0,50,752
2626,905890459,0.12235355319646214,-8324.699999999999,832470.0,197080.0,145200.0,16240.0,473950.0,50,752
2627,191498829,0.12225567035390497,-10169.500000000002,1016950.0,196730.0,269800.0,16120.0,534300.0,50,753
2628,934274977,0.12215786581762185,-11018.325000000003,1101832.5,197822.5,299000.0,16760.0,588250.0,50,753
2629,638373831,0.12206013952496775,-8627.125000000002,862712.5,198252.5,107900.0,16760.0,539800.0,50,753
2630,362255955,0.12196249141334777,-9170.05,917005.0,194745.0,174000.0,16160.0,532100.0,50,753
2631,235829571,0.12186492142021708,-9134.325,913432.5,194712.5,75500.0,16920.0,626300.0,50,753
2632,780124680,0.1217674294830809,-9177.075,917707.5,194537.5,239500.0,14920.0,468750.0,50,753
2633,763733679,0.12167001553949444,-7598.249999999999,759825.0,192835.0,63100.0,15240.0,488650.0,50,753
2634,100257765,0.12157267952706284,-7268.375000000003,726837.5,195577.5,97200.0,16760.0,417300.0,50,753
2635,73207629,0.12147542138344118,-7992.475,799247.5,184087.5,164300.0,15360.0,435500.0,50,753
2636,405584685,0.12137824104633442,-8452.650000000001,845265.0,185825.0,145200.0,15640.0,498600.0,50,753
2637,198559702,0.12128113845349735,-9869.024999999996,986902.5,196122.5,118400.0,16880.0,655500.0,50,753
2638,857753711,0.12118411354273455,-10893.025000000001,1089302.5,197612.5,247900.0,16840.0,626950.0,50,753
2639,329899631,0.12108716625190036,-9961.324999999999,996132.5,194012.5,66800.0,17520.0,717800.0,50,753
2640,541939505,0.12099029651889884,-8662.200000000004,866220.0,188640.0,108000.0,16280.0,553300.0,50,753
2641,935125665,0.12089350428168372,-7780.050000000001,778005.0,184615.0,20000.0,16640.0,556750.0,50,753
2642,566308036,0.12079678947825837,-7009.65,700965.0,195245.0,23200.0,17120.0,465400.0,50,753
2643,961010200,0.12070015204667575,-8777.7,877770.0,194420.0,52000.0,16400.0,614950.0,50,753
2644,998567294,0.1206035919250384,-6769.9500000000035,676995.0,191525.0,55600.0,16320.0,413550.0,50,753
2645,714302379,0.12050710905149838,-6536.200000000001,653620.0,172280.0,62800.0,15840.0,402700.0,50,753
2646,325276384,0.12041070336425717,-8193.7,819370.0,182470.0,70900.0,15600.0,550400.0,50,753
2647,48470821,0.12031437480156576,-6953.875,695387.5,187777.5,32300.0,16560.0,458750.0,50,753
2648,634736273,0.1202181233017245,-4654.349999999999,465435.0,182895.0,2100.0,14840.0,265600.0,50,754
2649,175368660,0.12012194880308312,-10418.825000000003,1041882.5,195582.5,284900.0,15600.0,545800.0,50,754
2650,210304952,0.12002585124404065,-8036.799999999999,803680.0,193450.0,26000.0,16680.0,567550.0,50,754
2651,574472970,0.11992983056304542,-10163.85,1016385.0,199605.0,238400.0,15680.0,562700.0,50,754
2652,145524590,0.11983388669859497,-10963.025000000001,1096302.5,196922.5,326100.0,15880.0,557400.0,50,754
2653,120181937,0.11973801958923609,-7884.499999999999,788450.0,189810.0,103500.0,15240.0,479900.0,50,754
2654,675999513,0.1196422291735647,-10385.274999999998,1038527.5,196477.5,143200.0,18400.0,680450.0,50,754
2655,133245699,0.11954651539022584,-8721.074999999997,872107.5,192657.5,169900.0,16000.0,493550.0,50,754
2656,352487823,0.11945087817791367,-8303.275,830327.5,188017.5,71200.0,16560.0,554550.0,50,754
2657,601371900,0.11935531747537133,-8151.100000000001,815110.0,192470.0,149400.0,16240.0,457000.0,50,754
2658,953213027,0.11925983322139103,-10257.95,1025795.0,198645.0,217000.0,16000.0,594150.0,50,754
2659,254187359,0.1191644253548139,-6296.425000000001,629642.5,182602.5,68400.0,16040.0,362600.0,50,754
2660,806634806,0.11906909381453006,-9622.500000000002,962250.0,193890.0,204600.0,16160.0,547600.0,50,754
2661,684044582,0.11897383853947843,-9399.425000000005,939942.5,195362.5,133600.0,17080.0,593900.0,50,754
2662,652433985,0.11887865946864684,-6675.2750000000015,667527.5,188447.5,43600.0,16680.0,418800.0,50,754
2663,400736538,0.11878355654107192,-9037.325,903732.5,194112.5,196000.0,16120.0,497500.0,50,754
2664,295886152,0.11868852969583907,-6037.325000000001,603732.5,176752.5,18400.0,16680.0,391900.0,50,754
2665,669550631,0.1185935788720824,-11256.749999999998,1125675.0,199555.0,262900.0,16520.0,646700.0,50,754
2666,561071725,0.11849870400898473,-8916.425,891642.5,194052.5,133200.0,16440.0,547950.0,50,754
2667,708722521,0.11840390504577754,-10692.375000000004,1069237.5,198807.5,207600.0,16480.0,646350.0,50,759
2668,151776759,0.11830918192174092,-7243.699999999999,724370.0,186800.0,60400.0,16520.0,460650.0,50,759
2669,790821078,0.11821453457620353,-11430.675,1143067.5,201617.5,190900.0,16800.0,733750.0,50,759
2670,296435053,0.11811996294854256,-11459.074999999997,1145907.5,199067.5,251500.0,17240.0,678100.0,50,759
2671,829188777,0.11802546697818372,-8277.725,827772.5,193502.5,111300.0,17120.0,505850.0,50,759
2672,722818481,0.11793104660460117,-8558.05,855805.0,197845.0,83600.0,15960.0,558400.0,50,759
2673,133533197,0.11783670176731749,-8578.5,857850.0,182120.0,209800.0,15280.0,450650.0,50,759
2674,429348921,0.11774243240590364,-9034.600000000002,903460.0,193320.0,92800.0,17240.0,600100.0,50,759
2675,618169885,0.11764823845997892,-10039.650000000005,1003965.0,194735.0,167500.0,15880.0,625850.0,50,759
2676,443370286,0.11755411986921094,-7595.550000000001,759555.0,192915.0,132000.0,15840.0,418800.0,50,759
2677,3725580,0.11746007657331557,-8726.425000000001,872642.5,187392.5,205100.0,16200.0,463950.0,50,759
2678,603731856,0.11736610851205692,-8964.1,896410.0,195300.0,58400.0,17360.0,625350.0,50,759
2679,235275080,0.11727221562524727,-7678.7,767870.0,191510.0,17700.0,16160.0,542500.0,50,759
2680,445747223,0.11717839785274707,-9096.95,909695.0,190695.0,161300.0,16800.0,540900.0,50,759
2681,320044135,0.11708465513446487,-11311.925,1131192.5,196522.5,250800.0,16320.0,667550.0,50,759
2682,188830575,0.1169909874103573,-7213.874999999999,721387.5,185617.5,61600.0,14720.0,459450.0,50,759
2683,951328004,0.116897394620429,-6485.350000000001,648535.0,186655.0,45300.0,14680.0,401900.0,50,760
2684,397027518,0.11680387670473266,-6358.95,635895.0,191405.0,31600.0,15240.0,397650.0,50,760
2685,537611764,0.11671043360336887,-9088.125,908812.5,197962.5,111200.0,16000.0,583650.0,50,760
2686,915042202,0.11661706525648617,-11420.125,1142012.5,193442.5,192300.0,16520.0,739750.0,50,760
2687,859849815,0.11652377160428098,-12624.15,1262415.0,202275.0,315500.0,17240.0,727400.0,50,760
2688,125590849,0.11643055258699755,-9479.275,947927.5,190997.5,197600.0,16480.0,542850.0,50,760
2689,272306216,0.11633740814492795,-9258.849999999997,925885.0,195535.0,164500.0,15800.0,550050.0,50,760
2690,189938033,0.116244338218412,-8408.250000000005,840825.0,195835.0,193700.0,15440.0,435850.0,50,760
2691,240014662,0.11615134274783727,-8075.325000000002,807532.5,188502.5,51800.0,17280.0,549950.0,50,760
2692,355105136,0.116058421673639,-7861.825,786182.5,194412.5,134400.0,14920.0,442450.0,50,760
2693,861805992,0.11596557493630008,-10216.200000000004,1021620.0,191620.0,166100.0,16400.0,647500.0,50,760
2694,99894281,0.11587280247635104,-10749.225,1074922.5,191272.5,215600.0,17000.0,651050.0,50,760
2695,816989611,0.11578010423436995,-7336.85,733685.0,187035.0,122400.0,16000.0,408250.0,50,760
2696,780794947,0.11568748015098244,-11006.275,1100627.5,192477.5,208100.0,17000.0,683050.0,50,760
2697,900510019,0.11559493016686166,-8491.874999999998,849187.5,187297.5,189300.0,16040.0,456550.0,50,760
2698,719035312,0.11550245422272817,-12928.050000000001,1292805.0,200385.0,328400.0,16520.0,747500.0,50,760
2699,345980998,0.11541005225934999,-11423.474999999999,1142347.5,204617.5,267600.0,17280.0,652850.0,50,760
2700,797699182,0.11531772421754251,-9602.7,960270.0,198430.0,155600.0,16240.0,590000.0,50,760
2701,146501804,0.11522547003816846,-8487.599999999999,848760.0,192130.0,58500.0,16280.0,581850.0,50,760
2702,647699490,0.11513328966213793,-6916.825000000001,691682.5,182482.5,20400.0,16400.0,472400.0,50,760
2703,483035160,0.11504118303040821,-10891.65,1089165.0,203605.0,288900.0,16160.0,580500.0,50,760
2704,284551907,0.11494915008398388,-10250.524999999996,1025052.5,196362.5,100800.0,17240.0,710650.0,50,760
2705,218433352,0.11485719076391669,-5390.049999999999,539005.0,172365.0,29900.0,14840.0,321900.0,50,761
2706,148968319,0.11476530501130555,-6331.2,633120.0,193800.0,30800.0,15120.0,393400.0,50,761
2707,544349479,0.1146734927672965,-8166.549999999999,816655.0,191945.0,147600.0,16760.0,460350.0,50,761
2708,447754936,0.11458175397308266,-9086.349999999999,908635.0,199275.0,174400.0,15760.0,519200.0,50,761
2709,754694234,0.1144900885699042,-8747.025,874702.5,198872.5,196800.0,15480.0,463550.0,50,761
2710,407155912,0.11439849649904828,-12985.049999999997,1298505.0,198685.0,396600.0,16520.0,686700.0,50,761
2711,274859713,0.11430697770184904,-9281.425,928142.5,193602.5,155200.0,15840.0,563500.0,50,761
2712,844634817,0.11421553211968756,-7866.149999999998,786615.0,186695.0,150900.0,15120.0,433900.0,50,761
2713,643238060,0.11412415969399181,-8304.099999999999,830410.0,196520.0,236800.0,14440.0,382650.0,50,761
2714,413427547,0.11403286036623661,-9830.449999999997,983045.0,194205.0,179200.0,16840.0,592800.0,50,761
2715,769051103,0.11394163407794362,-7524.7,752470.0,180110.0,29700.0,16760.0,525900.0,50,761
2716,872015198,0.11385048077068127,-7345.0,734500.0,187510.0,69700.0,17240.0,460050.0,50,761
2717,558305452,0.11375940038606472,-7937.924999999999,793792.5,198832.5,22900.0,16160.0,555900.0,50,761
2718,747315084,0.11366839286575586,-8848.824999999999,884882.5,194632.5,143500.0,16800.0,529950.0,50,761
2719,211659819,0.11357745815146325,-9857.449999999999,985745.0,197695.0,212400.0,16200.0,559450.0,50,761
2720,352132707,0.11348659618494208,-8948.85,894885.0,194885.0,132700.0,15800.0,551500.0,50,761
2721,626610675,0.11339580690799413,-10077.300000000001,1007730.0,196210.0,169200.0,15920.0,626400.0,50,761
2722,901655772,0.11330509026246773,-6344.225,634422.5,190502.5,12300.0,16320.0,415300.0,50,761
2723,820497466,0.11321444619025775,-6362.775,636277.5,187807.5,23400.0,16320.0,408750.0,50,761
2724,44542446,0.11312387463330555,-11348.999999999998,1134900.0,197480.0,279600.0,16520.0,641300.0,50,761
2725,621513089,0.11303337553359889,-8202.55,820255.0,188255.0,90100.0,16000.0,525900.0,50,761
2726,541687549,0.112942948833172,-7672.7,767270.0,197950.0,118400.0,15520.0,435400.0,50,761
2727,42698315,0.11285259447410546,-7986.949999999999,798695.0,188805.0,46400.0,16040.0,547450.0,50,761
2728,430631812,0.11276231239852617,-8645.125,864512.5,197162.5,83400.0,16200.0,567750.0,50,761
2729,566296699,0.11267210254860735,-10824.350000000002,1082435.0,204445.0,244400.0,15840.0,617750.0,50,761
2730,829278691,0.11258196486656846,-10313.374999999998,1031337.5,196917.5,164500.0,16320.0,653600.0,50,761
2731,661927505,0.11249189929467521,-10426.249999999995,1042625.0,203195.0,253600.0,16880.0,568950.0,50,761
2732,328072984,0.11240190577523947,-8639.825,863982.5,190352.5,156800.0,16480.0,500350.0,50,761
2733,465241731,0.11231198425061928,-9923.149999999996,992315.0,192915.0,178700.0,16400.0,604300.0,50,761
2734,911205503,0.11222213466321879,-8316.174999999997,831617.5,193777.5,74100.0,16040.0,547700.0,50,761
2735,206367777,0.1121323569554882,-11533.175000000001,1153317.5,201037.5,271400.0,16480.0,664400.0,50,761
2736,501067135,0.11204265106992381,-8807.024999999998,880702.5,196272.5,103900.0,17080.0,563450.0,50,761
2737,864184074,0.11195301694906787,-8266.025,826602.5,191352.5,117900.0,15400.0,501950.0,50,762
2738,758512680,0.11186345453550861,-8622.999999999998,862300.0,192490.0,98600.0,15760.0,555450.0,50,763
2739,373571647,0.1117739637718802,-11778.250000000004,1177825.0,191085.0,249300.0,16640.0,720800.0,50,763
2740,369275606,0.11168454460086269,-11769.974999999997,1176997.5,199097.5,273200.0,16400.0,688300.0,50,763
2741,85217650,0.111595196965182,-9284.974999999997,928497.5,184007.5,137200.0,16840.0,590450.0,50,763
2742,194700287,0.11150592080760985,-10634.025,1063402.5,201932.5,153100.0,16520.0,691850.0,50,763
2743,449707853,0.11141671607096376,-6546.074999999998,654607.5,190757.5,37900.0,15600.0,410350.0,50,763
2744,431518493,0.11132758269810698,-13197.800000000001,1319780.0,202980.0,375300.0,15400.0,726100.0,50,763
2745,752149343,0.1112385206319485,-7218.375000000001,721837.5,188797.5,57900.0,14840.0,460300.0,50,763
2746,359954630,0.11114952981544295,-9575.3,957530.0,201270.0,118500.0,17560.0,620200.0,50,763
2747,466446023,0.1110606101915906,-11207.750000000002,1120775.0,200495.0,346700.0,16080.0,557500.0,50,763
2748,779878126,0.11097176170343732,-9034.0,903400.0,192190.0,94600.0,16760.0,599850.0,50,763
2749,69340002,0.11088298429407457,-9307.874999999998,930787.5,195447.5,130700.0,16640.0,588000.0,50,763
2750,550227401,0.11079427790663932,-10718.825,1071882.5,192042.5,177400.0,17240.0,685200.0,50,763
2751,902789689,0.110705642484314,-9181.625,918162.5,190922.5,77600.0,16840.0,632800.0,50,763
2752,725119278,0.11061707797032655,-11216.324999999999,1121632.5,196722.5,242300.0,16760.0,665850.0,50,763
2753,475704598,0.11052858430795029,-7949.050000000001,794905.0,187815.0,74800.0,16040.0,516250.0,50,764
2754,115000071,0.11044016144050392,-9123.699999999999,912370.0,183990.0,236500.0,15480.0,476400.0,50,764
2755,54656664,0.11035180931135151,-8965.775,896577.5,193867.5,200000.0,15560.0,487150.0,50,764
2756,230375979,0.11026352786390242,-8906.199999999997,890620.0,193220.0,149900.0,16600.0,530900.0,50,764
2757,218427531,0.11017531704161129,-7972.899999999998,797290.0,192560.0,70400.0,16280.0,518050.0,50,764
2758,627082824,0.110087176787978,-8970.274999999998,897027.5,192877.5,81500.0,17200.0,605450.0,50,765
2759,536335776,0.10999910704654761,-9696.024999999998,969602.5,184692.5,211900.0,16560.0,556450.0,50,765
2760,311585283,0.10991110776091037,-8949.625000000002,894962.5,198042.5,137900.0,16120.0,542900.0,50,765
2761,36587006,0.10982317887470164,-9196.199999999997,919620.0,201210.0,140600.0,16160.0,561650.0,50,765
2762,381980984,0.10973532033160187,-9787.475000000002,978747.5,193297.5,229600.0,15200.0,540650.0,50,765
2763,396656500,0.10964753207533659,-8684.35,868435.0,191905.0,158000.0,16680.0,501850.0,50,765
2764,477369994,0.10955981404967632,-9989.525,998952.5,196402.5,237100.0,16400.0,549050.0,50,765
2765,408044149,0.10947216619843658,-7142.9000000000015,714290.0,184900.0,41900.0,16840.0,470650.0,50,765
2766,396543103,0.10938458846547783,-8395.3,839530.0,196620.0,179100.0,16360.0,447450.0,50,765
2767,710919009,0.10929708079470545,-7200.574999999998,720057.5,189037.5,400.0,16720.0,513900.0,50,765
2768,923715815,0.10920964313006967,-7415.424999999999,741542.5,186672.5,22400.0,15720.0,516750.0,50,765
2769,496914420,0.10912227541556561,-9880.149999999998,988015.0,191255.0,133400.0,17160.0,646200.0,50,765
2770,792398102,0.10903497759523316,-7919.4,791940.0,191690.0,20400.0,16200.0,563650.0,50,765
2771,470809851,0.10894774961315697,-9008.775000000001,900877.5,194827.5,9500.0,17600.0,678950.0,50,765
2772,353325819,0.10886059141346643,-9905.099999999999,990510.0,198120.0,185600.0,15840.0,590950.0,50,765
2773,938418829,0.10877350294033566,-7082.175000000002,708217.5,188197.5,19100.0,15720.0,485200.0,50,765
2774,932908709,0.10868648413798339,-9255.9,925590.0,185500.0,74000.0,17640.0,648450.0,50,765
2775,649747304,0.108599534950673,-9816.949999999999,981695.0,192705.0,182700.0,16440.0,589850.0,50,765
2776,596450922,0.10851265532271245,-8328.074999999999,832807.5,186247.5,122900.0,16760.0,506900.0,50,765
2777,262085370,0.10842584519845429,-9944.899999999998,994490.0,193540.0,104800.0,17400.0,678750.0,50,765
2778,381828222,0.10833910452229552,-9695.625000000002,969562.5,192062.5,171100.0,17000.0,589400.0,50,766
2779,891672640,0.10825243323867768,-7213.325,721332.5,188502.5,17900.0,15880.0,499050.0,50,766
2780,679730602,0.10816583129208673,-8715.9,871590.0,186370.0,105600.0,17520.0,562100.0,50,766
2781,992781443,0.10807929862705307,-10811.900000000001,1081190.0,198720.0,209400.0,16720.0,656350.0,50,766
2782,134199570,0.10799283518815142,-11201.424999999996,1120142.5,198692.5,187300.0,17200.0,716950.0,50,766
2783,614309048,0.1079064409200009,-10631.85,1063185.0,199625.0,236800.0,16960.0,609800.0,50,766
2784,435154673,0.1078201157672649,-7806.349999999999,780635.0,191975.0,39300.0,15960.0,533400.0,50,766
2785,152290046,0.10773385967465109,-7778.575000000001,777857.5,185367.5,110200.0,16040.0,466250.0,50,766
2786,525746161,0.10764767258691137,-9432.325000000003,943232.5,194522.5,159400.0,16160.0,573150.0,50,766
2787,573651211,0.10756155444884183,-10412.400000000001,1041240.0,191110.0,150400.0,17080.0,682650.0,50,766
2788,44239553,0.10747550520528275,-7551.575000000001,755157.5,190867.5,18800.0,16040.0,529450.0,50,766
2789,941178042,0.10738952480111852,-10719.375000000004,1071937.5,196197.5,216600.0,16840.0,642300.0,50,766
2790,626705142,0.10730361318127762,-8788.825,878882.5,193832.5,95400.0,16600.0,573050.0,50,766
2791,649139143,0.1072177702907326,-7485.675000000002,748567.5,188527.5,79700.0,16240.0,464100.0,50,766
2792,957810255,0.10713199607450001,-6646.175,664617.5,187147.5,0.0,16720.0,460750.0,50,766
2793,134814005,0.1070462904776404,-10564.900000000003,1056490.0,191200.0,201200.0,15640.0,648450.0,50,766
2794,613392105,0.10696065344525829,-7978.25,797825.0,192535.0,138400.0,15440.0,451450.0,50,766
2795,682845876,0.10687508492250208,-7521.299999999999,752130.0,191270.0,138700.0,15160.0,407000.0,50,766
2796,950356779,0.10678958485456408,-8255.174999999997,825517.5,190897.5,59500.0,15920.0,559200.0,50,766
2797,963934418,0.10670415318668043,-10664.450000000003,1066445.0,200655.0,339900.0,15640.0,510250.0,50,766
2798,109750000,0.10661878986413108,-11729.2,1172920.0,198960.0,291000.0,15960.0,667000.0,50,766
2799,152649745,0.10653349483223977,-8308.5,830850.0,192230.0,194400.0,15320.0,428900.0,50,766
2800,199411332,0.10644826803637397,-10385.875000000004,1038587.5,195357.5,175500.0,16080.0,651650.0,50,766
2801,65080769,0.10636310942194487,-9361.900000000001,936190.0,189190.0,36400.0,16400.0,694200.0,50,766
2802,735608895,0.1062780189344073,-8040.975,804097.5,194077.5,44500.0,16320.0,549200.0,50,766
2803,230434623,0.10619299651925977,-7413.575000000001,741357.5,186847.5,110000.0,16160.0,428350.0,50,766
2804,972382150,0.10610804212204436,-8429.799999999997,842980.0,192450.0,92400.0,15080.0,543050.0,50,766
2805,976488242,0.10602315568834672,-8721.8,872180.0,183870.0,130100.0,15760.0,542450.0,50,766
2806,714246089,0.10593833716379604,-8541.75,854175.0,193115.0,40800.0,16160.0,604100.0,50,766
2807,975190899,0.105853586494065,-10519.449999999999,1051945.0,191305.0,170300.0,17240.0,673100.0,50,766
2808,170361223,0.10576890362486974,-10871.325000000003,1087132.5,190992.5,231500.0,16640.0,648000.0,50,766
2809,729177767,0.10568428850196984,-10347.600000000004,1034760.0,200440.0,236800.0,16120.0,581400.0,50,766
2810,871133252,0.10559974107116826,-6710.025,671002.5,186222.5,57600.0,15880.0,411300.0,50,766
2811,26576262,0.10551526127831133,-6103.000000000002,610300.0,183520.0,63600.0,16480.0,346700.0,50,766
2812,489677770,0.10543084906928868,-9519.324999999999,951932.5,194452.5,160600.0,16080.0,580800.0,50,766
2813,332951686,0.10534650439003325,-9150.500000000002,915050.0,192350.0,120000.0,16200.0,586500.0,50,766
2814,397632289,0.10526222718652122,-8360.125,836012.5,188532.5,92600.0,16480.0,538400.0,50,767
2815,492179336,0.10517801740477199,-5927.674999999999,592767.5,186997.5,24700.0,15320.0,365750.0,50,767
2816,487851971,0.10509387499084817,-7151.050000000002,715105.0,186215.0,16500.0,16040.0,496350.0,50,767
2817,504595382,0.10500979989085549,-8620.824999999999,862082.5,190742.5,92500.0,16640.0,562200.0,50,767
2818,88362752,0.1049257920509428,-7421.224999999999,742122.5,190042.5,117300.0,15280.0,419500.0,50,768
2819,724909755,0.10484185141730204,-6961.700000000001,696170.0,186450.0,20600.0,15920.0,473200.0,50,768
2820,543288384,0.1047579779361682,-10676.75,1067675.0,197035.0,266700.0,16440.0,587500.0,50,768
2821,611779189,0.10467417155381926,-10289.75,1028975.0,189815.0,201900.0,16760.0,620500.0,50,768
2822,226373824,0.10459043221657621,-9464.125000000002,946412.5,193552.5,137600.0,16560.0,598700.0,50,768
2823,550828596,0.10450675987080295,-9261.525,926152.5,178252.5,194100.0,15800.0,538000.0,50,768
2824,605379520,0.1044231544629063,-10580.449999999999,1058045.0,195825.0,163600.0,17120.0,681500.0,50,768
2825,894097425,0.10433961593933597,-10091.374999999998,1009137.5,197427.5,133100.0,16360.0,662250.0,50,768
2826,306478389,0.1042561442465845,-9017.775000000003,901777.5,190537.5,239600.0,15640.0,456000.0,50,768
2827,231078812,0.10417273933118723,-8056.4749999999985,805647.5,192527.5,162800.0,15920.0,434400.0,50,768
2828,795151697,0.10408940113972227,-8238.975000000002,823897.5,189427.5,99600.0,16320.0,518550.0,50,768
2829,484135835,0.10400612961881049,-8310.824999999999,831082.5,187512.5,120700.0,15720.0,507150.0,50,768
2830,236162461,0.10392292471511544,-7124.725000000001,712472.5,190722.5,122400.0,15400.0,383950.0,50,768
2831,543437745,0.10383978637534334,-6289.000000000001,628900.0,179200.0,71600.0,15800.0,362300.0,50,768
2832,200568439,0.10375671454624306,-9281.875000000002,928187.5,195287.5,188400.0,15600.0,528900.0,50,768
2833,375878528,0.10367370917460607,-11445.574999999997,1144557.5,202247.5,279000.0,17160.0,646150.0,50,768
2834,172607570,0.10359077020726638,-6837.924999999999,683792.5,183982.5,42300.0,15360.0,442150.0,50,768
2835,667376746,0.10350789759110057,-8039.300000000003,803930.0,187230.0,0.0,16000.0,600700.0,50,768
2836,819797909,0.1034250912730277,-9913.775000000001,991377.5,189837.5,206100.0,16640.0,578800.0,50,768
2837,645976640,0.10334235120000927,-10722.075,1072207.5,196747.5,276700.0,15760.0,583000.0,50,768
2838,19279733,0.10325967731904927,-10249.575,1024957.5,197757.5,170000.0,17000.0,640200.0,50,768
2839,213475770,0.10317706957719402,-9732.2,973220.0,196430.0,197200.0,17240.0,562350.0,50,768
2840,836329422,0.10309452792153227,-10070.175000000001,1007017.5,187767.5,243000.0,16400.0,559850.0,50,768
2841,149861034,0.10301205229919505,-8507.725,850772.5,193792.5,27600.0,17280.0,612100.0,50,768
2842,898731144,0.10292964265735569,-7389.575000000001,738957.5,192217.5,57100.0,15640.0,474000.0,50,768
2843,20479859,0.1028472989432298,-7874.25,787425.0,193065.0,47200.0,16560.0,530600.0,50,768
2844,233772548,0.10276502110407522,-10697.775,1069777.5,200707.5,276700.0,16720.0,575650.0,50,768
2845,557484150,0.10268280908719196,-8501.799999999997,850180.0,193250.0,120700.0,16680.0,519550.0,50,768
2846,953584589,0.10260066283992221,-12447.874999999998,1244787.5,204467.5,289900.0,16920.0,733500.0,50,768
2847,123209433,0.10251858230965027,-7838.025000000003,783802.5,191252.5,46100.0,16000.0,530450.0,50,768
2848,744167188,0.10243656744380256,-7559.299999999997,755930.0,189760.0,138000.0,16920.0,411250.0,50,768
2849,843492284,0.10235461818984751,-9500.050000000001,950005.0,196995.0,116000.0,16360.0,620650.0,50,768
2850,510667378,0.10227273449529563,-9266.974999999997,926697.5,193557.5,190200.0,15640.0,527300.0,50,768
2851,612040149,0.10219091630769939,-8968.75,896875.0,190965.0,123200.0,15560.0,567150.0,50,768
2852,394241247,0.10210916357465323,-8645.550000000001,864555.0,192515.0,131200.0,16240.0,524600.0,50,768
2853,823710624,0.1020274762437935,-10876.400000000005,1087640.0,200930.0,279800.0,16760.0,590150.0,50,768
2854,645508616,0.10194585426279847,-8309.85,830985.0,189725.0,74800.0,15160.0,551300.0,50,768
2855,342348367,0.10186429757938822,-7950.749999999998,795075.0,192215.0,115000.0,15160.0,472700.0,50,768
2856,238046516,0.1017828061413247,-10654.599999999999,1065460.0,190300.0,193700.0,16560.0,664900.0,50,768
2857,584065464,0.10170137989641165,-8240.35,824035.0,192265.0,51600.0,16920.0,563250.0,50,768
2858,815787156,0.10162001879249452,-7151.35,715135.0,183295.0,18300.0,15240.0,498300.0,50,768
2859,631946379,0.10153872277746052,-5964.650000000001,596465.0,181895.0,23300.0,14120.0,377150.0,50,768
2860,666822706,0.10145749179923855,-11256.649999999998,1125665.0,198145.0,277800.0,17120.0,632600.0,50,768
2861,933930812,0.10137632580579915,-8484.474999999999,848447.5,198277.5,77300.0,16120.0,556750.0,50,768
2862,784961138,0.10129522474515451,-8639.850000000002,863985.0,190695.0,147300.0,15840.0,510150.0,50,768
2863,809649486,0.10121418856535838,-8470.45,847045.0,185265.0,82600.0,16480.0,562700.0,50,768
2864,810994857,0.10113321721450609,-7327.275,732727.5,184517.5,37500.0,16760.0,493950.0,50,768
2865,825249015,0.10105231064073449,-9849.725000000004,984972.5,192352.5,127800.0,16120.0,648700.0,50,768
2866,120047570,0.1009714687922219,-10421.374999999998,1042137.5,197577.5,121400.0,17160.0,706000.0,50,768
2867,167616446,0.10089069161718811,-11621.850000000002,1162185.0,197055.0,319400.0,16880.0,628850.0,50,768
2868,55747242,0.10080997906389436,-11112.75,1111275.0,191305.0,236700.0,16520.0,666750.0,50,768
2869,499160571,0.10072933108064323,-9592.1,959210.0,191560.0,160400.0,16000.0,591250.0,50,768
2870,511306131,0.10064874761577872,-12087.474999999999,1208747.5,196017.5,316600.0,17080.0,679050.0,50,768
2871,878030980,0.10056822861768609,-9756.400000000003,975640.0,196600.0,138800.0,16840.0,623400.0,50,768
2872,186147967,0.10048777403479194,-7820.775000000001,782077.5,194117.5,93100.0,16560.0,478300.0,50,768
2873,314044330,0.1004073838155641,-6575.375000000001,657537.5,184567.5,99600.0,15320.0,358050.0,50,768
2874,162887251,0.10032705790851165,-8306.25,830625.0,186565.0,170900.0,16360.0,456800.0,50,770
2875,602610316,0.10024679626218484,-7212.599999999999,721260.0,187290.0,45900.0,15920.0,472150.0,50,770
2876,784344135,0.10016659882517509,-8134.649999999998,813465.0,182475.0,144100.0,15440.0,471450.0,50,770
2877,519826791,0.10008646554611494,-8205.650000000001,820565.0,192645.0,52000.0,17720.0,558200.0,50,770
2878,867735309,0.10000639637367804,-7715.224999999999,771522.5,191782.5,29600.0,16440.0,533700.0,50,770
2879,256843229,0.0999263912565791,-7608.750000000001,760875.0,189915.0,74000.0,15160.0,481800.0,50,770
2880,127902606,0.09984645014357382,-8828.675000000001,882867.5,190607.5,93800.0,16960.0,581500.0,50,770
2881,358916135,0.09976657298345896,-8590.475,859047.5,188597.5,195200.0,15600.0,459650.0,50,770
2882,827182085,0.0996867597250722,-7958.6,795860.0,182120.0,83400.0,16440.0,513900.0,50,770
2883,592954507,0.09960701031729213,-10395.375000000002,1039537.5,191967.5,278600.0,15920.0,553050.0,50,771
2884,456450946,0.0995273247090383,-8586.7,858670.0,190140.0,108800.0,16080.0,543650.0,50,771
2885,400475836,0.09944770284927107,-7627.574999999999,762757.5,191057.5,55500.0,16000.0,500200.0,50,771
2886,33897083,0.09936814468699165,-9066.125,906612.5,186312.5,177400.0,15800.0,527100.0,50,771
2887,174515217,0.09928865017124205,-8083.9749999999985,808397.5,186587.5,37100.0,15960.0,568750.0,50,771
2888,399840912,0.09920921925110505,-9101.950000000003,910195.0,191765.0,139400.0,15680.0,563350.0,50,771
2889,980229711,0.09912985187570417,-9794.525,979452.5,198392.5,161900.0,15960.0,603200.0,50,771
2890,742065863,0.0990505479942036,-10096.425000000003,1009642.5,194732.5,198300.0,15960.0,600650.0,50,771
2891,867023609,0.09897130755580823,-9959.849999999999,995985.0,197715.0,196800.0,16720.0,584750.0,50,771
2892,425189743,0.09889213050976357,-6763.224999999999,676322.5,187182.5,18500.0,16440.0,454200.0,50,771
2893,840548458,0.09881301680535576,-8744.299999999996,874430.0,194580.0,88000.0,16800.0,575050.0,50,771
2894,346252799,0.09873396639191147,-6023.150000000001,602315.0,185405.0,35200.0,15760.0,365950.0,50,771
2895,920079848,0.09865497921879794,-9691.8,969180.0,192880.0,159800.0,16400.0,600100.0,50,771
2896,760377355,0.0985760552354229,-6648.325,664832.5,179202.5,31200.0,15480.0,438950.0,50,771
2897,559356340,0.09849719439123455,-9545.725,954572.5,192532.5,229600.0,16840.0,515600.0,50,771
2898,683462563,0.09841839663572156,-7657.425000000001,765742.5,185872.5,97000.0,16520.0,466350.0,50,771
2899,473106116,0.09833966191841298,-8248.25,824825.0,182395.0,38500.0,16480.0,587450.0,50,771
2900,35998588,0.09826099018887825,-9959.35,995935.0,192435.0,212000.0,15600.0,575900.0,50,771
2901,984557053,0.09818238139672715,-9614.425,961442.5,197572.5,147700.0,16120.0,600050.0,50,771
2902,627632063,0.09810383549160977,-10691.125,1069112.5,199462.5,212200.0,16000.0,641450.0,50,771
2903,841699858,0.09802535242321647,-10364.9,1036490.0,193590.0,201100.0,17000.0,624800.0,50,772
2904,564926691,0.09794693214127789,-9929.025,992902.5,201042.5,151700.0,15560.0,624600.0,50,772
2905,32240134,0.09786857459556486,-7453.100000000001,745310.0,194540.0,94500.0,15920.0,440350.0,50,773
2906,670948253,0.09779027973588841,-5043.9000000000015,504390.0,166890.0,45300.0,15600.0,276600.0,50,774
2907,287717358,0.0977120475120997,-7670.699999999998,767070.0,192810.0,23100.0,15360.0,535800.0,50,774
2908,327478224,0.09763387787409003,-7540.875,754087.5,187987.5,40400.0,15600.0,510100.0,50,775
2909,516080313,0.09755577077179076,-7603.349999999999,760335.0,181055.0,62700.0,15880.0,500700.0,50,775
2910,573689384,0.09747772615517332,-6469.8,646980.0,184470.0,29900.0,15760.0,416850.0,50,775
2911,737298523,0.09739974397424918,-7591.7249999999985,759172.5,183612.5,101300.0,14960.0,459300.0,50,775
2912,642341967,0.09732182417906977,-9559.675,955967.5,193657.5,204900.0,15760.0,541650.0,50,775
2913,673086520,0.09724396671972652,-9465.649999999998,946565.0,188735.0,181600.0,15680.0,560550.0,50,775
2914,792254424,0.09716617154635074,-9174.775000000001,917477.5,184437.5,193400.0,16440.0,523200.0,50,775
2915,169847589,0.09708843860911366,-11668.224999999997,1166822.5,200552.5,347200.0,16520.0,602550.0,50,775
2916,398160921,0.09701076785822636,-7733.6,773360.0,187050.0,125900.0,16360.0,444050.0,50,775
2917,805879764,0.09693315924393978,-9985.774999999998,998577.5,198577.5,198400.0,15800.0,585800.0,50,775
2918,249062384,0.09685561271654462,-8252.55,825255.0,194775.0,95100.0,15880.0,519500.0,50,775
2919,159137447,0.09677812822637138,-7450.099999999999,745010.0,179520.0,106100.0,15440.0,443950.0,50,775
2920,721706392,0.09670070572379029,-9537.599999999999,953760.0,195690.0,238900.0,16520.0,502650.0,50,775
2921,448119356,0.09662334515921125,-5122.500000000001,512250.0,184330.0,0.0,15320.0,312600.0,50,775
2922,64320559,0.09654604648308389,-6825.600000000001,682560.0,177720.0,96600.0,15240.0,393000.0,50,776
2923,675901857,0.09646880964589742,-9217.200000000003,921720.0,193300.0,168000.0,16920.0,543500.0,50,776
2924,200651249,0.0963916345981807,-8381.75,838175.0,184825.0,42700.0,15800.0,594850.0,50,776
2925,301666628,0.09631452129050215,-6493.8,649380.0,188910.0,34200.0,15520.0,410750.0,50,776
2926,401475607,0.09623746967346974,-9589.974999999999,958997.5,193737.5,149500.0,15760.0,600000.0,50,776
2927,899792354,0.09616047969773096,-8244.124999999996,824412.5,194622.5,61000.0,16040.0,552750.0,50,776
2928,240259283,0.09608355131397278,-9087.324999999999,908732.5,189702.5,110400.0,16480.0,592150.0,50,776
2929,970475511,0.0960066844729216,-7199.500000000002,719950.0,192030.0,66900.0,16720.0,444300.0,50,776
2930,871033377,0.09592987912534326,-8232.750000000004,823275.0,191455.0,86200.0,16720.0,528900.0,50,776
2931,861653040,0.09585313522204299,-7342.925000000001,734292.5,184012.5,59600.0,15480.0,475200.0,50,776
2932,999808703,0.09577645271386535,-10135.550000000001,1013555.0,186715.0,141500.0,16440.0,668900.0,50,776
2933,855350597,0.09569983155169426,-7733.15,773315.0,191135.0,128900.0,15680.0,437600.0,50,776
2934,240222874,0.0956232716864529,-8737.525,873752.5,193112.5,113100.0,15440.0,552100.0,50,776
2935,434760895,0.09554677306910374,-6325.750000000002,632575.0,185325.0,109600.0,15200.0,322450.0,50,776
2936,851456762,0.09547033565064846,-11192.624999999998,1119262.5,199642.5,253000.0,16720.0,649900.0,50,776
2937,247608233,0.09539395938212794,-8755.499999999996,875550.0,183570.0,234000.0,15880.0,442100.0,50,776
2938,798073319,0.09531764421462223,-7157.625000000001,715762.5,192192.5,104400.0,16520.0,402650.0,50,776
2939,623401724,0.09524139009925053,-10490.699999999999,1049070.0,198220.0,226400.0,16600.0,607850.0,50,776
2940,757364704,0.09516519698717113,-8936.099999999997,893610.0,191200.0,203200.0,16760.0,482450.0,50,776
2941,926356205,0.09508906482958139,-8811.2,881120.0,193470.0,59400.0,17200.0,611050.0,50,776
2942,979548128,0.09501299357771772,-10558.95,1055895.0,196285.0,190000.0,17360.0,652250.0,50,776
2943,905874578,0.09493698318285555,-13018.525000000001,1301852.5,193592.5,273300.0,17160.0,817800.0,50,776
2944,918897128,0.09486103359630926,-7510.399999999999,751040.0,190260.0,89500.0,14680.0,456600.0,50,776
2945,516348427,0.09478514476943221,-10431.425,1043142.5,180252.5,176700.0,16640.0,669550.0,50,776
2946,439201989,0.09470931665361666,-6186.225,618622.5,180352.5,73000.0,16320.0,348950.0,50,776
2947,923323544,0.09463354920029377,-8128.349999999998,812835.0,194355.0,62400.0,16080.0,540000.0,50,776
2948,406336443,0.09455784236093352,-8994.85,899485.0,192555.0,204200.0,16480.0,486250.0,50,776
2949,637327919,0.09448219608704478,-7847.075000000001,784707.5,187877.5,33600.0,16280.0,546950.0,50,776
2950,955265946,0.09440661033017514,-8796.999999999998,879700.0,191580.0,106600.0,15720.0,565800.0,50,776
2951,502602971,0.094331085041911,-9774.55,977455.0,195685.0,192300.0,15920.0,573550.0,50,776
2952,684857683,0.09425562017387747,-8916.050000000001,891605.0,197405.0,141300.0,16000.0,536900.0,50,776
2953,447287042,0.09418021567773836,-10473.625,1047362.5,199012.5,306300.0,15000.0,527050.0,50,776
2954,314786594,0.09410487150519617,-8081.724999999998,808172.5,188312.5,94800.0,17160.0,507900.0,50,776
2955,784699590,0.09402958760799202,-10036.699999999999,1003670.0,196350.0,125500.0,17120.0,664700.0,50,776
2956,918690308,0.09395436393790561,-7592.649999999998,759265.0,189265.0,3300.0,16400.0,550300.0,50,776
2957,362399160,0.09387920044675528,-12241.4,1224140.0,199080.0,290100.0,17160.0,717800.0,50,776
2958,376216876,0.09380409708639788,-9248.4,924840.0,192280.0,179700.0,16960.0,535900.0,50,776
2959,454438274,0.09372905380872876,-8889.425000000001,888942.5,195452.5,134400.0,16840.0,542250.0,50,776
2960,735071437,0.09365407056568177,-7846.425,784642.5,179702.5,23500.0,16440.0,565000.0,50,776
2961,637729207,0.09357914730922923,-6751.624999999997,675162.5,187112.5,106000.0,16200.0,365850.0,50,776
2962,888254165,0.09350428399138185,-10595.800000000001,1059580.0,202610.0,205600.0,17120.0,634250.0,50,776
2963,363207899,0.09342948056418873,-8493.724999999999,849372.5,195952.5,39200.0,16720.0,597500.0,50,776
2964,182456491,0.09335473697973738,-8375.875,837587.5,189757.5,105000.0,15480.0,527350.0,50,776
2965,820058988,0.09328005319015359,-8516.449999999999,851645.0,196425.0,50400.0,16120.0,588700.0,50,776
2966,385270007,0.09320542914760147,-6620.700000000001,662070.0,188620.0,60800.0,16000.0,396650.0,50,776
2967,402166615,0.09313086480428338,-6987.425,698742.5,193612.5,29300.0,15880.0,459950.0,50,776
2968,312036501,0.09305636011243995,-9808.574999999999,980857.5,199617.5,224500.0,16240.0,540500.0,50,776
2969,184899603,0.09298191502434999,-8605.475,860547.5,189717.5,160000.0,14680.0,496150.0,50,776
2970,521177675,0.09290752949233051,-9316.05,931605.0,196765.0,225600.0,16440.0,492800.0,50,776
2971,884134495,0.09283320346873665,-14436.35,1443635.0,200385.0,354600.0,17200.0,871450.0,50,776
2972,778534366,0.09275893690596165,-9230.175000000003,923017.5,194937.5,158000.0,16880.0,553200.0,50,776
2973,346048728,0.09268472975643688,-8160.549999999998,816055.0,192615.0,146600.0,15240.0,461600.0,50,776
2974,148018338,0.09261058197263172,-9434.424999999997,943442.5,192322.5,181500.0,16520.0,553100.0,50,776
2975,567038746,0.09253649350705362,-11167.25,1116725.0,199645.0,255900.0,16080.0,645100.0,50,776
2976,362983730,0.09246246431224797,-8527.625,852762.5,196602.5,94800.0,16160.0,545200.0,50,776
2977,256690721,0.09238849434079817,-9062.025000000001,906202.5,195532.5,111700.0,16720.0,582250.0,50,776
2978,993688120,0.09231458354532553,-6951.624999999999,695162.5,185302.5,76700.0,16160.0,417000.0,50,776
2979,321093792,0.09224073187848926,-8283.449999999999,828345.0,191545.0,130300.0,16200.0,490300.0,50,777
2980,295451652,0.09216693929298647,-10874.849999999999,1087485.0,197985.0,227500.0,16200.0,645800.0,50,777
2981,710982973,0.09209320574155208,-7998.6500000000015,799865.0,188845.0,58600.0,16120.0,536300.0,50,777
2982,60131188,0.09201953117695884,-8136.125000000001,813612.5,189232.5,84300.0,16280.0,523800.0,50,777
2983,646687367,0.09194591555201727,-11230.725000000004,1123072.5,193002.5,278700.0,16720.0,634650.0,50,777
2984,804318437,0.09187235881957566,-8047.424999999999,804742.5,186122.5,80400.0,16320.0,521900.0,50,777
2985,498660937,0.09179886093252,-7928.949999999999,792895.0,196705.0,110800.0,16440.0,468950.0,50,777
2986,54365968,0.09172542184377398,-7520.374999999999,752037.5,190577.5,34500.0,16360.0,510600.0,50,777
2987,987147365,0.09165204150629896,-8349.4,834940.0,192160.0,100500.0,15080.0,527200.0,50,778
2988,578883221,0.09157871987309392,-9722.675,972267.5,196707.5,197000.0,16960.0,561600.0,50,778
2989,488814965,0.09150545689719544,-8786.925000000001,878692.5,190962.5,133500.0,16680.0,537550.0,50,778
2990,843581860,0.09143225253167768,-8317.224999999999,831722.5,189982.5,138800.0,17840.0,485100.0,50,778
2991,821041470,0.09135910672965233,-9728.95,972895.0,196515.0,176600.0,17880.0,581900.0,50,778
2992,525615596,0.0912860194442686,-8581.7,858170.0,196520.0,46400.0,17000.0,598250.0,50,778
2993,968779548,0.09121299062871319,-10779.75,1077975.0,192055.0,241700.0,15920.0,628300.0,50,778
2994,31084504,0.09114002023621022,-9652.699999999999,965270.0,198910.0,212300.0,15560.0,538500.0,50,778
2995,246798191,0.09106710822002125,-8654.925,865492.5,187982.5,201300.0,15160.0,461050.0,50,778
2996,418510788,0.09099425453344523,-6213.075000000003,621307.5,178157.5,43800.0,15200.0,384150.0,50,778
2997,24063153,0.09092145912981847,-7265.400000000003,726540.0,184900.0,106300.0,15040.0,420300.0,50,778
2998,196652049,0.09084872196251462,-9381.55,938155.0,193185.0,164600.0,15320.0,565050.0,50,778
2999,444529950,0.0907760429849446,-7306.4000000000015,730640.0,193590.0,97600.0,15200.0,424250.0,50,778
3000,493230186,0.09070342215055664,-8455.349999999999,845535.0,189155.0,125900.0,16280.0,514200.0,50,779
3001,730849025,0.09063085941283619,-8078.025000000001,807802.5,186082.5,68700.0,14920.0,538100.0,50,779
3002,47472298,0.09055835472530592,-8649.474999999999,864947.5,185917.5,89400.0,15480.0,574150.0,50,779
3003,883110308,0.09048590804152568,-6028.750000000001,602875.0,190585.0,81200.0,14240.0,316850.0,50,779
3004,565810116,0.09041351931509245,-7975.625,797562.5,191422.5,60000.0,15640.0,530500.0,50,779
3005,905835215,0.09034118849964037,-12818.674999999997,1281867.5,205277.5,349300.0,17040.0,710250.0,50,779
3006,303748734,0.09026891554884066,-8519.425,851942.5,177702.5,224700.0,15640.0,433900.0,50,779
3007,537852237,0.09019670041640158,-6675.125000000001,667512.5,193122.5,62100.0,14240.0,398050.0,50,779
3008,407537374,0.09012454305606846,-8892.725,889272.5,186932.5,139700.0,16040.0,546600.0,50,779
3009,415968662,0.0900524434216236,-7724.499999999999,772450.0,193350.0,121700.0,15800.0,441600.0,50,779
3010,348363808,0.08998040146688631,-11920.925000000001,1192092.5,195712.5,222100.0,16880.0,757400.0,50,779
3011,879229800,0.0899084171457128,-7445.4749999999985,744547.5,180807.5,85700.0,15440.0,462600.0,50,779
3012,399478881,0.08983649041199622,-10627.275000000001,1062727.5,197957.5,270900.0,16920.0,576950.0,50,779
3013,474785321,0.08976462121966662,-8844.699999999999,884470.0,191750.0,138500.0,15720.0,538500.0,50,779
3014,573042678,0.08969280952269089,-8738.949999999999,873895.0,189735.0,150000.0,15760.0,518400.0,50,779
3015,559593349,0.08962105527507273,-6894.4,689440.0,185970.0,93200.0,16720.0,393550.0,50,779
3016,966284340,0.08954935843085267,-11349.050000000001,1134905.0,198975.0,222500.0,17680.0,695750.0,50,779
3017,61238800,0.08947771894410798,-8598.050000000003,859805.0,187415.0,118400.0,17640.0,536350.0,50,779
3018,993831556,0.08940613676895269,-10178.000000000004,1017800.0,191290.0,183200.0,16560.0,626750.0,50,779
3019,978950102,0.08933461185953753,-8951.075,895107.5,191177.5,141600.0,15280.0,547050.0,50,779
3020,959932452,0.08926314417004991,-7244.1500000000015,724415.0,186785.0,15600.0,15680.0,506350.0,50,779
3021,375972772,0.08919173365471386,-12335.500000000002,1233550.0,201130.0,145800.0,16920.0,869700.0,50,779
3022,802545712,0.0891203802677901,-9075.249999999998,907525.0,190515.0,70900.0,16960.0,629150.0,50,779
3023,115412588,0.08904908396357586,-8301.9,830190.0,196210.0,78600.0,17080.0,538300.0,50,779
3024,217019064,0.08897784469640499,-9611.599999999997,961160.0,194180.0,162800.0,16080.0,588100.0,50,779
3025,556790599,0.08890666242064786,-10497.150000000001,1049715.0,196785.0,162900.0,16480.0,673550.0,50,779
3026,367688466,0.08883553709071135,-10572.150000000001,1057215.0,198895.0,189200.0,16720.0,652400.0,50,779
3027,28999697,0.08876446866103878,-7338.400000000001,733840.0,197630.0,64800.0,14960.0,456450.0,50,779
3028,707007537,0.08869345708610994,-8375.425000000001,837542.5,191232.5,104000.0,16160.0,526150.0,50,779
3029,541866612,0.08862250232044105,-6865.299999999999,686530.0,174060.0,106200.0,15920.0,390350.0,50,779
3030,375652462,0.0885516043185847,-9003.925000000001,900392.5,191622.5,209900.0,16120.0,482750.0,50,779
3031,619156211,0.08848076303512983,-8169.624999999999,816962.5,193262.5,52100.0,16200.0,555400.0,50,779
3032,382260085,0.08840997842470173,-8541.124999999998,854112.5,194562.5,118100.0,16600.0,524850.0,50,780
3033,74348486,0.08833925044196198,-11341.374999999996,1134137.5,199697.5,316800.0,16440.0,601200.0,50,781
3034,772279156,0.0882685790416084,-9217.775,921777.5,191467.5,82700.0,15960.0,631650.0,50,781
3035,721027782,0.08819796417837511,-9241.975,924197.5,193557.5,151800.0,16040.0,562800.0,50,781
3036,700829569,0.0881274058070324,-8464.075000000003,846407.5,184087.5,109600.0,16920.0,535800.0,50,781
3037,111902700,0.08805690388238678,-9310.050000000003,931005.0,195865.0,147400.0,16640.0,571100.0,50,781
3038,474547081,0.08798645835928087,-11714.525000000001,1171452.5,200132.5,210700.0,17720.0,742900.0,50,781
3039,311855996,0.08791606919259344,-5893.399999999999,589340.0,188360.0,0.0,15680.0,385300.0,50,781
3040,61081548,0.08784573633723937,-7923.549999999999,792355.0,191705.0,124900.0,14800.0,460950.0,50,782
3041,403639776,0.08777545974816958,-10947.525000000001,1094752.5,197382.5,332300.0,16120.0,548950.0,50,782
3042,505922219,0.08770523938037104,-8374.85,837485.0,191845.0,29600.0,16440.0,599600.0,50,782
3043,503977968,0.08763507518886675,-7636.050000000001,763605.0,188295.0,49700.0,16760.0,508850.0,50,782
3044,596581145,0.08756496712871566,-8652.824999999999,865282.5,194602.5,58600.0,16480.0,595600.0,50,782
3045,550028416,0.08749491515501268,-10306.3,1030630.0,196440.0,105200.0,17240.0,711750.0,50,782
3046,2423332,0.08742491922288867,-9837.050000000001,983705.0,184725.0,193700.0,15680.0,589600.0,50,782
3047,391995942,0.08735497928751036,-7911.099999999999,791110.0,194130.0,3500.0,16680.0,576800.0,50,782
3048,187749098,0.08728509530408035,-7324.325000000003,732432.5,193702.5,33000.0,16680.0,489050.0,50,782
3049,75433127,0.08721526722783708,-8162.375000000002,816237.5,194977.5,85800.0,17360.0,518100.0,50,782
3050,958459951,0.08714549501405482,-9015.025,901502.5,194012.5,80400.0,16640.0,610450.0,50,782
3051,731174452,0.08707577861804357,-9424.974999999999,942497.5,189347.5,130600.0,18200.0,604350.0,50,782
3052,143481957,0.08700611799514912,-12931.024999999998,1293102.5,197512.5,370400.0,17240.0,707950.0,50,782
3053,555737844,0.086936513100753,-7669.725,766972.5,187382.5,110800.0,16440.0,452350.0,50,782
3054,381889866,0.08686696389027239,-9865.499999999998,986550.0,190940.0,140000.0,16360.0,639250.0,50,782
3055,386411180,0.08679747031916017,-8134.525,813452.5,195272.5,52800.0,16880.0,548500.0,50,782
3056,535456996,0.08672803234290484,-9707.800000000001,970780.0,191460.0,87600.0,17520.0,674200.0,50,782
3057,591860305,0.08665864991703051,-9717.6,971760.0,190160.0,74600.0,18000.0,689000.0,50,782
3058,749832921,0.08658932299709689,-11747.724999999999,1174772.5,198982.5,349300.0,15840.0,610650.0,50,782
3059,230089206,0.08652005153869921,-6884.200000000001,688420.0,192580.0,58900.0,15240.0,421700.0,50,782
3060,512258595,0.08645083549746825,-10644.600000000002,1064460.0,199230.0,208200.0,17480.0,639550.0,50,782
3061,784434559,0.08638167482907028,-12430.35,1243035.0,200875.0,250200.0,16760.0,775200.0,50,782
3062,852808115,0.08631256948920701,-8927.574999999999,892757.5,191687.5,110700.0,15120.0,575250.0,50,782
3063,741447813,0.08624351943361565,-8721.875,872187.5,193247.5,35600.0,16440.0,626900.0,50,782
3064,867980431,0.08617452461806875,-8773.075,877307.5,190767.5,118800.0,17240.0,550500.0,50,782
3065,616190274,0.0861055849983743,-10200.324999999999,1020032.5,197832.5,175300.0,17200.0,629700.0,50,782
3066,531124362,0.0860367005303756,-11409.95,1140995.0,203205.0,207400.0,17040.0,713350.0,50,782
3067,988954727,0.08596787116995129,-9494.750000000004,949475.0,196345.0,182400.0,16280.0,554450.0,50,782
3068,854235173,0.08589909687301532,-11510.975000000004,1151097.5,196517.5,300000.0,17480.0,637100.0,50,782
3069,899449907,0.08583037759551691,-7064.750000000001,706475.0,184245.0,86000.0,16080.0,420150.0,50,782
3070,687647993,0.0857617132934405,-6916.5999999999985,691660.0,187120.0,9200.0,15840.0,479500.0,50,782
3071,199520625,0.08569310392280574,-8446.525,844652.5,189732.5,148000.0,15720.0,491200.0,50,782
3072,650242658,0.08562454943966749,-6844.4,684440.0,184700.0,34700.0,17240.0,447800.0,50,782
3073,928425769,0.08555604980011576,-6110.3,611030.0,185080.0,35900.0,15200.0,374850.0,50,782
3074,265912792,0.08548760496027566,-7741.425000000001,774142.5,186382.5,32200.0,16760.0,538800.0,50,782
3075,305068336,0.08541921487630744,-12438.850000000004,1243885.0,203455.0,342700.0,16480.0,681250.0,50,782
3076,637022498,0.08535087950440638,-6653.549999999998,665355.0,187895.0,37600.0,15760.0,424100.0,50,782
3077,362708058,0.08528259880080286,-9417.05,941705.0,193205.0,196600.0,16000.0,535900.0,50,782
3078,598947853,0.08521437272176222,-7760.200000000001,776020.0,188540.0,107600.0,17280.0,462600.0,50,782
3079,310693177,0.08514620122358481,-7256.775000000002,725677.5,178617.5,93000.0,15560.0,438500.0,50,782
3080,709783535,0.08507808426260594,-9063.875,906387.5,192117.5,125700.0,16320.0,572250.0,50,782
3081,260660126,0.08501002179519584,-10211.799999999997,1021180.0,199930.0,161000.0,16400.0,643850.0,50,782
3082,79029483,0.08494201377775969,-9305.274999999998,930527.5,189107.5,235400.0,15120.0,490900.0,50,782
3083,667120245,0.08487406016673747,-8638.85,863885.0,194725.0,84900.0,16760.0,567500.0,50,782
3084,883200950,0.08480616091860409,-9133.65,913365.0,197755.0,100800.0,16360.0,598450.0,50,782
3085,694936468,0.0847383159898692,-8558.599999999999,855860.0,189930.0,64800.0,16880.0,584250.0,50,782
3086,353022647,0.0846705253370773,-11262.2,1126220.0,198130.0,235600.0,16840.0,675650.0,50,782
3087,121131224,0.08460278891680763,-9581.35,958135.0,189005.0,175700.0,16680.0,576750.0,50,782
3088,140184036,0.08453510668567418,-10039.849999999999,1003985.0,191195.0,112600.0,17640.0,682550.0,50,782
3089,791294189,0.08446747860032564,-7923.250000000001,792325.0,192525.0,99400.0,16200.0,484200.0,50,782
3090,493148540,0.08439990461744537,-7898.450000000001,789845.0,192605.0,95300.0,15640.0,486300.0,50,782
3091,556683587,0.08433238469375141,-7178.45,717845.0,183165.0,105100.0,15480.0,414100.0,50,782
3092,268659531,0.08426491878599641,-9644.474999999997,964447.5,186957.5,141000.0,16040.0,620450.0,50,783
3093,298978974,0.08419750685096762,-10032.825,1003282.5,192672.5,271100.0,16760.0,522750.0,50,783
3094,443872215,0.08413014884548685,-9176.45,917645.0,198505.0,143300.0,16240.0,559600.0,50,783
3095,877180315,0.08406284472641046,-8771.1,877110.0,182030.0,112100.0,16880.0,566100.0,50,783
3096,300458854,0.08399559445062933,-12096.125000000002,1209612.5,202782.5,387500.0,15880.0,603450.0,50,784
3097,170797003,0.08392839797506883,-7693.874999999999,769387.5,192407.5,30800.0,16480.0,529700.0,50,784
3098,856287535,0.08386125525668878,-12177.749999999998,1217775.0,196625.0,293200.0,17400.0,710550.0,50,784
3099,501704322,0.08379416625248343,-9083.05,908305.0,193395.0,169400.0,16560.0,528950.0,50,784
3100,857329917,0.08372713091948143,-10462.325,1046232.5,196032.5,242000.0,16200.0,592000.0,50,784
3101,108588284,0.08366014921474585,-10167.275,1016727.5,191067.5,206200.0,17560.0,601900.0,50,784
3102,311667306,0.08359322109537405,-11173.374999999998,1117337.5,197867.5,296600.0,16920.0,605950.0,50,784
3103,261691131,0.08352634651849775,-7021.9749999999985,702197.5,181497.5,98800.0,16400.0,405500.0,50,784
3104,260291716,0.08345952544128295,-7533.774999999999,753377.5,189477.5,80400.0,16600.0,466900.0,50,784
3105,633350956,0.08339275782092992,-8747.075,874707.5,193687.5,105500.0,16520.0,559000.0,50,784
3106,944342217,0.08332604361467318,-8144.025,814402.5,194022.5,26700.0,16280.0,577400.0,50,784
3107,644561879,0.08325938277978144,-10178.174999999994,1017817.5,196337.5,222800.0,15880.0,582800.0,50,784
3108,388503556,0.08319277527355762,-8082.075000000002,808207.5,193077.5,91400.0,15280.0,508450.0,50,784
3109,388221828,0.08312622105333876,-8488.349999999999,848835.0,187365.0,59600.0,16920.0,584950.0,50,784
3110,414138478,0.08305972007649609,-11412.524999999996,1141252.5,201392.5,264000.0,15760.0,660100.0,50,784
3111,183928123,0.08299327230043489,-11958.550000000003,1195855.0,197475.0,270100.0,16880.0,711400.0,50,784
3112,555767051,0.08292687768259455,-8428.550000000003,842855.0,193785.0,90000.0,16320.0,542750.0,50,784
3113,22699104,0.08286053618044847,-6974.425,697442.5,173162.5,57200.0,16080.0,451000.0,50,784
3114,732152837,0.08279424775150411,-8296.099999999999,829610.0,191290.0,69300.0,15920.0,553100.0,50,784
3115,633112035,0.0827280123533029,-8302.675,830267.5,194317.5,160200.0,16000.0,459750.0,50,784
3116,414568504,0.08266182994342026,-6459.05,645905.0,189465.0,11200.0,15840.0,429400.0,50,784
3117,433290259,0.08259570047946553,-7634.274999999999,763427.5,190897.5,72700.0,16080.0,483750.0,50,784
3118,336315319,0.08252962391908196,-8376.224999999999,837622.5,194422.5,172400.0,16200.0,454600.0,50,784
3119,407397164,0.0824636002199467,-7179.575,717957.5,183237.5,49600.0,15520.0,469600.0,50,784
3120,147616453,0.08239762933977074,-6367.775000000001,636777.5,189617.5,11600.0,16360.0,419200.0,50,784
3121,941232476,0.08233171123629893,-11368.825000000003,1136882.5,197402.5,289600.0,16880.0,633000.0,50,784
3122,680072296,0.08226584586730988,-6199.650000000001,619965.0,182325.0,87200.0,15040.0,335400.0,50,785
3123,662329939,0.08220003319061603,-9582.65,958265.0,189015.0,48300.0,16800.0,704150.0,50,785
3124,855503696,0.08213427316406353,-7563.375000000001,756337.5,196717.5,28800.0,16320.0,514500.0,50,785
3125,332078376,0.08206856574553228,-7555.7750000000015,755577.5,190657.5,78200.0,16520.0,470200.0,50,785
3126,876000226,0.08200291089293586,-11226.75,1122675.0,201685.0,238200.0,16840.0,665950.0,50,785
3127,101444183,0.08193730856422152,-9707.199999999999,970720.0,196300.0,245200.0,15720.0,513500.0,50,785
3128,333962313,0.08187175871737014,-9468.149999999998,946815.0,194155.0,204200.0,15560.0,532900.0,50,785
3129,500387338,0.08180626131039624,-7754.599999999999,775460.0,187920.0,147200.0,14640.0,425700.0,50,785
3130,832787419,0.08174081630134793,-9671.4,967140.0,195660.0,219500.0,15680.0,536300.0,50,785
3131,195868725,0.08167542364830685,-11353.699999999999,1135370.0,198640.0,185900.0,16880.0,733950.0,50,785
3132,307661708,0.0816100833093882,-8198.574999999999,819857.5,195127.5,800.0,16680.0,607250.0,50,785
3133,140776863,0.08154479524274068,-9583.400000000001,958340.0,183610.0,116400.0,16480.0,641850.0,50,785
3134,47662838,0.08147955940654648,-10279.325,1027932.5,196462.5,202800.0,16720.0,611950.0,50,785
3135,806180181,0.08141437575902125,-9187.949999999997,918795.0,193885.0,245500.0,15960.0,463450.0,50,785
3136,349210543,0.08134924425841403,-5345.325,534532.5,178602.5,4400.0,14680.0,336850.0,50,785
3137,668865042,0.0812841648630073,-10233.149999999998,1023315.0,193815.0,117500.0,16600.0,695400.0,50,785
3138,75458440,0.08121913753111688,-13333.375000000004,1333337.5,201937.5,383800.0,16000.0,731600.0,50,785
3139,266401750,0.081154162221092,-8382.425,838242.5,190082.5,160900.0,15160.0,472100.0,50,785
3140,458885307,0.08108923889131511,-9236.800000000003,923680.0,195170.0,76000.0,16360.0,636150.0,50,785
3141,399654743,0.08102436750020206,-8773.949999999999,877395.0,194175.0,114000.0,15520.0,553700.0,50,785
3142,364206617,0.08095954800620189,-8953.975,895397.5,192367.5,128700.0,16480.0,557850.0,50,785
3143,703387545,0.08089478036779693,-6418.275,641827.5,185137.5,84400.0,15440.0,356850.0,50,785
3144,271915921,0.0808300645435027,-10086.799999999997,1008680.0,195060.0,51600.0,16320.0,745700.0,50,785
3145,837527343,0.0807654004918679,-7242.624999999999,724262.5,186862.5,56000.0,15800.0,465600.0,50,785
3146,414244548,0.0807007881714744,-8166.725000000001,816672.5,193452.5,122400.0,16120.0,484700.0,50,785
3147,934105122,0.08063622754093722,-7580.975000000001,758097.5,188447.5,110100.0,15200.0,444350.0,50,785
3148,12311135,0.08057171855890446,-7429.524999999999,742952.5,194072.5,174800.0,16080.0,358000.0,50,785
3149,97165023,0.08050726118405734,-8628.725,862872.5,182852.5,154100.0,16120.0,509800.0,50,785
3150,826773990,0.08044285537511009,-7083.400000000001,708340.0,187870.0,67600.0,15120.0,437750.0,50,785
3151,420214030,0.08037850109081,-9338.225,933822.5,196962.5,228000.0,15760.0,493100.0,50,785
3152,439113657,0.08031419828993736,-9518.4,951840.0,197770.0,181200.0,16720.0,556150.0,50,785
3153,7859880,0.08024994693130541,-14527.049999999997,1452705.0,201955.0,390800.0,16800.0,843150.0,50,785
3154,662112684,0.08018574697376037,-8247.924999999996,824792.5,191722.5,75000.0,15720.0,542350.0,50,785
3155,397631544,0.08012159837618135,-7267.825,726782.5,184172.5,59100.0,16560.0,466950.0,50,785
3156,454545958,0.0800575010974804,-7364.125,736412.5,186432.5,91200.0,15680.0,443100.0,50,785
3157,376133254,0.07999345509660241,-8806.124999999998,880612.5,189632.5,10800.0,16480.0,663700.0,50,785
3158,168860114,0.07992946033252513,-6504.275000000001,650427.5,183737.5,85200.0,15640.0,365850.0,50,785
3159,642479248,0.0798655167642591,-9333.100000000002,933310.0,191000.0,156400.0,17160.0,568750.0,50,785
3160,444346481,0.07980162435084769,-5975.375000000002,597537.5,184767.5,0.0,15920.0,396850.0,50,785
3161,924891946,0.079737783051367,-9600.85,960085.0,198265.0,164400.0,16120.0,581300.0,50,785
3162,877818795,0.0796739928249259,-12219.45,1221945.0,201005.0,177000.0,17640.0,826300.0,50,785
3163,269816288,0.07961025363066596,-10293.175,1029317.5,198557.5,137200.0,17160.0,676400.0,50,785
3164,604983288,0.07954656542776142,-10265.999999999998,1026600.0,201220.0,180400.0,17080.0,627900.0,50,785
3165,88094747,0.07948292817541922,-6402.15,640215.0,189235.0,93600.0,15880.0,341500.0,50,785
3166,538366262,0.07941934183287888,-8383.825,838382.5,192662.5,142000.0,15120.0,488600.0,50,785
3167,440680135,0.07935580635941257,-8420.6,842060.0,179720.0,123900.0,16640.0,521800.0,50,785
3168,532404373,0.07929232171432504,-8325.150000000001,832515.0,186005.0,70000.0,16760.0,559750.0,50,786
3169,243446226,0.07922888785695358,-8008.399999999998,800840.0,178390.0,119600.0,16400.0,486450.0,50,786
3170,707797671,0.07916550474666802,-8415.375000000002,841537.5,192947.5,76200.0,16840.0,555550.0,50,786
3171,268874718,0.07910217234287067,-8397.724999999999,839772.5,194712.5,44500.0,16760.0,583800.0,50,786
3172,825693190,0.07903889060499637,-9897.949999999997,989795.0,197715.0,257100.0,15480.0,519500.0,50,786
3173,926197761,0.07897565949251237,-8851.849999999999,885185.0,198405.0,142000.0,16280.0,528500.0,50,786
3174,851537398,0.07891247896491836,-10220.35,1022035.0,193705.0,184800.0,16280.0,627250.0,50,786
3175,467689150,0.07884934898174642,-8422.599999999997,842260.0,193440.0,162400.0,15920.0,470500.0,50,786
3176,862976138,0.07878626950256103,-9235.949999999999,923595.0,187035.0,99600.0,16960.0,620000.0,50,786
3177,439307416,0.07872324048695897,-6824.774999999999,682477.5,185827.5,63500.0,15200.0,417950.0,50,786
3178,587132015,0.0786602618945694,-10018.900000000001,1001890.0,197660.0,176500.0,16680.0,611050.0,50,786
3179,50965730,0.07859733368505374,-14191.474999999999,1419147.5,204537.5,340400.0,16560.0,857650.0,50,786
3180,667367884,0.0785344558181057,-9931.05,993105.0,198665.0,142000.0,17240.0,635200.0,50,786
3181,57109518,0.0784716282534512,-10321.050000000003,1032105.0,196255.0,123500.0,17400.0,694950.0,50,786
3182,156000613,0.07840885095084844,-11717.749999999998,1171775.0,200655.0,376900.0,15520.0,578700.0,50,786
3183,146727241,0.07834612387008777,-7931.825000000001,793182.5,191692.5,115500.0,16240.0,469750.0,50,786
3184,127143901,0.0782834469709917,-9015.200000000003,901520.0,195340.0,78700.0,16480.0,611000.0,50,786
3185,28182012,0.07822082021341491,-10373.074999999999,1037307.5,197157.5,128400.0,17800.0,693950.0,50,786
3186,964680244,0.07815824355724417,-8415.575,841557.5,189447.5,46300.0,16760.0,589050.0,50,786
3187,96315292,0.07809571696239838,-9849.9,984990.0,172620.0,254600.0,16120.0,541650.0,50,787
3188,571851623,0.07803324038882846,-8789.900000000001,878990.0,188940.0,144800.0,15800.0,529450.0,50,787
3189,37387760,0.0779708137965174,-11755.875000000002,1175587.5,198637.5,308000.0,17000.0,651950.0,50,787
3190,678390208,0.07790843714548018,-9475.374999999998,947537.5,186577.5,183200.0,16560.0,561200.0,50,787
3191,615170410,0.07784611039576379,-12211.675,1221167.5,196217.5,304900.0,17000.0,703050.0,50,787
3192,4430862,0.07778383350744718,-6640.0,664000.0,188850.0,22000.0,16000.0,437150.0,50,787
3193,898494228,0.07772160644064122,-6408.225,640822.5,179522.5,74600.0,16200.0,370500.0,50,787
3194,586690263,0.07765942915548871,-9931.849999999999,993185.0,194005.0,234900.0,15880.0,548400.0,50,787
3195,750010260,0.07759730161216431,-9287.224999999997,928722.5,196112.5,214300.0,14960.0,503350.0,50,787
3196,854632462,0.07753522377087457,-11355.324999999999,1135532.5,199082.5,252900.0,17600.0,665950.0,50,787
3197,226945571,0.07747319559185788,-9855.625,985562.5,190202.5,114400.0,17560.0,663400.0,50,787
3198,726623296,0.0774112170353844,-7620.475,762047.5,192027.5,109600.0,16520.0,443900.0,50,787
3199,242783719,0.07734928806175609,-10284.674999999997,1028467.5,191977.5,205800.0,16640.0,614050.0,50,787
3200,940879056,0.07728740863130668,-9177.0,917700.0,191930.0,74700.0,16920.0,634150.0,50,787
3201,390156759,0.07722557870440162,-9049.325,904932.5,197822.5,97200.0,16960.0,592950.0,50,787
3202,545567023,0.0771637982414381,-10512.324999999999,1051232.5,188732.5,100800.0,17800.0,743900.0,50,787
3203,812912378,0.07710206720284495,-8250.374999999998,825037.5,187807.5,126400.0,16080.0,494750.0,50,787
3204,489833949,0.07704038554908267,-10627.7,1062770.0,192740.0,244600.0,16080.0,609350.0,50,787
3205,702785892,0.0769787532406434,-8779.525000000005,877952.5,192092.5,79200.0,15560.0,591100.0,50,787
3206,663858146,0.07691717023805089,-8424.599999999999,842460.0,176080.0,111500.0,16480.0,538400.0,50,787
3207,348045841,0.07685563650186045,-11566.325000000003,1156632.5,200752.5,194000.0,17080.0,744800.0,50,787
3208,340188563,0.07679415199265896,-9697.875000000002,969787.5,178927.5,215800.0,16160.0,558900.0,50,787
3209,564135552,0.07673271667106484,-10115.125000000004,1011512.5,201712.5,215800.0,15800.0,578200.0,50,787
3210,61797789,0.07667133049772798,-11128.9,1112890.0,195920.0,119100.0,17320.0,780550.0,50,787
3211,277030610,0.07660999343332979,-9943.875000000002,994387.5,195367.5,128400.0,16720.0,653900.0,50,787
3212,846002495,0.07654870543858312,-9537.150000000001,953715.0,195645.0,234300.0,15520.0,508250.0,50,787
3213,284318640,0.07648746647423225,-8448.7,844870.0,186040.0,121200.0,15280.0,522350.0,50,787
3214,76436152,0.07642627650105287,-11974.225000000002,1197422.5,200152.5,353300.0,16520.0,627450.0,50,787
3215,286541037,0.07636513547985202,-11540.799999999997,1154080.0,198820.0,316700.0,16560.0,622000.0,50,787
3216,94135297,0.07630404337146814,-7641.024999999998,764102.5,186552.5,74400.0,16200.0,486950.0,50,787
3217,384802544,0.07624300013677096,-9958.550000000001,995855.0,193885.0,234100.0,16320.0,551550.0,50,787
3218,924305172,0.07618200573666155,-8771.775000000001,877177.5,196587.5,54400.0,17040.0,609150.0,50,787
3219,615416563,0.07612106013207222,-12398.675000000003,1239867.5,192497.5,329800.0,16720.0,700850.0,50,787
3220,547788662,0.07606016328396656,-6595.950000000002,659595.0,190075.0,14000.0,16120.0,439400.0,50,787
3221,242468187,0.07599931515333938,-8927.024999999998,892702.5,198022.5,101500.0,16480.0,576700.0,50,787
3222,370582253,0.07593851570121671,-8026.725,802672.5,193002.5,118800.0,16120.0,474750.0,50,787
3223,565996960,0.07587776488865573,-9614.874999999996,961487.5,197577.5,142000.0,17560.0,604350.0,50,787
3224,931573662,0.0758170626767448,-9072.525000000001,907252.5,198042.5,143600.0,15360.0,550250.0,50,787
3225,746377388,0.07575640902660341,-10711.8,1071180.0,195770.0,132100.0,16560.0,726750.0,50,787
3226,728353091,0.07569580389938213,-7819.100000000001,781910.0,195810.0,62800.0,16200.0,507100.0,50,787
3227,300790678,0.07563524725626262,-8419.750000000002,841975.0,194555.0,102800.0,17320.0,527300.0,50,787
3228,764799524,0.07557473905845762,-9893.449999999999,989345.0,198855.0,126400.0,16440.0,647650.0,50,787
3229,916203589,0.07551427926721085,-9007.475,900747.5,188797.5,168600.0,15200.0,528150.0,50,787
3230,257336587,0.07545386784379708,-7894.599999999999,789460.0,190140.0,44700.0,16320.0,538300.0,50,787
3231,447260094,0.07539350474952204,-9947.475000000002,994747.5,184967.5,163100.0,15880.0,630800.0,50,787
3232,490453354,0.07533318994572243,-10865.45,1086545.0,200035.0,198400.0,16360.0,671750.0,50,788
3233,412417985,0.07527292339376584,-9922.45,992245.0,183445.0,369700.0,15200.0,423900.0,50,788
3234,700582073,0.07521270505505083,-9899.550000000001,989955.0,198615.0,190300.0,15640.0,585400.0,50,788
3235,532666653,0.07515253489100679,-14006.199999999993,1400620.0,206540.0,413300.0,16680.0,764100.0,50,788
3236,337111969,0.07509241286309398,-9698.15,969815.0,190625.0,153100.0,15840.0,610250.0,50,788
3237,521052310,0.0750323389328035,-8948.475,894847.5,199657.5,145600.0,17040.0,532550.0,50,788
3238,655136768,0.07497231306165726,-8448.4,844840.0,188540.0,158600.0,15800.0,481900.0,50,788
3239,927642934,0.07491233521120794,-9787.125,978712.5,195542.5,167300.0,16320.0,599550.0,50,788
3240,317356498,0.07485240534303897,-11383.099999999999,1138310.0,193860.0,297100.0,17000.0,630350.0,50,788
3241,599702888,0.07479252341876454,-10209.125,1020912.5,196262.5,162800.0,16800.0,645050.0,50,788
3242,281247581,0.07473268940002953,-10552.850000000004,1055285.0,200005.0,149100.0,17280.0,688900.0,50,788
3243,774254230,0.0746729032485095,-7703.5,770350.0,183920.0,46500.0,16880.0,523050.0,50,788
3244,967548892,0.07461316492591069,-9666.875,966687.5,189747.5,252100.0,15440.0,509400.0,50,788
3245,445185967,0.07455347439396996,-8742.525,874252.5,197772.5,149700.0,15080.0,511700.0,50,788
3246,196435373,0.07449383161445479,-7288.7249999999985,728872.5,186632.5,11600.0,16440.0,514200.0,50,788
3247,408901834,0.07443423654916323,-6872.299999999998,687230.0,188380.0,42200.0,16800.0,439850.0,50,788
3248,692995728,0.0743746891599239,-9871.375,987137.5,194087.5,214900.0,16400.0,561750.0,50,788
3249,309651388,0.07431518940859597,-9358.150000000001,935815.0,191355.0,214100.0,16160.0,514200.0,50,788
3250,490726585,0.07425573725706909,-9258.725,925872.5,191282.5,141900.0,16240.0,576450.0,50,788
3251,528431763,0.07419633266726343,-10365.075,1036507.5,197457.5,246200.0,15800.0,577050.0,50,788
3252,182753879,0.07413697560112961,-13248.925000000001,1324892.5,203962.5,350800.0,17080.0,753050.0,50,788
3253,245682268,0.0740776660206487,-7968.45,796845.0,189205.0,23000.0,17440.0,567200.0,50,788
3254,544771347,0.07401840388783218,-9008.675,900867.5,180827.5,90000.0,16840.0,613200.0,50,788
3255,657614996,0.07395918916472191,-9675.324999999999,967532.5,197272.5,166400.0,15760.0,588100.0,50,788
3256,790411540,0.07390002181339013,-8699.724999999999,869972.5,189682.5,135000.0,15640.0,529650.0,50,788
3257,770705796,0.07384090179593941,-10880.45,1088045.0,199765.0,236800.0,16880.0,634600.0,50,788
3258,470191476,0.07378182907450266,-9214.2,921420.0,193570.0,148000.0,15400.0,564450.0,50,788
3259,635689126,0.07372280361124306,-7568.85,756885.0,195975.0,84000.0,15960.0,460950.0,50,788
3260,242022927,0.07366382536835406,-6538.225,653822.5,180252.5,72300.0,16120.0,385150.0,50,788
3261,567387376,0.07360489430805937,-8558.925000000001,855892.5,191942.5,128400.0,15800.0,519750.0,50,788
3262,936461160,0.07354601039261292,-7783.099999999998,778310.0,190970.0,167800.0,15840.0,403700.0,50,788
3263,689951765,0.07348717358429883,-12156.025000000003,1215602.5,202792.5,261000.0,16760.0,735050.0,50,788
3264,39427649,0.07342838384543139,-10908.474999999997,1090847.5,190527.5,318400.0,16720.0,565200.0,50,788
3265,424921483,0.07336964113835505,-12214.175000000001,1221417.5,196157.5,275400.0,17560.0,732300.0,50,788
3266,392635751,0.07331094542544436,-10641.875000000002,1064187.5,200047.5,184200.0,17040.0,662900.0,50,788
3267,729443585,0.073252296669104,-9349.275000000003,934927.5,194697.5,123800.0,16480.0,599950.0,50,788
3268,919568230,0.07319369483176871,-7104.924999999998,710492.5,181712.5,84000.0,16480.0,428300.0,50,788
3269,269407008,0.0731351398759033,-9619.000000000002,961900.0,197150.0,177200.0,16000.0,571550.0,50,788
3270,723908286,0.07307663176400257,-5897.249999999998,589725.0,190755.0,17200.0,15120.0,366650.0,50,788
3271,256580756,0.07301817045859137,-7956.950000000001,795695.0,177875.0,41600.0,17120.0,559100.0,50,788
3272,18954407,0.07295975592222449,-10257.975,1025797.5,184027.5,116400.0,16320.0,709050.0,50,788
3273,951805932,0.07290138811748671,-11800.85,1180085.0,196855.0,331900.0,17080.0,634250.0,50,788
3274,832040311,0.07284306700699272,-10888.400000000001,1088840.0,197910.0,174000.0,16480.0,700450.0,50,788
3275,535017536,0.07278479255338713,-10134.375000000004,1013437.5,196757.5,266800.0,15480.0,534400.0,50,788
3276,899524686,0.07272656471934441,-8951.099999999999,895110.0,188840.0,142700.0,15920.0,547650.0,50,788
3277,963198358,0.07266838346756893,-8838.675000000001,883867.5,194637.5,165000.0,16080.0,508150.0,50,788
3278,516452544,0.07261024876079487,-10272.625,1027262.5,194092.5,108800.0,17720.0,706650.0,50,788
3279,873273689,0.07255216056178623,-6965.425000000001,696542.5,189722.5,79000.0,15520.0,412300.0,50,788
3280,735542579,0.0724941188333368,-10951.075,1095107.5,191747.5,279200.0,15760.0,608400.0,50,788
3281,851473534,0.07243612353827013,-7411.625000000001,741162.5,194352.5,56000.0,16360.0,474450.0,50,788
3282,24796087,0.0723781746394395,-13164.6,1316460.0,192870.0,400300.0,16240.0,707050.0,50,788
3283,810513363,0.07232027209972795,-8299.05,829905.0,193155.0,70800.0,16600.0,549350.0,50,788
3284,340022357,0.07226241588204817,-8987.7,898770.0,195400.0,110600.0,16720.0,576050.0,50,788
3285,735749567,0.07220460594934253,-8932.725,893272.5,194932.5,105000.0,16640.0,576700.0,50,788
3286,931125023,0.07214684226458305,-12292.95,1229295.0,204855.0,325800.0,16040.0,682600.0,50,788
3287,832161425,0.07208912479077138,-12599.574999999999,1259957.5,203147.5,305900.0,17160.0,733750.0,50,788
3288,608594797,0.07203145349093877,-9019.399999999998,901940.0,195280.0,190900.0,15760.0,500000.0,50,788
3289,215914936,0.07197382832814601,-11257.199999999999,1125720.0,196850.0,226700.0,15920.0,686250.0,50,788
3290,434690143,0.0719162492654835,-9504.450000000003,950445.0,192555.0,92700.0,16840.0,648350.0,50,788
3291,933186171,0.07185871626607111,-11439.975,1143997.5,193877.5,330900.0,16120.0,603100.0,50,788
3292,506449482,0.07180122929305825,-8199.675000000001,819967.5,188717.5,142300.0,16200.0,472750.0,50,788
3293,867952265,0.0717437883096238,-10036.074999999997,1003607.5,194607.5,166100.0,16800.0,626100.0,50,788
3294,300780162,0.07168639327897611,-11382.899999999996,1138290.0,200190.0,251900.0,15600.0,670600.0,50,788
3295,80064465,0.07162904416435292,-12068.7,1206870.0,196840.0,235700.0,17280.0,757050.0,50,788
3296,866011479,0.07157174092902144,-8899.65,889965.0,183275.0,231100.0,17040.0,458550.0,50,788
3297,250355120,0.07151448353627822,-11604.149999999996,1160415.0,196535.0,258200.0,16680.0,689000.0,50,788
3298,952190566,0.0714572719494492,-9050.325,905032.5,190482.5,107700.0,16800.0,590050.0,50,788
3299,615486991,0.07140010613188964,-8810.924999999997,881092.5,183752.5,94400.0,16640.0,586300.0,50,788
3300,635698394,0.07134298604698414,-9639.8,963980.0,186220.0,103900.0,16760.0,657100.0,50,788
3301,230400414,0.07128591165814654,-8254.174999999997,825417.5,186987.5,147800.0,17080.0,473550.0,50,788
3302,56166997,0.07122888292882003,-7058.275,705827.5,196347.5,38400.0,16480.0,454600.0,50,788
3303,710814124,0.07117189982247697,-13005.350000000002,1300535.0,199415.0,284600.0,16920.0,799600.0,50,788
3304,66984766,0.07111496230261899,-13279.075,1327907.5,203277.5,342500.0,15680.0,766450.0,50,788
3305,422101739,0.07105807033277689,-8564.15,856415.0,189705.0,163500.0,16160.0,487050.0,50,788
3306,74996446,0.07100122387651067,-8586.55,858655.0,189875.0,117500.0,15680.0,535600.0,50,788
3307,165681075,0.07094442289740946,-9921.824999999997,992182.5,194642.5,249700.0,14840.0,533000.0,50,788
3308,678082692,0.07088766735909154,-8041.825000000003,804182.5,195902.5,52800.0,15880.0,539600.0,50,788
3309,90670736,0.07083095722520426,-6194.025000000001,619402.5,186922.5,75700.0,15480.0,341300.0,50,788
3310,359635913,0.0707742924594241,-8147.350000000002,814735.0,194905.0,75600.0,16080.0,528150.0,50,788
3311,413483454,0.07071767302545656,-7883.975,788397.5,188757.5,23400.0,16040.0,560200.0,50,788
3312,212372342,0.0706610988870362,-9769.050000000001,976905.0,190265.0,289000.0,16240.0,481400.0,50,788
3313,95264501,0.07060457000792657,-6060.875,606087.5,187847.5,49700.0,16040.0,352500.0,50,788
3314,851591769,0.07054808635192023,-6980.15,698015.0,188435.0,65400.0,16680.0,427500.0,50,788
3315,986157376,0.07049164788283868,-8997.099999999999,899710.0,194940.0,95700.0,16920.0,592150.0,50,788
3316,666441599,0.07043525456453241,-8082.575000000002,808257.5,191397.5,136400.0,15960.0,464500.0,50,788
3317,235320814,0.07037890636088079,-9753.449999999999,975345.0,197975.0,212200.0,16520.0,548650.0,50,788
3318,779862264,0.07032260323579208,-6674.699999999998,667470.0,186080.0,3200.0,16640.0,461550.0,50,788
3319,343530178,0.07026634515320344,-9910.825000000003,991082.5,193632.5,322800.0,15800.0,458850.0,50,788
3320,196995623,0.07021013207708088,-5643.499999999999,564350.0,180590.0,36600.0,15560.0,331600.0,50,788
3321,750606879,0.07015396397141921,-9613.199999999997,961320.0,196460.0,119100.0,16960.0,628800.0,50,788
3322,998187885,0.07009784080024208,-8936.949999999997,893695.0,196355.0,146400.0,16440.0,534500.0,50,788
3323,542700617,0.07004176252760189,-9802.425000000001,980242.5,196532.5,200400.0,16560.0,566750.0,50,788
3324,82677234,0.0699857291175798,-7589.8,758980.0,192570.0,45900.0,16160.0,504350.0,50,788
3325,39796383,0.06992974053428574,-9779.925000000001,977992.5,196132.5,165300.0,17360.0,599200.0,50,788
3326,139075886,0.06987379674185831,-8423.775000000001,842377.5,200467.5,128000.0,15560.0,498350.0,50,788
3327,680889878,0.06981789770446482,-7789.875000000001,778987.5,188767.5,114400.0,16520.0,459300.0,50,788
3328,193527274,0.06976204338630125,-9835.5,983550.0,193010.0,205200.0,16440.0,568900.0,50,788
3329,469823861,0.06970623375159221,-7397.875000000003,739787.5,193197.5,77300.0,15640.0,453650.0,50,788
3330,325508070,0.06965046876459094,-9078.7,907870.0,190970.0,163600.0,17600.0,535700.0,50,788
3331,586233490,0.06959474838957927,-8094.625,809462.5,187232.5,209200.0,16480.0,396550.0,50,788
3332,896296846,0.0695390725908676,-9979.725,997972.5,182902.5,232400.0,15720.0,566950.0,50,788
3333,958854439,0.0694834413327949,-7614.299999999999,761430.0,186650.0,76700.0,15680.0,482400.0,50,788
3334,134932993,0.06942785457972867,-9200.65,920065.0,197125.0,76700.0,16040.0,630200.0,50,788
3335,965664435,0.06937231229606489,-9519.325,951932.5,193552.5,133400.0,17080.0,607900.0,50,788
3336,815296250,0.06931681444622803,-9504.525000000003,950452.5,196322.5,196000.0,15480.0,542650.0,50,788
3337,758080367,0.06926136099467105,-7715.35,771535.0,193875.0,74400.0,14960.0,488300.0,50,788
3338,389501049,0.06920595190587531,-7169.400000000001,716940.0,180980.0,104800.0,14760.0,416400.0,50,788
3339,723063387,0.0691505871443506,-6855.750000000001,685575.0,182675.0,66300.0,16000.0,420600.0,50,788
3340,863914943,0.06909526667463511,-8243.075,824307.5,195817.5,112000.0,16040.0,500450.0,50,788
3341,510700680,0.0690399904612954,-7832.025000000002,783202.5,192512.5,23200.0,15840.0,551650.0,50,788
3342,301032700,0.06898475846892636,-9560.699999999999,956070.0,196920.0,244300.0,16600.0,498250.0,50,788
3343,953571496,0.06892957066215122,-10015.450000000003,1001545.0,194665.0,236600.0,16880.0,553400.0,50,788
3344,722782967,0.06887442700562149,-6906.224999999999,690622.5,190202.5,47200.0,16120.0,437100.0,50,788
3345,61635090,0.06881932746401699,-8545.050000000001,854505.0,189625.0,117800.0,16080.0,531000.0,50,788
3346,717188238,0.06876427200204578,-9341.05,934105.0,194685.0,187200.0,16520.0,535700.0,50,788
3347,951144044,0.06870926058444414,-11226.4,1122640.0,199550.0,230000.0,16840.0,676250.0,50,788
3348,597784988,0.06865429317597659,-7079.2,707920.0,182990.0,65600.0,15280.0,444050.0,50,790
3349,316372883,0.06859936974143581,-8699.000000000002,869900.0,194100.0,163200.0,15400.0,497200.0,50,790
3350,508887034,0.06854449024564266,-7242.649999999999,724265.0,188165.0,68400.0,15800.0,451900.0,50,790
3351,244980756,0.06848965465344614,-8566.475,856647.5,195057.5,165000.0,16040.0,480550.0,50,790
3352,856001731,0.06843486292972338,-12250.225000000004,1225022.5,200402.5,325700.0,16120.0,682800.0,50,790
3353,936869157,0.0683801150393796,-11944.525000000001,1194452.5,199432.5,301400.0,16720.0,676900.0,50,790
3354,346350891,0.06832541094734809,-8775.024999999998,877502.5,194122.5,105000.0,15480.0,562900.0,50,790
3355,60361310,0.06827075061859021,-7944.475000000001,794447.5,187227.5,23100.0,15720.0,568400.0,50,790
3356,834517170,0.06821613401809534,-9446.525000000003,944652.5,200492.5,140400.0,16160.0,587600.0,50,790
3357,824936277,0.06816156111088087,-6919.724999999999,691972.5,188822.5,78900.0,16000.0,408250.0,50,790
3358,773502264,0.06810703186199216,-10328.25,1032825.0,195075.0,150400.0,17400.0,669950.0,50,790
3359,579031649,0.06805254623650256,-7450.575,745057.5,193937.5,40600.0,16120.0,494400.0,50,790
3360,839978014,0.06799810419951335,-10654.849999999999,1065485.0,193045.0,195200.0,16440.0,660800.0,50,790
3361,688131189,0.06794370571615374,-7787.074999999998,778707.5,189187.5,64400.0,15920.0,509200.0,50,790
3362,405983827,0.06788935075158081,-8714.624999999998,871462.5,193022.5,107600.0,15840.0,555000.0,50,790
3363,132773831,0.06783503927097954,-7082.825,708282.5,187862.5,61200.0,15920.0,443300.0,50,790
3364,271228996,0.06778077123956276,-6478.449999999999,647845.0,187555.0,57500.0,15240.0,387550.0,50,790
3365,266218395,0.0677265466225711,-10597.875,1059787.5,192607.5,177600.0,15280.0,674300.0,50,790
3366,617440962,0.06767236538527305,-9370.05,937005.0,196265.0,128300.0,16440.0,596000.0,50,790
3367,851446551,0.06761822749296482,-11109.9,1110990.0,197170.0,244400.0,16520.0,652900.0,50,790
3368,197415934,0.06756413291097045,-6727.35,672735.0,183715.0,30800.0,15520.0,442700.0,50,790
3369,435253890,0.06751008160464167,-6601.375,660137.5,189837.5,74900.0,14400.0,381000.0,50,790
3370,756809425,0.06745607353935795,-9437.85,943785.0,195705.0,118100.0,15680.0,614300.0,50,790
3371,782880457,0.06740210868052647,-7961.799999999997,796180.0,184270.0,169700.0,15160.0,427050.0,50,790
3372,819115996,0.06734818699358205,-11486.149999999996,1148615.0,196565.0,299900.0,15200.0,636950.0,50,790
3373,977002278,0.06729430844398719,-9107.499999999998,910750.0,195200.0,108600.0,16400.0,590550.0,50,790
3374,368382062,0.067240472997232,-9377.150000000001,937715.0,200885.0,114100.0,16880.0,605850.0,50,790
3375,57713546,0.06718668061883422,-9240.45,924045.0,194675.0,140100.0,16520.0,572750.0,50,790
3376,579234212,0.06713293127433916,-9280.85,928085.0,196615.0,194500.0,16320.0,520650.0,50,790
3377,971956566,0.06707922492931968,-7923.549999999999,792355.0,190245.0,192300.0,15360.0,394450.0,50,790
3378,569771400,0.06702556154937622,-8018.874999999999,801887.5,193517.5,162900.0,15920.0,429550.0,50,790
3379,377241631,0.06697194110013673,-9270.400000000001,927040.0,193190.0,184200.0,16800.0,532850.0,50,790
3380,864357384,0.06691836354725661,-8006.674999999999,800667.5,193387.5,86000.0,15480.0,505800.0,50,790
3381,95993996,0.0668648288564188,-6334.624999999999,633462.5,188282.5,99200.0,14480.0,331500.0,50,790
3382,707407796,0.06681133699333366,-6864.950000000001,686495.0,188335.0,43000.0,15960.0,439200.0,50,790
3383,969405980,0.06675788792373899,-9248.675,924867.5,188147.5,58800.0,16120.0,661800.0,50,790
3384,679195703,0.0667044816134,-7384.825000000002,738482.5,186292.5,69300.0,16240.0,466650.0,50,790
3385,462413950,0.06665111802810927,-6739.0999999999985,673910.0,184610.0,164200.0,15000.0,310100.0,50,790
3386,73693341,0.06659779713368678,-8658.274999999996,865827.5,195357.5,165200.0,15120.0,490150.0,50,790
3387,49426348,0.06654451889597983,-10077.399999999998,1007740.0,199770.0,149000.0,16920.0,642050.0,50,790
3388,902939942,0.06649128328086304,-11996.925,1199692.5,196192.5,265300.0,16600.0,721600.0,50,790
3389,637712274,0.06643809025423834,-8010.975,801097.5,198567.5,161600.0,15280.0,425650.0,50,790
3390,675473700,0.06638493978203495,-9301.300000000001,930130.0,196460.0,211800.0,16520.0,505350.0,50,790
3391,223981478,0.06633183183020933,-6930.224999999999,693022.5,193902.5,14000.0,15920.0,469200.0,50,790
3392,194693200,0.06627876636474515,-8312.875,831287.5,196847.5,75200.0,15840.0,543400.0,50,790
3393,820779887,0.06622574335165336,-8756.35,875635.0,191255.0,100200.0,16280.0,567900.0,50,790
3394,308434309,0.06617276275697204,-9906.025,990602.5,197022.5,166200.0,17080.0,610300.0,50,790
3395,490708349,0.06611982454676646,-8618.925,861892.5,193772.5,65900.0,16320.0,585900.0,50,790
3396,610787177,0.06606692868712905,-7880.300000000001,788030.0,184050.0,57000.0,16480.0,530500.0,50,790
3397,362986373,0.06601407514417934,-8357.8,835780.0,194220.0,171600.0,15760.0,454200.0,50,790
3398,965294923,0.065961263884064,-7143.849999999999,714385.0,188245.0,28500.0,16640.0,481000.0,50,790
3399,624330169,0.06590849487295675,-8543.325,854332.5,189312.5,43200.0,16320.0,605500.0,50,790
3400,43164502,0.06585576807705838,-8661.475,866147.5,195457.5,132600.0,15240.0,522850.0,50,790
3401,743254682,0.06580308346259674,-9212.724999999999,921272.5,199192.5,202000.0,16480.0,503600.0,50,790
3402,510433078,0.06575044099582666,-9805.599999999999,980560.0,190220.0,182000.0,16640.0,591700.0,50,790
3403,197841666,0.06569784064303,-9721.125,972112.5,183182.5,108500.0,17280.0,663150.0,50,791
3404,984362988,0.06564528237051558,-12724.2,1272420.0,202730.0,296000.0,17640.0,756050.0,50,791
3405,620538453,0.06559276614461916,-8114.0,811400.0,194020.0,39400.0,16680.0,561300.0,50,791
3406,953357120,0.06554029193170346,-8499.474999999999,849947.5,188727.5,129300.0,15720.0,516200.0,50,791
3407,828279623,0.0654878596981581,-7405.125000000001,740512.5,190932.5,76400.0,15680.0,457500.0,50,791
3408,327787935,0.06543546941039957,-7980.400000000001,798040.0,191510.0,24400.0,17480.0,564650.0,50,791
3409,231196586,0.06538312103487125,-9712.899999999998,971290.0,196330.0,190400.0,16560.0,568000.0,50,791
3410,239681808,0.06533081453804335,-8422.3,842230.0,187150.0,45600.0,16480.0,593000.0,50,791
3411,895981389,0.0652785498864129,-8767.924999999997,876792.5,191832.5,62000.0,17160.0,605800.0,50,791
3412,143350641,0.06522632704650377,-8337.8,833780.0,196460.0,154000.0,15320.0,468000.0,50,791
3413,145946101,0.06517414598486657,-11150.725000000002,1115072.5,198592.5,165200.0,17280.0,734000.0,50,791
3414,871005971,0.06512200666807867,-9936.099999999999,993610.0,192710.0,221500.0,17000.0,562400.0,50,791
3415,417189202,0.06506990906274421,-9078.899999999998,907890.0,197540.0,142000.0,17000.0,551350.0,50,791
3416,262140331,0.065017853135494,-11014.950000000003,1101495.0,196185.0,288900.0,16560.0,599850.0,50,791
3417,495125671,0.06496583885298561,-7059.350000000001,705935.0,190875.0,55900.0,16160.0,443000.0,50,791
3418,855482705,0.06491386618190322,-8525.975,852597.5,191497.5,212400.0,16400.0,432300.0,50,791
3419,248196314,0.0648619350889577,-7258.800000000002,725880.0,190570.0,126800.0,15760.0,392750.0,50,791
3420,170341487,0.06481004554088653,-6610.175000000001,661017.5,180147.5,21600.0,15720.0,443550.0,50,791
3421,381509959,0.06475819750445382,-7831.175000000001,783117.5,191727.5,58300.0,16840.0,516250.0,50,791
3422,567536542,0.06470639094645025,-4158.624999999999,415862.5,178292.5,0.0,14120.0,223450.0,50,791
3423,841559511,0.0646546258336931,-9663.275000000003,966327.5,196907.5,219600.0,15320.0,534500.0,50,791
3424,857255726,0.06460290213302614,-9818.499999999998,981850.0,195020.0,187200.0,16880.0,582750.0,50,791
3425,322821094,0.06455121981131971,-8264.600000000002,826460.0,193110.0,94200.0,15800.0,523350.0,50,791
3426,877651416,0.06449957883547065,-4883.35,488335.0,175765.0,19800.0,15920.0,276850.0,50,792
3427,631699842,0.06444797917240228,-11379.349999999999,1137935.0,194895.0,163200.0,17240.0,762600.0,50,792
3428,320309876,0.06439642078906435,-10412.0,1041200.0,186160.0,223600.0,16240.0,615200.0,50,792
3429,350702041,0.0643449036524331,-11075.749999999998,1107575.0,195145.0,180100.0,16680.0,715650.0,50,792
3430,436704926,0.06429342772951116,-9958.474999999999,995847.5,189357.5,161900.0,17040.0,627550.0,50,792
3431,138400001,0.06424199298732755,-5748.749999999998,574875.0,180785.0,98200.0,15640.0,280250.0,50,792
3432,386998526,0.06419059939293768,-9677.975,967797.5,193727.5,247600.0,15520.0,510950.0,50,792
3433,246105913,0.06413924691342333,-7955.150000000001,795515.0,194405.0,58300.0,16560.0,526250.0,50,792
3434,183723295,0.06408793551589259,-8651.024999999998,865102.5,193482.5,70800.0,17720.0,583100.0,50,792
3435,623215623,0.06403666516747987,-7951.474999999999,795147.5,194247.5,99400.0,15800.0,485700.0,50,792
3436,694124885,0.06398543583534588,-10857.875,1085787.5,197177.5,238100.0,17760.0,632750.0,50,792
3437,878756027,0.0639342474866776,-8821.774999999998,882177.5,190347.5,127300.0,16880.0,547650.0,50,792
3438,933627163,0.06388310008868826,-10318.125,1031812.5,197252.5,134900.0,16360.0,683300.0,50,792
3439,299973122,0.06383199360861731,-7373.250000000003,737325.0,184705.0,171500.0,14520.0,366600.0,50,792
3440,487257087,0.06378092801373042,-9075.300000000001,907530.0,192780.0,122900.0,17000.0,574850.0,50,792
3441,310265390,0.06372990327131943,-8027.9749999999985,802797.5,188397.5,110800.0,17200.0,486400.0,50,792
3442,147011402,0.06367891934870237,-11603.324999999997,1160332.5,197342.5,331000.0,16040.0,615950.0,50,792
3443,64756954,0.06362797621322341,-9307.800000000001,930780.0,191770.0,54000.0,16360.0,668650.0,50,792
3444,778676829,0.06357707383225283,-8578.675,857867.5,193257.5,145300.0,15960.0,503350.0,50,792
3445,691058,0.06352621217318703,-10144.099999999997,1014410.0,197710.0,202700.0,16600.0,597400.0,50,792
3446,672720840,0.06347539120344849,-12090.1,1209010.0,203600.0,273300.0,17360.0,714750.0,50,792
3447,196861106,0.06342461089048572,-8892.650000000003,889265.0,192425.0,88700.0,15840.0,592300.0,50,793
3448,318853852,0.06337387120177333,-7988.9749999999985,798897.5,192587.5,65200.0,15760.0,525350.0,50,793
3449,901654796,0.0633231721048119,-8281.650000000001,828165.0,191365.0,48400.0,16000.0,572400.0,50,793
3450,237489116,0.06327251356712806,-9526.524999999998,952652.5,196172.5,194000.0,15680.0,546800.0,50,793
3451,657243787,0.06322189555627435,-10561.275,1056127.5,192107.5,162300.0,16920.0,684800.0,50,793
3452,544941739,0.06317131803982932,-10143.725000000002,1014372.5,193582.5,127500.0,17040.0,676250.0,50,793
3453,158191401,0.06312078098539746,-6921.649999999999,692165.0,178565.0,108700.0,15000.0,389900.0,50,793
3454,822256935,0.06307028436060914,-10592.5,1059250.0,199060.0,120000.0,16840.0,723350.0,50,793
3455,767542791,0.06301982813312065,-10147.274999999998,1014727.5,196147.5,78800.0,17280.0,722500.0,50,793
3456,894725301,0.06296941227061416,-11762.974999999997,1176297.5,200577.5,256100.0,17320.0,702300.0,50,793
3457,978101849,0.06291903674079767,-8830.15,883015.0,196915.0,129200.0,16800.0,540100.0,50,793
3458,240862567,0.06286870151140503,-11703.900000000003,1170390.0,198150.0,292000.0,17040.0,663200.0,50,793
3459,120694959,0.06281840655019591,-8084.199999999999,808420.0,191540.0,93700.0,15880.0,507300.0,50,793
3460,222978002,0.06276815182495575,-11464.975,1146497.5,200537.5,232200.0,16360.0,697400.0,50,793
3461,424861375,0.06271793730349579,-9360.35,936035.0,195485.0,219100.0,16000.0,505450.0,50,793
3462,810948598,0.06266776295365299,-8758.474999999999,875847.5,192527.5,123000.0,15520.0,544800.0,50,793
3463,408835072,0.06261762874329006,-11298.325000000003,1129832.5,201172.5,259100.0,15960.0,653600.0,50,793
3464,594781233,0.06256753464029544,-10662.825,1066282.5,195752.5,212900.0,17080.0,640550.0,50,793
3465,320709946,0.06251748061258319,-11286.800000000003,1128680.0,203550.0,343600.0,16480.0,565050.0,50,793
3466,458181685,0.062467466628093125,-7487.6500000000015,748765.0,189845.0,39000.0,16120.0,503800.0,50,793
3467,13287498,0.06241749265479065,-7323.275000000001,732327.5,190837.5,24700.0,16640.0,500150.0,50,793
3468,819714292,0.062367558660666816,-9551.250000000002,955125.0,197805.0,112800.0,15520.0,629000.0,50,793
3469,789193569,0.062317664613738284,-9508.774999999998,950877.5,199017.5,169000.0,15960.0,566900.0,50,793
3470,375127394,0.06226781048204729,-8590.5,859050.0,190910.0,181800.0,16840.0,469500.0,50,793
3471,172940944,0.06221799623366165,-9517.375,951737.5,194667.5,168100.0,15720.0,573250.0,50,793
3472,853914488,0.06216822183667472,-11416.525000000001,1141652.5,199552.5,246100.0,16400.0,679600.0,50,793
3473,22320070,0.06211848725920538,-9913.250000000002,991325.0,196185.0,128800.0,17240.0,649100.0,50,793
3474,480281339,0.06206879246939801,-10776.449999999999,1077645.0,196595.0,228400.0,16400.0,636250.0,50,793
3475,205540697,0.06201913743542249,-9254.699999999999,925470.0,198530.0,135000.0,16240.0,575700.0,50,793
3476,643301409,0.06196952212547415,-9165.175000000001,916517.5,197997.5,153400.0,16320.0,548800.0,50,793
3477,570090758,0.06191994650777377,-6521.725,652172.5,187292.5,100000.0,15880.0,349000.0,50,793
3478,362305476,0.06187041055056755,-8659.625,865962.5,185102.5,151200.0,16560.0,513100.0,50,793
3479,631332319,0.06182091422212709,-7582.7,758270.0,191610.0,9200.0,16560.0,540900.0,50,793
3480,664146203,0.06177145749074939,-6043.050000000001,604305.0,184305.0,83600.0,15200.0,321200.0,50,793
3481,245135124,0.06172204032475679,-7498.825000000002,749882.5,187682.5,90300.0,15600.0,456300.0,50,793
3482,611000092,0.06167266269249698,-8833.075,883307.5,195437.5,135100.0,15520.0,537250.0,50,793
3483,418921262,0.06162332456234298,-7533.850000000004,753385.0,191505.0,44400.0,16280.0,501200.0,50,793
3484,123073774,0.061574025902693105,-12485.574999999997,1248557.5,198597.5,359000.0,16160.0,674800.0,50,793
3485,850585809,0.06152476668197095,-6189.375000000001,618937.5,187107.5,0.0,15880.0,415950.0,50,793
3486,923567236,0.061475546868625365,-9249.85,924985.0,197125.0,228200.0,15760.0,483900.0,50,793
3487,822883455,0.06142636643113046,-12049.3,1204930.0,198010.0,320100.0,16320.0,670500.0,50,793
3488,478424334,0.06137722533798556,-12252.175000000001,1225217.5,203277.5,355200.0,16240.0,650500.0,50,793
3489,76800127,0.061328123557715164,-7636.775,763677.5,188617.5,30400.0,16360.0,528300.0,50,793
3490,300816899,0.06127906105886899,-11145.199999999997,1114520.0,200620.0,193900.0,17600.0,702400.0,50,793
3491,289590599,0.06123003781002189,-7838.475,783847.5,191197.5,36400.0,16200.0,540050.0,50,793
3492,328191870,0.06118105377977387,-8904.025,890402.5,196412.5,191200.0,16640.0,486150.0,50,793
3493,774321687,0.06113210893675005,-8979.999999999998,898000.0,195320.0,71300.0,17480.0,613900.0,50,793
3494,750345481,0.06108320324960065,-6982.174999999999,698217.5,184497.5,48500.0,15920.0,449300.0,50,793
3495,883571873,0.061034336687000965,-9190.65,919065.0,187255.0,206900.0,16360.0,508550.0,50,793
3496,163029843,0.06098550921765136,-8132.000000000001,813200.0,191160.0,5600.0,15840.0,600600.0,50,793
3497,280332423,0.06093672081027724,-9309.074999999997,930907.5,193107.5,213000.0,15200.0,509600.0,50,793
3498,868401287,0.06088797143362902,-9276.049999999997,927605.0,194125.0,144600.0,16080.0,572800.0,50,793
3499,959343668,0.060839261056482116,-9127.500000000002,912750.0,188130.0,75000.0,17520.0,632100.0,50,793
3500,718890983,0.06079058964763693,-9119.200000000003,911920.0,195450.0,83800.0,17320.0,615350.0,50,793
3501,428370568,0.06074195717591882,-9250.625,925062.5,187702.5,196500.0,16560.0,524300.0,50,793
3502,246893282,0.06069336361017808,-9044.949999999999,904495.0,192345.0,107000.0,17000.0,588150.0,50,793
3503,374161522,0.06064480891928994,-10457.049999999997,1045705.0,199595.0,246000.0,16560.0,583550.0,50,793
3504,284430657,0.06059629307215451,-9129.450000000004,912945.0,199305.0,132700.0,15840.0,565100.0,50,793
3505,999745318,0.06054781603769678,-10354.824999999997,1035482.5,194122.5,212000.0,16960.0,612400.0,50,794
3506,103945171,0.06049937778486662,-8777.75,877775.0,194875.0,137200.0,15800.0,529900.0,50,794
3507,664871770,0.06045097828263873,-9793.375000000004,979337.5,193117.5,165000.0,16120.0,605100.0,50,794
3508,704654156,0.06040261750001261,-7233.4,723340.0,177790.0,122900.0,15800.0,406850.0,50,794
3509,760213439,0.0603542954060126,-11420.425000000001,1142042.5,200192.5,235200.0,17400.0,689250.0,50,794
3510,270133324,0.06030601196968779,-7393.725,739372.5,192002.5,55500.0,15320.0,476550.0,50,794
3511,217742891,0.06025776716011204,-9722.074999999999,972207.5,195097.5,255700.0,15960.0,505450.0,50,794
3512,87298160,0.060209560946383946,-9827.549999999997,982755.0,200935.0,187600.0,16320.0,577900.0,50,794
3513,781554771,0.06016139329762684,-8963.800000000003,896380.0,191090.0,71100.0,16640.0,617550.0,50,794
3514,413529187,0.060113264182988735,-7195.799999999999,719580.0,186410.0,133700.0,15920.0,383550.0,50,794
3515,404409903,0.060065173571642344,-10538.800000000003,1053880.0,197330.0,204300.0,16600.0,635650.0,50,794
3516,845536587,0.06001712143278503,-7606.125000000002,760612.5,190192.5,24400.0,17520.0,528500.0,50,794
3517,896898725,0.0599691077356388,-6717.200000000003,671720.0,183190.0,16700.0,16680.0,455150.0,50,794
3518,68024387,0.05992113244945029,-11236.0,1123600.0,200750.0,214000.0,16800.0,692050.0,50,794
3519,147292351,0.05987319554349073,-7811.099999999999,781110.0,184680.0,98800.0,16480.0,481150.0,50,794
3520,6991779,0.05982529698705594,-11396.7,1139670.0,202100.0,238000.0,16720.0,682850.0,50,794
3521,509537375,0.05977743674946629,-8409.775,840977.5,197017.5,93400.0,16960.0,533600.0,50,794
3522,210696747,0.059729614800066715,-11108.350000000004,1110835.0,197935.0,208400.0,16800.0,687700.0,50,794
3523,340455055,0.05968183110822666,-9101.375,910137.5,199207.5,238800.0,14280.0,457850.0,50,794
3524,885156848,0.05963408564334008,-8921.15,892115.0,190245.0,201600.0,14720.0,485550.0,50,794
3525,719937981,0.0595863783748254,-7712.85,771285.0,193505.0,78700.0,15480.0,483600.0,50,794
3526,65614635,0.05953870927212554,-8959.249999999998,895925.0,192525.0,108300.0,16200.0,578900.0,50,794
3527,752658201,0.05949107830470784,-8147.599999999999,814760.0,195260.0,107100.0,14800.0,497600.0,50,794
3528,307662686,0.05944348544206407,-6690.9,669090.0,192210.0,90800.0,15080.0,371000.0,50,794
3529,111155342,0.05939593065371042,-11288.45,1128845.0,194015.0,334900.0,16480.0,583450.0,50,794
3530,538944888,0.05934841390918745,-8364.95,836495.0,195105.0,59200.0,16040.0,566150.0,50,794
3531,835998954,0.0593009351780601,-9773.975,977397.5,188567.5,282800.0,15680.0,490350.0,50,794
3532,430160189,0.059253494429917654,-9469.349999999999,946935.0,192915.0,172300.0,15520.0,566200.0,50,794
3533,454500563,0.059206091634373716,-9130.624999999998,913062.5,192122.5,123700.0,16840.0,580400.0,50,794
3534,26600803,0.05915872676106622,-7802.025,780202.5,195252.5,67000.0,15400.0,502550.0,50,794
3535,568670711,0.05911139977965736,-10631.349999999999,1063135.0,200125.0,204000.0,16360.0,642650.0,50,794
3536,621187396,0.059064110659833635,-7810.125,781012.5,185952.5,50000.0,16360.0,528700.0,50,794
3537,733638006,0.05901685937130577,-8738.099999999999,873810.0,190270.0,41600.0,16640.0,625300.0,50,794
3538,749473371,0.05896964588380872,-8518.625,851862.5,194252.5,113800.0,14560.0,529250.0,50,794
3539,467829303,0.05892247016710167,-6531.999999999997,653200.0,184180.0,16400.0,15720.0,436900.0,50,794
3540,160932657,0.05887533219096799,-8676.625,867662.5,190372.5,15200.0,16640.0,645450.0,50,794
3541,19687996,0.05882823192521521,-7052.525000000001,705252.5,190842.5,74800.0,16160.0,423450.0,50,794
3542,276926981,0.05878116933967504,-6688.475,668847.5,179357.5,44800.0,14240.0,430450.0,50,794
3543,894412100,0.0587341444042033,-8213.8,821380.0,194660.0,134000.0,15720.0,477000.0,50,794
3544,700531120,0.058687157088679935,-6968.274999999997,696827.5,180957.5,26900.0,15520.0,473450.0,50,794
3545,589063107,0.05864020736300899,-9221.799999999997,922180.0,189240.0,249900.0,14840.0,468200.0,50,794
3546,154499100,0.05859329519711858,-9064.749999999998,906475.0,198245.0,164000.0,15880.0,528350.0,50,794
3547,220187200,0.058546420560960884,-7989.975,798997.5,188217.5,46100.0,16280.0,548400.0,50,794
3548,442002590,0.058499583424512114,-6756.525,675652.5,191072.5,104400.0,15080.0,365100.0,50,794
3549,198375924,0.058452783757772506,-7697.375,769737.5,192547.5,136300.0,15440.0,425450.0,50,794
3550,768795510,0.05840602153076629,-6110.449999999999,611045.0,186615.0,74500.0,14880.0,335050.0,50,794
3551,270607322,0.058359296713541675,-6224.425000000001,622442.5,187912.5,64400.0,15880.0,354250.0,50,794
3552,117379801,0.05831260927617084,-6765.324999999999,676532.5,185022.5,29200.0,15360.0,446950.0,50,794
3553,127641038,0.0582659591887499,-13297.499999999996,1329750.0,200960.0,353500.0,16440.0,758850.0,50,794
3554,249601683,0.05821934642139889,-8882.274999999998,888227.5,185177.5,124200.0,16400.0,562450.0,50,794
3555,477181837,0.05817277094426177,-10666.224999999999,1066622.5,197542.5,317200.0,16080.0,535800.0,50,794
3556,287227136,0.05812623272750636,-7491.249999999999,749125.0,191425.0,78800.0,16200.0,462700.0,50,794
3557,499045156,0.05807973174132435,-7965.000000000001,796500.0,185730.0,101300.0,15920.0,493550.0,50,794
3558,102568567,0.05803326795593129,-7744.975,774497.5,188027.5,97000.0,15120.0,474350.0,50,794
3559,211204420,0.05798684134156654,-8675.500000000002,867550.0,190450.0,200000.0,15800.0,461300.0,50,794
3560,363336001,0.05794045186849329,-12328.775000000001,1232877.5,204357.5,389100.0,15720.0,623700.0,50,794
3561,580918942,0.05789409950699849,-9806.574999999999,980657.5,195967.5,216400.0,16840.0,551450.0,50,794
3562,864399741,0.05784778422739289,-8942.325,894232.5,196272.5,64100.0,15960.0,617900.0,50,794
3563,117595385,0.05780150600001097,-8383.899999999998,838390.0,195370.0,131200.0,15920.0,495900.0,50,795
3564,124962206,0.05775526479521096,-10279.025000000001,1027902.5,199782.5,176400.0,17120.0,634600.0,50,795
3565,509772057,0.05770906058337479,-8208.125,820812.5,194542.5,63500.0,16520.0,546250.0,50,795
3566,88747036,0.057662893334908094,-7984.500000000001,798450.0,188040.0,83500.0,15960.0,510950.0,50,795
3567,498147265,0.057616763020240165,-9177.275000000003,917727.5,195757.5,87200.0,16320.0,618450.0,50,795
3568,334167203,0.057570669609823974,-9335.549999999997,933555.0,198455.0,220200.0,16200.0,498700.0,50,795
3569,848563781,0.057524613074136116,-7582.374999999997,758237.5,189817.5,57000.0,14920.0,496500.0,50,795
3570,73017746,0.05747859338367681,-10441.375000000004,1044137.5,189447.5,182100.0,16440.0,656150.0,50,795
3571,488923397,0.05743261050896986,-8621.250000000002,862125.0,173235.0,93400.0,16840.0,578650.0,50,795
3572,424378011,0.057386664420562686,-7052.199999999998,705220.0,184570.0,33100.0,15600.0,471950.0,50,795
3573,508162325,0.05734075508902623,-7930.124999999998,793012.5,180052.5,6600.0,16160.0,590200.0,50,795
3574,963398594,0.05729488248495501,-8869.625000000002,886962.5,193042.5,69800.0,16320.0,607800.0,50,795
3575,435426872,0.057249046578967046,-12149.45,1214945.0,201125.0,289600.0,16120.0,708100.0,50,795
3576,847549823,0.05720324734170387,-8162.35,816235.0,194875.0,27200.0,16760.0,577400.0,50,795
3577,714787773,0.057157484743830506,-9394.55,939455.0,196075.0,124800.0,16480.0,602100.0,50,795
3578,602625123,0.05711175875603544,-10912.574999999999,1091257.5,196277.5,192000.0,16480.0,686500.0,50,795
3579,531228055,0.057066069349030614,-7973.575,797357.5,191967.5,70000.0,16840.0,518550.0,50,795
3580,25208181,0.05702041649355139,-9407.0,940700.0,193320.0,120800.0,15880.0,610700.0,50,795
3581,335578777,0.05697480016035655,-8505.074999999999,850507.5,194547.5,144300.0,16360.0,495300.0,50,795
3582,751612784,0.05692922032022826,-11421.475,1142147.5,196237.5,209200.0,16760.0,719950.0,50,795
3583,263280045,0.05688367694397208,-10313.574999999999,1031357.5,195727.5,146000.0,16280.0,673350.0,50,795
3584,598855401,0.0568381700024169,-9062.150000000001,906215.0,192415.0,176800.0,16800.0,520200.0,50,795
3585,886232527,0.056792699466414964,-8611.175000000001,861117.5,179657.5,181800.0,16560.0,483100.0,50,795
3586,223273964,0.05674726530684183,-11092.75,1109275.0,199415.0,150700.0,16960.0,742200.0,50,795
3587,648552823,0.05670186749459635,-9785.3,978530.0,195320.0,184400.0,15760.0,583050.0,50,795
3588,326299338,0.056656506000600675,-9061.5,906150.0,185050.0,152000.0,16800.0,552300.0,50,795
3589,974200064,0.056611180795800194,-6075.675,607567.5,187737.5,6600.0,15280.0,397950.0,50,795
3590,438336426,0.05656589185116355,-5772.600000000001,577260.0,181750.0,39600.0,14960.0,340950.0,50,795
3591,656365944,0.05652063913768262,-8548.800000000001,854880.0,192340.0,48200.0,16440.0,597900.0,50,795
3592,858248336,0.05647542262637247,-11023.624999999998,1102362.5,195762.5,224000.0,17400.0,665200.0,50,795
3593,886287694,0.05643024228827137,-9902.275,990227.5,194917.5,214200.0,16160.0,564950.0,50,795
3594,734054338,0.056385098094440755,-12618.2,1261820.0,203410.0,270800.0,16160.0,771450.0,50,795
3595,81914543,0.0563399900159652,-11755.050000000001,1175505.0,189815.0,368000.0,15640.0,602050.0,50,795
3596,515443700,0.05629491802395243,-7979.475,797947.5,193627.5,141600.0,16520.0,446200.0,50,795
3597,952166603,0.056249882089533264,-6667.550000000001,666755.0,186225.0,56000.0,15480.0,409050.0,50,795
3598,781692037,0.05620488218386164,-9958.3,995830.0,195460.0,147800.0,16920.0,635650.0,50,795
3599,628734329,0.05615991827811455,-9727.700000000003,972770.0,194980.0,130700.0,16640.0,630450.0,50,795
3600,844928079,0.05611499034349206,-7194.325,719432.5,180622.5,53800.0,16360.0,468650.0,50,795
3601,997777701,0.05607009835121726,-10172.725,1017272.5,200872.5,215400.0,16600.0,584400.0,50,795
3602,466591265,0.05602524227253629,-5700.450000000001,570045.0,183225.0,65400.0,15920.0,305500.0,50,795
3603,309579971,0.055980422078718256,-9160.099999999999,916010.0,193320.0,177100.0,16640.0,528950.0,50,795
3604,614988745,0.05593563774105528,-8722.774999999998,872277.5,197597.5,151600.0,15480.0,507600.0,50,795
3605,313680431,0.05589088923086244,-7308.225,730822.5,183832.5,92000.0,16040.0,438950.0,50,795
3606,287972890,0.05584617651947775,-9974.65,997465.0,193625.0,271700.0,15440.0,516700.0,50,795
3607,713520218,0.055801499578262165,-11429.35,1142935.0,196675.0,324000.0,16760.0,605500.0,50,795
3608,730203829,0.055756858378599554,-11331.925,1133192.5,194272.5,126400.0,17520.0,795000.0,50,795
3609,290476850,0.05571225289189667,-8211.050000000001,821105.0,195555.0,36800.0,16200.0,572550.0,50,795
3610,426000943,0.055667683089583156,-5902.550000000002,590255.0,176535.0,56900.0,16120.0,340700.0,50,795
3611,315327247,0.05562314894311149,-11223.775000000005,1122377.5,197147.5,264700.0,16680.0,643850.0,50,795
3612,530700903,0.055578650423957,-7299.375000000001,729937.5,191387.5,42300.0,16200.0,480050.0,50,795
3613,146002464,0.055534187503617834,-9305.85,930585.0,195785.0,189300.0,16200.0,529300.0,50,795
3614,958293714,0.05548976015361494,-9117.475,911747.5,193977.5,142200.0,16720.0,558850.0,50,795
3615,291282485,0.055445368345492047,-6875.900000000001,687590.0,182070.0,100600.0,15720.0,389200.0,50,795
3616,213264515,0.05540101205081565,-9258.875000000004,925887.5,192217.5,148300.0,17320.0,568050.0,50,795
3617,664295165,0.055356691241174996,-13243.475,1324347.5,201377.5,405600.0,17120.0,700250.0,50,795
3618,899632202,0.05531240588818206,-10617.449999999999,1061745.0,199235.0,259400.0,15560.0,587550.0,50,795
3619,665602303,0.05526815596347151,-8721.199999999999,872120.0,190450.0,53100.0,15920.0,612650.0,50,795
3620,937271073,0.055223941438700734,-7180.250000000001,718025.0,190375.0,9600.0,16200.0,501850.0,50,795
3621,964099982,0.05517976228554977,-5805.250000000001,580525.0,189875.0,0.0,16000.0,374650.0,50,795
3622,775065237,0.05513561847572133,-6540.075000000001,654007.5,187707.5,68300.0,14000.0,384000.0,50,795
3623,590511997,0.05509150998094075,-6386.925,638692.5,184892.5,25900.0,15400.0,412500.0,50,795
3624,173126565,0.055047436772955996,-6713.950000000001,671395.0,190775.0,70300.0,14720.0,395600.0,50,795
3625,250490062,0.05500339882353763,-9382.874999999998,938287.5,191417.5,203100.0,15120.0,528650.0,50,795
3626,937665228,0.054959396104478794,-9579.375000000002,957937.5,193597.5,154000.0,16840.0,593500.0,50,795
3627,233443321,0.05491542858759521,-7380.450000000002,738045.0,190165.0,210500.0,15280.0,322100.0,50,795
3628,103209305,0.054871496244725135,-8660.775,866077.5,188717.5,232400.0,15960.0,429000.0,50,795
3629,854771134,0.05482759904772935,-12130.025000000003,1213002.5,202842.5,249000.0,16760.0,744400.0,50,795
3630,551750921,0.05478373696849117,-11764.025000000003,1176402.5,201722.5,236200.0,17280.0,721200.0,50,795
3631,381973361,0.054739909978916375,-7937.75,793775.0,192755.0,101200.0,15520.0,484300.0,50,795
3632,924611659,0.05469611805093324,-7913.7249999999985,791372.5,190632.5,157600.0,14640.0,428500.0,50,795
3633,960670917,0.05465236115649249,-4757.675,475767.5,171997.5,7600.0,15720.0,280450.0,50,795
3634,364856076,0.054608639267567295,-8666.325,866632.5,185742.5,140400.0,15440.0,525050.0,50,795
3635,318046995,0.05456495235615324,-7107.825,710782.5,178312.5,34300.0,15520.0,482650.0,50,795
3636,992383160,0.054521300394268314,-6430.450000000002,643045.0,173535.0,82000.0,15760.0,371750.0,50,797
3637,273742043,0.0544776833539529,-7010.95,701095.0,187765.0,23900.0,16480.0,472950.0,50,797
3638,549269165,0.054434101207269735,-10164.649999999998,1016465.0,195405.0,277800.0,16560.0,526700.0,50,797
3639,132643914,0.05439055392630392,-9436.800000000001,943680.0,189070.0,235900.0,14760.0,503950.0,50,797
3640,987912729,0.05434704148316287,-8320.199999999997,832020.0,185790.0,212500.0,16080.0,417650.0,50,797
3641,834151596,0.05430356384997634,-9190.249999999998,919025.0,192235.0,237900.0,16040.0,472850.0,50,797
3642,837239381,0.054260120998896356,-13097.099999999997,1309710.0,203660.0,341400.0,16800.0,747850.0,50,797
3643,608108205,0.05421671290209724,-8016.549999999999,801655.0,178005.0,176800.0,16000.0,430850.0,50,797
3644,65481204,0.054173339531775555,-8250.55,825055.0,192995.0,60200.0,17160.0,554700.0,50,797
3645,728508017,0.054130000860150136,-10186.924999999997,1018692.5,199842.5,200400.0,16400.0,602050.0,50,797
3646,175149471,0.05408669685946201,-9237.7,923770.0,197320.0,268500.0,15200.0,442750.0,50,797
3647,116231313,0.05404342750197444,-8508.025,850802.5,195162.5,193700.0,16240.0,445700.0,50,797
3648,231493193,0.05400019275997286,-8474.400000000001,847440.0,186630.0,164700.0,17360.0,478750.0,50,797
3649,774992295,0.05395699260576488,-9343.550000000003,934355.0,192755.0,190300.0,16000.0,535300.0,50,797
3650,213854149,0.053913827011680265,-8593.025,859302.5,187832.5,155400.0,16520.0,499550.0,50,797
3651,179538350,0.05387069595007092,-10728.449999999999,1072845.0,199345.0,130700.0,16600.0,726200.0,50,797
3652,144419337,0.05382759939331086,-10118.125,1011812.5,192092.5,194500.0,16320.0,608900.0,50,798
3653,80670523,0.05378453731379621,-10273.4,1027340.0,197700.0,234300.0,15840.0,579500.0,50,798
3654,261962613,0.05374150968394517,-7415.449999999999,741545.0,187205.0,0.0,16240.0,538100.0,50,798
3655,333718464,0.05369851647619801,-11922.574999999999,1192257.5,199757.5,291700.0,16800.0,684000.0,50,798
3656,309976964,0.05365555766301705,-9051.825000000003,905182.5,194712.5,77600.0,16520.0,616350.0,50,798
3657,332813281,0.05361263321688663,-7668.2,766820.0,183470.0,40300.0,16000.0,527050.0,50,800
3658,71874189,0.05356974311031312,-8629.275000000001,862927.5,196667.5,56400.0,16160.0,593700.0,50,800
3659,151457368,0.05352688731582487,-7929.05,792905.0,188215.0,20400.0,16240.0,568050.0,50,800
3660,980243593,0.05348406580597221,-9375.124999999998,937512.5,194042.5,101000.0,16920.0,625550.0,50,800
3661,716313929,0.053441278553327434,-9767.550000000003,976755.0,191505.0,168800.0,16200.0,600250.0,50,800
3662,732786681,0.05339852553048477,-9961.100000000002,996110.0,190470.0,75300.0,17240.0,713100.0,50,800
3663,887202419,0.05335580671006038,-5407.900000000001,540790.0,184750.0,300.0,15040.0,340700.0,50,800
3664,15738980,0.053313122064692325,-9960.650000000001,996065.0,192705.0,248400.0,15760.0,539200.0,50,800
3665,308216056,0.05327047156704057,-8021.250000000001,802125.0,188645.0,108800.0,15680.0,489000.0,50,800
3666,139685653,0.053227855189786934,-7797.399999999998,779740.0,188140.0,12000.0,16000.0,563600.0,50,800
3667,68797743,0.0531852729056351,-9911.299999999997,991130.0,200240.0,199800.0,16440.0,574650.0,50,800
3668,339564024,0.05314272468731059,-8652.85,865285.0,197625.0,136000.0,16960.0,514700.0,50,800
3669,927837152,0.053100210507560745,-9433.075,943307.5,196707.5,156600.0,17200.0,572800.0,50,800
3670,397220449,0.053057730339154695,-11303.025,1130302.5,185822.5,392600.0,15080.0,536800.0,50,800
3671,328191454,0.05301528415488337,-10616.450000000003,1061645.0,194735.0,229200.0,16560.0,621150.0,50,800
3672,50388158,0.052972871927559464,-9449.774999999998,944977.5,197357.5,142400.0,15920.0,589300.0,50,800
3673,602640224,0.052930493630017415,-11744.624999999996,1174462.5,202032.5,275200.0,16880.0,680350.0,50,800
3674,799416823,0.0528881492351134,-9758.8,975880.0,194370.0,162300.0,17760.0,601450.0,50,800
3675,425695333,0.05284583871572531,-11046.199999999999,1104620.0,196640.0,237400.0,16280.0,654300.0,50,800
3676,413791584,0.05280356204475273,-8424.774999999998,842477.5,186447.5,169700.0,15880.0,470450.0,50,800
3677,232494078,0.052761319195116924,-7936.175000000003,793617.5,193797.5,121300.0,15320.0,463200.0,50,800
3678,523389919,0.05271911013976083,-8119.874999999999,811987.5,195087.5,95300.0,17000.0,504600.0,50,800
3679,369765021,0.05267693485164902,-8230.8,823080.0,192080.0,118600.0,16400.0,496000.0,50,800
3680,515434268,0.0526347933037677,-9097.9,909790.0,197350.0,197200.0,15240.0,500000.0,50,800
3681,488216825,0.052592685469124684,-11452.650000000005,1145265.0,195575.0,201200.0,17840.0,730650.0,50,800
3682,177333793,0.05255061132074938,-12298.724999999995,1229872.5,200022.5,293200.0,16600.0,720050.0,50,800
3683,181435597,0.05250857083169278,-8070.200000000001,807020.0,194810.0,106900.0,16360.0,488950.0,50,800
3684,17671600,0.05246656397502743,-11381.025,1138102.5,194712.5,205300.0,17640.0,720450.0,50,800
3685,949858013,0.052424590723847406,-10115.075,1011507.5,196587.5,247300.0,15920.0,551700.0,50,800
3686,646116411,0.052382651051268325,-11371.275000000001,1137127.5,196517.5,250900.0,16360.0,673350.0,50,800
3687,607998131,0.052340744930427306,-7899.2249999999985,789922.5,195622.5,120800.0,15000.0,458500.0,50,800
3688,349547351,0.052298872334482965,-9661.874999999996,966187.5,189857.5,146200.0,16680.0,613450.0,50,800
3689,943976866,0.052257033236615374,-11326.7,1132670.0,200750.0,202200.0,17520.0,712200.0,50,800
3690,242528798,0.05221522761002608,-8014.275,801427.5,189277.5,87000.0,17000.0,508150.0,50,800
3691,11486743,0.05217345542793806,-9101.400000000001,910140.0,186920.0,113700.0,16720.0,592800.0,50,800
3692,527411353,0.05213171666359571,-10983.125,1098312.5,199162.5,249700.0,16200.0,633250.0,50,800
3693,220079185,0.05209001129026483,-11905.25,1190525.0,202735.0,307300.0,16040.0,664450.0,50,800
3694,401353826,0.05204833928123262,-7387.549999999999,738755.0,185765.0,50800.0,15840.0,486350.0,50,800
3695,227986218,0.05200670060980763,-8633.925000000001,863392.5,190712.5,102600.0,16680.0,553400.0,50,800
3696,157585463,0.05196509524931978,-9251.5,925150.0,195360.0,178300.0,15840.0,535650.0,50,800
3697,285418803,0.05192352317312032,-6286.675000000002,628667.5,193007.5,83600.0,15960.0,336100.0,50,800
3698,997152648,0.05188198435458183,-9131.25,913125.0,189665.0,146100.0,16560.0,560800.0,50,800
3699,794853266,0.05184047876709816,-8039.300000000003,803930.0,184190.0,119600.0,15440.0,484700.0,50,800
3700,254419662,0.05179900638408448,-8128.025,812802.5,197102.5,4800.0,17000.0,593900.0,50,800
3701,172056352,0.05175756717897721,-7860.0,786000.0,188000.0,115100.0,15600.0,467300.0,50,801
3702,708890049,0.05171616112523403,-7081.5999999999985,708160.0,185940.0,156400.0,14120.0,351700.0,50,801
3703,511541244,0.05167478819633384,-9393.35,939335.0,194745.0,179500.0,15240.0,549850.0,50,801
3704,48999386,0.05163344836577677,-7216.150000000001,721615.0,185175.0,61400.0,15840.0,459200.0,50,801
3705,515384886,0.05159214160708415,-7547.849999999998,754785.0,183155.0,75600.0,15080.0,480950.0,50,801
3706,535552389,0.05155086789379848,-6701.325000000003,670132.5,186532.5,28700.0,15800.0,439100.0,50,801
3707,316976390,0.05150962719948344,-9382.725,938272.5,188832.5,112800.0,16240.0,620400.0,50,801
3708,85932762,0.05146841949772385,-9221.125,922112.5,196902.5,144800.0,15360.0,565050.0,50,801
3709,435714004,0.05142724476212567,-7778.275,777827.5,184197.5,81100.0,16280.0,496250.0,50,802
3710,702517041,0.05138610296631597,-9844.675,984467.5,198467.5,225700.0,16000.0,544300.0,50,802
3711,916540441,0.05134499408394291,-6762.075000000002,676207.5,184427.5,86600.0,15480.0,389700.0,50,802
3712,653276170,0.05130391808867576,-11069.675000000001,1106967.5,196737.5,163300.0,17280.0,729650.0,50,802
3713,536633368,0.05126287495420482,-9147.05,914705.0,192715.0,188200.0,16240.0,517550.0,50,802
3714,955007466,0.05122186465424145,-11425.425,1142542.5,200192.5,334400.0,15800.0,592150.0,50,802
3715,478434242,0.051180887162518056,-8877.825000000003,887782.5,196932.5,199300.0,16400.0,475150.0,50,802
3716,636006377,0.05113994245278804,-7803.85,780385.0,182105.0,68400.0,16880.0,513000.0,50,802
3717,144237519,0.051099030498825804,-8284.525000000001,828452.5,186852.5,125600.0,16200.0,499800.0,50,803
3718,80147212,0.05105815127442674,-8915.85,891585.0,197575.0,58100.0,16560.0,619350.0,50,803
3719,574292010,0.0510173047534072,-11936.65,1193665.0,197675.0,198500.0,18240.0,779250.0,50,803
3720,787853487,0.05097649090960447,-6962.275,696227.5,179177.5,78800.0,16000.0,422250.0,50,803
3721,97165605,0.05093570971687678,-7959.350000000002,795935.0,193035.0,63900.0,15000.0,524000.0,50,803
3722,22658577,0.05089496114910328,-6874.175,687417.5,192577.5,55500.0,15840.0,423500.0,50,803
3723,221850442,0.050854245180184,-9176.025000000003,917602.5,194642.5,132000.0,15560.0,575400.0,50,803
3724,992993365,0.050813561784039854,-5513.500000000001,551350.0,184680.0,22900.0,15320.0,328450.0,50,803
3725,449077130,0.05077291093461262,-10897.100000000002,1089710.0,199010.0,210400.0,17000.0,663300.0,50,803
3726,354503881,0.05073229260586493,-11565.45,1156545.0,198635.0,252200.0,17160.0,688550.0,50,803
3727,901396531,0.05069170677178024,-12513.224999999999,1251322.5,197512.5,291200.0,16560.0,746050.0,50,803
3728,174452627,0.050651153406362816,-11345.175,1134517.5,194497.5,297800.0,16120.0,626100.0,50,803
3729,348892319,0.05061063248363772,-10739.800000000001,1073980.0,199890.0,129600.0,16640.0,727850.0,50,803
3730,239142882,0.05057014397765081,-8048.900000000001,804890.0,186750.0,84300.0,16840.0,517000.0,50,803
3731,996752811,0.05052968786246869,-9323.449999999997,932345.0,198145.0,108400.0,17000.0,608800.0,50,803
3732,58062943,0.05048926411217872,-8729.425000000001,872942.5,188472.5,94600.0,16520.0,573350.0,50,803
3733,747918431,0.05044887270088897,-9045.474999999997,904547.5,197917.5,159600.0,16080.0,530950.0,50,803
3734,516852980,0.05040851360272826,-7152.625000000001,715262.5,197822.5,15500.0,16040.0,485900.0,50,803
3735,670968002,0.05036818679184608,-8219.249999999998,821925.0,191395.0,87600.0,16480.0,526450.0,50,803
3736,743084646,0.050327892242412596,-8227.550000000001,822755.0,190505.0,60400.0,16800.0,555050.0,50,803
3737,270858520,0.05028762992861866,-9798.6,979860.0,196930.0,174400.0,16680.0,591850.0,50,803
3738,442026903,0.05024739982467576,-5955.325000000002,595532.5,176362.5,8500.0,16120.0,394550.0,50,803
3739,989536419,0.05020720190481602,-10096.000000000002,1009600.0,198670.0,197300.0,17480.0,596150.0,50,803
3740,198633178,0.05016703614329217,-8519.5,851950.0,187790.0,118300.0,15760.0,530100.0,50,803
3741,15085992,0.050126902514377535,-7427.900000000001,742790.0,187000.0,56300.0,16240.0,483250.0,50,803
3742,705665186,0.05008680099236603,-8391.299999999997,839130.0,188620.0,61000.0,15960.0,573550.0,50,803
3743,655052278,0.05004673155157214,-8128.449999999999,812845.0,190955.0,118000.0,16240.0,487650.0,50,804
3744,97722818,0.05000669416633088,-6655.0999999999985,665510.0,185970.0,44500.0,15840.0,419200.0,50,804
3745,378982203,0.04996668881099781,-7830.150000000001,783015.0,193245.0,120600.0,16720.0,452450.0,50,804
3746,820652602,0.04992671545994901,-8492.675000000001,849267.5,187247.5,90000.0,15520.0,556500.0,50,804
3747,28426289,0.049886774087581055,-12179.149999999998,1217915.0,195985.0,307200.0,16680.0,698050.0,50,804
3748,679676576,0.04984686466831099,-9647.849999999999,964785.0,198575.0,180200.0,16960.0,569050.0,50,804
3749,881680158,0.04980698717657634,-9915.075,991507.5,192537.5,179200.0,16920.0,602850.0,50,804
3750,203009336,0.04976714158683508,-9108.324999999997,910832.5,192112.5,187100.0,15320.0,516300.0,50,804
3751,47159187,0.04972732787356561,-9046.375,904637.5,189527.5,161100.0,15560.0,538450.0,50,804
3752,554882356,0.04968754601126676,-10810.349999999999,1081035.0,195935.0,257600.0,16200.0,611300.0,50,804
3753,352373558,0.049647795974457745,-8235.449999999999,823545.0,185065.0,55100.0,16880.0,566500.0,50,804
3754,968072152,0.049608077737678176,-8119.6,811960.0,187520.0,100400.0,14840.0,509200.0,50,804
3755,276151854,0.04956839127548803,-9685.450000000003,968545.0,191105.0,248000.0,15840.0,513600.0,50,804
3756,482322127,0.04952873656246764,-11259.150000000001,1125915.0,192075.0,324600.0,15440.0,593800.0,50,804
3757,397086929,0.04948911357321766,-9853.175,985317.5,191507.5,216600.0,16760.0,560450.0,50,804
3758,251289197,0.04944952228235909,-10029.775000000001,1002977.5,198177.5,191500.0,16800.0,596500.0,50,804
3759,389339528,0.0494099626645332,-7448.324999999999,744832.5,189862.5,10400.0,16720.0,527850.0,50,804
3760,804541105,0.049370434694401576,-10165.799999999996,1016580.0,191840.0,167700.0,17240.0,639800.0,50,804
3761,607690782,0.04933093834664605,-12113.674999999997,1211367.5,193787.5,220300.0,17280.0,780000.0,50,804
3762,101630394,0.049291473595968735,-10235.450000000004,1023545.0,195125.0,105100.0,16720.0,706600.0,50,804
3763,911742896,0.04925204041709196,-9285.899999999998,928590.0,184100.0,204900.0,16240.0,523350.0,50,804
3764,523560421,0.04921263878475829,-9785.625,978562.5,197802.5,199100.0,17160.0,564500.0,50,804
3765,597082636,0.04917326867373048,-10442.8,1044280.0,194020.0,118400.0,16760.0,715100.0,50,804
3766,165369095,0.04913393005879149,-6135.025,613502.5,189292.5,5600.0,16360.0,402250.0,50,804
3767,571806330,0.04909462291474446,-9368.525,936852.5,191452.5,146600.0,16200.0,582600.0,50,804
3768,262927116,0.049055347216412665,-5886.125,588612.5,175562.5,49300.0,15400.0,348350.0,50,804
3769,709638496,0.04901610293863953,-6843.300000000001,684330.0,168560.0,102400.0,16720.0,396650.0,50,805
3770,283576099,0.04897689005628862,-7241.95,724195.0,182225.0,51600.0,17320.0,473050.0,50,805
3771,447102220,0.04893770854424359,-7092.825,709282.5,187982.5,3200.0,16400.0,501700.0,50,805
3772,333611714,0.0488985583774082,-9113.674999999997,911367.5,194867.5,131200.0,17200.0,568100.0,50,805
3773,910433481,0.04885943953070627,-8249.824999999999,824982.5,197812.5,71600.0,16720.0,538850.0,50,805
3774,684000116,0.0488203519790817,-6562.350000000001,656235.0,189425.0,0.0,16160.0,450650.0,50,805
3775,194239089,0.048781295697498436,-9272.224999999999,927222.5,187722.5,151100.0,16800.0,571600.0,50,805
3776,77074353,0.04874227066094044,-9199.225,919922.5,193642.5,108600.0,16680.0,601000.0,50,805
3777,841148907,0.04870327684441168,-8333.75,833375.0,194535.0,17900.0,16640.0,604300.0,50,805
3778,915847908,0.048664314222936156,-9456.775,945677.5,194357.5,144000.0,17320.0,590000.0,50,805
3779,950176867,0.048625382771557805,-5813.224999999999,581322.5,178452.5,77600.0,14920.0,310350.0,50,805
3780,104166064,0.04858648246534056,-8697.3,869730.0,193510.0,149600.0,15720.0,510900.0,50,805
3781,926975574,0.04854761327936828,-7767.999999999999,776800.0,192710.0,51700.0,16040.0,516350.0,50,805
3782,981159106,0.04850877518874479,-9507.800000000001,950780.0,194240.0,189600.0,15240.0,551700.0,50,805
3783,321045471,0.048469968168593794,-9007.525000000001,900752.5,190382.5,122700.0,16320.0,571350.0,50,805
3784,615204273,0.04843119219405892,-8833.2,883320.0,180730.0,98400.0,15440.0,588750.0,50,805
3785,569163318,0.04839244724030367,-9816.650000000001,981665.0,196065.0,152800.0,17200.0,615600.0,50,805
3786,603844374,0.04835373328251143,-7949.950000000001,794995.0,180035.0,30800.0,16360.0,567800.0,50,805
3787,9149897,0.04831505029588542,-6477.0999999999985,647710.0,194270.0,136400.0,16240.0,300800.0,50,805
3788,540476616,0.04827639825564871,-6743.150000000002,674315.0,178525.0,79700.0,15440.0,400650.0,50,806
3789,521316833,0.04823777713704419,-11183.800000000003,1118380.0,198540.0,146800.0,17240.0,755800.0,50,806
3790,106822326,0.048199186915334556,-10491.575,1049157.5,197657.5,207800.0,16600.0,627100.0,50,806
3791,60658601,0.048160627565802284,-9668.475,966847.5,193267.5,130800.0,15880.0,626900.0,50,806
3792,93044507,0.04812209906374964,-12409.9,1240990.0,203390.0,234300.0,16800.0,786500.0,50,806
3793,796492429,0.04808360138449864,-8861.025,886102.5,188062.5,82200.0,16840.0,599000.0,50,806
3794,41306234,0.04804513450339104,-7145.95,714595.0,190415.0,10000.0,15680.0,498500.0,50,806
3795,122433698,0.048006698395788326,-10181.350000000002,1018135.0,198865.0,174800.0,16120.0,628350.0,50,806
3796,142070053,0.047968293037071695,-10387.000000000004,1038700.0,192410.0,247600.0,16240.0,582450.0,50,806
3797,249784871,0.04792991840264204,-7772.7,777270.0,191220.0,71200.0,15600.0,499250.0,50,806
3798,654716131,0.047891574467919924,-7628.925000000001,762892.5,195102.5,102400.0,15240.0,450150.0,50,806
3799,417992412,0.047853261208345585,-9316.65,931665.0,189545.0,166900.0,16320.0,558900.0,50,807
3800,850704400,0.04781497859937891,-8416.375,841637.5,190927.5,68100.0,15560.0,567050.0,50,807
3801,895484381,0.047776726616499406,-12596.2,1259620.0,196860.0,354000.0,16960.0,691800.0,50,807
3802,536364583,0.0477385052352062,-7330.475,733047.5,182207.5,87800.0,15640.0,447400.0,50,807
3803,617654022,0.047700314431018034,-11454.400000000001,1145440.0,195290.0,258200.0,17200.0,674750.0,50,807
3804,490330377,0.04766215417947322,-12254.824999999995,1225482.5,195712.5,370200.0,16920.0,642650.0,50,807
3805,789421395,0.04762402445612964,-6200.949999999999,620095.0,175925.0,34800.0,15320.0,394050.0,50,807
3806,284943228,0.047585925236564734,-6086.074999999998,608607.5,183197.5,24400.0,15160.0,385850.0,50,807
3807,278093313,0.04754785649637548,-8188.300000000001,818830.0,188640.0,133300.0,16040.0,480850.0,50,807
3808,688644542,0.04750981821117838,-9013.95,901395.0,187835.0,115500.0,15560.0,582500.0,50,807
3809,944754805,0.04747181035660944,-7448.025000000001,744802.5,190822.5,58800.0,16680.0,478500.0,50,807
3810,61956046,0.047433832908324154,-6366.825000000001,636682.5,183352.5,65800.0,15880.0,371650.0,50,807
3811,597130631,0.04739588584199749,-9299.925000000001,929992.5,193912.5,95900.0,15880.0,624300.0,50,807
3812,380765241,0.04735796913332389,-10836.825,1083682.5,196082.5,244400.0,15800.0,627400.0,50,807
3813,747009353,0.04732008275801723,-5599.075,559907.5,187157.5,21200.0,14400.0,337150.0,50,807
3814,748969974,0.047282226691810814,-8844.425000000001,884442.5,193632.5,113200.0,16960.0,560650.0,50,807
3815,894050095,0.04724440091045736,-9119.25,911925.0,195715.0,116400.0,16360.0,583450.0,50,807
3816,866679310,0.04720660538972899,-7433.875000000001,743387.5,184867.5,92400.0,15520.0,450600.0,50,807
3817,25554675,0.047168840105417206,-9543.449999999999,954345.0,193205.0,188700.0,16040.0,556400.0,50,807
3818,752644283,0.04713110503333287,-8849.725,884972.5,195522.5,89200.0,16000.0,584250.0,50,807
3819,665810865,0.0470934001493062,-9602.125000000002,960212.5,194362.5,78400.0,16400.0,671050.0,50,807
3820,637241154,0.047055725429186755,-8449.175,844917.5,198897.5,84200.0,15320.0,546500.0,50,807
3821,137409999,0.0470180808488434,-9446.500000000002,944650.0,193770.0,208700.0,16680.0,525500.0,50,807
3822,353068442,0.046980466384164324,-8403.400000000001,840340.0,189910.0,93000.0,17080.0,540350.0,50,807
3823,511104045,0.046942882011056994,-7481.950000000001,748195.0,180055.0,148900.0,15640.0,403600.0,50,807
3824,470830133,0.04690532770544815,-6624.650000000001,662465.0,186005.0,43900.0,15360.0,417200.0,50,807
3825,792829538,0.04686780344328379,-6565.300000000001,656530.0,190310.0,102500.0,14920.0,348800.0,50,807
3826,267465460,0.04683030920052916,-7518.700000000001,751870.0,189160.0,85600.0,15760.0,461350.0,50,807
3827,219198857,0.04679284495316874,-8970.849999999997,897085.0,196135.0,197900.0,16200.0,486850.0,50,807
3828,437654950,0.046755410677206205,-10226.125,1022612.5,196222.5,242700.0,15240.0,568450.0,50,807
3829,883541264,0.04671800634866444,-7684.725000000001,768472.5,182852.5,0.0,16520.0,569100.0,50,807
3830,47254251,0.0466806319435855,-11748.050000000003,1174805.0,200845.0,342700.0,15760.0,615500.0,50,807
3831,425125800,0.04664328743803063,-5861.800000000002,586180.0,176650.0,82400.0,14680.0,312450.0,50,807
3832,310754364,0.0466059728080802,-7727.625000000001,772762.5,189152.5,144400.0,15160.0,424050.0,50,807
3833,946663896,0.04656868802983374,-9607.925,960792.5,194882.5,207300.0,16760.0,541850.0,50,807
3834,3903056,0.04653143307940987,-9395.2,939520.0,196670.0,165500.0,17000.0,560350.0,50,807
3835,212095940,0.04649420793294634,-7349.124999999998,734912.5,187162.5,25200.0,16200.0,506350.0,50,807
3836,674718261,0.04645701256659998,-9087.125,908712.5,192182.5,121900.0,16280.0,578350.0,50,807
3837,397656846,0.0464198469565467,-9024.800000000001,902480.0,187280.0,143700.0,16400.0,555100.0,50,807
3838,349964256,0.04638271107898146,-9768.324999999999,976832.5,190702.5,142700.0,16880.0,626550.0,50,807
3839,241635464,0.04634560491011827,-7918.200000000002,791820.0,187700.0,176900.0,15720.0,411500.0,50,807
3840,847642159,0.046308528426190175,-8992.65,899265.0,191765.0,80000.0,16800.0,610700.0,50,807
3841,860799550,0.046271481603449224,-8071.7,807170.0,188520.0,117700.0,16400.0,484550.0,50,807
3842,140457449,0.04623446441816646,-6475.674999999998,647567.5,191157.5,51200.0,15560.0,389650.0,50,807
3843,585125261,0.046197476846631925,-10535.849999999997,1053585.0,186125.0,277600.0,15960.0,573900.0,50,807
3844,936942045,0.04616051886515462,-9770.974999999999,977097.5,191477.5,206800.0,16320.0,562500.0,50,807
3845,142396485,0.04612359045006249,-10116.35,1011635.0,184605.0,171000.0,17880.0,638150.0,50,807
3846,439334586,0.04608669157770244,-6449.575,644957.5,189147.5,36400.0,15560.0,403850.0,50,807
3847,796320224,0.046049822224440276,-9571.699999999999,957170.0,199380.0,177200.0,16840.0,563750.0,50,807
3848,872497008,0.046012982366660723,-11825.824999999999,1182582.5,198362.5,264400.0,18120.0,701700.0,50,807
3849,53972211,0.045976171980767394,-12602.875000000002,1260287.5,201387.5,309100.0,17000.0,732800.0,50,807
3850,353345571,0.04593939104318278,-9651.275000000001,965127.5,190727.5,257600.0,14800.0,502000.0,50,807
3851,96333999,0.04590263953034823,-8895.725,889572.5,193612.5,190800.0,15560.0,489600.0,50,807
3852,233622066,0.04586591741872395,-8088.850000000001,808885.0,185125.0,78800.0,16760.0,528200.0,50,807
3853,314474520,0.04582922468478897,-9871.074999999999,987107.5,189487.5,150800.0,16520.0,630300.0,50,807
3854,473108357,0.04579256130504114,-10317.4,1031740.0,200840.0,197100.0,16400.0,617400.0,50,807
3855,413678805,0.04575592725599711,-9394.599999999999,939460.0,191600.0,176000.0,16360.0,555500.0,50,807
3856,231093852,0.045719322514192307,-8391.724999999997,839172.5,195552.5,75200.0,16520.0,551900.0,50,807
3857,788949973,0.04568274705618095,-8139.574999999999,813957.5,188577.5,43100.0,15480.0,566800.0,50,807
3858,271483852,0.045646200858536004,-8497.500000000002,849750.0,195580.0,107300.0,15720.0,531150.0,50,807
3859,570860403,0.045609683897849175,-7781.249999999999,778125.0,184645.0,123600.0,14480.0,455400.0,50,807
3860,489735975,0.045573196150730896,-9905.524999999998,990552.5,192162.5,170400.0,16240.0,611750.0,50,807
3861,423456182,0.04553673759381031,-11204.724999999997,1120472.5,197772.5,305300.0,16000.0,601400.0,50,807
3862,725088518,0.04550030820373526,-8806.949999999999,880695.0,185595.0,131800.0,16000.0,547300.0,50,807
3863,470590115,0.04546390795717227,-5964.175,596417.5,187277.5,5700.0,16440.0,387000.0,50,807
3864,368747593,0.04542753683080653,-7415.025000000001,741502.5,187832.5,91600.0,16320.0,445750.0,50,807
3865,608311287,0.045391194801341885,-9160.175,916017.5,184087.5,175700.0,15880.0,540350.0,50,807
3866,277566459,0.04535488184550081,-7838.000000000002,783800.0,181820.0,77100.0,15880.0,509000.0,50,807
3867,121347681,0.04531859794002441,-9550.775,955077.5,192247.5,143400.0,16880.0,602550.0,50,807
3868,300435701,0.045282343061672385,-9974.55,997455.0,197165.0,247600.0,16640.0,536050.0,50,807
3869,314287491,0.045246117187223045,-10564.624999999996,1056462.5,199142.5,251200.0,16520.0,589600.0,50,807
3870,743059820,0.04520992029347327,-4986.15,498615.0,174725.0,87400.0,15040.0,221450.0,50,807
3871,544138910,0.045173752357238486,-10602.474999999997,1060247.5,198087.5,285200.0,16160.0,560800.0,50,807
3872,73038142,0.04513761335535269,-9147.949999999999,914795.0,193675.0,177900.0,15520.0,527700.0,50,808
3873,914872315,0.045101503264668406,-5734.7,573470.0,183370.0,5200.0,15600.0,369300.0,50,808
3874,885482182,0.04506542206205667,-8990.449999999997,899045.0,195825.0,77200.0,17320.0,608700.0,50,808
3875,964625230,0.04502936972440703,-8482.175000000001,848217.5,188957.5,143000.0,15960.0,500300.0,50,808
3876,150290258,0.0449933462286275,-7509.85,750985.0,187005.0,91700.0,16080.0,456200.0,50,808
3877,828266507,0.0449573515516446,-9446.9,944690.0,198690.0,168300.0,16400.0,561300.0,50,808
3878,589219459,0.04492138567040328,-7880.925,788092.5,192062.5,56600.0,16080.0,523350.0,50,808
3879,594695702,0.04488544856186696,-9768.45,976845.0,194665.0,80400.0,16880.0,684900.0,50,808
3880,657220120,0.044849540203017464,-11128.724999999999,1112872.5,193942.5,310500.0,15880.0,592550.0,50,808
3881,946364517,0.04481366057085505,-9779.199999999995,977920.0,189590.0,146900.0,16080.0,625350.0,50,808
3882,519791055,0.044777809642398365,-9743.675000000001,974367.5,193857.5,111200.0,16960.0,652350.0,50,808
3883,867290526,0.04474198739468445,-9435.549999999997,943555.0,200825.0,155600.0,16480.0,570650.0,50,808
3884,79317526,0.0447061938047687,-8268.8,826880.0,193060.0,160100.0,15720.0,458000.0,50,808
3885,11376650,0.044670428849724886,-10222.500000000002,1022250.0,200500.0,194300.0,16600.0,610850.0,50,808
3886,338315272,0.044634692506645104,-8890.5,889050.0,196360.0,203300.0,15440.0,473950.0,50,808
3887,842182305,0.044598984752639785,-12239.074999999997,1223907.5,193767.5,340600.0,16840.0,672700.0,50,808
3888,239806800,0.044563305564837674,-13571.175000000001,1357117.5,199957.5,344000.0,17760.0,795400.0,50,808
3889,346177014,0.0445276549203858,-10403.324999999999,1040332.5,193942.5,262300.0,15240.0,568850.0,50,808
3890,606984672,0.04449203279644949,-9266.075,926607.5,194087.5,147600.0,16720.0,568200.0,50,808
3891,675964549,0.04445643917021233,-9181.199999999999,918120.0,196330.0,150400.0,16640.0,554750.0,50,808
3892,673781123,0.04442087401887616,-9274.800000000001,927480.0,189640.0,163600.0,16440.0,557800.0,50,808
3893,242110735,0.04438533731966105,-8017.075000000002,801707.5,194647.5,88400.0,16760.0,501900.0,50,808
3894,533048456,0.04434982904980532,-9813.775,981377.5,194077.5,241400.0,16000.0,529900.0,50,808
3895,946832054,0.044314349186565474,-7397.299999999999,739730.0,182230.0,113000.0,15400.0,429100.0,50,808
3896,2562102,0.04427889770721622,-7841.85,784185.0,195735.0,58700.0,16200.0,513550.0,50,809
3897,211942331,0.044243474589050445,-9711.7,971170.0,193480.0,214800.0,16640.0,546250.0,50,810
3898,252909882,0.04420807980937921,-7550.725,755072.5,190872.5,30000.0,15000.0,519200.0,50,810
3899,91188110,0.0441727133455317,-10435.25,1043525.0,189145.0,173200.0,16880.0,664300.0,50,810
3900,90832546,0.044137375174855276,-6350.299999999999,635030.0,183920.0,60000.0,15160.0,375950.0,50,811
3901,970273839,0.04410206527471539,-6806.4749999999985,680647.5,184967.5,79000.0,15480.0,401200.0,50,811
3902,808638008,0.044066783622495616,-6869.825,686982.5,179442.5,115200.0,15640.0,376700.0,50,811
3903,423468343,0.04403153019559762,-10166.424999999997,1016642.5,193322.5,266100.0,15320.0,541900.0,50,811
3904,949553086,0.04399630497144114,-9196.575,919657.5,186497.5,178400.0,16760.0,538000.0,50,811
3905,204894126,0.04396110792746399,-6398.500000000001,639850.0,178950.0,74200.0,15800.0,370900.0,50,813
3906,516020338,0.04392593904112201,-7360.125,736012.5,189072.5,31800.0,15840.0,499300.0,50,813
3907,480016039,0.043890798289889114,-7812.874999999999,781287.5,188427.5,64600.0,16160.0,512100.0,50,813
3908,340951517,0.0438556856512572,-7440.649999999998,744065.0,187635.0,148400.0,15480.0,392550.0,50,813
3909,54489569,0.043820601102736195,-6325.200000000001,632520.0,189400.0,7500.0,16520.0,419100.0,50,813
3910,517295166,0.04378554462185401,-5354.724999999999,535472.5,182872.5,27200.0,14200.0,311200.0,50,813
3911,828766675,0.043750516186156524,-9815.825000000004,981582.5,193842.5,204800.0,17240.0,565700.0,50,813
3912,209612445,0.0437155157732076,-8855.875,885587.5,198057.5,97800.0,16480.0,573250.0,50,813
3913,959503940,0.04368054336058903,-5250.100000000001,525010.0,172950.0,20600.0,14160.0,317300.0,50,813
3914,584605332,0.04364559892590056,-10514.300000000003,1051430.0,197800.0,225400.0,16680.0,611550.0,50,813
3915,961040105,0.043610682446759835,-7193.199999999999,719320.0,192210.0,40500.0,16160.0,470450.0,50,813
3916,470077955,0.04357579390080243,-9881.950000000003,988195.0,195355.0,183700.0,16640.0,592500.0,50,813
3917,867894257,0.043540933265681786,-8518.500000000002,851850.0,196290.0,110100.0,16160.0,529300.0,50,813
3918,298696569,0.04350610051906924,-10107.5,1010750.0,196250.0,212900.0,17000.0,584600.0,50,813
3919,7549331,0.043471295638653984,-8906.699999999999,890670.0,188680.0,129100.0,16240.0,556650.0,50,813
3920,331304227,0.04343651860214306,-8271.85,827185.0,189425.0,65000.0,17160.0,555600.0,50,813
3921,988145477,0.04340176938726134,-9066.599999999999,906660.0,195190.0,93300.0,16720.0,601450.0,50,813
3922,990593247,0.04336704797175153,-7932.625000000001,793262.5,194452.5,173600.0,15960.0,409250.0,50,813
3923,248805052,0.04333235433337413,-11357.250000000004,1135725.0,200775.0,270400.0,16400.0,648150.0,50,813
3924,218206315,0.04329768844990743,-9924.925000000005,992492.5,193612.5,260900.0,15880.0,522100.0,50,813
3925,461161594,0.0432630502991475,-8872.025000000001,887202.5,192752.5,135400.0,17200.0,541850.0,50,813
3926,299007057,0.04322843985890818,-10421.800000000005,1042180.0,202150.0,176000.0,15880.0,648150.0,50,813
3927,482164689,0.043193857107021054,-10850.574999999999,1085057.5,193347.5,220800.0,16360.0,654550.0,50,813
3928,961942823,0.04315930202133544,-9635.5,963550.0,195140.0,157900.0,16360.0,594150.0,50,813
3929,828697931,0.04312477457971837,-7295.449999999999,729545.0,188165.0,128100.0,14880.0,398400.0,50,813
3930,726523907,0.043090274760054594,-10193.5,1019350.0,200940.0,189300.0,16360.0,612750.0,50,813
3931,736175987,0.043055802540246546,-7008.0,700800.0,192210.0,58400.0,15440.0,434750.0,50,813
3932,762421996,0.043021357898214346,-8793.625,879362.5,196292.5,103600.0,15920.0,563550.0,50,813
3933,290049128,0.042986940811895774,-9046.875000000005,904687.5,198427.5,57900.0,16560.0,631800.0,50,813
3934,368406853,0.042952551259246255,-6737.925,673792.5,187892.5,25700.0,16400.0,443800.0,50,813
3935,32131096,0.04291818921823886,-12988.899999999998,1298890.0,199800.0,373800.0,17240.0,708050.0,50,813
3936,802996507,0.04288385466686427,-11162.650000000001,1116265.0,197285.0,271300.0,16080.0,631600.0,50,813
3937,672963960,0.04284954758313078,-8711.475,871147.5,194817.5,72700.0,15480.0,588150.0,50,813
3938,514743268,0.042815267945064274,-6701.225,670122.5,189372.5,0.0,16200.0,464550.0,50,813
3939,195523145,0.04278101573070822,-9308.425,930842.5,199022.5,156800.0,16320.0,558700.0,50,813
3940,287503820,0.04274679091812365,-8817.300000000001,881730.0,188520.0,42800.0,18160.0,632250.0,50,813
3941,463288189,0.04271259348538915,-10214.450000000004,1021445.0,197855.0,192400.0,16640.0,614550.0,50,813
3942,584314701,0.04267842341060084,-13082.75,1308275.0,201655.0,297500.0,17120.0,792000.0,50,813
3943,90579494,0.042644280671872356,-9897.525,989752.5,193382.5,131200.0,15720.0,649450.0,50,813
3944,70116313,0.04261016524733486,-9271.45,927145.0,195755.0,188700.0,16440.0,526250.0,50,813
3945,253589963,0.04257607711513699,-9041.825000000003,904182.5,179102.5,51500.0,16080.0,657500.0,50,813
3946,101051619,0.04254201625344488,-8919.125,891912.5,186412.5,172000.0,15600.0,517900.0,50,813
3947,409659688,0.04250798264044212,-8380.824999999997,838082.5,193732.5,82000.0,15800.0,546550.0,50,813
3948,570796514,0.04247397625432977,-8059.075,805907.5,188917.5,19100.0,16440.0,581450.0,50,813
3949,5717236,0.042439997073326304,-6312.225000000001,631222.5,188822.5,43200.0,16000.0,383200.0,50,813
3950,875700995,0.04240604507566764,-9683.300000000005,968330.0,197550.0,77200.0,17480.0,676100.0,50,813
3951,160973779,0.042372120239607104,-9479.425,947942.5,197082.5,167900.0,16960.0,566000.0,50,813
3952,274087249,0.04233822254341542,-6346.1,634610.0,183690.0,8000.0,15720.0,427200.0,50,813
3953,911393392,0.04230435196538068,-10866.525000000001,1086652.5,196152.5,266400.0,16200.0,607900.0,50,813
3954,780458193,0.042270508483808374,-6689.650000000001,668965.0,187025.0,119100.0,15440.0,347400.0,50,813
3955,687864286,0.042236692077021326,-11915.524999999998,1191552.5,199042.5,267600.0,16760.0,708150.0,50,813
3956,348944223,0.042202902723359706,-5909.299999999998,590930.0,187780.0,0.0,15400.0,387750.0,50,813
3957,993782238,0.04216914040118102,-9611.274999999998,961127.5,189387.5,134000.0,16040.0,621700.0,50,813
3958,222268101,0.04213540508886007,-7903.449999999999,790345.0,185375.0,56400.0,15520.0,533050.0,50,813
3959,906651502,0.04210169676478898,-8936.975,893697.5,188267.5,154400.0,15680.0,535350.0,50,813
3960,631457309,0.04206801540737715,-5330.724999999999,533072.5,169512.5,26800.0,15560.0,321200.0,50,813
3961,525071494,0.04203436099505125,-5766.675000000001,576667.5,186097.5,25400.0,14320.0,350850.0,50,813
3962,409186330,0.04200073350625521,-11127.175,1112717.5,197167.5,186800.0,16600.0,712150.0,50,813
3963,355067724,0.04196713291945021,-10320.224999999999,1032022.5,199052.5,61800.0,16720.0,754450.0,50,813
3964,649400239,0.041933559213114646,-8359.275,835927.5,170797.5,47100.0,17080.0,600950.0,50,813
3965,209702385,0.04190001236574415,-7839.775,783977.5,179407.5,87200.0,16120.0,501250.0,50,813
3966,76894487,0.041866492355851555,-9180.225,918022.5,192842.5,125600.0,15880.0,583700.0,50,813
3967,228129516,0.04183299916196687,-11103.2,1110320.0,199120.0,270000.0,16200.0,625000.0,50,813
3968,496289735,0.0417995327626373,-8929.749999999996,892975.0,181265.0,189300.0,15560.0,506850.0,50,813
3969,986723466,0.04176609313642719,-9681.000000000002,968100.0,193960.0,252100.0,16840.0,505200.0,50,813
3970,675649884,0.04173268026191805,-9789.100000000002,978910.0,194980.0,230500.0,16880.0,536550.0,50,813
3971,646680334,0.041699294117708514,-8804.5,880450.0,194480.0,74400.0,16720.0,594850.0,50,813
3972,484784213,0.04166593468241435,-7988.949999999998,798895.0,189205.0,79400.0,15640.0,514650.0,50,813
3973,127710493,0.04163260193466842,-8020.15,802015.0,193285.0,172300.0,14880.0,421550.0,50,813
3974,576782534,0.04159929585312068,-9617.025,961702.5,194522.5,226200.0,16280.0,524700.0,50,813
3975,451874573,0.04156601641643818,-7553.900000000001,755390.0,186070.0,214800.0,14320.0,340200.0,50,813
3976,34168267,0.04153276360330503,-5988.6500000000015,598865.0,184545.0,16900.0,15120.0,382300.0,50,814
3977,291448233,0.04149953739242239,-8746.174999999997,874617.5,192297.5,44400.0,16720.0,621200.0,50,814
3978,143901652,0.04146633776250845,-7485.15,748515.0,188035.0,152800.0,15680.0,392000.0,50,814
3979,596795728,0.04143316469229844,-8993.574999999997,899357.5,196807.5,23100.0,17400.0,662050.0,50,814
3980,228065167,0.0414000181605446,-7684.9,768490.0,186200.0,120700.0,15240.0,446350.0,50,814
3981,588023655,0.041366898146016164,-6471.300000000001,647130.0,185750.0,34700.0,15880.0,410800.0,50,814
3982,525460650,0.04133380462749935,-6057.95,605795.0,187935.0,23600.0,15960.0,378300.0,50,814
3983,721217538,0.041300737583797355,-5532.099999999999,553210.0,184010.0,18700.0,14600.0,335900.0,50,814
3984,747808733,0.04126769699373031,-9809.324999999999,980932.5,201742.5,192000.0,16240.0,570950.0,50,814
3985,874522095,0.04123468283613533,-8657.375000000002,865737.5,198817.5,122400.0,16720.0,527800.0,50,814
3986,649158071,0.04120169508986642,-10594.974999999997,1059497.5,189067.5,207600.0,15880.0,646950.0,50,814
3987,969343418,0.04116873373379453,-9019.7,901970.0,192520.0,119700.0,15800.0,573950.0,50,814
3988,486405494,0.04113579874680749,-7991.699999999999,799170.0,190530.0,86800.0,16240.0,505600.0,50,814
3989,729336162,0.04110289010781004,-9758.574999999999,975857.5,188267.5,106400.0,16840.0,664350.0,50,814
3990,249949125,0.04107000779572379,-6846.375,684637.5,192477.5,41000.0,16360.0,434800.0,50,814
3991,389385310,0.04103715178948721,-9070.15,907015.0,193275.0,135500.0,16240.0,562000.0,50,814
3992,980512262,0.04100432206805562,-6589.249999999999,658925.0,188125.0,73500.0,15000.0,382300.0,50,814
3993,745557344,0.04097151861040117,-8227.900000000001,822790.0,193410.0,79800.0,16480.0,533100.0,50,814
3994,923369870,0.04093874139551285,-8794.500000000002,879450.0,168050.0,178900.0,15400.0,517100.0,50,819
3995,626166409,0.04090599040239644,-8092.150000000001,809215.0,194065.0,96400.0,16000.0,502750.0,50,819
3996,752370177,0.04087326561007452,-7893.9,789390.0,187620.0,56000.0,16720.0,529050.0,50,819
3997,67067490,0.04084056699758646,-11543.1,1154310.0,197270.0,181600.0,17840.0,757600.0,50,819
3998,528756050,0.040807894543988386,-8196.9,819690.0,191750.0,147000.0,15040.0,465900.0,50,819
3999,900792552,0.0407752482283532,-8648.925000000003,864892.5,193422.5,81200.0,15720.0,574550.0,50,819
4000,731597648,0.040742628029770515,-10960.25,1096025.0,196545.0,346500.0,15880.0,537100.0,50,819
4001,941214374,0.0407100339273467,-11657.224999999999,1165722.5,198512.5,229800.0,17160.0,720250.0,50,819
4002,262613460,0.04067746590020482,-7514.325000000001,751432.5,181722.5,25600.0,15960.0,528150.0,50,820
4003,98183076,0.04064492392748466,-7266.949999999998,726695.0,194275.0,55200.0,15520.0,461700.0,50,820
4004,642347804,0.04061240798834267,-11891.750000000002,1189175.0,198935.0,337600.0,16040.0,636600.0,50,820
4005,527923178,0.04057991806195199,-9784.624999999998,978462.5,193022.5,125200.0,16840.0,643400.0,50,820
4006,922738644,0.04054745412750243,-11583.775000000001,1158377.5,199157.5,229000.0,16720.0,713500.0,50,820
4007,315335379,0.040515016164200425,-13170.8,1317080.0,195490.0,365100.0,16440.0,740050.0,50,820
4008,821890575,0.040482604151269065,-9604.675000000001,960467.5,195807.5,209500.0,16560.0,538600.0,50,820
4009,390542428,0.040450218067948046,-6927.200000000003,692720.0,187860.0,126500.0,15560.0,362800.0,50,820
4010,767861743,0.04041785789349368,-8992.849999999999,899285.0,181695.0,183900.0,16040.0,517650.0,50,820
4011,877043146,0.04038552360717889,-9487.475,948747.5,198717.5,278000.0,15480.0,456550.0,50,820
4012,767596593,0.04035321518829314,-7835.875000000001,783587.5,190847.5,121500.0,16840.0,454400.0,50,820
4013,48392492,0.04032093261614251,-7708.174999999999,770817.5,196007.5,110400.0,15560.0,448850.0,50,820
4014,208134826,0.04028867587004959,-9930.474999999999,993047.5,192357.5,186800.0,16040.0,597850.0,50,820
4015,347969780,0.04025644492935355,-10325.8,1032580.0,195270.0,187800.0,16760.0,632750.0,50,820
4016,648125208,0.04022423977341007,-7784.824999999999,778482.5,187762.5,24400.0,16120.0,550200.0,50,820
4017,749767891,0.04019206038159134,-9463.075,946307.5,195217.5,94800.0,16040.0,640250.0,50,820
4018,788272678,0.040159906733286066,-9568.875000000002,956887.5,184617.5,257400.0,14920.0,499950.0,50,820
4019,491103192,0.04012777880789944,-8282.249999999998,828225.0,184415.0,80400.0,16360.0,547050.0,50,820
4020,581326150,0.040095676584853114,-10936.025,1093602.5,196882.5,219400.0,17320.0,660000.0,50,820
4021,363658395,0.04006360004358523,-6416.849999999999,641685.0,176035.0,19500.0,16800.0,429350.0,50,820
4022,752658501,0.04003154916355036,-9150.5,915050.0,191920.0,127100.0,15480.0,580550.0,50,820
4023,449450515,0.03999952392421952,-12188.749999999996,1218875.0,196845.0,334400.0,16480.0,671150.0,50,820
4024,918911654,0.039967524305080146,-9110.874999999998,911087.5,190047.5,147600.0,16040.0,557400.0,50,820
4025,645176676,0.03993555028563608,-6377.475,637747.5,185247.5,60100.0,15800.0,376600.0,50,820
4026,200446310,0.03990360184540757,-11116.675000000001,1111667.5,189487.5,264600.0,16680.0,640900.0,50,820
4027,191350475,0.03987167896393124,-9806.174999999997,980617.5,194387.5,131600.0,15680.0,638950.0,50,820
4028,875519128,0.039839781620760094,-9735.675,973567.5,197047.5,252000.0,15720.0,508800.0,50,820
4029,67167382,0.03980790979546348,-6843.075,684307.5,183577.5,85600.0,16480.0,398650.0,50,820
4030,505060806,0.03977606346762711,-9787.65,978765.0,185655.0,198800.0,16760.0,577550.0,50,820
4031,987555623,0.039744242616853005,-6718.075000000002,671807.5,188807.5,49800.0,15800.0,417400.0,50,820
4032,183564267,0.039712447222759524,-7406.674999999998,740667.5,195167.5,97500.0,16800.0,431200.0,50,820
4033,698864342,0.03968067726498131,-9518.4,951840.0,196580.0,182800.0,15960.0,556500.0,50,820
4034,985026021,0.03964893272316933,-7930.05,793005.0,192385.0,54300.0,15520.0,530800.0,50,820
4035,279535273,0.039617213576990794,-7596.299999999998,759630.0,186140.0,33600.0,15440.0,524450.0,50,820
4036,143239196,0.0395855198061292,-7375.999999999999,737600.0,187640.0,160200.0,15160.0,374600.0,50,820
4037,405066896,0.03955385139028429,-8508.35,850835.0,194065.0,114000.0,16520.0,526250.0,50,820
4038,882438801,0.039522208309172066,-7831.3499999999985,783135.0,176815.0,125700.0,15720.0,464900.0,50,820
4039,927910715,0.039490590542524726,-7708.049999999999,770805.0,189335.0,87800.0,17120.0,476550.0,50,820
4040,850335336,0.039458998070090706,-7050.674999999999,705067.5,186457.5,96100.0,15960.0,406550.0,50,821
4041,293715622,0.03942743087163463,-7955.724999999997,795572.5,191532.5,108800.0,17040.0,478200.0,50,821
4042,651398301,0.03939588892693732,-9809.95,980995.0,187965.0,174400.0,16480.0,602150.0,50,821
4043,232597377,0.03936437221579577,-8727.849999999999,872785.0,198785.0,94500.0,16800.0,562700.0,50,821
4044,462435222,0.039332880718023135,-9231.85,923185.0,195195.0,140100.0,17040.0,570850.0,50,821
4045,692575665,0.03930141441344871,-8070.425000000001,807042.5,188082.5,118000.0,15960.0,485000.0,50,821
4046,973580634,0.039269973281917954,-5316.475000000001,531647.5,187707.5,60900.0,16240.0,266800.0,50,821
4047,460057579,0.03923855730329242,-10335.325000000003,1033532.5,196022.5,219200.0,16160.0,602150.0,50,821
4048,535784990,0.03920716645744978,-7648.675000000003,764867.5,191597.5,128500.0,14920.0,429850.0,50,821
4049,585705303,0.03917580072428382,-6799.249999999999,679925.0,179465.0,78500.0,14560.0,407400.0,50,821
4050,176808618,0.03914446008370439,-10059.7,1005970.0,199040.0,246200.0,15880.0,544850.0,50,821
4051,183241509,0.039113144515637424,-6639.249999999999,663925.0,192045.0,59900.0,15680.0,396300.0,50,821
4052,279967363,0.03908185400002491,-8059.075000000003,805907.5,195307.5,139900.0,16400.0,454300.0,50,821
4053,958307085,0.039050588516824886,-8158.200000000003,815820.0,190710.0,128900.0,16360.0,479850.0,50,821
4054,880863387,0.039019348046011426,-8830.574999999997,883057.5,195057.5,169900.0,17000.0,501100.0,50,821
4055,545570739,0.038988132567574614,-8104.400000000002,810440.0,196390.0,141900.0,15400.0,456750.0,50,821
4056,964316066,0.038956942061520554,-9121.150000000001,912115.0,191615.0,222300.0,16400.0,481800.0,50,821
4057,310145688,0.03892577650787134,-10943.350000000006,1094335.0,200135.0,182800.0,17600.0,693800.0,50,821
4058,155606151,0.03889463588666504,-7861.449999999999,786145.0,190015.0,92000.0,16280.0,487850.0,50,821
4059,569638470,0.038863520177955704,-8738.024999999998,873802.5,193552.5,192600.0,16800.0,470850.0,50,821
4060,166785174,0.03883242936181334,-9093.800000000001,909380.0,192530.0,169800.0,16600.0,530450.0,50,821
4061,674218273,0.03880136341832389,-10148.425000000003,1014842.5,191522.5,163400.0,17120.0,642800.0,50,821
4062,717556945,0.03877032232758923,-6187.925,618792.5,182302.5,16700.0,15840.0,403950.0,50,821
4063,88896693,0.038739306069727156,-7777.45,777745.0,188595.0,29800.0,16600.0,542750.0,50,821
4064,648208639,0.03870831462487137,-8428.6,842860.0,184520.0,108100.0,15440.0,534800.0,50,821
4065,556808003,0.038677347973171475,-5914.0250000000015,591402.5,177242.5,29000.0,15960.0,369200.0,50,821
4066,223605696,0.03864640609479294,-7452.2,745220.0,183520.0,92300.0,16000.0,453400.0,50,821
4067,913288778,0.0386154889699171,-8540.300000000001,854030.0,186640.0,124900.0,14640.0,527850.0,50,821
4068,551894201,0.038584596578741165,-8733.425000000001,873342.5,190332.5,192400.0,14160.0,476450.0,50,822
4069,516286046,0.03855372890147817,-8935.525,893552.5,193492.5,164500.0,16360.0,519200.0,50,822
4070,374114658,0.03852288591835699,-9503.800000000001,950380.0,196580.0,177600.0,16000.0,560200.0,50,822
4071,27778293,0.0384920676096223,-10061.499999999996,1006150.0,197770.0,182300.0,16480.0,609600.0,50,822
4072,736900635,0.0384612739555346,-10395.574999999999,1039557.5,198757.5,241200.0,16400.0,583200.0,50,822
4073,661816686,0.03843050493637017,-8895.175,889517.5,196007.5,121200.0,15560.0,556750.0,50,822
4074,752852158,0.03839976053242108,-10637.275000000003,1063727.5,197697.5,192400.0,16080.0,657550.0,50,822
4075,882309431,0.03836904072399514,-7548.875,754887.5,189347.5,110800.0,15040.0,439700.0,50,822
4076,828637116,0.038338345491415945,-8423.35,842335.0,195135.0,97500.0,15200.0,534500.0,50,822
4077,721003322,0.03830767481502281,-9264.050000000001,926405.0,185145.0,199400.0,16360.0,525500.0,50,822
4078,721369016,0.03827702867517079,-10238.375000000002,1023837.5,198507.5,232600.0,16480.0,576250.0,50,822
4079,842997649,0.03824640705223065,-9224.874999999998,922487.5,197597.5,203200.0,16040.0,505650.0,50,822
4080,51364683,0.03821580992658887,-9152.4,915240.0,191320.0,198300.0,16120.0,509500.0,50,822
4081,778240690,0.0381852372786476,-11116.249999999998,1111625.0,201255.0,194500.0,16720.0,699150.0,50,822
4082,574000835,0.03815468908882468,-11260.825,1126082.5,200352.5,246500.0,17280.0,661950.0,50,822
4083,332104380,0.03812416533755362,-7300.574999999999,730057.5,188757.5,0.0,16000.0,525300.0,50,822
4084,582750786,0.03809366600528358,-7089.549999999999,708955.0,187735.0,64300.0,16320.0,440600.0,50,822
4085,878806889,0.03806319107247935,-6226.825000000001,622682.5,185242.5,33300.0,15040.0,389100.0,50,822
4086,999473904,0.03803274051962137,-9264.374999999998,926437.5,190937.5,141800.0,15600.0,578100.0,50,822
4087,572618442,0.038002314327205675,-6411.0999999999985,641110.0,180350.0,147900.0,14960.0,297900.0,50,822
4088,192629903,0.037971912475743906,-9074.399999999998,907440.0,195820.0,247600.0,15120.0,448900.0,50,822
4089,721354029,0.03794153494576331,-8453.575000000003,845357.5,193357.5,152400.0,15000.0,484600.0,50,822
4090,428573180,0.0379111817178067,-8750.424999999997,875042.5,188622.5,171300.0,15720.0,499400.0,50,822
4091,149350837,0.03788085277243245,-11427.75,1142775.0,203325.0,255200.0,16800.0,667450.0,50,822
4092,260814707,0.03785054809021451,-7334.974999999999,733497.5,181597.5,17400.0,15600.0,518900.0,50,822
4093,844559443,0.03782026765174233,-7159.249999999999,715925.0,187215.0,86300.0,15360.0,427050.0,50,822
4094,799814841,0.03779001143762094,-6526.524999999999,652652.5,180692.5,82900.0,14960.0,374100.0,50,823
4095,355320264,0.03775977942847084,-10161.6,1016160.0,198880.0,192800.0,15080.0,609400.0,50,823
4096,55695685,0.03772957160492806,-7770.049999999999,777005.0,191375.0,126500.0,14680.0,444450.0,50,823
4097,859206856,0.03769938794764412,-10904.674999999997,1090467.5,198657.5,306900.0,16160.0,568750.0,50,823
4098,923000194,0.037669228437286,-9003.399999999998,900340.0,194330.0,179200.0,15760.0,511050.0,50,823
4099,237468776,0.037639093054536166,-11070.3,1107030.0,197260.0,275200.0,16720.0,617850.0,50,823
4100,602198914,0.03760898178009254,-9780.249999999995,978025.0,192295.0,255700.0,15880.0,514150.0,50,823
4101,182320341,0.03757889459466846,-10854.400000000001,1085440.0,201860.0,203300.0,16880.0,663400.0,50,823
4102,720288396,0.037548831478992725,-8468.375000000002,846837.5,189837.5,121200.0,15800.0,520000.0,50,823
4103,875026853,0.03751879241380953,-13068.325,1306832.5,201872.5,378500.0,16160.0,710300.0,50,823
4104,327772608,0.037488777379878484,-9545.875000000002,954587.5,190607.5,206000.0,16080.0,541900.0,50,823
4105,350388737,0.03745878635797458,-8252.325,825232.5,187042.5,215600.0,16240.0,406350.0,50,823
4106,196638882,0.0374288193288882,-7626.800000000001,762680.0,181400.0,162600.0,13680.0,405000.0,50,823
4107,995408655,0.03739887627342509,-9993.750000000002,999375.0,182985.0,274800.0,15440.0,526150.0,50,823
4108,618125624,0.037368957172406354,-7599.2,759920.0,192020.0,111600.0,14800.0,441500.0,50,823
4109,407581755,0.03733906200666843,-8988.350000000002,898835.0,199475.0,216600.0,15160.0,467600.0,50,823
4110,836816974,0.03730919075706309,-10920.275,1092027.5,193177.5,212000.0,16400.0,670450.0,50,823
4111,657427376,0.03727934340445744,-10791.75,1079175.0,197725.0,242500.0,16200.0,622750.0,50,823
4112,779515832,0.037249519929733875,-7187.85,718785.0,180165.0,108300.0,15720.0,414600.0,50,823
4113,165689365,0.03721972031379009,-10619.199999999999,1061920.0,196410.0,193800.0,16960.0,654750.0,50,823
4114,226989443,0.03718994453753906,-9785.875,978587.5,198947.5,188000.0,16440.0,575200.0,50,823
4115,416758077,0.03716019258190902,-12640.600000000002,1264060.0,203050.0,410000.0,16160.0,634850.0,50,824
4116,221320455,0.03713046442784349,-8083.125000000001,808312.5,190752.5,40700.0,15160.0,561700.0,50,824
4117,634296922,0.03710076005630122,-9258.6,925860.0,194010.0,139600.0,16400.0,575850.0,50,824
4118,208658053,0.037071079448256175,-10460.650000000001,1046065.0,194225.0,237600.0,17240.0,597000.0,50,824
4119,842593066,0.03704142258469757,-6063.325000000002,606332.5,178762.5,9200.0,15320.0,403050.0,50,824
4120,800558790,0.03701178944662981,-9115.474999999999,911547.5,195237.5,17500.0,16560.0,682250.0,50,824
4121,789014524,0.03698218001507251,-8402.275,840227.5,187807.5,88400.0,16320.0,547700.0,50,824
4122,656672098,0.03695259427106045,-8608.875,860887.5,194897.5,49000.0,17040.0,599950.0,50,824
4123,311153726,0.0369230321956436,-7124.149999999999,712415.0,188325.0,13800.0,15840.0,494450.0,50,824
4124,869056865,0.036893493769887084,-6773.975,677397.5,178517.5,14900.0,15680.0,468300.0,50,824
4125,877353966,0.036863978974871175,-6598.025,659802.5,187232.5,123200.0,14720.0,334650.0,50,824
4126,508333400,0.03683448779169128,-9614.900000000003,961490.0,181320.0,217700.0,15520.0,546950.0,50,824
4127,983444522,0.03680502020145793,-8182.774999999999,818277.5,186997.5,140000.0,16080.0,475200.0,50,824
4128,495975093,0.03677557618529676,-11334.449999999999,1133445.0,199105.0,284000.0,16240.0,634100.0,50,824
4129,441533096,0.03674615572434852,-9921.9,992190.0,197460.0,151600.0,16880.0,626250.0,50,824
4130,732684982,0.036716758799769045,-5110.024999999999,511002.5,181942.5,2800.0,15560.0,310700.0,50,824
4131,108084661,0.03668738539272923,-6969.45,696945.0,193705.0,52800.0,16440.0,434000.0,50,824
4132,712649090,0.03665803548441504,-8676.099999999999,867610.0,192790.0,45400.0,16720.0,612700.0,50,824
4133,172558078,0.03662870905602751,-9322.8,932280.0,192760.0,232100.0,15920.0,491500.0,50,824
4134,663134877,0.03659940608878269,-9880.475000000002,988047.5,198627.5,191800.0,16520.0,581100.0,50,824
4135,426002793,0.03657012656391166,-8901.100000000002,890110.0,192280.0,61200.0,16880.0,619750.0,50,824
4136,338993746,0.03654087046266053,-9740.725,974072.5,196252.5,181100.0,15520.0,581200.0,50,825
4137,336886042,0.0365116377662904,-12073.949999999999,1207395.0,201055.0,366100.0,16440.0,623800.0,50,825
4138,851637424,0.03648242845607737,-9535.999999999998,953600.0,195770.0,179500.0,16080.0,562250.0,50,825
4139,283836423,0.03645324251331251,-5836.999999999998,583700.0,185930.0,19300.0,15720.0,362750.0,50,825
4140,917159801,0.036424079919301855,-7409.274999999999,740927.5,189947.5,162800.0,15480.0,372700.0,50,825
4141,449364036,0.036394940655366415,-8296.599999999999,829660.0,184710.0,123900.0,16200.0,504850.0,50,825
4142,960995485,0.03636582470284212,-8453.35,845335.0,190775.0,154100.0,13960.0,486500.0,50,825
4143,528503002,0.03633673204307985,-10096.625,1009662.5,197102.5,293000.0,14760.0,504800.0,50,825
4144,909601886,0.03630766265744539,-8909.925,890992.5,189772.5,160300.0,15920.0,525000.0,50,825
4145,1344036,0.03627861652731943,-9368.425000000001,936842.5,195912.5,217400.0,15880.0,507650.0,50,825
4146,791708676,0.03624959363409758,-12351.875,1235187.5,198007.5,314800.0,17080.0,705300.0,50,825
4147,931963439,0.0362205939591903,-9247.6,924760.0,195190.0,110400.0,16720.0,602450.0,50,825
4148,942375914,0.03619161748402295,-8382.175,838217.5,192167.5,120300.0,15600.0,510150.0,50,825
4149,114862587,0.03616266419003573,-10159.450000000003,1015945.0,198525.0,232900.0,16320.0,568200.0,50,825
4150,289081669,0.0361337340586837,-7212.874999999999,721287.5,182727.5,131700.0,14960.0,391900.0,50,825
4151,198239593,0.03610482707143675,-7065.0,706500.0,185790.0,64200.0,15560.0,440950.0,50,825
4152,922271072,0.0360759432097796,-9030.800000000003,903080.0,197380.0,96000.0,17600.0,592100.0,50,825
4153,904518215,0.03604708245521178,-7533.849999999999,753385.0,198185.0,92300.0,15800.0,447100.0,50,825
4154,207809094,0.03601824478924761,-7000.575000000001,700057.5,179077.5,13700.0,16880.0,490400.0,50,825
4155,953014984,0.03598943019341621,-5498.050000000001,549805.0,189475.0,30100.0,15280.0,314950.0,50,825
4156,237617332,0.035960638649261474,-6566.699999999999,656670.0,178010.0,78400.0,15960.0,384300.0,50,825
4157,186109545,0.035931870138342065,-9697.775,969777.5,192117.5,227800.0,15960.0,533900.0,50,825
4158,175984727,0.03590312464223139,-7892.200000000001,789220.0,184200.0,44200.0,16720.0,544100.0,50,825
4159,396521970,0.0358744021425176,-9161.45,916145.0,195095.0,79400.0,16600.0,625050.0,50,825
4160,853921320,0.03584570262080359,-9976.574999999997,997657.5,196947.5,174000.0,16760.0,609950.0,50,825
4161,405007483,0.035817026058706944,-10075.999999999998,1007600.0,191460.0,167900.0,17440.0,630800.0,50,825
4162,513879415,0.035788372437859976,-8621.825,862182.5,183302.5,195200.0,16480.0,467200.0,50,825
4163,926099944,0.03575974173990969,-8489.25,848925.0,194055.0,92000.0,16120.0,546750.0,50,825
4164,129014648,0.03573113394651776,-10348.625,1034862.5,195932.5,293400.0,16480.0,529050.0,50,825
4165,216085586,0.03570254903936054,-8109.974999999999,810997.5,185017.5,161000.0,16080.0,448900.0,50,825
4166,305682365,0.035673987000129054,-9230.525,923052.5,186262.5,115200.0,17440.0,604150.0,50,825
4167,966536380,0.035645447810528946,-7745.3,774530.0,186130.0,4800.0,16600.0,567000.0,50,825
4168,788524478,0.03561693145228052,-8318.975,831897.5,189517.5,87300.0,16080.0,539000.0,50,825
4169,909944201,0.0355884379071187,-7383.6500000000015,738365.0,180825.0,85200.0,15640.0,456700.0,50,825
4170,847414627,0.03555996715679301,-8752.249999999998,875225.0,194885.0,146000.0,15640.0,518700.0,50,825
4171,845795703,0.03553151918306757,-7603.85,760385.0,187405.0,130400.0,15080.0,427500.0,50,825
4172,861372387,0.03550309396772112,-8502.574999999999,850257.5,190907.5,117100.0,16000.0,526250.0,50,825
4173,262099215,0.03547469149254694,-5907.799999999999,590780.0,176880.0,0.0,15400.0,398500.0,50,825
4174,674420687,0.035446311739352906,-4026.3,402630.0,167190.0,1500.0,14840.0,219100.0,50,825
4175,671203521,0.03541795468996142,-11942.499999999998,1194250.0,203410.0,337000.0,16440.0,637400.0,50,825
4176,407831432,0.03538962032620945,-6201.699999999998,620170.0,191890.0,80800.0,14280.0,333200.0,50,825
4177,197427033,0.03536130862994848,-11439.074999999999,1143907.5,202867.5,287400.0,15640.0,638000.0,50,825
4178,566248754,0.03533301958304452,-9996.324999999999,999632.5,195242.5,236700.0,15440.0,552250.0,50,825
4179,288193266,0.035304753167378085,-7459.249999999998,745925.0,188975.0,126600.0,16200.0,414150.0,50,825
4180,920352562,0.03527650936484418,-10572.775000000001,1057277.5,201177.5,186600.0,16800.0,652700.0,50,825
4181,431073117,0.03524828815735231,-6724.8,672480.0,172180.0,130700.0,15000.0,354600.0,50,826
4182,415987971,0.035220089526826426,-7264.8499999999985,726485.0,180945.0,134100.0,16640.0,394800.0,50,826
4183,866607897,0.03519191345520496,-8762.374999999998,876237.5,198437.5,138400.0,16800.0,522600.0,50,826
4184,892094899,0.0351637599244408,-9331.675000000001,933167.5,194067.5,198400.0,16200.0,524500.0,50,826
4185,31248134,0.035135628916501245,-9908.75,990875.0,193675.0,184100.0,16000.0,597100.0,50,826
4186,107218315,0.035107520413368044,-8938.749999999998,893875.0,191305.0,197900.0,16720.0,487950.0,50,826
4187,753443663,0.03507943439703735,-8775.575,877557.5,191467.5,26300.0,17040.0,642750.0,50,826
4188,56040957,0.03505137084951972,-10986.900000000001,1098690.0,189210.0,248000.0,16680.0,644800.0,50,826
4189,362540519,0.0350233297528401,-9382.350000000002,938235.0,196115.0,148800.0,15520.0,577800.0,50,826
4190,283142150,0.03499531108903783,-8010.799999999998,801080.0,189800.0,52500.0,15280.0,543500.0,50,826
4191,537743181,0.034967314840166595,-8127.425000000002,812742.5,184952.5,132100.0,15840.0,479850.0,50,826
4192,549510625,0.03493934098829446,-11423.2,1142320.0,182920.0,347100.0,16800.0,595500.0,50,826
4193,322603358,0.03491138951550382,-9338.825,933882.5,196662.5,71600.0,16920.0,648700.0,50,826
4194,153953948,0.03488346040389142,-10252.775,1025277.5,191347.5,161100.0,17280.0,655550.0,50,826
4195,269681311,0.034855553635568304,-8761.775000000001,876177.5,187327.5,71800.0,17400.0,599650.0,50,826
4196,331901845,0.034827669192659845,-9141.625,914162.5,190342.5,109200.0,16120.0,598500.0,50,826
4197,348082689,0.03479980705730572,-10894.400000000001,1089440.0,194950.0,275200.0,16240.0,603050.0,50,826
4198,617368229,0.03477196721165987,-8899.050000000003,889905.0,198595.0,116000.0,15960.0,559350.0,50,826
4199,387692070,0.03474414963789054,-9845.100000000002,984510.0,194140.0,49600.0,17320.0,723450.0,50,826
4200,8325260,0.03471635431818023,-8644.95,864495.0,195215.0,210400.0,16280.0,442600.0,50,826
4201,628926865,0.034688581234725686,-9740.025,974002.5,179332.5,285800.0,15120.0,493750.0,50,826
4202,825981830,0.034660830369737904,-8316.95,831695.0,191645.0,86400.0,17400.0,536250.0,50,826
4203,125771647,0.034633101705442114,-9469.55,946955.0,199055.0,212300.0,16200.0,519400.0,50,826
4204,770921740,0.03460539522407776,-9547.700000000003,954770.0,185800.0,227300.0,15320.0,526350.0,50,826
4205,986022362,0.0345777109078985,-8247.7,824770.0,199160.0,199800.0,15160.0,410650.0,50,826
4206,712066138,0.034550048739172175,-9652.475,965247.5,191947.5,154100.0,16600.0,602600.0,50,826
4207,719983013,0.034522408700180834,-7901.050000000001,790105.0,185635.0,155100.0,15520.0,433850.0,50,826
4208,9042900,0.034494790773220686,-10840.275000000003,1084027.5,194597.5,260500.0,15480.0,613450.0,50,826
4209,419083732,0.03446719494060211,-6457.125000000002,645712.5,184442.5,53200.0,14920.0,393150.0,50,826
4210,438616634,0.034439621184649626,-11563.525,1156352.5,196752.5,322000.0,16000.0,621600.0,50,826
4211,438927443,0.0344120694877019,-8479.949999999999,847995.0,191895.0,71300.0,15800.0,569000.0,50,826
4212,94993692,0.03438453983211174,-5402.925000000001,540292.5,181162.5,24800.0,14080.0,320250.0,50,826
4213,829640604,0.03435703220024605,-8070.974999999998,807097.5,179587.5,198500.0,15760.0,413250.0,50,826
4214,168855084,0.03432954657448586,-10397.1,1039710.0,200360.0,257200.0,16200.0,565950.0,50,826
4215,511584580,0.034302082937226266,-10838.925000000001,1083892.5,199952.5,176900.0,16040.0,691000.0,50,826
4216,731224170,0.03427464127087648,-9498.900000000001,949890.0,192790.0,191000.0,15800.0,550300.0,50,826
4217,402404194,0.03424722155785978,-12791.325,1279132.5,203172.5,426100.0,16360.0,633500.0,50,826
4218,869978862,0.034219823780613494,-11061.425000000001,1106142.5,194962.5,249500.0,15680.0,646000.0,50,826
4219,136303328,0.034192447921589,-9823.275,982327.5,189107.5,269300.0,16720.0,507200.0,50,826
4220,604076164,0.03416509396325173,-7355.825,735582.5,187842.5,52000.0,15040.0,480700.0,50,826
4221,816374163,0.034137761888081125,-10890.274999999998,1089027.5,196327.5,270800.0,15600.0,606300.0,50,826
4222,349657753,0.03411045167857066,-9580.375000000002,958037.5,193487.5,108200.0,16000.0,640350.0,50,826
4223,262793043,0.0340831633172278,-9737.249999999998,973725.0,195525.0,29200.0,16800.0,732200.0,50,826
4224,267194534,0.034055896786574016,-6457.250000000001,645725.0,176705.0,62300.0,16120.0,390600.0,50,826
4225,952142695,0.03402865206914476,-12030.5,1203050.0,199480.0,226900.0,17520.0,759150.0,50,826
4226,604138822,0.034001429147489444,-9434.675000000001,943467.5,196077.5,79000.0,16840.0,651550.0,50,826
4227,764985362,0.03397422800417145,-8971.675,897167.5,190867.5,108400.0,16200.0,581700.0,50,826
4228,535666098,0.03394704862176811,-7837.425000000001,783742.5,187902.5,9200.0,16240.0,570400.0,50,826
4229,176940297,0.033919890982870696,-8764.724999999999,876472.5,193472.5,35700.0,16600.0,630700.0,50,826
4230,723116621,0.0338927550700844,-12790.775000000001,1279077.5,193997.5,382400.0,16680.0,686000.0,50,827
4231,200740991,0.033865640866028335,-8396.25,839625.0,187875.0,39600.0,16600.0,595550.0,50,827
4232,196832943,0.03383854835333551,-8154.65,815465.0,194015.0,112800.0,15400.0,493250.0,50,827
4233,903916291,0.03381147751465284,-9909.95,990995.0,195565.0,181300.0,17480.0,596650.0,50,827
4234,385128007,0.033784428332641114,-8257.25,825725.0,190715.0,46000.0,15960.0,573050.0,50,827
4235,653218763,0.033757400789975,-10800.050000000003,1080005.0,198545.0,243200.0,15960.0,622300.0,50,827
4236,752263208,0.03373039486934302,-10031.099999999999,1003110.0,198050.0,222500.0,16760.0,565800.0,50,827
4237,387833698,0.03370341055344754,-7454.050000000001,745405.0,192725.0,11600.0,15880.0,525200.0,50,827
4238,95431037,0.033676447825004785,-7334.375000000001,733437.5,185957.5,79200.0,16880.0,451400.0,50,827
4239,567670748,0.03364950666674478,-12406.074999999999,1240607.5,196657.5,187300.0,17600.0,839050.0,50,827
4240,106252597,0.033622587061411385,-10017.375000000002,1001737.5,198627.5,143200.0,17360.0,642550.0,50,827
4241,149568926,0.033595688991762254,-12008.174999999997,1200817.5,199327.5,261600.0,16840.0,723050.0,50,827
4242,715263246,0.03356881244056884,-8502.05,850205.0,196215.0,82600.0,16240.0,555150.0,50,827
4243,755620192,0.033541957390616384,-8994.774999999998,899477.5,197417.5,190700.0,15560.0,495800.0,50,828
4244,168125206,0.03351512382470389,-6462.325000000002,646232.5,177982.5,58200.0,15000.0,395050.0,50,828
4245,638314019,0.03348831172564413,-7383.924999999998,738392.5,179082.5,112400.0,14960.0,431950.0,50,828
4246,939133053,0.033461521076263614,-9461.550000000001,946155.0,194855.0,132200.0,17000.0,602100.0,50,828
4247,519145419,0.0334347518594026,-9389.449999999999,938945.0,191725.0,82500.0,17320.0,647400.0,50,828
4248,563257202,0.03340800405791508,-12427.3,1242730.0,201510.0,343300.0,16520.0,681400.0,50,828
4249,40024279,0.03338127765466875,-10882.925,1088292.5,201562.5,193600.0,16880.0,676250.0,50,828
4250,490830904,0.033354572632545015,-8905.699999999999,890570.0,191490.0,74700.0,16880.0,607500.0,50,828
4251,281989246,0.03332788897443898,-12144.899999999994,1214490.0,203150.0,322800.0,15840.0,672700.0,50,828
4252,614696493,0.03330122666325943,-7886.2,788620.0,194610.0,109600.0,16560.0,467850.0,50,828
4253,778997368,0.03327458568192882,-9736.025,973602.5,191712.5,118700.0,17240.0,645950.0,50,828
4254,603650497,0.03324796601338328,-8575.324999999997,857532.5,193142.5,166800.0,15640.0,481950.0,50,828
4255,939984330,0.03322136764057257,-5786.8,578680.0,180190.0,25800.0,14840.0,357850.0,50,828
4256,845273382,0.03319479054646011,-7171.374999999999,717137.5,181277.5,9200.0,17160.0,509500.0,50,828
4257,287697179,0.033168234714022936,-5952.124999999998,595212.5,178432.5,52500.0,15680.0,348600.0,50,830
4258,765453838,0.033141700126251714,-7205.074999999999,720507.5,190577.5,76400.0,16480.0,437050.0,50,830
4259,626927562,0.03311518676615071,-7587.024999999999,758702.5,181412.5,36800.0,17040.0,523450.0,50,830
4260,362129200,0.03308869461673779,-9750.0,975000.0,200370.0,154200.0,16680.0,603750.0,50,830
4261,803997371,0.033062223661044395,-9994.175000000001,999417.5,193497.5,204200.0,16520.0,585200.0,50,830
4262,336189861,0.03303577388211556,-11988.699999999999,1198870.0,199210.0,262200.0,16760.0,720700.0,50,830
4263,6815710,0.033009345263009866,-7892.375,789237.5,185387.5,111900.0,16000.0,475950.0,50,830
4264,103773895,0.032982937786799456,-6787.874999999999,678787.5,187957.5,46100.0,15680.0,429050.0,50,830
4265,954791854,0.03295655143657002,-6773.924999999998,677392.5,183912.5,28300.0,15880.0,449300.0,50,830
4266,466417261,0.03293018619542076,-10637.849999999999,1063785.0,193915.0,134400.0,16920.0,718550.0,50,830
4267,911054062,0.032903842046464425,-8878.725000000002,887872.5,195372.5,190800.0,15600.0,486100.0,50,830
4268,804142716,0.03287751897282725,-9447.025000000001,944702.5,194642.5,201700.0,14960.0,533400.0,50,830
4269,734510445,0.03285121695764899,-7544.250000000001,754425.0,184015.0,133500.0,15160.0,421750.0,50,830
4270,455425805,0.03282493598408287,-6787.674999999998,678767.5,187517.5,72700.0,15000.0,403550.0,50,830
4271,431062864,0.032798676035295606,-10643.449999999999,1064345.0,192635.0,222400.0,16560.0,632750.0,50,830
4272,986850890,0.032772437094467366,-5912.925,591292.5,183262.5,80300.0,15280.0,312450.0,50,831
4273,688251885,0.03274621914479179,-11454.85,1145485.0,195795.0,224500.0,17240.0,707950.0,50,831
4274,401593511,0.032720022169475955,-12633.400000000005,1263340.0,197830.0,347200.0,15760.0,702550.0,50,831
4275,578022199,0.032693846151740376,-9057.600000000002,905760.0,188930.0,176000.0,15680.0,525150.0,50,831
4276,466017823,0.03266769107481898,-6246.0,624600.0,189170.0,47000.0,14880.0,373550.0,50,831
4277,914651259,0.03264155692195913,-11219.124999999998,1121912.5,200502.5,306100.0,15360.0,599950.0,50,831
4278,569820890,0.03261544367642156,-8749.275,874927.5,184417.5,176900.0,14960.0,498650.0,50,831
4279,338922123,0.03258935132148042,-8138.224999999998,813822.5,176132.5,126700.0,16440.0,494550.0,50,831
4280,895137078,0.03256327984042324,-7325.1500000000015,732515.0,184785.0,156600.0,15080.0,376050.0,50,831
4281,836969335,0.032537229216550896,-8653.25,865325.0,192315.0,87300.0,16560.0,569150.0,50,831
4282,859291674,0.03251119943317766,-7266.15,726615.0,182415.0,156400.0,15600.0,372200.0,50,832
4283,85804429,0.03248519047363112,-7333.999999999998,733400.0,175530.0,72500.0,15320.0,470050.0,50,832
4284,940327136,0.03245920232125221,-8864.550000000001,886455.0,195375.0,138000.0,15480.0,537600.0,50,832
4285,877852529,0.03243323495939521,-8821.249999999998,882125.0,193175.0,51900.0,15600.0,621450.0,50,832
4286,740983184,0.032407288371427694,-9799.400000000001,979940.0,193320.0,155300.0,16920.0,614400.0,50,832
4287,567773601,0.03238136254073055,-7933.225000000001,793322.5,186622.5,123100.0,16000.0,467600.0,50,832
4288,193179377,0.03235545745069796,-9059.775,905977.5,192807.5,181100.0,15520.0,516550.0,50,832
4289,869979775,0.032329573084737405,-10307.125,1030712.5,197542.5,230600.0,17320.0,585250.0,50,832
4290,171844608,0.03230370942626962,-7543.900000000002,754390.0,182080.0,103500.0,16360.0,452450.0,50,833
4291,415448101,0.0322778664587286,-9971.024999999996,997102.5,194322.5,188500.0,17280.0,597000.0,50,833
4292,160817521,0.032252044165561614,-9614.300000000001,961430.0,195600.0,229400.0,16880.0,519550.0,50,833
4293,103016095,0.03222624253022916,-10346.474999999999,1034647.5,197537.5,201500.0,16960.0,618650.0,50,833
4294,885875586,0.032200461536204976,-8378.25,837825.0,193295.0,150100.0,16280.0,478150.0,50,833
4295,946565613,0.03217470116697601,-11218.575,1121857.5,196487.5,236500.0,16720.0,672150.0,50,833
4296,446324939,0.032148961406042426,-6367.775000000001,636777.5,188647.5,62700.0,15480.0,369950.0,50,833
4297,602237469,0.03212324223691759,-8043.825000000002,804382.5,180182.5,137300.0,16600.0,470300.0,50,833
4298,835350684,0.03209754364312806,-10242.5,1024250.0,199080.0,212400.0,16520.0,596250.0,50,833
4299,583651910,0.032071865608213554,-7405.4,740540.0,189370.0,92100.0,15920.0,443150.0,50,833
4300,225808452,0.03204620811572698,-11572.225,1157222.5,196812.5,297200.0,16360.0,646850.0,50,833
4301,131707525,0.0320205711492344,-9255.525000000001,925552.5,191192.5,127200.0,15560.0,591600.0,50,833
4302,676622464,0.03199495469231501,-11576.550000000003,1157655.0,201625.0,303100.0,16080.0,636850.0,50,833
4303,154394859,0.03196935872856116,-7635.625,763562.5,185602.5,31800.0,16760.0,529400.0,50,833
4304,178544636,0.03194378324157831,-12612.649999999998,1261265.0,199265.0,306400.0,17200.0,738400.0,50,833
4305,485570240,0.031918228214985044,-7290.700000000002,729070.0,186130.0,58800.0,16240.0,467900.0,50,833
4306,693203052,0.03189269363241305,-9292.749999999998,929275.0,192955.0,195100.0,16720.0,524500.0,50,833
4307,733340845,0.03186717947750712,-7400.125000000003,740012.5,184702.5,34800.0,16960.0,503550.0,50,833
4308,384474088,0.03184168573392512,-8400.45,840045.0,182985.0,145300.0,15560.0,496200.0,50,833
4309,616109020,0.03181621238533797,-8834.2,883420.0,188830.0,78300.0,16440.0,599850.0,50,833
4310,957788959,0.0317907594154297,-7398.1,739810.0,196420.0,53400.0,16440.0,473550.0,50,833
4311,734185826,0.03176532680789736,-9857.775000000001,985777.5,197247.5,168800.0,16280.0,603450.0,50,833
4312,227286501,0.03173991454645104,-10210.575,1021057.5,192097.5,201100.0,15760.0,612100.0,50,833
4313,175057166,0.031714522614813875,-9394.774999999996,939477.5,182817.5,168600.0,16160.0,571900.0,50,833
4314,433406514,0.031689150996722024,-8111.675,811167.5,195337.5,93900.0,16880.0,505050.0,50,833
4315,297349140,0.03166379967592464,-9688.074999999995,968807.5,191697.5,245500.0,15160.0,516450.0,50,833
4316,476491475,0.0316384686361839,-8364.375,836437.5,187847.5,174400.0,14840.0,459350.0,50,833
4317,346163948,0.03161315786127495,-8016.575,801657.5,186317.5,119400.0,15840.0,480100.0,50,833
4318,416200526,0.031587867334985927,-9702.024999999996,970202.5,198052.5,143500.0,16000.0,612650.0,50,833
4319,260910122,0.03156259704111794,-8789.0,878900.0,199270.0,134900.0,16080.0,528650.0,50,833
4320,110080706,0.03153734696348504,-12168.250000000002,1216825.0,202535.0,235000.0,16640.0,762650.0,50,833
4321,370465510,0.031512117085914254,-7742.75,774275.0,189365.0,84600.0,14760.0,485550.0,50,833
4322,514844595,0.03148690739224552,-6067.575000000002,606757.5,178357.5,91300.0,14200.0,322900.0,50,833
4323,930242561,0.03146171786633172,-8908.0,890800.0,185230.0,192500.0,15720.0,497350.0,50,833
4324,849230621,0.031436548492038655,-10025.05,1002505.0,202055.0,264000.0,16000.0,520450.0,50,833
4325,47351605,0.03141139925324502,-5829.749999999999,582975.0,183705.0,49100.0,15320.0,334850.0,50,833
4326,845345342,0.031386270133842424,-9537.424999999997,953742.5,192042.5,236100.0,15800.0,509800.0,50,833
4327,898765763,0.03136116111773535,-7112.224999999999,711222.5,186052.5,40400.0,15120.0,469650.0,50,833
4328,635816116,0.03133607218884116,-6243.624999999998,624362.5,188302.5,36400.0,16360.0,383300.0,50,833
4329,503664099,0.03131100333109008,-9628.899999999996,962890.0,191780.0,136000.0,17160.0,617950.0,50,833
4330,543371525,0.03128595452842521,-8484.225,848422.5,192742.5,4600.0,15280.0,635800.0,50,833
4331,506703761,0.03126092576480247,-11411.075000000003,1141107.5,201657.5,271700.0,17000.0,650750.0,50,833
4332,632153654,0.03123591702419063,-7278.175,727817.5,178777.5,163400.0,16040.0,369600.0,50,833
4333,246582611,0.031210928290571278,-6224.850000000001,622485.0,188595.0,12400.0,15240.0,406250.0,50,833
4334,920095847,0.03118595954793882,-11171.2,1117120.0,191810.0,301800.0,16360.0,607150.0,50,833
4335,161253504,0.031161010780300466,-8580.675000000001,858067.5,195937.5,121800.0,16480.0,523850.0,50,833
4336,718224775,0.031136081971676225,-7365.124999999998,736512.5,183532.5,48000.0,16880.0,488100.0,50,833
4337,54448953,0.031111173106098882,-8830.425000000001,883042.5,195622.5,95200.0,16720.0,575500.0,50,833
4338,651265427,0.031086284167614,-11762.2,1176220.0,193550.0,296000.0,15320.0,671350.0,50,833
4339,828952337,0.031061415140279908,-9192.199999999999,919220.0,195070.0,206900.0,15400.0,501850.0,50,833
4340,488424309,0.031036566008167683,-7117.525000000001,711752.5,183922.5,98600.0,14680.0,414550.0,50,833
4341,891114717,0.03101173675536115,-10668.525000000001,1066852.5,188252.5,236700.0,17000.0,624900.0,50,833
4342,831066857,0.03098692736595686,-7260.999999999999,726100.0,178290.0,15900.0,15160.0,516750.0,50,833
4343,726230815,0.030962137824064092,-8678.525,867852.5,191222.5,137400.0,15280.0,523950.0,50,833
4344,138309759,0.03093736811380484,-9854.775,985477.5,192307.5,126200.0,16520.0,650450.0,50,833
4345,906311028,0.030912618219313796,-8023.075,802307.5,188887.5,96600.0,15520.0,501300.0,50,833
4346,486583578,0.030887888124738343,-6112.275,611227.5,189787.5,64800.0,15640.0,341000.0,50,833
4347,170292449,0.030863177814238554,-6402.0250000000015,640202.5,185902.5,81600.0,14400.0,358300.0,50,833
4348,71060209,0.030838487271987163,-11533.15,1153315.0,198945.0,245100.0,16720.0,692550.0,50,833
4349,55646167,0.030813816482169572,-6524.374999999999,652437.5,187337.5,53300.0,14800.0,397000.0,50,833
4350,823019480,0.030789165428983835,-6862.5,686250.0,188820.0,77600.0,15080.0,404750.0,50,833
4351,810032536,0.030764534096640647,-7922.300000000001,792230.0,185770.0,85700.0,15760.0,505000.0,50,833
4352,530474971,0.030739922469363332,-10361.975,1036197.5,198057.5,263300.0,16640.0,558200.0,50,833
4353,107956382,0.030715330531387842,-8080.675000000003,808067.5,196457.5,166800.0,15360.0,429450.0,50,833
4354,657613485,0.03069075826696273,-11116.475000000002,1111647.5,198067.5,223200.0,16280.0,674100.0,50,833
4355,688538200,0.03066620566034916,-10788.125,1078812.5,196622.5,221900.0,16440.0,643850.0,50,833
4356,339884340,0.03064167269582088,-10126.800000000003,1012680.0,202020.0,318800.0,15760.0,476100.0,50,833
4357,759902609,0.030617159357664223,-9914.650000000001,991465.0,196945.0,260000.0,16520.0,518000.0,50,833
4358,88905526,0.030592665630178092,-5958.425000000003,595842.5,181542.5,5200.0,15400.0,393700.0,50,833
4359,202044693,0.03056819149767395,-5894.550000000002,589455.0,185615.0,60400.0,14440.0,329000.0,50,833
4360,590672051,0.03054373694447581,-6388.099999999999,638810.0,188750.0,44200.0,15160.0,390700.0,50,833
4361,617129821,0.03051930195492023,-6525.975000000001,652597.5,186737.5,23200.0,14560.0,428100.0,50,833
4362,870263678,0.03049488651335629,-8256.699999999999,825670.0,189040.0,69500.0,15280.0,551850.0,50,833
4363,250661228,0.030470490604145604,-10150.350000000002,1015035.0,185155.0,226900.0,16280.0,586700.0,50,833
4364,848615761,0.030446114211662288,-8443.65,844365.0,192865.0,144500.0,15200.0,491800.0,50,833
4365,221149655,0.030421757320292956,-6846.075,684607.5,182127.5,56800.0,15880.0,429800.0,50,833
4366,988118045,0.03039741991443672,-8850.199999999999,885020.0,187220.0,120000.0,14800.0,563000.0,50,833
4367,650568319,0.03037310197850517,-8445.375000000002,844537.5,193627.5,123000.0,15160.0,512750.0,50,833
4368,888815076,0.030348803496922365,-4818.6500000000015,481865.0,179065.0,11600.0,14000.0,277200.0,50,833
4369,71522001,0.030324524454124827,-3976.2999999999997,397630.0,179370.0,1200.0,13360.0,203700.0,50,833
4370,430495493,0.030300264834561524,-7569.8499999999985,756985.0,182865.0,72800.0,16320.0,485000.0,50,833
4371,648184467,0.030276024622693874,-11752.649999999998,1175265.0,196165.0,249300.0,16600.0,713200.0,50,833
4372,208546696,0.03025180380299572,-8262.900000000001,826290.0,190820.0,214900.0,15720.0,404850.0,50,833
4373,553275874,0.030227602359953323,-7352.824999999999,735282.5,190022.5,86800.0,15560.0,442900.0,50,833
4374,766325636,0.03020342027806536,-7379.050000000001,737905.0,183475.0,145000.0,14280.0,395150.0,50,833
4375,78691358,0.03017925754184291,-5640.750000000001,564075.0,183435.0,62400.0,14640.0,303600.0,50,833
4376,235401629,0.030155114135809433,-7863.350000000001,786335.0,178655.0,213200.0,15080.0,379400.0,50,833
4377,174996223,0.030130990044500785,-6318.449999999998,631845.0,185735.0,92900.0,14760.0,338450.0,50,833
4378,427299102,0.030106885252465184,-6461.150000000001,646115.0,184875.0,69200.0,15240.0,376800.0,50,833
4379,38979869,0.03008279974426321,-9526.275,952627.5,194417.5,89000.0,15960.0,653250.0,50,833
4380,9812086,0.030058733504467798,-9625.550000000001,962555.0,193255.0,144800.0,15800.0,608700.0,50,834
4381,349618598,0.030034686517664222,-8848.499999999998,884850.0,184160.0,182900.0,16240.0,501550.0,50,834
4382,289610730,0.03001065876845009,-8749.225,874922.5,195922.5,115100.0,16000.0,547900.0,50,834
4383,622221159,0.02998665024143533,-9799.05,979905.0,187305.0,242900.0,15600.0,534100.0,50,834
4384,922116122,0.029962660921242182,-10876.925000000001,1087692.5,192402.5,236100.0,16240.0,642950.0,50,834
4385,912643996,0.029938690792505187,-8252.525,825252.5,195102.5,208800.0,15600.0,405750.0,50,834
4386,634945127,0.029914739839871182,-9656.7,965670.0,196130.0,147400.0,16040.0,606100.0,50,834
4387,18943293,0.029890808047999283,-7314.0,731400.0,175850.0,142100.0,15400.0,398050.0,50,834
4388,346841363,0.029866895401560883,-9147.324999999997,914732.5,191782.5,214800.0,16200.0,491950.0,50,834
4389,937650006,0.029843001885239633,-9933.775000000001,993377.5,196127.5,150300.0,17600.0,629350.0,50,834
4390,841544080,0.02981912748373144,-9063.3,906330.0,192690.0,167900.0,16840.0,528900.0,50,834
4391,600540408,0.029795272181744454,-11048.749999999996,1104875.0,189695.0,287000.0,16680.0,611500.0,50,834
4392,206410820,0.029771435963999057,-11491.074999999999,1149107.5,199547.5,288300.0,16560.0,644700.0,50,834
4393,288104730,0.029747618815227857,-10768.224999999999,1076822.5,198482.5,268600.0,17440.0,592300.0,50,834
4394,507901289,0.029723820720175674,-7154.0,715400.0,189060.0,134700.0,15040.0,376600.0,50,834
4395,618925482,0.029700041663599533,-5401.8,540180.0,176770.0,45200.0,16360.0,301850.0,50,834
4396,423401961,0.029676281630268652,-9672.75,967275.0,194055.0,222000.0,16920.0,534300.0,50,834
4397,872046038,0.029652540604964438,-6551.725000000001,655172.5,179932.5,4400.0,16440.0,454400.0,50,834
4398,176323969,0.029628818572480467,-9553.525,955352.5,192372.5,166000.0,17480.0,579500.0,50,834
4399,554229611,0.02960511551762248,-6375.2,637520.0,184150.0,104200.0,15320.0,333850.0,50,834
4400,337979436,0.02958143142520838,-13309.199999999993,1330920.0,204070.0,344800.0,16000.0,766050.0,50,834
4401,788508842,0.029557766280068214,-6562.449999999999,656245.0,187365.0,45300.0,15080.0,408500.0,50,834
4402,372126892,0.02953412006704416,-7785.699999999999,778570.0,185180.0,73500.0,15440.0,504450.0,50,834
4403,238998411,0.029510492770990524,-9709.625000000004,970962.5,193112.5,245900.0,15600.0,516350.0,50,834
4404,922187282,0.02948688437677373,-9080.125000000002,908012.5,184942.5,128700.0,17320.0,577050.0,50,834
4405,324211906,0.02946329486927231,-8557.024999999998,855702.5,195042.5,71200.0,16760.0,572700.0,50,834
4406,501677165,0.02943972423337689,-10728.225,1072822.5,191002.5,258400.0,16720.0,606700.0,50,834
4407,964446116,0.02941617245399019,-6710.65,671065.0,195055.0,60000.0,15360.0,400650.0,50,834
4408,184187376,0.029392639516026997,-8494.825,849482.5,191462.5,6800.0,17720.0,633500.0,50,834
4409,501557541,0.029369125404414175,-10319.0,1031900.0,195620.0,289400.0,16880.0,530000.0,50,834
4410,286418583,0.029345630104090643,-8766.199999999999,876620.0,196270.0,167200.0,16000.0,497150.0,50,834
4411,959887682,0.02932215360000737,-10833.449999999997,1083345.0,193245.0,298900.0,16400.0,574800.0,50,834
4412,136450965,0.029298695877127363,-7987.800000000001,798780.0,187500.0,151700.0,15480.0,444100.0,50,834
4413,594269996,0.029275256920425662,-7539.500000000002,753950.0,191370.0,4000.0,15480.0,543100.0,50,834
4414,197417145,0.02925183671488932,-9550.800000000001,955080.0,198580.0,146800.0,16000.0,593700.0,50,834
4415,254292103,0.02922843524551741,-9905.425,990542.5,196582.5,186300.0,16560.0,591100.0,50,834
4416,594886952,0.029205052497320996,-8834.925000000003,883492.5,191422.5,219700.0,15120.0,457250.0,50,834
4417,754777393,0.029181688455323138,-8646.85,864685.0,190965.0,204100.0,16120.0,453500.0,50,834
4418,487349827,0.02915834310455888,-7903.074999999999,790307.5,191817.5,92000.0,16640.0,489850.0,50,834
4419,833737971,0.029135016430075232,-9434.775000000001,943477.5,185997.5,123200.0,16280.0,618000.0,50,834
4420,531810190,0.02911170841693117,-5695.450000000001,569545.0,181225.0,19600.0,15520.0,353200.0,50,834
4421,232411062,0.029088419050197625,-11246.475000000002,1124647.5,205397.5,250400.0,16400.0,652450.0,50,834
4422,327621498,0.029065148314957465,-7363.000000000001,736300.0,194460.0,89600.0,15840.0,436400.0,50,834
4423,396603388,0.029041896196305497,-8348.825,834882.5,184342.5,147600.0,15240.0,487700.0,50,834
4424,752583336,0.029018662679348453,-6987.349999999999,698735.0,174475.0,45800.0,15360.0,463100.0,50,835
4425,708630705,0.028995447749204973,-10090.525000000001,1009052.5,192802.5,237200.0,15600.0,563450.0,50,835
4426,601212285,0.028972251391005607,-7602.750000000001,760275.0,191075.0,131600.0,16400.0,421200.0,50,835
4427,786666687,0.028949073589892804,-10661.550000000001,1066155.0,191105.0,324600.0,16200.0,534250.0,50,835
4428,804994740,0.02892591433102089,-11580.449999999997,1158045.0,202645.0,257400.0,15600.0,682400.0,50,835
4429,945227718,0.02890277359955607,-11368.15,1136815.0,194395.0,197200.0,16520.0,728700.0,50,835
4430,520805389,0.028879651380676427,-9289.324999999999,928932.5,194512.5,127900.0,16120.0,590400.0,50,835
4431,906143594,0.028856547659571886,-6560.7750000000015,656077.5,183607.5,4700.0,15920.0,451850.0,50,835
4432,426614623,0.028833462421444227,-9262.75,926275.0,196295.0,104800.0,16680.0,608500.0,50,835
4433,850228021,0.028810395651507073,-7747.575000000001,774757.5,189047.5,84700.0,15560.0,485450.0,50,835
4434,71605591,0.028787347334985867,-12807.550000000005,1280755.0,200855.0,307600.0,17000.0,755300.0,50,835
4435,133964774,0.028764317457117876,-7847.950000000001,784795.0,195355.0,148800.0,16040.0,424600.0,50,835
4436,958472326,0.02874130600315218,-10097.724999999999,1009772.5,193402.5,132000.0,16320.0,668050.0,50,835
4437,138665865,0.02871831295834966,-10565.099999999999,1056510.0,192490.0,231000.0,16720.0,616300.0,50,835
4438,889597818,0.02869533830798298,-9835.775,983577.5,196097.5,133800.0,16480.0,637200.0,50,835
4439,138423091,0.028672382037336592,-9753.250000000002,975325.0,190735.0,107200.0,16840.0,660550.0,50,835
4440,435535819,0.02864944413170672,-9264.974999999999,926497.5,195287.5,127600.0,16760.0,586850.0,50,835
4441,314124074,0.028626524576401354,-5709.724999999998,570972.5,178522.5,34300.0,15400.0,342750.0,50,835
4442,593408933,0.028603623356740233,-9002.324999999999,900232.5,193852.5,86500.0,16880.0,603000.0,50,835
4443,562130299,0.02858074045805484,-8794.925000000001,879492.5,179472.5,213200.0,15320.0,471500.0,50,835
4444,875967835,0.028557875865688396,-8772.05,877205.0,192645.0,76700.0,17160.0,590700.0,50,835
4445,371778163,0.028535029564995845,-6894.575000000001,689457.5,187737.5,64400.0,15520.0,421800.0,50,835
4446,955690218,0.02851220154134385,-7809.275000000001,780927.5,187247.5,111200.0,15080.0,467400.0,50,835
4447,804271134,0.028489391780110774,-6568.55,656855.0,189945.0,112300.0,14960.0,339650.0,50,835
4448,512733174,0.028466600266686685,-8737.974999999999,873797.5,190297.5,137300.0,16000.0,530200.0,50,835
4449,378598681,0.028443826986473335,-7372.525,737252.5,187492.5,160600.0,14960.0,374200.0,50,835
4450,376209665,0.028421071924884155,-7598.724999999999,759872.5,197232.5,85000.0,15040.0,462600.0,50,835
4451,259129973,0.028398335067344245,-7491.824999999999,749182.5,185762.5,176300.0,14320.0,372800.0,50,835
4452,214331867,0.028375616399290367,-10921.85,1092185.0,200485.0,164000.0,16400.0,711300.0,50,835
4453,553691641,0.028352915906170933,-6965.3,696530.0,186160.0,96400.0,15120.0,398850.0,50,835
4454,588215232,0.028330233573445995,-8787.05,878705.0,191325.0,127100.0,15880.0,544400.0,50,835
4455,715516609,0.02830756938658724,-10735.925000000001,1073592.5,194962.5,236100.0,16080.0,626450.0,50,835
4456,427173435,0.028284923331077967,-11697.575,1169757.5,198107.5,334800.0,16600.0,620250.0,50,835
4457,341064084,0.028262295392413105,-9043.025000000003,904302.5,192062.5,160700.0,16840.0,534700.0,50,835
4458,941798355,0.028239685556099174,-10303.575000000003,1030357.5,193717.5,226400.0,16440.0,593800.0,50,835
4459,893336936,0.028217093807654293,-7194.900000000003,719490.0,186380.0,96000.0,15360.0,421750.0,50,835
4460,758261854,0.028194520132608168,-6783.625,678362.5,187512.5,44100.0,16200.0,430550.0,50,835
4461,540418344,0.02817196451650208,-8369.574999999999,836957.5,189887.5,186200.0,15520.0,445350.0,50,835
4462,191666587,0.02814942694488888,-6338.124999999999,633812.5,182702.5,75000.0,15160.0,360950.0,50,835
4463,816402218,0.028126907403332967,-7900.925,790092.5,189702.5,137200.0,15640.0,447550.0,50,835
4464,135189712,0.0281044058774103,-7890.524999999999,789052.5,191652.5,92600.0,15400.0,489400.0,50,835
4465,674209762,0.02808192235270837,-10421.099999999999,1042110.0,192950.0,193100.0,15560.0,640500.0,50,835
4466,822625308,0.028059456814826203,-11489.475000000002,1148947.5,201237.5,268200.0,16360.0,663150.0,50,835
4467,616686479,0.028037009249374342,-9960.4,996040.0,184620.0,264500.0,15920.0,531000.0,50,836
4468,681062171,0.028014579641974843,-7119.7249999999985,711972.5,181892.5,96600.0,15880.0,417600.0,50,836
4469,954269670,0.027992167978261262,-11445.175000000003,1144517.5,198547.5,215100.0,16720.0,714150.0,50,836
4470,879714668,0.027969774243878653,-7325.625000000001,732562.5,184092.5,53200.0,16120.0,479150.0,50,836
4471,449634743,0.02794739842448355,-8779.824999999999,877982.5,197652.5,71100.0,17680.0,591550.0,50,836
4472,716514104,0.027925040505743962,-9461.924999999997,946192.5,185822.5,206100.0,16320.0,537950.0,50,836
4473,641003814,0.027902700473339367,-10725.950000000003,1072595.0,199225.0,305400.0,16120.0,551850.0,50,836
4474,33779887,0.027880378312960693,-6640.450000000001,664045.0,190015.0,28800.0,15680.0,429550.0,50,836
4475,465201001,0.027858074010310322,-7027.4749999999985,702747.5,183617.5,19400.0,15280.0,484450.0,50,836
4476,642753114,0.027835787551102074,-7550.474999999999,755047.5,187157.5,34900.0,16040.0,516950.0,50,836
4477,492950353,0.02781351892106119,-9025.474999999997,902547.5,189657.5,202500.0,16040.0,494350.0,50,836
4478,660240317,0.027791268105924343,-10216.600000000002,1021660.0,189720.0,130400.0,17640.0,683900.0,50,836
4479,292487391,0.027769035091439603,-10850.325,1085032.5,198462.5,181000.0,17320.0,688250.0,50,836
4480,213117051,0.02774681986336645,-12037.925000000001,1203792.5,199192.5,257000.0,17200.0,730400.0,50,836
4481,514045029,0.027724622407475755,-7944.0,794400.0,178840.0,143200.0,15960.0,456400.0,50,836
4482,920149978,0.027702442709549774,-11082.550000000005,1108255.0,193855.0,236900.0,15800.0,661700.0,50,836
4483,965484590,0.027680280755382133,-8823.125,882312.5,191712.5,116300.0,16400.0,557900.0,50,836
4484,364136577,0.027658136530777828,-10337.824999999999,1033782.5,193952.5,177400.0,16480.0,645950.0,50,836
4485,816695729,0.027636010021553206,-7657.05,765705.0,192835.0,78700.0,16320.0,477850.0,50,836
4486,901872740,0.027613901213535963,-9971.999999999996,997200.0,194270.0,248500.0,16280.0,538150.0,50,836
4487,36968051,0.027591810092565134,-8069.875,806987.5,186927.5,168000.0,15560.0,436500.0,50,836
4488,600375181,0.027569736644491083,-9139.250000000002,913925.0,192985.0,211000.0,17040.0,492900.0,50,836
4489,75610768,0.02754768085517549,-11783.5,1178350.0,203700.0,275100.0,16800.0,682750.0,50,836
4490,105478238,0.02752564271049135,-7473.425,747342.5,185592.5,84800.0,16600.0,460350.0,50,836
4491,49907893,0.027503622196322956,-8688.35,868835.0,188805.0,121000.0,17080.0,541950.0,50,836
4492,822430442,0.027481619298565896,-7405.575000000002,740557.5,174217.5,156800.0,15040.0,394500.0,50,839
4493,249864305,0.027459634003127044,-5925.674999999999,592567.5,183647.5,66400.0,15120.0,327400.0,50,839
4494,932543204,0.02743766629592454,-8480.475000000002,848047.5,194637.5,186800.0,15560.0,451050.0,50,839
4495,476715538,0.0274157161628878,-8893.8,889380.0,191190.0,120800.0,15440.0,561950.0,50,839
4496,407122269,0.02739378358995749,-9271.175,927117.5,197867.5,175700.0,15200.0,538350.0,50,839
4497,382356520,0.027371868563085523,-6070.05,607005.0,189705.0,31000.0,15200.0,371100.0,50,839
4498,722035154,0.027349971068235054,-7770.475000000001,777047.5,190747.5,194500.0,15200.0,376600.0,50,839
4499,612671386,0.027328091091380464,-10422.325000000004,1042232.5,200772.5,262300.0,16960.0,562200.0,50,839
4500,44408972,0.02730622861850736,-8628.374999999998,862837.5,196957.5,130400.0,16080.0,519400.0,50,839
4501,253305400,0.02728438363561255,-7155.249999999999,715525.0,192645.0,75400.0,15080.0,432400.0,50,839
4502,791209552,0.02726255612870406,-13659.324999999999,1365932.5,197872.5,309400.0,16760.0,841900.0,50,839
4503,684297263,0.027240746083801098,-8677.875,867787.5,190117.5,161300.0,16320.0,500050.0,50,839
4504,382702636,0.027218953486934056,-10407.774999999998,1040777.5,195507.5,145000.0,16920.0,683350.0,50,839
4505,617587000,0.02719717832414451,-6963.450000000001,696345.0,186995.0,39400.0,15400.0,454550.0,50,839
4506,856310408,0.027175420581485192,-11413.224999999997,1141322.5,195132.5,242400.0,16840.0,686950.0,50,839
4507,415874633,0.027153680245020004,-9039.799999999997,903980.0,191420.0,127800.0,16960.0,567800.0,50,839
4508,519937438,0.027131957300823985,-8359.95,835995.0,188765.0,104200.0,16480.0,526550.0,50,839
4509,177356274,0.027110251734983326,-10119.45,1011945.0,189445.0,204400.0,16600.0,601500.0,50,839
4510,424598758,0.027088563533595338,-9379.275,937927.5,185597.5,109200.0,17280.0,625850.0,50,839
4511,100694310,0.027066892682768462,-10144.750000000002,1014475.0,193435.0,187800.0,15840.0,617400.0,50,839
4512,762791780,0.027045239168622247,-10453.574999999999,1045357.5,190857.5,184200.0,16200.0,654100.0,50,839
4513,376054855,0.02702360297728735,-9773.975000000002,977397.5,185997.5,254400.0,15600.0,521400.0,50,839
4514,938654952,0.027001984094905517,-6028.45,602845.0,190405.0,45300.0,15840.0,351300.0,50,839
4515,846702007,0.026980382507629592,-8694.4,869440.0,191670.0,143900.0,15120.0,518750.0,50,839
4516,584415240,0.026958798201623488,-7979.949999999999,797995.0,191725.0,138800.0,15320.0,452150.0,50,839
4517,885116695,0.026937231163062188,-9584.775000000001,958477.5,198357.5,177600.0,15920.0,566600.0,50,839
4518,333457415,0.026915681378131738,-7201.774999999999,720177.5,192337.5,140000.0,16040.0,371800.0,50,839
4519,798472906,0.026894148833029232,-6680.049999999999,668005.0,188405.0,23700.0,15400.0,440500.0,50,839
4520,755136301,0.02687263351396281,-9301.724999999997,930172.5,195202.5,157100.0,15920.0,561950.0,50,839
4521,296020354,0.02685113540715164,-11417.95,1141795.0,197495.0,180000.0,17200.0,747100.0,50,839
4522,744691102,0.02682965449882592,-9686.249999999996,968625.0,194475.0,86400.0,16600.0,671150.0,50,839
4523,209481195,0.026808190775226858,-7501.874999999999,750187.5,194407.5,66700.0,15680.0,473400.0,50,839
4524,233770996,0.026786744222606674,-8432.349999999999,843235.0,193465.0,126600.0,17120.0,506050.0,50,839
4525,142744183,0.02676531482722859,-7740.324999999999,774032.5,188162.5,86400.0,16120.0,483350.0,50,839
4526,695765762,0.026743902575366806,-9302.475,930247.5,195617.5,162500.0,16480.0,555650.0,50,839
4527,957964736,0.026722507453306513,-8230.55,823055.0,186385.0,105300.0,15720.0,515650.0,50,839
4528,857502409,0.026701129447343867,-10083.900000000001,1008390.0,199630.0,184600.0,16760.0,607400.0,50,839
4529,902467595,0.02667976854378599,-10069.849999999999,1006985.0,198215.0,129900.0,16520.0,662350.0,50,839
4530,341907859,0.026658424728950962,-10294.299999999997,1029430.0,196970.0,250800.0,16760.0,564900.0,50,839
4531,327463231,0.0266370979891678,-7242.925000000001,724292.5,191302.5,43000.0,15240.0,474750.0,50,839
4532,689821750,0.02661578831077647,-8066.399999999998,806640.0,191380.0,96300.0,16760.0,502200.0,50,839
4533,47132791,0.026594495680127846,-6687.7750000000015,668777.5,188717.5,96000.0,15560.0,368500.0,50,839
4534,630693864,0.026573220083583742,-8477.925,847792.5,194032.5,120800.0,16360.0,516600.0,50,839
4535,769786728,0.026551961507516875,-8106.474999999999,810647.5,185247.5,210800.0,15400.0,399200.0,50,839
4536,843828814,0.02653071993831086,-7674.100000000001,767410.0,187470.0,86200.0,15240.0,478500.0,50,839
4537,850178937,0.026509495362360212,-9646.875,964687.5,194017.5,156000.0,16120.0,598550.0,50,839
4538,149006342,0.026488287766070324,-8000.499999999998,800050.0,192120.0,121300.0,14880.0,471750.0,50,839
4539,483391374,0.026467097135857466,-8457.025,845702.5,189092.5,131900.0,17160.0,507550.0,50,839
4540,868376379,0.02644592345814878,-10344.85,1034485.0,196225.0,160500.0,16360.0,661400.0,50,839
4541,415474731,0.02642476671938226,-9798.899999999996,979890.0,190530.0,184000.0,16360.0,589000.0,50,839
4542,448489341,0.026403626906006755,-9477.949999999999,947795.0,198285.0,160000.0,16160.0,573350.0,50,839
4543,65508124,0.02638250400448195,-8663.3,866330.0,190260.0,95900.0,17320.0,562850.0,50,839
4544,905358766,0.026361398001278364,-8255.975000000002,825597.5,181867.5,169200.0,16280.0,458250.0,50,839
4545,849651637,0.02634030888287734,-9345.275000000001,934527.5,191747.5,96600.0,17280.0,628900.0,50,839
4546,444041693,0.02631923663577104,-7597.975,759797.5,191747.5,30800.0,16200.0,521050.0,50,839
4547,2668925,0.02629818124646242,-7603.175000000001,760317.5,195137.5,84100.0,14880.0,466200.0,50,839
4548,568625507,0.02627714270146525,-9271.149999999998,927115.0,185735.0,160400.0,15680.0,565300.0,50,839
4549,132406600,0.026256120987304076,-6164.95,616495.0,176665.0,20700.0,15680.0,403450.0,50,840
4550,736683160,0.02623511609051423,-12483.425,1248342.5,201222.5,313900.0,17320.0,715900.0,50,840
4551,417914362,0.02621412799764182,-11065.599999999999,1106560.0,193990.0,273400.0,16520.0,622650.0,50,840
4552,732489663,0.026193156695243705,-6301.799999999997,630180.0,184860.0,66300.0,14720.0,364300.0,50,841
4553,546942779,0.02617220216988751,-12059.650000000001,1205965.0,192705.0,336300.0,16160.0,660800.0,50,841
4554,410142219,0.0261512644081516,-7370.45,737045.0,189245.0,141400.0,15800.0,390600.0,50,841
4555,273088982,0.026130343396625077,-10405.8,1040580.0,185020.0,239300.0,16760.0,599500.0,50,841
4556,4084489,0.026109439121907777,-10172.15,1017215.0,193345.0,169600.0,16520.0,637750.0,50,841
4557,852849570,0.02608855157061025,-9655.200000000003,965520.0,191530.0,224700.0,15440.0,533850.0,50,841
4558,14614215,0.026067680729353764,-6232.0,623200.0,183290.0,28200.0,15160.0,396550.0,50,841
4559,790059421,0.02604682658477028,-5498.525,549852.5,186622.5,62300.0,14280.0,286650.0,50,841
4560,106875726,0.02602598912350246,-6619.475000000002,661947.5,184537.5,36400.0,15760.0,425250.0,50,841
4561,980457873,0.02600516833220366,-10305.650000000001,1030565.0,195075.0,253700.0,16640.0,565150.0,50,841
4562,556078020,0.025984364197537895,-9163.300000000001,916330.0,187350.0,261600.0,15480.0,451900.0,50,841
4563,488663985,0.025963576706179863,-6294.299999999999,629430.0,177420.0,49500.0,15960.0,386550.0,50,841
4564,762067883,0.02594280584481492,-5538.075000000001,553807.5,181197.5,52700.0,13760.0,306150.0,50,841
4565,965763098,0.025922051600139065,-8871.750000000004,887175.0,190925.0,99900.0,16000.0,580350.0,50,841
4566,966818161,0.025901313958858953,-7051.025,705102.5,192022.5,27300.0,14880.0,470900.0,50,841
4567,694756093,0.025880592907691864,-8470.175000000001,847017.5,192717.5,48900.0,17200.0,588200.0,50,841
4568,529835294,0.02585988843336571,-8703.75,870375.0,183955.0,246300.0,15520.0,424600.0,50,841
4569,554815913,0.025839200522619017,-8274.700000000003,827470.0,190340.0,99100.0,15480.0,522550.0,50,841
4570,187007909,0.025818529162200923,-6710.325000000001,671032.5,184852.5,2800.0,16480.0,466900.0,50,841
4571,434959904,0.025797874338871162,-8340.325,834032.5,186062.5,183800.0,15320.0,448850.0,50,841
4572,715828791,0.025777236039400065,-7353.075,735307.5,189087.5,117100.0,15320.0,413800.0,50,841
4573,770148681,0.025756614250568546,-7154.899999999999,715490.0,189320.0,153900.0,14320.0,357950.0,50,841
4574,437298249,0.02573600895916809,-9820.550000000001,982055.0,191055.0,186000.0,14800.0,590200.0,50,841
4575,241405990,0.025715420152000755,-7870.575000000003,787057.5,180417.5,155200.0,15440.0,436000.0,50,841
4576,798362395,0.025694847815879152,-6921.874999999999,692187.5,184957.5,81100.0,14880.0,411250.0,50,842
4577,172687878,0.025674291937626447,-8095.600000000003,809560.0,184790.0,175900.0,15720.0,433150.0,50,842
4578,367121098,0.025653752504076345,-8159.55,815955.0,197845.0,79900.0,15760.0,522450.0,50,842
4579,921517135,0.025633229502073085,-11699.024999999996,1169902.5,201932.5,247400.0,16320.0,704250.0,50,842
4580,864466928,0.025612722918471425,-8515.775000000001,851577.5,197437.5,204900.0,15440.0,433800.0,50,842
4581,377078040,0.025592232740136646,-10588.075,1058807.5,200857.5,233100.0,16800.0,608050.0,50,842
4582,185543221,0.025571758953944534,-9608.649999999998,960865.0,192675.0,208300.0,16240.0,543650.0,50,842
4583,267731840,0.02555130154678138,-9441.050000000001,944105.0,199295.0,276100.0,15760.0,452950.0,50,842
4584,579511793,0.025530860505543953,-5480.350000000001,548035.0,180745.0,86200.0,15040.0,266050.0,50,842
4585,28670671,0.025510435817139517,-9975.800000000003,997580.0,188460.0,311000.0,16920.0,481200.0,50,842
4586,328855336,0.025490027468485804,-6941.550000000002,694155.0,186285.0,72700.0,15720.0,419450.0,50,842
4587,931222922,0.025469635446511017,-8614.749999999998,861475.0,182485.0,140600.0,15440.0,522950.0,50,842
4588,828946533,0.025449259738153807,-12335.950000000003,1233595.0,199005.0,301400.0,16840.0,716350.0,50,842
4589,372387865,0.025428900330363283,-9588.675000000001,958867.5,194037.5,186000.0,15680.0,563150.0,50,842
4590,126011744,0.025408557210098992,-7835.95,783595.0,192805.0,144100.0,15640.0,431050.0,50,842
4591,308156983,0.025388230364330914,-9438.424999999997,943842.5,189932.5,168800.0,16160.0,568950.0,50,842
4592,148985305,0.02536791978003945,-8384.6,838460.0,186650.0,187000.0,15760.0,449050.0,50,842
4593,649088335,0.025347625444215417,-8073.375000000003,807337.5,182647.5,115200.0,15240.0,494250.0,50,842
4594,757814998,0.025327347343860045,-8510.675000000001,851067.5,198577.5,205200.0,15240.0,432050.0,50,842
4595,193488150,0.025307085465984955,-7510.975000000002,751097.5,188427.5,57200.0,16120.0,489350.0,50,842
4596,869391981,0.025286839797612166,-9930.725,993072.5,196132.5,207200.0,16240.0,573500.0,50,842
4597,499296634,0.025266610325774076,-8770.024999999998,877002.5,192362.5,222400.0,16040.0,446200.0,50,842
4598,267895473,0.025246397037513458,-10332.575,1033257.5,197287.5,253900.0,15520.0,566550.0,50,842
4599,924764746,0.025226199919883445,-5328.75,532875.0,177665.0,21100.0,15160.0,318950.0,50,842
4600,633019258,0.02520601895994754,-8665.849999999999,866585.0,193155.0,124900.0,16080.0,532450.0,50,842
4601,215691292,0.02518585414477958,-11495.799999999997,1149580.0,199160.0,278600.0,17120.0,654700.0,50,842
4602,576513264,0.025165705461463756,-9920.499999999998,992050.0,188680.0,206800.0,16320.0,580250.0,50,842
4603,667117621,0.025145572897094584,-8683.224999999997,868322.5,190892.5,132700.0,16280.0,528450.0,50,842
4604,413061276,0.025125456438776908,-9042.625,904262.5,192062.5,194000.0,16000.0,502200.0,50,842
4605,659399960,0.025105356073625885,-10812.775,1081277.5,189217.5,301100.0,15960.0,575000.0,50,842
4606,308201435,0.025085271788766985,-7228.9000000000015,722890.0,192430.0,82600.0,15760.0,432100.0,50,842
4607,513023252,0.02506520357133597,-7635.075,763507.5,188727.5,96800.0,16680.0,461300.0,50,842
4608,84184184,0.0250451514084789,-5125.249999999998,512525.0,181535.0,43600.0,15440.0,271950.0,50,842
4609,540561685,0.02502511528735212,-6972.8,697280.0,182790.0,125600.0,15640.0,373250.0,50,842
4610,455226255,0.025005095195122236,-8677.95,867795.0,186825.0,144400.0,15720.0,520850.0,50,842
4611,759092241,0.024985091118966136,-8699.899999999998,869990.0,194490.0,118800.0,16000.0,540700.0,50,842
4612,341554302,0.024965103046070962,-9489.625000000002,948962.5,189652.5,156400.0,16960.0,585950.0,50,842
4613,312909773,0.024945130963634106,-13109.700000000003,1310970.0,206460.0,345500.0,17160.0,741850.0,50,842
4614,669283032,0.024925174858863197,-8086.675,808667.5,182707.5,293600.0,16360.0,316000.0,50,842
4615,537194746,0.024905234718976106,-9674.924999999997,967492.5,194032.5,174000.0,17360.0,582100.0,50,842
4616,143359957,0.024885310531200924,-8503.075,850307.5,196557.5,115100.0,16600.0,522050.0,50,842
4617,483061590,0.024865402282775964,-10498.150000000001,1049815.0,197185.0,224400.0,16480.0,611750.0,50,842
4618,334524915,0.02484550996094974,-12478.700000000003,1247870.0,203040.0,357900.0,16280.0,670650.0,50,842
4619,964032741,0.02482563355298098,-12328.875000000002,1232887.5,201527.5,291000.0,16760.0,723600.0,50,842
4620,848550902,0.024805773046138596,-8066.574999999999,806657.5,188197.5,103800.0,16560.0,498100.0,50,842
4621,568797664,0.024785928427701685,-9206.825,920682.5,186852.5,167900.0,16280.0,549650.0,50,842
4622,679401754,0.024766099684959523,-8091.249999999999,809125.0,181995.0,100700.0,16480.0,509950.0,50,842
4623,257823790,0.024746286805211553,-10531.175000000005,1053117.5,198867.5,270700.0,15600.0,567950.0,50,842
4624,697315474,0.02472648977576738,-10934.149999999998,1093415.0,196305.0,255400.0,16960.0,624750.0,50,842
4625,38766196,0.024706708583946767,-9744.349999999999,974435.0,184645.0,312900.0,16240.0,460650.0,50,842
4626,865888555,0.024686943217079607,-10005.199999999999,1000520.0,196930.0,250100.0,16240.0,537250.0,50,842
4627,380594020,0.024667193662505943,-10676.250000000002,1067625.0,194885.0,328900.0,16440.0,527400.0,50,842
4628,395496916,0.024647459907575938,-10911.299999999997,1091130.0,201920.0,223200.0,15960.0,650050.0,50,848
4629,71166944,0.024627741939649877,-10454.925000000001,1045492.5,192232.5,192700.0,17160.0,643400.0,50,848
4630,701794712,0.024608039746098157,-9170.125,917012.5,188562.5,144000.0,17000.0,567450.0,50,848
4631,558265202,0.02458835331430128,-7438.400000000001,743840.0,188100.0,14800.0,16640.0,524300.0,50,848
4632,943030397,0.024568682631649838,-7662.925,766292.5,192442.5,82300.0,16000.0,475550.0,50,848
4633,138771581,0.024549027685544518,-9945.625000000002,994562.5,194072.5,127800.0,16640.0,656050.0,50,848
4634,876294522,0.02452938846339608,-5386.625,538662.5,178252.5,98500.0,14360.0,247550.0,50,848
4635,819637612,0.024509764952625364,-6754.624999999999,675462.5,182932.5,58500.0,15680.0,418350.0,50,848
4636,946801560,0.024490157140663264,-9704.425,970442.5,195312.5,219200.0,15480.0,540450.0,50,848
4637,463583391,0.024470565014950735,-6677.400000000001,667740.0,179340.0,60200.0,16200.0,412000.0,50,849
4638,82401130,0.024450988562938775,-7772.925,777292.5,186602.5,80600.0,15440.0,494650.0,50,849
4639,922691045,0.024431427772088423,-10906.55,1090655.0,190755.0,337400.0,16200.0,546300.0,50,849
4640,193427740,0.024411882629870752,-9669.5,966950.0,193380.0,134700.0,16320.0,622550.0,50,849
4641,437363160,0.024392353123766856,-6359.425,635942.5,190632.5,101600.0,14960.0,328750.0,50,849
4642,242777741,0.024372839241267843,-10299.050000000001,1029905.0,197205.0,313200.0,15600.0,503900.0,50,849
4643,124548727,0.024353340969874827,-9155.824999999999,915582.5,196712.5,200900.0,15320.0,502650.0,50,849
4644,537180819,0.02433385829709893,-8297.175,829717.5,189837.5,70400.0,16080.0,553400.0,50,849
4645,310443350,0.02431439121046125,-8117.650000000001,811765.0,186925.0,141000.0,16440.0,467400.0,50,849
4646,922433434,0.02429493969749288,-10356.075,1035607.5,198737.5,157100.0,16320.0,663450.0,50,849
4647,947514457,0.024275503745734887,-10519.399999999998,1051940.0,196100.0,238200.0,15640.0,602000.0,50,849
4648,957678068,0.024256083342738297,-7374.0250000000015,737402.5,191212.5,118500.0,15040.0,412650.0,50,849
4649,767070732,0.024236678476064106,-9691.050000000003,969105.0,192555.0,239800.0,15200.0,521550.0,50,849
4650,571773846,0.024217289133283255,-9648.9,964890.0,188310.0,235300.0,15680.0,525600.0,50,849
4651,838271765,0.024197915301976628,-9135.375000000002,913537.5,191117.5,252600.0,15120.0,454700.0,50,849
4652,46220051,0.024178556969735046,-6941.125000000001,694112.5,188002.5,78800.0,15560.0,411750.0,50,849
4653,10473974,0.024159214124159258,-7164.450000000001,716445.0,187375.0,105900.0,15720.0,407450.0,50,850
4654,559020440,0.02413988675285993,-6269.825,626982.5,174822.5,60600.0,14360.0,377200.0,50,850
4655,259963319,0.024120574843457643,-8380.075,838007.5,190627.5,184300.0,15280.0,447800.0,50,850
4656,108529875,0.024101278383582878,-8120.700000000002,812070.0,186390.0,85500.0,16680.0,523500.0,50,850
4657,729634253,0.02408199736087601,-6711.625000000001,671162.5,176752.5,77600.0,15160.0,401650.0,50,850
4658,973902818,0.02406273176298731,-10076.900000000001,1007690.0,191950.0,200600.0,15440.0,599700.0,50,850
4659,540797646,0.02404348157757692,-10453.025000000001,1045302.5,195712.5,144000.0,16640.0,688950.0,50,850
4660,925700192,0.024024246792314855,-8213.125,821312.5,188632.5,128200.0,15280.0,489200.0,50,851
4661,426602106,0.024005027394881,-9429.925000000001,942992.5,195672.5,226600.0,15520.0,505200.0,50,851
4662,920523557,0.023985823372965096,-11662.500000000002,1166250.0,197190.0,251100.0,16160.0,701800.0,50,851
4663,880858358,0.023966634714266723,-6348.275,634827.5,185257.5,61200.0,15320.0,373050.0,50,852
4664,910397950,0.02394746140649531,-7990.025000000001,799002.5,193212.5,136900.0,15040.0,453850.0,50,852
4665,889934429,0.023928303437370114,-6784.300000000002,678430.0,185940.0,98200.0,14840.0,379450.0,50,852
4666,22442167,0.023909160794620216,-8094.4,809440.0,183490.0,184400.0,14400.0,427150.0,50,852
4667,252872310,0.02389003346598452,-8958.45,895845.0,194295.0,185300.0,15400.0,500850.0,50,852
4668,108314186,0.023870921439211733,-6592.425000000001,659242.5,181782.5,64100.0,15360.0,398000.0,50,852
4669,229977375,0.023851824702060362,-6815.375000000001,681537.5,194547.5,0.0,15040.0,471950.0,50,852
4670,978450784,0.023832743242298712,-11265.5,1126550.0,194200.0,351800.0,15800.0,564750.0,50,852
4671,620354545,0.023813677047704873,-5976.3250000000035,597632.5,177122.5,51900.0,14560.0,354050.0,50,852
4672,37067812,0.02379462610606671,-7725.350000000002,772535.0,187105.0,122100.0,15680.0,447650.0,50,852
4673,63248539,0.023775590405181856,-9932.15,993215.0,197615.0,100800.0,15000.0,679800.0,50,852
4674,13021093,0.02375656993285771,-9265.274999999996,926527.5,191867.5,115800.0,15760.0,603100.0,50,852
4675,681538405,0.023737564676911422,-9243.375000000002,924337.5,186677.5,190400.0,15560.0,531700.0,50,852
4676,750761687,0.02371857462516989,-6917.075,691707.5,181367.5,148600.0,14440.0,347300.0,50,852
4677,132738575,0.023699599765469755,-8526.450000000004,852645.0,189255.0,125900.0,16240.0,521250.0,50,852
4678,640132289,0.02368064008565738,-9812.575,981257.5,190997.5,273200.0,15160.0,501900.0,50,852
4679,413010504,0.023661695573588853,-7210.8,721080.0,180250.0,16700.0,14880.0,509250.0,50,852
4680,291205150,0.023642766217129983,-8233.675000000001,823367.5,189927.5,96000.0,15840.0,521600.0,50,852
4681,757598851,0.02362385200415628,-11909.124999999998,1190912.5,193982.5,270600.0,17280.0,709050.0,50,852
4682,817844739,0.023604952922552956,-8589.300000000001,858930.0,194000.0,120700.0,15680.0,528550.0,50,852
4683,663514352,0.023586068960214913,-8966.275,896627.5,189807.5,174700.0,16520.0,515600.0,50,852
4684,419210802,0.02356720010504674,-6359.7,635970.0,186140.0,27500.0,14480.0,407850.0,50,852
4685,110484742,0.023548346344962702,-6880.399999999998,688040.0,180750.0,124700.0,15040.0,367550.0,50,852
4686,538792562,0.02352950766788673,-6443.075000000001,644307.5,191057.5,52000.0,15200.0,386050.0,50,852
4687,492818531,0.02351068406175242,-7153.575000000001,715357.5,194447.5,73800.0,15160.0,431950.0,50,852
4688,758353923,0.023491875514503015,-7301.2,730120.0,191110.0,113600.0,14360.0,411050.0,50,852
4689,172209885,0.02347308201409141,-8026.925,802692.5,192552.5,106000.0,15440.0,488700.0,50,852
4690,700330911,0.02345430354848014,-7374.650000000001,737465.0,180655.0,102900.0,13960.0,439950.0,50,852
4691,807139493,0.023435540105641355,-7508.300000000001,750830.0,191310.0,39700.0,15320.0,504500.0,50,852
4692,593690619,0.02341679167355684,-7334.749999999998,733475.0,182565.0,92500.0,15760.0,442650.0,50,852
4693,399282879,0.023398058240217994,-7817.725000000001,781772.5,189192.5,173700.0,14480.0,404400.0,50,852
4694,925633168,0.02337933979362582,-7367.474999999999,736747.5,187307.5,143500.0,15440.0,390500.0,50,852
4695,340385693,0.023360636321790917,-5938.949999999999,593895.0,180535.0,39100.0,14360.0,359900.0,50,852
4696,853489406,0.023341947812733483,-8422.849999999999,842285.0,193185.0,119000.0,15200.0,514900.0,50,852
4697,883420462,0.023323274254483297,-7703.124999999997,770312.5,191842.5,170800.0,14920.0,392750.0,50,852
4698,321579383,0.02330461563507971,-10976.575000000003,1097657.5,197637.5,277900.0,16920.0,605200.0,50,852
4699,966855046,0.023285971942571645,-6211.200000000001,621120.0,189580.0,39500.0,14040.0,378000.0,50,852
4700,515808884,0.023267343165017586,-9550.924999999997,955092.5,197292.5,236100.0,16800.0,504900.0,50,852
4701,56316843,0.023248729290485572,-7050.5250000000015,705052.5,191472.5,54400.0,15080.0,444100.0,50,852
4702,785725419,0.023230130307053183,-10051.15,1005115.0,199805.0,197200.0,16560.0,591550.0,50,852
4703,122884802,0.02321154620280754,-11405.350000000002,1140535.0,200895.0,188700.0,16440.0,734500.0,50,852
4704,39410040,0.023192976965845293,-8375.45,837545.0,189445.0,154000.0,16000.0,478100.0,50,852
4705,363643615,0.023174422584272616,-10049.65,1004965.0,187575.0,258900.0,16840.0,541650.0,50,852
4706,515532456,0.023155883046205198,-8171.625,817162.5,191172.5,129200.0,16440.0,480350.0,50,852
4707,349695096,0.023137358339768235,-8727.125000000002,872712.5,188732.5,184800.0,15480.0,483700.0,50,852
4708,783935353,0.02311884845309642,-7886.95,788695.0,192515.0,90000.0,16080.0,490100.0,50,852
4709,487545941,0.023100353374333943,-8371.700000000003,837170.0,178430.0,106000.0,16040.0,536700.0,50,852
4710,504285693,0.023081873091634474,-8279.925000000001,827992.5,185042.5,80500.0,15600.0,546850.0,50,852
4711,80201992,0.023063407593161167,-10443.925,1044392.5,197862.5,237900.0,16080.0,592550.0,50,852
4712,39163619,0.023044956867086637,-9915.5,991550.0,195510.0,200800.0,17440.0,577800.0,50,852
4713,333270988,0.02302652090159297,-8800.125,880012.5,191912.5,59700.0,16200.0,612200.0,50,852
4714,247383860,0.023008099684871695,-9991.175000000001,999117.5,196797.5,218000.0,16520.0,567800.0,50,852
4715,503154484,0.0229896932051238,-8338.099999999999,833810.0,191360.0,141000.0,16000.0,485450.0,50,852
4716,380123789,0.0229713014505597,-10578.8,1057880.0,194430.0,347200.0,15800.0,500450.0,50,852
4717,703504078,0.022952924409399254,-7493.4000000000015,749340.0,184780.0,93400.0,14760.0,456400.0,50,852
4718,224060903,0.022934562069871732,-7997.299999999999,799730.0,195900.0,34100.0,15680.0,554050.0,50,852
4719,299586563,0.022916214420215835,-8437.699999999999,843770.0,193550.0,154900.0,14720.0,480600.0,50,852
4720,937842474,0.02289788144867966,-6251.425000000001,625142.5,187062.5,63000.0,14080.0,361000.0,50,852
4721,720065749,0.022879563143520718,-10780.124999999996,1078012.5,199502.5,238200.0,16160.0,624150.0,50,852
4722,23294001,0.022861259493005902,-7173.099999999998,717310.0,185960.0,57200.0,14800.0,459350.0,50,852
4723,886376186,0.022842970485411496,-9616.3,961630.0,199490.0,245200.0,15240.0,501700.0,50,852
4724,499910725,0.022824696109023167,-12689.550000000001,1268955.0,199835.0,378500.0,16720.0,673900.0,50,852
4725,706504009,0.022806436352135948,-8839.750000000002,883975.0,187115.0,132300.0,14360.0,550200.0,50,852
4726,485351335,0.02278819120305424,-8059.525000000001,805952.5,194982.5,161800.0,15120.0,434050.0,50,852
4727,773262805,0.022769960650091795,-6664.500000000001,666450.0,184490.0,108500.0,14760.0,358700.0,50,852
4728,366555849,0.02275174468157172,-9686.599999999997,968660.0,192020.0,194100.0,16040.0,566500.0,50,852
4729,592236387,0.02273354328582646,-6845.299999999997,684530.0,190000.0,74800.0,14480.0,405250.0,50,852
4730,144071039,0.0227153564511978,-6599.2750000000015,659927.5,191677.5,44300.0,14400.0,409550.0,50,852
4731,573127257,0.022697184166036843,-11722.449999999993,1172245.0,197795.0,255500.0,16200.0,702750.0,50,852
4732,846838644,0.022679026418704014,-8278.775,827877.5,193037.5,196800.0,15840.0,422200.0,50,852
4733,864314956,0.02266088319756905,-9609.975,960997.5,192627.5,126000.0,16720.0,625650.0,50,852
4734,36247180,0.022642754491010997,-7815.449999999999,781545.0,187835.0,106000.0,15960.0,471750.0,50,852
4735,706022005,0.022624640287418188,-8136.0,813600.0,194410.0,100800.0,15440.0,502950.0,50,852
4736,87899917,0.022606540575188253,-12148.550000000001,1214855.0,200635.0,263800.0,17120.0,733300.0,50,852
4737,819972619,0.0225884553427281,-10198.625,1019862.5,187272.5,129400.0,15840.0,687350.0,50,852
4738,732990818,0.022570384578453916,-8848.900000000001,884890.0,198220.0,133600.0,15320.0,537750.0,50,852
4739,973514577,0.022552328270791153,-7105.925,710592.5,188532.5,73200.0,15960.0,432900.0,50,852
4740,322483125,0.02253428640817452,-8575.175,857517.5,189077.5,71500.0,16640.0,580300.0,50,852
4741,140275867,0.02251625897904798,-7478.224999999999,747822.5,187022.5,102000.0,15000.0,443800.0,50,852
4742,172184461,0.02249824597186474,-6485.525000000001,648552.5,190992.5,44800.0,14760.0,398000.0,50,852
4743,748011570,0.022480247375087248,-8114.925000000001,811492.5,194492.5,51200.0,16400.0,549400.0,50,852
4744,131329971,0.022462263177187178,-10051.249999999996,1005125.0,196525.0,224800.0,16600.0,567200.0,50,852
4745,283506519,0.022444293366645426,-8725.824999999999,872582.5,197592.5,147300.0,16240.0,511450.0,50,852
4746,767432395,0.02242633793195211,-10063.475000000002,1006347.5,197937.5,215300.0,17360.0,575750.0,50,852
4747,515572824,0.022408396861606547,-13027.949999999999,1302795.0,206565.0,304200.0,16880.0,775150.0,50,852
4748,45063053,0.022390470144117262,-9129.099999999999,912910.0,188330.0,121800.0,15680.0,587100.0,50,852
4749,273114423,0.02237255776800197,-8342.35,834235.0,189535.0,180400.0,16000.0,448300.0,50,852
4750,405113392,0.022354659721787566,-7134.175000000001,713417.5,193097.5,42000.0,15320.0,463000.0,50,852
4751,584707223,0.022336775994010134,-7232.499999999999,723250.0,192900.0,112100.0,14600.0,403650.0,50,852
4752,434593616,0.022318906573214926,-6634.649999999997,663465.0,185605.0,27800.0,13760.0,436300.0,50,852
4753,375163196,0.022301051447956355,-7844.649999999998,784465.0,183575.0,98800.0,15240.0,486850.0,50,854
4754,887285440,0.022283210606797988,-8178.0250000000015,817802.5,190542.5,66300.0,16160.0,544800.0,50,854
4755,746139116,0.02226538403831255,-11334.825,1133482.5,192962.5,275100.0,16120.0,649300.0,50,854
4756,297566586,0.0222475717310819,-9938.274999999998,993827.5,192337.5,208600.0,16640.0,576250.0,50,854
4757,888567827,0.022229773673697033,-6920.850000000001,692085.0,184155.0,148100.0,15280.0,344550.0,50,854
4758,691193170,0.022211989854758075,-7110.724999999999,711072.5,192652.5,120800.0,14720.0,382900.0,50,854
4759,154808382,0.022194220262874268,-10535.974999999999,1053597.5,193327.5,259200.0,15720.0,585350.0,50,854
4760,661753503,0.022176464886663968,-5855.074999999999,585507.5,178157.5,97900.0,14400.0,295050.0,50,854
4761,738983683,0.022158723714754636,-14601.975000000002,1460197.5,202307.5,444900.0,15640.0,797350.0,50,854
4762,917300255,0.02214099673578283,-8390.499999999998,839050.0,193110.0,138200.0,14640.0,493100.0,50,854
4763,838908446,0.022123283938394203,-7647.474999999999,764747.5,192287.5,62200.0,14760.0,495500.0,50,854
4764,613861043,0.022105585311243486,-6660.825000000002,666082.5,187482.5,46400.0,14600.0,417600.0,50,854
4765,266719219,0.02208790084299449,-9978.85,997885.0,193415.0,189200.0,16520.0,598750.0,50,854
4766,671886864,0.022070230522320093,-8844.3,884430.0,190600.0,182800.0,15680.0,495350.0,50,854
4767,406947532,0.022052574337902236,-6122.050000000001,612205.0,192215.0,30500.0,13240.0,376250.0,50,854
4768,911804178,0.022034932278431913,-7005.85,700585.0,187665.0,92800.0,15120.0,405000.0,50,854
4769,391478189,0.022017304332609167,-9029.774999999998,902977.5,183677.5,210200.0,16000.0,493100.0,50,854
4770,973548618,0.02199969048914308,-10325.150000000003,1032515.0,199045.0,176600.0,16720.0,640150.0,50,854
4771,606880444,0.021982090736751763,-7798.2249999999985,779822.5,190762.5,155200.0,15760.0,418100.0,50,854
4772,753760897,0.02196450506416236,-7399.025,739902.5,175782.5,98000.0,15720.0,450400.0,50,854
4773,27277687,0.02194693346011103,-8279.45,827945.0,198135.0,102300.0,14560.0,512950.0,50,854
4774,359559600,0.02192937591334294,-10930.549999999997,1093055.0,193125.0,245800.0,16680.0,637450.0,50,854
4775,154062850,0.021911832412612266,-7270.875,727087.5,186247.5,76000.0,15040.0,449800.0,50,854
4776,498025889,0.021894302946682175,-8057.1500000000015,805715.0,183785.0,162000.0,16280.0,443650.0,50,854
4777,931218624,0.021876787504324827,-8044.525,804452.5,192432.5,99600.0,15720.0,496700.0,50,854
4778,585337181,0.021859286074321367,-7592.725000000001,759272.5,190842.5,85000.0,15080.0,468350.0,50,854
4779,769173719,0.02184179864546191,-8215.849999999999,821585.0,186035.0,127700.0,15600.0,492250.0,50,854
4780,686092260,0.02182432520654554,-11690.4,1169040.0,200020.0,269600.0,16920.0,682500.0,50,854
4781,670038549,0.021806865746380303,-6974.450000000002,697445.0,171525.0,150000.0,15120.0,360800.0,50,855
4782,919596856,0.0217894202537832,-6936.675000000001,693667.5,185877.5,109100.0,14240.0,384450.0,50,855
4783,697771423,0.02177198871758017,-9444.975,944497.5,190547.5,183700.0,15600.0,554650.0,50,855
4784,556303991,0.021754571126606108,-10069.45,1006945.0,195435.0,207300.0,16560.0,587650.0,50,855
4785,802996093,0.021737167469704822,-7006.325,700632.5,190022.5,31000.0,15160.0,464450.0,50,855
4786,722932905,0.021719777735729057,-9261.575,926157.5,190967.5,157900.0,16040.0,561250.0,50,855
4787,840725888,0.021702401913540472,-8403.050000000001,840305.0,192765.0,85200.0,16640.0,545700.0,50,855
4788,625944275,0.02168503999200964,-8005.0,800500.0,183900.0,125900.0,15800.0,474900.0,50,855
4789,548499022,0.02166769196001603,-8676.275000000001,867627.5,192917.5,150000.0,16760.0,507950.0,50,855
4790,487258031,0.021650357806448018,-8921.224999999999,892122.5,189972.5,132000.0,16400.0,553750.0,50,855
4791,620316101,0.02163303752020286,-6943.699999999999,694370.0,181880.0,32500.0,15040.0,464950.0,50,855
4792,304018860,0.021615731090186698,-8231.150000000003,823115.0,191515.0,162400.0,15600.0,453600.0,50,855
4793,303066798,0.021598438505314548,-8290.574999999999,829057.5,186987.5,140700.0,17120.0,484250.0,50,855
4794,52681051,0.021581159754510297,-8996.65,899665.0,187245.0,223700.0,15320.0,473400.0,50,855
4795,54392033,0.02156389482670669,-8803.049999999997,880305.0,196725.0,189100.0,13880.0,480600.0,50,855
4796,670726017,0.021546643710845324,-9321.374999999998,932137.5,197937.5,171000.0,16000.0,547200.0,50,855
4797,467101508,0.02152940639587665,-7531.099999999999,753110.0,190550.0,98700.0,14960.0,448900.0,50,856
4798,154665117,0.021512182870759948,-9547.25,954725.0,195685.0,208700.0,16840.0,533500.0,50,856
4799,912655010,0.02149497312446334,-6791.099999999998,679110.0,189700.0,83400.0,14360.0,391650.0,50,856
4800,340776295,0.02147777714596377,-7027.225,702722.5,193232.5,148800.0,14440.0,346250.0,50,856
4801,560045436,0.021460594924246998,-6774.700000000001,677470.0,178700.0,94900.0,15920.0,387950.0,50,856
4802,671546271,0.0214434264483076,-9863.675000000003,986367.5,201227.5,164800.0,16440.0,603900.0,50,856
4803,342143492,0.021426271707148954,-8025.725000000001,802572.5,191892.5,84400.0,16280.0,510000.0,50,856
4804,212985310,0.021409130689783236,-10080.150000000003,1008015.0,196355.0,188000.0,17360.0,606300.0,50,856
4805,8631266,0.02139200338523141,-11289.825000000004,1128982.5,194242.5,227400.0,16640.0,690700.0,50,856
4806,358776336,0.021374889782523224,-8017.674999999998,801767.5,185847.5,221400.0,14720.0,379800.0,50,856
4807,44478108,0.021357789870697204,-8893.749999999996,889375.0,190375.0,142400.0,16400.0,540200.0,50,856
4808,48776190,0.021340703638800647,-8742.050000000001,874205.0,184895.0,159600.0,14960.0,514750.0,50,856
4809,927266247,0.021323631075889606,-7470.200000000001,747020.0,191810.0,38200.0,15960.0,501050.0,50,856
4810,577594876,0.021306572171028895,-9790.325,979032.5,185352.5,232300.0,15680.0,545700.0,50,856
4811,900903030,0.02128952691329207,-9454.775,945477.5,199717.5,141000.0,15960.0,588800.0,50,856
4812,591131389,0.021272495291761437,-8239.650000000001,823965.0,195635.0,103600.0,16080.0,508650.0,50,856
4813,221423572,0.021255477295528027,-11527.200000000004,1152720.0,200290.0,272000.0,17080.0,663350.0,50,856
4814,21386006,0.021238472913691603,-9893.75,989375.0,189415.0,241600.0,15360.0,543000.0,50,856
4815,547179399,0.02122148213536065,-10276.175,1027617.5,191417.5,205700.0,16400.0,614100.0,50,856
4816,549024082,0.02120450494965236,-12767.100000000002,1276710.0,197130.0,349100.0,16280.0,714200.0,50,856
4817,13808755,0.02118754134569264,-6491.825,649182.5,183242.5,17200.0,15840.0,432900.0,50,856
4818,290645999,0.021170591312616085,-7897.85,789785.0,187315.0,126400.0,16120.0,459950.0,50,856
4819,356626677,0.02115365483956599,-5741.45,574145.0,187415.0,34100.0,15480.0,337150.0,50,856
4820,783990860,0.02113673191569434,-5124.1500000000015,512415.0,177235.0,88700.0,13680.0,232800.0,50,856
4821,381867715,0.021119822530161782,-9012.449999999999,901245.0,197645.0,171600.0,15400.0,516600.0,50,856
4822,874730748,0.021102926672137652,-8145.250000000001,814525.0,193905.0,116800.0,15520.0,488300.0,50,856
4823,362577275,0.02108604433079994,-10254.900000000001,1025490.0,201090.0,194800.0,16200.0,613400.0,50,856
4824,562181207,0.0210691754953353,-8401.825000000003,840182.5,186892.5,148000.0,16040.0,489250.0,50,856
4825,448574162,0.02105232015493903,-9978.275,997827.5,190627.5,247600.0,15600.0,544000.0,50,856
4826,435262269,0.021035478298815077,-7862.45,786245.0,184505.0,130400.0,15640.0,455700.0,50,856
4827,377547847,0.021018649916176024,-9394.95,939495.0,191255.0,122700.0,17240.0,608300.0,50,856
4828,466746255,0.02100183499624308,-12308.500000000002,1230850.0,205760.0,297300.0,16640.0,711150.0,50,856
4829,394341689,0.020985033528246086,-6016.125,601612.5,189502.5,59600.0,15360.0,337150.0,50,856
4830,508198559,0.02096824550142349,-8810.624999999998,881062.5,192452.5,221600.0,15560.0,451450.0,50,856
4831,741434092,0.02095147090502235,-8136.550000000001,813655.0,192475.0,85500.0,16280.0,519400.0,50,856
4832,380443507,0.02093470972829833,-7727.825000000001,772782.5,185402.5,93800.0,15280.0,478300.0,50,856
4833,490333625,0.02091796196051569,-9392.925,939292.5,192212.5,136800.0,16680.0,593600.0,50,856
4834,914965714,0.02090122759094728,-9797.775000000001,979777.5,198457.5,188000.0,16120.0,577200.0,50,856
4835,434199828,0.02088450660887452,-9190.925,919092.5,182572.5,200400.0,16320.0,519800.0,50,856
4836,287183504,0.02086779900358742,-7806.049999999999,780605.0,188015.0,92800.0,17440.0,482350.0,50,856
4837,964584913,0.02085110476438455,-7428.575,742857.5,181527.5,87700.0,16680.0,456950.0,50,856
4838,531038298,0.020834423880573043,-7284.225000000002,728422.5,194172.5,106700.0,15800.0,411750.0,50,856
4839,388778839,0.020817756341468582,-8117.799999999999,811780.0,196190.0,99900.0,16640.0,499050.0,50,856
4840,604744804,0.020801102136395407,-9791.400000000003,979140.0,195640.0,165600.0,17000.0,600900.0,50,856
4841,97315229,0.02078446125468629,-8873.725000000002,887372.5,191882.5,137800.0,16240.0,541450.0,50,856
4842,234606365,0.02076783368568254,-7881.049999999998,788105.0,187955.0,53200.0,15600.0,531350.0,50,856
4843,730960700,0.020751219418733993,-8433.8,843380.0,193590.0,98000.0,16040.0,535750.0,50,856
4844,223885442,0.020734618443199005,-6972.299999999999,697230.0,189170.0,138500.0,14760.0,354800.0,50,856
4845,656294220,0.020718030748444444,-8964.2,896420.0,183270.0,173600.0,15400.0,524150.0,50,856
4846,589530921,0.020701456323845686,-9865.150000000001,986515.0,196615.0,182500.0,16400.0,591000.0,50,856
4847,197551989,0.02068489515878661,-9382.25,938225.0,193165.0,145200.0,15560.0,584300.0,50,856
4848,312155570,0.02066834724265958,-7867.699999999998,786770.0,182770.0,140200.0,15200.0,448600.0,50,856
4849,936389763,0.02065181256486545,-6676.075000000001,667607.5,180637.5,28900.0,15120.0,442950.0,50,856
4850,61503117,0.020635291114813558,-10363.349999999997,1036335.0,201575.0,241200.0,15560.0,578000.0,50,856
4851,939838145,0.020618782881921708,-12843.900000000001,1284390.0,199820.0,378100.0,16520.0,689950.0,50,856
4852,943859403,0.02060228785561617,-7062.799999999997,706280.0,184030.0,27800.0,14800.0,479650.0,50,856
4853,59589154,0.020585806025331676,-5411.775,541177.5,181527.5,75700.0,14800.0,269150.0,50,856
4854,511767031,0.02056933738051141,-8817.35,881735.0,187365.0,117200.0,15920.0,561250.0,50,856
4855,138568810,0.020552881910607,-10733.225000000004,1073322.5,196852.5,327200.0,15720.0,533550.0,50,856
4856,237812306,0.020536439605078515,-9025.925000000001,902592.5,191752.5,71700.0,17240.0,621900.0,50,856
4857,164978207,0.020520010453394452,-6827.700000000001,682770.0,185500.0,57900.0,15320.0,424050.0,50,856
4858,57115811,0.020503594445031737,-11702.125,1170212.5,203882.5,182000.0,17080.0,767250.0,50,856
4859,582317690,0.02048719156947571,-10722.675,1072267.5,195677.5,162500.0,16240.0,697850.0,50,856
4860,768332212,0.02047080181622013,-7222.524999999999,722252.5,187482.5,36900.0,15920.0,481950.0,50,856
4861,830860055,0.020454425174767154,-8017.05,801705.0,190295.0,147500.0,15560.0,448350.0,50,856
4862,587782669,0.02043806163462734,-8655.025,865502.5,186852.5,107600.0,16600.0,554450.0,50,856
4863,418268684,0.020421711185319637,-6597.275000000001,659727.5,182007.5,74900.0,16120.0,386700.0,50,856
4864,731348697,0.02040537381637138,-10523.099999999999,1052310.0,196530.0,211100.0,16880.0,627800.0,50,856
4865,178949474,0.020389049517318285,-9694.275,969427.5,194677.5,165900.0,17000.0,591850.0,50,856
4866,114581516,0.02037273827770443,-9207.9,920790.0,194860.0,153100.0,16280.0,556550.0,50,856
4867,27019078,0.020356440087082265,-8868.35,886835.0,195005.0,173500.0,14880.0,503450.0,50,856
4868,174923746,0.020340154935012598,-8110.349999999998,811035.0,190685.0,133300.0,15800.0,471250.0,50,856
4869,582178781,0.02032388281106459,-6221.2,622120.0,178100.0,44600.0,14520.0,384900.0,50,856
4870,353185192,0.020307623704815737,-6747.325,674732.5,183042.5,64300.0,14640.0,412750.0,50,856
4871,512885169,0.020291377605851885,-6404.674999999998,640467.5,181797.5,0.0,16320.0,442350.0,50,856
4872,728757592,0.020275144503767203,-6781.65,678165.0,190385.0,33000.0,15480.0,439300.0,50,856
4873,798602998,0.02025892438816419,-4922.400000000001,492240.0,180430.0,44000.0,14560.0,253250.0,50,856
4874,154601384,0.020242717248653657,-8220.6,822060.0,191920.0,80400.0,15840.0,533900.0,50,856
4875,867185311,0.020226523074854733,-8054.449999999999,805445.0,191205.0,142200.0,15640.0,456400.0,50,856
4876,125070499,0.02021034185639485,-7222.424999999998,722242.5,185912.5,127600.0,14080.0,394650.0,50,856
4877,706463290,0.020194173582909734,-7469.2750000000015,746927.5,181717.5,81000.0,15560.0,468650.0,50,856
4878,206487704,0.020178018244043406,-8891.250000000002,889125.0,194835.0,183600.0,15240.0,495450.0,50,856
4879,13480704,0.02016187582944817,-6276.4,627640.0,185870.0,400.0,15120.0,426250.0,50,857
4880,709576546,0.02014574632878461,-9253.4,925340.0,193080.0,80800.0,16160.0,635300.0,50,857
4881,754720288,0.020129629731721582,-7655.35,765535.0,186615.0,70000.0,15920.0,493000.0,50,857
4882,403295608,0.020113526027936205,-8701.425000000001,870142.5,195302.5,146600.0,16440.0,511800.0,50,857
4883,390107496,0.020097435207113854,-7370.25,737025.0,170715.0,232400.0,15160.0,318750.0,50,857
4884,656210963,0.020081357258948163,-9313.925,931392.5,195792.5,138300.0,16200.0,581100.0,50,857
4885,838308270,0.020065292173141003,-9255.974999999999,925597.5,191537.5,194300.0,16360.0,523400.0,50,857
4886,942252505,0.02004923993940249,-5571.549999999999,557155.0,183155.0,14000.0,15400.0,344600.0,50,858
4887,332191815,0.020033200547450968,-4778.575000000001,477857.5,179147.5,0.0,14360.0,284350.0,50,858
4888,690501465,0.020017173987013005,-6907.625000000002,690762.5,184592.5,77900.0,16120.0,412150.0,50,858
4889,934627018,0.020001160247823394,-4817.474999999999,481747.5,185957.5,12800.0,13440.0,269550.0,50,858
4890,258250089,0.02,-5784.675,578467.5,189867.5,10200.0,14400.0,364000.0,50,858
4891,224146186,0.02,-7151.675,715167.5,191777.5,86400.0,14840.0,422150.0,50,858
4892,309237042,0.02,-7168.499999999998,716850.0,184500.0,82200.0,15600.0,434550.0,50,858
4893,490666393,0.02,-7626.499999999999,762650.0,188930.0,120700.0,15920.0,437100.0,50,858
4894,248494305,0.02,-5973.199999999999,597320.0,186790.0,48200.0,13680.0,348650.0,50,858
4895,378765920,0.02,-6085.250000000001,608525.0,189935.0,50800.0,15240.0,352550.0,50,858
4896,382587275,0.02,-7956.150000000001,795615.0,196775.0,90300.0,14640.0,493900.0,50,858
4897,943999165,0.02,-4502.300000000001,450230.0,173600.0,21000.0,14280.0,241350.0,50,858
4898,445065039,0.02,-10582.875,1058287.5,197397.5,163200.0,14840.0,682850.0,50,858
4899,24427601,0.02,-4961.275,496127.5,173047.5,79700.0,13880.0,229500.0,50,859
4900,985743908,0.02,-4921.599999999999,492160.0,182470.0,7200.0,14840.0,287650.0,50,859
4901,628787622,0.02,-6373.025,637302.5,184662.5,29100.0,14840.0,408700.0,50,860
4902,786811706,0.02,-4551.000000000001,455100.0,181780.0,36100.0,13320.0,223900.0,50,860
4903,825217737,0.02,-7257.35,725735.0,181995.0,101700.0,16640.0,425400.0,50,860
4904,617751107,0.02,-10264.449999999999,1026445.0,198045.0,268600.0,15600.0,544200.0,50,860
4905,569122911,0.02,-6998.0,699800.0,183200.0,30700.0,15200.0,470700.0,50,860
4906,393638726,0.02,-4434.574999999999,443457.5,183457.5,43400.0,13600.0,203000.0,50,860
4907,404130799,0.02,-8553.75,855375.0,191345.0,177700.0,15480.0,470850.0,50,860
4908,659882540,0.02,-5782.724999999999,578272.5,183092.5,24700.0,15280.0,355200.0,50,860
4909,80236217,0.02,-11762.25,1176225.0,198415.0,324100.0,16560.0,637150.0,50,860
4910,877787617,0.02,-6125.825000000001,612582.5,181382.5,119800.0,14000.0,297400.0,50,860
4911,348406180,0.02,-7216.249999999999,721625.0,178005.0,92900.0,15920.0,434800.0,50,860
4912,955909200,0.02,-5932.125,593212.5,181362.5,37500.0,14800.0,359550.0,50,860
4913,398190132,0.02,-6225.675000000001,622567.5,168757.5,87600.0,14560.0,351650.0,50,860
4914,91913897,0.02,-8235.274999999998,823527.5,192597.5,196300.0,15480.0,419150.0,50,860
4915,188049283,0.02,-6665.175,666517.5,180497.5,96000.0,15120.0,374900.0,50,860
4916,847577054,0.02,-5191.074999999999,519107.5,155747.5,100700.0,13960.0,248700.0,50,860
4917,747268599,0.02,-8749.35,874935.0,190025.0,137000.0,15560.0,532350.0,50,860
4918,237754555,0.02,-6832.65,683265.0,185945.0,120800.0,14520.0,362000.0,50,860
4919,353012036,0.02,-8071.049999999998,807105.0,193985.0,109500.0,15520.0,488100.0,50,860
4920,828144191,0.02,-6108.475,610847.5,185517.5,110400.0,14080.0,300850.0,50,860
4921,25650195,0.02,-6849.324999999999,684932.5,191002.5,118500.0,14680.0,360750.0,50,860
4922,597332201,0.02,-7016.050000000001,701605.0,187915.0,83700.0,15040.0,414950.0,50,860
4923,881121956,0.02,-7284.099999999999,728410.0,178740.0,176400.0,14520.0,358750.0,50,860
4924,96526670,0.02,-6143.049999999999,614305.0,187725.0,93400.0,14280.0,318900.0,50,861
4925,28208906,0.02,-8398.349999999999,839835.0,191235.0,242100.0,15000.0,391500.0,50,861
4926,531967636,0.02,-8645.125,864512.5,186852.5,289900.0,15160.0,372600.0,50,861
4927,805641916,0.02,-6756.424999999998,675642.5,187912.5,111700.0,14680.0,361350.0,50,861
4928,739927667,0.02,-5135.349999999997,513535.0,177875.0,63100.0,13560.0,259000.0,50,861
4929,105351611,0.02,-8044.600000000001,804460.0,183810.0,120100.0,15200.0,485350.0,50,861
4930,79259739,0.02,-6260.024999999999,626002.5,175492.5,79400.0,14560.0,356550.0,50,861
4931,356777501,0.02,-7177.724999999999,717772.5,180462.5,138800.0,14560.0,383950.0,50,861
4932,494529474,0.02,-7696.174999999999,769617.5,187187.5,180400.0,14480.0,387550.0,50,861
4933,811679739,0.02,-6495.1,649510.0,185630.0,37400.0,15080.0,411400.0,50,861
4934,400284230,0.02,-5339.025,533902.5,184572.5,20900.0,14880.0,313550.0,50,861
4935,265301533,0.02,-6875.250000000001,687525.0,193865.0,86100.0,15760.0,391800.0,50,861
4936,36476858,0.02,-6563.275,656327.5,187367.5,94300.0,15560.0,359100.0,50,861
4937,866407950,0.02,-5463.975,546397.5,179567.5,8400.0,14680.0,343750.0,50,861
4938,563561950,0.02,-7890.649999999998,789065.0,194085.0,104900.0,16680.0,473400.0,50,861
4939,231225915,0.02,-5173.525000000002,517352.5,166962.5,51700.0,14640.0,284050.0,50,865
4940,661921265,0.02,-6292.200000000001,629220.0,188140.0,56600.0,14080.0,370400.0,50,865
4941,489866537,0.02,-9711.349999999999,971135.0,195945.0,218800.0,16240.0,540150.0,50,865
4942,541482528,0.02,-6486.324999999999,648632.5,182122.5,50400.0,15160.0,400950.0,50,865
4943,116836518,0.02,-8572.224999999999,857222.5,192472.5,113300.0,16200.0,535250.0,50,865
4944,975692044,0.02,-5726.875000000003,572687.5,186717.5,71000.0,14920.0,300050.0,50,865
4945,232217688,0.02,-9028.874999999998,902887.5,192457.5,144300.0,15880.0,550250.0,50,865
4946,336305105,0.02,-6202.475000000001,620247.5,184247.5,74900.0,14600.0,346500.0,50,865
4947,740166864,0.02,-9735.6,973560.0,192600.0,252200.0,15760.0,513000.0,50,865
4948,879592813,0.02,-6353.624999999999,635362.5,166622.5,111500.0,14440.0,342800.0,50,866
4949,797135515,0.02,-5908.999999999999,590900.0,182160.0,51500.0,14240.0,343000.0,50,866
4950,829005255,0.02,-6551.424999999998,655142.5,187922.5,5000.0,14720.0,447500.0,50,866
4951,947167124,0.02,-6297.625000000001,629762.5,179102.5,75100.0,13960.0,361600.0,50,866
4952,44521365,0.02,-7413.799999999999,741380.0,188270.0,104100.0,15760.0,433250.0,50,866
4953,40315787,0.02,-12023.724999999999,1202372.5,201052.5,419800.0,16920.0,564600.0,50,866
4954,823141248,0.02,-6900.0250000000015,690002.5,185522.5,118200.0,15280.0,371000.0,50,866
4955,138054536,0.02,-7810.45,781045.0,188355.0,187800.0,15440.0,389450.0,50,866
4956,320199154,0.02,-8864.75,886475.0,186605.0,261200.0,14720.0,423950.0,50,866
4957,989152640,0.02,-8895.825,889582.5,186562.5,206800.0,14720.0,481500.0,50,866
4958,210706179,0.02,-9158.450000000003,915845.0,189135.0,148000.0,16560.0,562150.0,50,866
4959,191353458,0.02,-9729.324999999993,972932.5,195172.5,84400.0,16560.0,676800.0,50,866
4960,842796770,0.02,-10938.0,1093800.0,199050.0,270000.0,16200.0,608550.0,50,866
4961,946648256,0.02,-9340.624999999998,934062.5,192292.5,257800.0,15520.0,468450.0,50,866
4962,387158556,0.02,-13443.824999999999,1344382.5,191342.5,474800.0,16040.0,662200.0,50,866
4963,873549390,0.02,-8866.500000000002,886650.0,186960.0,208200.0,16240.0,475250.0,50,866
4964,780927191,0.02,-4942.650000000001,494265.0,192785.0,1500.0,14680.0,285300.0,50,866
4965,690851150,0.02,-8001.25,800125.0,191775.0,156800.0,15800.0,435750.0,50,866
4966,201624747,0.02,-6728.899999999999,672890.0,187190.0,97300.0,16400.0,372000.0,50,866
4967,778535899,0.02,-8327.824999999999,832782.5,183092.5,94500.0,16240.0,538950.0,50,866
4968,633694212,0.02,-7973.575000000001,797357.5,183397.5,143300.0,15760.0,454900.0,50,866
4969,643947780,0.02,-8284.575,828457.5,194237.5,126900.0,15720.0,491600.0,50,866
4970,324736326,0.02,-9227.774999999998,922777.5,192747.5,114000.0,16680.0,599350.0,50,866
4971,907681259,0.02,-7337.875,733787.5,188967.5,108000.0,15920.0,420900.0,50,866
4972,127988246,0.02,-10021.65,1002165.0,192865.0,119000.0,15600.0,674700.0,50,866
4973,906276944,0.02,-12155.825,1215582.5,198342.5,253900.0,16440.0,746900.0,50,866
4974,893958449,0.02,-10953.399999999998,1095340.0,198200.0,280400.0,15840.0,600900.0,50,866
4975,193972060,0.02,-8641.725000000002,864172.5,191392.5,198500.0,15680.0,458600.0,50,866
4976,327365996,0.02,-9134.050000000001,913405.0,193805.0,125800.0,16800.0,577000.0,50,866
4977,864102422,0.02,-6756.950000000001,675695.0,184935.0,47400.0,15360.0,428000.0,50,866
4978,768384086,0.02,-5493.524999999999,549352.5,182852.5,18400.0,16000.0,332100.0,50,866
4979,42988463,0.02,-9046.775,904677.5,187307.5,134700.0,16720.0,565950.0,50,866
4980,11959056,0.02,-10253.925000000001,1025392.5,199902.5,154000.0,17640.0,653850.0,50,866
4981,921415919,0.02,-9420.724999999999,942072.5,193972.5,212000.0,16000.0,520100.0,50,866
4982,912571769,0.02,-6919.649999999999,691965.0,181185.0,46900.0,16080.0,447800.0,50,866
4983,939426278,0.02,-10515.899999999998,1051590.0,191660.0,307900.0,17280.0,534750.0,50,866
4984,732538160,0.02,-6615.749999999999,661575.0,185935.0,69900.0,15240.0,390500.0,50,866
4985,355357997,0.02,-7732.899999999998,773290.0,192660.0,58700.0,16480.0,505450.0,50,866
4986,36474105,0.02,-8242.224999999997,824222.5,193592.5,170400.0,16280.0,443950.0,50,866
4987,850111603,0.02,-7215.099999999999,721510.0,186370.0,19200.0,16240.0,499700.0,50,866
4988,732276648,0.02,-13297.250000000002,1329725.0,198925.0,395000.0,17000.0,718800.0,50,866
4989,214566532,0.02,-7382.349999999999,738235.0,196415.0,109000.0,16320.0,416500.0,50,866
4990,601317900,0.02,-9849.525,984952.5,190052.5,321600.0,14800.0,458500.0,50,866
4991,378991109,0.02,-8066.05,806605.0,190705.0,108000.0,15200.0,492700.0,50,866
4992,171071368,0.02,-7527.924999999999,752792.5,193142.5,84900.0,16000.0,458750.0,50,866
4993,764308139,0.02,-9040.675,904067.5,190737.5,87600.0,15880.0,609850.0,50,866
4994,71028389,0.02,-8355.474999999999,835547.5,190157.5,113700.0,15640.0,516050.0,50,866
4995,422556417,0.02,-8679.299999999997,867930.0,193970.0,149100.0,16360.0,508500.0,50,866
4996,654738652,0.02,-7235.224999999999,723522.5,193172.5,121700.0,14600.0,394050.0,50,866
4997,953027333,0.02,-9290.499999999998,929050.0,194420.0,183000.0,15880.0,535750.0,50,866
4998,5071006,0.02,-8743.65,874365.0,192385.0,125400.0,16680.0,539900.0,50,866
4999,989905565,0.02,-10734.4,1073440.0,198650.0,198100.0,15640.0,661050.0,50,866
5000,921594596,0.02,-10186.825000000003,1018682.5,195992.5,182100.0,15840.0,624750.0,50,866
5001,752305512,0.02,-10728.825,1072882.5,193492.5,278600.0,15240.0,585550.0,50,866
5002,355431660,0.02,-9129.300000000001,912930.0,197580.0,176500.0,15800.0,523050.0,50,866
5003,316207714,0.02,-6869.374999999999,686937.5,185877.5,81200.0,14560.0,405300.0,50,866
5004,202826196,0.02,-9430.800000000001,943080.0,197270.0,164100.0,16960.0,564750.0,50,866
5005,130478690,0.02,-9561.350000000002,956135.0,195265.0,122400.0,16120.0,622350.0,50,866
5006,561864776,0.02,-8324.1,832410.0,186800.0,177300.0,15760.0,452550.0,50,866
5007,431212315,0.02,-8811.15,881115.0,191085.0,164700.0,16280.0,509050.0,50,866
5008,362440959,0.02,-7942.299999999998,794230.0,190970.0,231600.0,14960.0,356700.0,50,866
5009,707064978,0.02,-7462.95,746295.0,169505.0,106300.0,15640.0,454850.0,50,868
5010,841676698,0.02,-8003.4,800340.0,194850.0,111200.0,15640.0,478650.0,50,868
5011,942021821,0.02,-9510.150000000003,951015.0,194595.0,162400.0,15320.0,578700.0,50,868
5012,629080542,0.02,-6630.675,663067.5,180207.5,69600.0,15760.0,397500.0,50,868
5013,884184482,0.02,-10445.100000000002,1044510.0,196300.0,287300.0,15560.0,545350.0,50,868
5014,761054000,0.02,-8081.975,808197.5,181307.5,195800.0,15640.0,415450.0,50,868
5015,42700457,0.02,-12282.6,1228260.0,195350.0,301400.0,17360.0,714150.0,50,868
5016,669206873,0.02,-7391.425000000001,739142.5,185772.5,55200.0,15920.0,482250.0,50,868
5017,943285396,0.02,-11574.125000000004,1157412.5,187582.5,294500.0,16280.0,659050.0,50,868
5018,100216775,0.02,-6917.249999999998,691725.0,180335.0,102300.0,14840.0,394250.0,50,868
5019,443909128,0.02,-8467.5,846750.0,182760.0,195900.0,15640.0,452450.0,50,868
5020,966529441,0.02,-8100.099999999999,810010.0,185930.0,187200.0,14880.0,422000.0,50,868
5021,16742179,0.02,-7049.700000000001,704970.0,188780.0,31900.0,16040.0,468250.0,50,868
5022,622472779,0.02,-7428.624999999999,742862.5,183402.5,114000.0,16160.0,429300.0,50,868
5023,824827268,0.02,-7900.774999999999,790077.5,180397.5,90600.0,15480.0,503600.0,50,868
5024,229079356,0.02,-7741.125000000001,774112.5,182592.5,52100.0,15920.0,523500.0,50,868
5025,144258203,0.02,-9399.100000000002,939910.0,186140.0,133100.0,14920.0,605750.0,50,868
5026,736553632,0.02,-7195.974999999999,719597.5,182357.5,128500.0,15040.0,393700.0,50,868
5027,421284582,0.02,-8543.425,854342.5,190342.5,101400.0,15800.0,546800.0,50,868
5028,270899879,0.02,-6518.200000000002,651820.0,180580.0,75500.0,15240.0,380500.0,50,868
5029,283637976,0.02,-8477.999999999998,847800.0,192110.0,114000.0,16640.0,525050.0,50,868
5030,304377270,0.02,-8262.949999999999,826295.0,189155.0,160400.0,15640.0,461100.0,50,868
5031,135152484,0.02,-7764.6500000000015,776465.0,190575.0,14500.0,16440.0,554950.0,50,868
5032,360130230,0.02,-9553.899999999998,955390.0,193770.0,199000.0,15920.0,546700.0,50,868
5033,513440484,0.02,-10754.525,1075452.5,203852.5,277100.0,16600.0,577900.0,50,868
5034,2694829,0.02,-7283.325000000001,728332.5,191702.5,103000.0,15280.0,418350.0,50,868
5035,967977705,0.02,-8754.2,875420.0,183700.0,170000.0,16120.0,505600.0,50,868
5036,905406584,0.02,-7265.299999999999,726530.0,174250.0,187000.0,14680.0,350600.0,50,868
5037,458938059,0.02,-7373.599999999999,737360.0,194880.0,112500.0,16480.0,413500.0,50,868
5038,77342681,0.02,-6992.550000000002,699255.0,180975.0,134400.0,16280.0,367600.0,50,868
5039,445124208,0.02,-5165.375,516537.5,161847.5,83700.0,14640.0,256350.0,50,868
5040,777365161,0.02,-8317.3,831730.0,189510.0,164600.0,14720.0,462900.0,50,868
5041,178143279,0.02,-7924.624999999998,792462.5,193732.5,86800.0,16080.0,495850.0,50,868
5042,897785189,0.02,-9072.300000000001,907230.0,193220.0,201100.0,15560.0,497350.0,50,868
5043,600187657,0.02,-9995.575,999557.5,197757.5,214000.0,16200.0,571600.0,50,868
5044,389954650,0.02,-11141.700000000003,1114170.0,200530.0,226800.0,16640.0,670200.0,50,868
5045,220796505,0.02,-11210.825,1121082.5,193172.5,187100.0,16960.0,723850.0,50,868
5046,499508073,0.02,-6814.475,681447.5,192597.5,47300.0,16000.0,425550.0,50,868
5047,969145753,0.02,-9972.725000000002,997272.5,186022.5,265600.0,16000.0,529650.0,50,868
5048,636398027,0.02,-5997.375000000001,599737.5,184627.5,400.0,15960.0,398750.0,50,868
5049,973454702,0.02,-8738.5,873850.0,191680.0,134400.0,16520.0,531250.0,50,868
5050,306579422,0.02,-9152.749999999998,915275.0,181235.0,215000.0,15440.0,503600.0,50,868
5051,958558302,0.02,-11354.325000000003,1135432.5,198992.5,341100.0,15440.0,579900.0,50,868
5052,755351196,0.02,-8373.45,837345.0,198565.0,112900.0,15680.0,510200.0,50,868
5053,435881312,0.02,-9463.800000000001,946380.0,189810.0,167000.0,15720.0,573850.0,50,868
5054,320741774,0.02,-7481.275000000001,748127.5,187447.5,93700.0,16080.0,450900.0,50,868
5055,515952785,0.02,-7320.149999999997,732015.0,192555.0,85000.0,15160.0,439300.0,50,869
5056,919876083,0.02,-9840.599999999997,984060.0,196970.0,245400.0,16040.0,525650.0,50,869
5057,759277374,0.02,-10508.8,1050880.0,199010.0,220100.0,16520.0,615250.0,50,869
5058,460650790,0.02,-11078.225,1107822.5,199362.5,221100.0,16360.0,671000.0,50,869
5059,291997441,0.02,-12480.499999999998,1248050.0,200800.0,276000.0,16000.0,755250.0,50,869
5060,811622236,0.02,-7791.050000000001,779105.0,195455.0,133200.0,15800.0,434650.0,50,869
5061,350373003,0.02,-7343.725000000001,734372.5,179722.5,89900.0,15200.0,449550.0,50,869
5062,573085083,0.02,-7424.7249999999985,742472.5,192322.5,112400.0,16200.0,421550.0,50,869
5063,913795834,0.02,-7264.05,726405.0,189155.0,113000.0,15200.0,409050.0,50,869
5064,800111322,0.02,-9109.275000000001,910927.5,188477.5,243900.0,15400.0,463150.0,50,869
5065,923165207,0.02,-9986.425000000003,998642.5,197752.5,205100.0,16240.0,579550.0,50,869
5066,956595268,0.02,-9182.6,918260.0,194240.0,180700.0,16520.0,526800.0,50,869
5067,862112106,0.02,-9273.774999999998,927377.5,189617.5,192100.0,15960.0,529700.0,50,869
5068,975644877,0.02,-9811.75,981175.0,193285.0,173800.0,15840.0,598250.0,50,869
5069,635213997,0.02,-13811.024999999998,1381102.5,197522.5,322200.0,17280.0,844100.0,50,869
5070,140727941,0.02,-8060.799999999998,806080.0,193400.0,174400.0,16680.0,421600.0,50,869
5071,424546136,0.02,-8582.524999999998,858252.5,185622.5,151000.0,16280.0,505350.0,50,869
5072,520097048,0.02,-7829.95,782995.0,197375.0,59000.0,15120.0,511500.0,50,869
5073,267503378,0.02,-6831.574999999999,683157.5,190847.5,48000.0,16360.0,427950.0,50,869
5074,81567834,0.02,-9513.85,951385.0,195435.0,196000.0,15800.0,544150.0,50,869
5075,471846303,0.02,-9637.475,963747.5,194997.5,212600.0,16200.0,539950.0,50,869
5076,716471491,0.02,-10639.45,1063945.0,199415.0,257200.0,16480.0,590850.0,50,869
5077,891158147,0.02,-9283.5,928350.0,193070.0,207300.0,16680.0,511300.0,50,869
5078,995067576,0.02,-10891.749999999998,1089175.0,198125.0,272400.0,16400.0,602250.0,50,869
5079,522676030,0.02,-8137.699999999998,813770.0,192040.0,116800.0,15480.0,489450.0,50,869
5080,958248859,0.02,-8027.325,802732.5,194222.5,122700.0,15760.0,470050.0,50,869
5081,783078240,0.02,-7261.449999999998,726145.0,181815.0,49800.0,16480.0,478050.0,50,869
5082,749773290,0.02,-6776.249999999999,677625.0,191435.0,6100.0,15840.0,464250.0,50,869
5083,168372401,0.02,-9766.925,976692.5,191872.5,166700.0,16120.0,602000.0,50,869
5084,747933979,0.02,-8457.6,845760.0,188020.0,89700.0,16840.0,551200.0,50,869
5085,681648764,0.02,-9438.65,943865.0,193845.0,119500.0,16720.0,613800.0,50,869
5086,974450540,0.02,-6867.575,686757.5,189347.5,90500.0,15360.0,391550.0,50,869
5087,223664802,0.02,-10579.250000000002,1057925.0,186465.0,205300.0,16360.0,649800.0,50,869
5088,983097916,0.02,-7603.9000000000015,760390.0,191920.0,59600.0,16120.0,492750.0,50,869
5089,438002234,0.02,-12993.724999999997,1299372.5,201032.5,387400.0,16840.0,694100.0,50,869
5090,530951314,0.02,-8142.824999999999,814282.5,194692.5,62300.0,16440.0,540850.0,50,869
5091,840660817,0.02,-10552.050000000001,1055205.0,201315.0,228700.0,16240.0,608950.0,50,869
5092,718745357,0.02,-6337.025,633702.5,187282.5,0.0,15120.0,431300.0,50,869
5093,165066314,0.02,-6665.975,666597.5,184467.5,58000.0,16080.0,408050.0,50,869
5094,929752634,0.02,-13353.124999999998,1335312.5,201872.5,389800.0,16440.0,727200.0,50,869
5095,8751696,0.02,-7341.550000000001,734155.0,190365.0,105300.0,16640.0,421850.0,50,869
5096,716928967,0.02,-8097.825000000001,809782.5,185612.5,130100.0,16320.0,477750.0,50,869
5097,469678356,0.02,-9750.574999999999,975057.5,198927.5,191300.0,16280.0,568550.0,50,869
5098,453778564,0.02,-8880.600000000002,888060.0,188260.0,144000.0,16600.0,539200.0,50,869
5099,843413273,0.02,-10746.925,1074692.5,198242.5,282100.0,17600.0,576750.0,50,869
5100,892013661,0.02,-10689.675000000003,1068967.5,196457.5,205300.0,15760.0,651450.0,50,869
5101,780318122,0.02,-7526.400000000001,752640.0,187910.0,70200.0,16280.0,478250.0,50,869
5102,334756992,0.02,-7254.675000000001,725467.5,188737.5,105400.0,14680.0,416650.0,50,869
5103,137623018,0.02,-8263.675000000001,826367.5,192897.5,140500.0,16120.0,476850.0,50,869
5104,475877234,0.02,-8892.25,889225.0,197485.0,183000.0,15840.0,492900.0,50,869
5105,238921224,0.02,-6492.700000000001,649270.0,188460.0,63500.0,15560.0,381750.0,50,869
5106,518932425,0.02,-7897.624999999999,789762.5,191352.5,81200.0,16360.0,500850.0,50,869
5107,929699280,0.02,-7497.999999999999,749800.0,187720.0,97500.0,16280.0,448300.0,50,869
5108,202052819,0.02,-7848.224999999999,784822.5,183282.5,154800.0,15840.0,430900.0,50,869
5109,779609394,0.02,-7127.299999999999,712730.0,190860.0,46700.0,16120.0,459050.0,50,869
5110,161064709,0.02,-11391.049999999996,1139105.0,200125.0,247800.0,16480.0,674700.0,50,869
5111,743691343,0.02,-8235.275,823527.5,190577.5,63500.0,16800.0,552650.0,50,869
5112,900472412,0.02,-9126.25,912625.0,186455.0,200500.0,15320.0,510350.0,50,869
5113,450305201,0.02,-8370.775000000001,837077.5,192457.5,100000.0,15920.0,528700.0,50,869
5114,384121563,0.02,-7855.600000000001,785560.0,184350.0,160100.0,15360.0,425750.0,50,869
5115,942996229,0.02,-8265.25,826525.0,189605.0,88800.0,14920.0,533200.0,50,869
5116,648246958,0.02,-7749.524999999998,774952.5,193882.5,112000.0,15920.0,453150.0,50,869
5117,669352583,0.02,-6912.549999999999,691255.0,189745.0,0.0,16760.0,484750.0,50,869
5118,295257744,0.02,-6720.024999999999,672002.5,186812.5,54000.0,15840.0,415350.0,50,869
5119,617918263,0.02,-7488.800000000002,748880.0,190630.0,111400.0,15600.0,431250.0,50,869
5120,789061347,0.02,-4807.775,480777.5,159007.5,41600.0,15120.0,265050.0,50,870
5121,477579740,0.02,-8314.475000000002,831447.5,190907.5,167200.0,15840.0,457500.0,50,870
5122,884060211,0.02,-10463.324999999997,1046332.5,190292.5,277400.0,16840.0,561800.0,50,870
5123,773409828,0.02,-9480.475000000002,948047.5,192207.5,213400.0,15840.0,526600.0,50,870
5124,71648213,0.02,-7438.824999999999,743882.5,194732.5,95700.0,16000.0,437450.0,50,870
5125,780895839,0.02,-6213.900000000001,621390.0,183980.0,91300.0,13960.0,332150.0,50,870
5126,422119024,0.02,-5817.400000000001,581740.0,180190.0,50800.0,14400.0,336350.0,50,870
5127,881466010,0.02,-7827.775,782777.5,188487.5,117500.0,15440.0,461350.0,50,870
5128,489060213,0.02,-7783.749999999998,778375.0,184355.0,138100.0,14920.0,441000.0,50,870
5129,379945858,0.02,-9841.299999999997,984130.0,200370.0,206500.0,15960.0,561300.0,50,870
5130,156968487,0.02,-7173.325000000001,717332.5,189162.5,38400.0,14920.0,474850.0,50,870
5131,973701944,0.02,-5506.325000000002,550632.5,175522.5,25900.0,15360.0,333850.0,50,871
5132,642362389,0.02,-10709.749999999998,1070975.0,198465.0,238000.0,15560.0,618950.0,50,871
5133,397022875,0.02,-7759.1500000000015,775915.0,195375.0,115500.0,16640.0,448400.0,50,871
5134,381422434,0.02,-8530.8,853080.0,179040.0,267100.0,15040.0,391900.0,50,871
5135,578829460,0.02,-8268.800000000001,826880.0,188100.0,140100.0,15480.0,483200.0,50,871
5136,684753835,0.02,-6062.150000000001,606215.0,179905.0,52400.0,15760.0,358150.0,50,871
5137,714501247,0.02,-6288.025000000001,628802.5,189942.5,51300.0,15360.0,372200.0,50,871
5138,258183672,0.02,-11692.35,1169235.0,201495.0,258700.0,16640.0,692400.0,50,871
5139,531604063,0.02,-9800.249999999998,980025.0,196905.0,135200.0,16520.0,631400.0,50,871
5140,330564650,0.02,-7197.875000000002,719787.5,180077.5,109200.0,15160.0,415350.0,50,871
5141,109492730,0.02,-9871.825,987182.5,199442.5,144400.0,16040.0,627300.0,50,871
5142,539370693,0.02,-6881.974999999999,688197.5,183597.5,43700.0,14800.0,446100.0,50,871
5143,131884863,0.02,-6551.775000000001,655177.5,177457.5,18200.0,15320.0,444200.0,50,871
5144,740269499,0.02,-8390.224999999999,839022.5,190372.5,101400.0,16800.0,530450.0,50,871
5145,555723933,0.02,-7756.7249999999985,775672.5,191892.5,118000.0,16280.0,449500.0,50,871
5146,713333431,0.02,-9082.874999999998,908287.5,191717.5,136000.0,15920.0,564650.0,50,871
5147,815775366,0.02,-7350.250000000002,735025.0,183735.0,67800.0,15240.0,468250.0,50,871
5148,892899746,0.02,-9749.9,974990.0,199990.0,190200.0,17400.0,567400.0,50,871
5149,267904473,0.02,-9361.349999999999,936135.0,199525.0,201000.0,16560.0,519050.0,50,871
5150,230235121,0.02,-6433.175000000001,643317.5,175517.5,50300.0,15600.0,401900.0,50,871
5151,847125430,0.02,-9199.550000000001,919955.0,188855.0,233500.0,16000.0,481600.0,50,871
5152,2791850,0.02,-8718.825,871882.5,191322.5,134400.0,17760.0,528400.0,50,871
5153,464986092,0.02,-8847.775000000001,884777.5,188757.5,123200.0,16520.0,556300.0,50,871
5154,848001565,0.02,-7784.575,778457.5,180287.5,134500.0,16320.0,447350.0,50,871
5155,611194400,0.02,-9881.800000000001,988180.0,193740.0,269800.0,16040.0,508600.0,50,871
5156,480861112,0.02,-8557.400000000001,855740.0,195460.0,125200.0,16080.0,519000.0,50,871
5157,75582149,0.02,-11260.85,1126085.0,196025.0,255600.0,15760.0,658700.0,50,871
5158,828946582,0.02,-9612.850000000002,961285.0,188035.0,214000.0,17000.0,542250.0,50,871
5159,166038581,0.02,-9452.775,945277.5,194927.5,134800.0,16000.0,599550.0,50,871
5160,986084608,0.02,-7391.050000000002,739105.0,178645.0,75300.0,15760.0,469400.0,50,871
5161,848020505,0.02,-9469.625,946962.5,196012.5,176300.0,16000.0,558650.0,50,872
5162,581287723,0.02,-5907.124999999999,590712.5,193072.5,41400.0,14840.0,341400.0,50,872
5163,179415080,0.02,-9955.925000000001,995592.5,194612.5,224900.0,16280.0,559800.0,50,872
5164,972140738,0.02,-8536.750000000002,853675.0,191835.0,94500.0,16040.0,551300.0,50,872
5165,175342041,0.02,-12890.175000000001,1289017.5,198887.5,194500.0,17280.0,878350.0,50,872
5166,600455821,0.02,-9227.225000000002,922722.5,197822.5,279000.0,15400.0,430500.0,50,872
5167,740879961,0.02,-8499.974999999999,849997.5,189677.5,205200.0,14920.0,440200.0,50,872
5168,976172214,0.02,-7003.049999999999,700305.0,194505.0,88800.0,15400.0,401600.0,50,872
5169,123605887,0.02,-14763.774999999996,1476377.5,204107.5,421600.0,17120.0,833550.0,50,872
5170,202802701,0.02,-7954.075,795407.5,189937.5,102500.0,15520.0,487450.0,50,872
5171,355472062,0.02,-7112.800000000002,711280.0,190610.0,115000.0,15320.0,390350.0,50,872
5172,681249701,0.02,-10814.524999999998,1081452.5,200782.5,227000.0,16720.0,636950.0,50,872
5173,344803720,0.02,-6587.9,658790.0,174630.0,126500.0,15160.0,342500.0,50,872
5174,320793434,0.02,-8630.824999999999,863082.5,185502.5,172400.0,16680.0,488500.0,50,872
5175,353844158,0.02,-5292.525000000001,529252.5,181242.5,70700.0,14160.0,263150.0,50,872
5176,895450944,0.02,-7712.899999999999,771290.0,190790.0,70900.0,16200.0,493400.0,50,872
5177,685572607,0.02,-10023.550000000001,1002355.0,191255.0,135400.0,16800.0,658900.0,50,872
5178,512238816,0.02,-11625.5,1162550.0,198230.0,275100.0,16720.0,672500.0,50,873
5179,163107169,0.02,-10294.299999999997,1029430.0,195340.0,234000.0,16640.0,583450.0,50,873
5180,463937062,0.02,-9007.475000000002,900747.5,189397.5,169600.0,16000.0,525750.0,50,873
5181,156595834,0.02,-8184.5999999999985,818460.0,192880.0,102300.0,15280.0,508000.0,50,873
5182,40823184,0.02,-7706.050000000001,770605.0,188355.0,121000.0,14200.0,447050.0,50,874
5183,785780973,0.02,-6555.699999999999,655570.0,189900.0,84400.0,14920.0,366350.0,50,874
5184,521090052,0.02,-8616.149999999998,861615.0,193435.0,89600.0,16480.0,562100.0,50,874
5185,169390680,0.02,-11207.550000000003,1120755.0,197695.0,354500.0,15360.0,553200.0,50,874
5186,81222152,0.02,-10834.15,1083415.0,201025.0,203800.0,17040.0,661550.0,50,874
5187,359771530,0.02,-10776.175,1077617.5,194397.5,256400.0,15720.0,611100.0,50,874
5188,160406144,0.02,-9187.275,918727.5,196697.5,128400.0,16480.0,577150.0,50,874
5189,4956922,0.02,-7944.2249999999985,794422.5,183552.5,166800.0,15120.0,428950.0,50,875
5190,401510588,0.02,-9214.150000000001,921415.0,193905.0,78400.0,16560.0,632550.0,50,875
5191,757264103,0.02,-6523.7750000000015,652377.5,178387.5,35500.0,15640.0,422850.0,50,875
5192,569244398,0.02,-7824.549999999999,782455.0,191435.0,116800.0,15520.0,458700.0,50,875
5193,144111199,0.02,-6509.775,650977.5,186437.5,63100.0,15440.0,386000.0,50,875
5194,50497280,0.02,-7683.5999999999985,768360.0,189560.0,53400.0,15600.0,509800.0,50,876
5195,294612429,0.02,-5484.224999999999,548422.5,188252.5,36300.0,14920.0,308950.0,50,876
5196,275527774,0.02,-7466.849999999999,746685.0,188115.0,131000.0,14320.0,413250.0,50,876
5197,904871002,0.02,-8010.1500000000015,801015.0,192495.0,132800.0,16120.0,459600.0,50,876
5198,464285972,0.02,-8187.049999999999,818705.0,190935.0,131600.0,16120.0,480050.0,50,876
5199,485212133,0.02,-5790.675000000001,579067.5,183067.5,101100.0,14600.0,280300.0,50,876
5200,856385542,0.02,-8987.699999999999,898770.0,199380.0,144400.0,16440.0,538550.0,50,876
5201,219575754,0.02,-8372.574999999999,837257.5,180757.5,119100.0,15600.0,521800.0,50,876
5202,262962163,0.02,-5949.7249999999985,594972.5,184372.5,34200.0,14400.0,362000.0,50,876
5203,123827127,0.02,-7516.15,751615.0,187925.0,82500.0,15440.0,465750.0,50,876
5204,535905918,0.02,-6473.925,647392.5,187472.5,32100.0,15320.0,412500.0,50,876
5205,513895831,0.02,-8942.300000000003,894230.0,191320.0,163400.0,15160.0,524350.0,50,876
5206,848148373,0.02,-7845.999999999998,784600.0,191070.0,106100.0,15280.0,472150.0,50,876
5207,361819157,0.02,-6647.625,664762.5,178622.5,68200.0,15440.0,402500.0,50,877
5208,401823186,0.02,-10272.675,1027267.5,197257.5,250000.0,15760.0,564250.0,50,877
5209,370664286,0.02,-9866.45,986645.0,197545.0,252400.0,15600.0,521100.0,50,877
5210,333168666,0.02,-9288.05,928805.0,187975.0,151400.0,15280.0,574150.0,50,877
5211,861492773,0.02,-10763.65,1076365.0,199175.0,296500.0,15640.0,565050.0,50,877
5212,268730948,0.02,-11680.200000000003,1168020.0,198050.0,285700.0,17120.0,667150.0,50,877
5213,378325295,0.02,-10011.9,1001190.0,195570.0,208400.0,16720.0,580500.0,50,877
5214,438628551,0.02,-10198.55,1019855.0,190975.0,201200.0,16280.0,611400.0,50,877
5215,363939116,0.02,-11467.2,1146720.0,196630.0,224500.0,15640.0,709950.0,50,878
5216,709000750,0.02,-8192.475,819247.5,185077.5,98000.0,15920.0,520250.0,50,878
5217,849946007,0.02,-9375.625,937562.5,194512.5,111000.0,15200.0,616850.0,50,878
5218,338467028,0.02,-10507.325,1050732.5,189802.5,224600.0,16280.0,620050.0,50,878
5219,185565961,0.02,-7259.900000000001,725990.0,194030.0,38200.0,14560.0,479200.0,50,878
5220,481910366,0.02,-8255.925,825592.5,187752.5,128200.0,15840.0,493800.0,50,878
5221,857122696,0.02,-7545.124999999998,754512.5,188412.5,64200.0,15400.0,486500.0,50,878
5222,58230601,0.02,-6926.3499999999985,692635.0,167915.0,99500.0,15120.0,410100.0,50,878
5223,599675336,0.02,-8330.625000000002,833062.5,183462.5,127600.0,17000.0,505000.0,50,878
5224,711680034,0.02,-8144.350000000002,814435.0,194735.0,91400.0,15800.0,512500.0,50,878
5225,710437910,0.02,-10547.725,1054772.5,194142.5,252100.0,17080.0,591450.0,50,878
5226,50598446,0.02,-12156.175000000001,1215617.5,189467.5,371700.0,16000.0,638450.0,50,878
5227,234922460,0.02,-7965.85,796585.0,192465.0,115700.0,16120.0,472300.0,50,878
5228,515756522,0.02,-10374.575,1037457.5,188217.5,104900.0,16640.0,727700.0,50,878
5229,527105538,0.02,-8357.7,835770.0,187720.0,168800.0,15200.0,464050.0,50,878
5230,472718681,0.02,-8775.699999999999,877570.0,196700.0,102700.0,16120.0,562050.0,50,878
5231,221510802,0.02,-11551.575,1155157.5,195147.5,359300.0,16560.0,584150.0,50,878
5232,337446612,0.02,-10385.15,1038515.0,193915.0,213500.0,17200.0,613900.0,50,878
5233,989542588,0.02,-9604.324999999997,960432.5,194322.5,147300.0,15360.0,603450.0,50,878
5234,240258046,0.02,-11796.800000000003,1179680.0,195460.0,267500.0,15720.0,701000.0,50,878
5235,293682279,0.02,-7291.650000000001,729165.0,194875.0,87300.0,15840.0,431150.0,50,878
5236,727363518,0.02,-6113.45,611345.0,184495.0,70800.0,13400.0,342650.0,50,878
5237,297836551,0.02,-6376.025,637602.5,187162.5,44600.0,15240.0,390600.0,50,878
5238,33712924,0.02,-7819.825000000001,781982.5,190882.5,44800.0,16000.0,530300.0,50,878
5239,533056870,0.02,-7031.050000000001,703105.0,187575.0,40700.0,14880.0,459950.0,50,878
5240,676002956,0.02,-11167.449999999999,1116745.0,197455.0,256300.0,16040.0,646950.0,50,878
5241,181486520,0.02,-7291.825,729182.5,188352.5,117600.0,15080.0,408150.0,50,878
5242,651687057,0.02,-7638.725,763872.5,188812.5,92800.0,14960.0,467300.0,50,878
5243,635830637,0.02,-7415.800000000001,741580.0,198910.0,146000.0,14720.0,381950.0,50,878
5244,670816302,0.02,-8960.275,896027.5,195777.5,138800.0,16000.0,545450.0,50,878
5245,282216998,0.02,-7898.9,789890.0,190210.0,166700.0,15280.0,417700.0,50,878
5246,522803869,0.02,-6513.750000000001,651375.0,185345.0,116700.0,15080.0,334250.0,50,878
5247,250366393,0.02,-7804.025000000001,780402.5,184992.5,145000.0,15560.0,434850.0,50,878
5248,223873851,0.02,-8106.475,810647.5,193927.5,85300.0,15720.0,515700.0,50,878
5249,543412718,0.02,-10774.274999999998,1077427.5,199337.5,261200.0,16040.0,600850.0,50,878
5250,915747049,0.02,-8921.525,892152.5,197682.5,146000.0,16720.0,531750.0,50,878
5251,790214181,0.02,-7334.875000000001,733487.5,182587.5,125600.0,17000.0,408300.0,50,878
5252,983002988,0.02,-8780.125000000002,878012.5,191992.5,28200.0,16320.0,641500.0,50,878
5253,406851707,0.02,-6309.824999999999,630982.5,176012.5,52400.0,15120.0,387450.0,50,878
5254,336366551,0.02,-8095.775000000001,809577.5,188157.5,134200.0,15920.0,471300.0,50,878
5255,691426679,0.02,-8038.45,803845.0,195135.0,168300.0,16160.0,424250.0,50,878
5256,861222744,0.02,-9505.200000000003,950520.0,193850.0,260700.0,15920.0,480050.0,50,878
5257,697016382,0.02,-9018.749999999998,901875.0,192285.0,199400.0,15440.0,494750.0,50,878
5258,627617802,0.02,-7287.275000000001,728727.5,185707.5,68700.0,15720.0,458600.0,50,878
5259,894845712,0.02,-8470.574999999999,847057.5,181147.5,262700.0,15560.0,387650.0,50,878
5260,474719034,0.02,-7034.300000000001,703430.0,174200.0,95300.0,16480.0,417450.0,50,878
5261,922128085,0.02,-8974.250000000002,897425.0,190885.0,156000.0,15640.0,534900.0,50,878
5262,883613685,0.02,-8678.125000000002,867812.5,180552.5,172900.0,16360.0,498000.0,50,878
5263,200058138,0.02,-11198.425000000003,1119842.5,194312.5,235700.0,16280.0,673550.0,50,878
5264,399680531,0.02,-6188.1,618810.0,191110.0,16000.0,17000.0,394700.0,50,878
5265,243928221,0.02,-8850.125000000002,885012.5,195362.5,117500.0,17200.0,554950.0,50,878
5266,414719704,0.02,-7823.299999999999,782330.0,190510.0,72400.0,16520.0,502900.0,50,878
5267,804193250,0.02,-8015.475000000001,801547.5,184227.5,206800.0,14920.0,395600.0,50,878
5268,86836356,0.02,-6844.824999999999,684482.5,174182.5,37200.0,16400.0,456700.0,50,878
5269,889820039,0.02,-7927.725,792772.5,175662.5,171000.0,14760.0,431350.0,50,878
5270,358332732,0.02,-7303.749999999999,730375.0,188915.0,79100.0,16160.0,446200.0,50,878
5271,830777283,0.02,-6403.849999999999,640385.0,183725.0,94000.0,15360.0,347300.0,50,878
5272,659772509,0.02,-8689.225,868922.5,190242.5,118200.0,15880.0,544600.0,50,878
5273,621619239,0.02,-8418.900000000001,841890.0,183110.0,108200.0,16480.0,534100.0,50,878
5274,721858473,0.02,-8318.250000000002,831825.0,183235.0,102000.0,17040.0,529550.0,50,878
5275,886634746,0.02,-8550.949999999999,855095.0,182995.0,76500.0,17000.0,578600.0,50,880
5276,604253557,0.02,-10338.3,1033830.0,200090.0,174100.0,16640.0,643000.0,50,880
5277,393019896,0.02,-9098.849999999999,909885.0,188685.0,234900.0,15600.0,470700.0,50,880
5278,518165857,0.02,-10899.674999999997,1089967.5,194997.5,180000.0,17520.0,697450.0,50,880
5279,539244565,0.02,-9744.0,974400.0,196300.0,174900.0,17000.0,586200.0,50,880
5280,532355723,0.02,-11881.475000000002,1188147.5,196407.5,247800.0,15840.0,728100.0,50,880
5281,729959658,0.02,-7298.275000000001,729827.5,195747.5,91200.0,16680.0,426200.0,50,880
5282,747220250,0.02,-7301.475000000002,730147.5,189827.5,139200.0,15320.0,385800.0,50,880
5283,515897280,0.02,-9621.9,962190.0,197140.0,108300.0,16600.0,640150.0,50,880
5284,688464960,0.02,-9296.875000000002,929687.5,188087.5,111900.0,17200.0,612500.0,50,880
5285,790921197,0.02,-13820.9,1382090.0,205410.0,438300.0,16280.0,722100.0,50,880
5286,920079768,0.02,-10359.899999999998,1035990.0,192800.0,205900.0,16240.0,621050.0,50,880
5287,591205634,0.02,-8389.425,838942.5,188912.5,104700.0,16080.0,529250.0,50,880
5288,297004733,0.02,-10524.399999999998,1052440.0,197750.0,310900.0,15640.0,528150.0,50,880
5289,531462015,0.02,-10076.249999999998,1007625.0,198085.0,214800.0,15840.0,578900.0,50,880
5290,854603058,0.02,-8332.650000000003,833265.0,194555.0,103000.0,16160.0,519550.0,50,880
5291,586206116,0.02,-9524.749999999998,952475.0,194635.0,181300.0,16440.0,560100.0,50,880
5292,133800058,0.02,-8762.525,876252.5,196062.5,93100.0,16040.0,571050.0,50,880
5293,606141994,0.02,-9867.925000000001,986792.5,188682.5,188200.0,16560.0,593350.0,50,880
5294,770414988,0.02,-8784.850000000002,878485.0,190685.0,181200.0,15000.0,491600.0,50,880
5295,786273137,0.02,-7420.450000000001,742045.0,191285.0,80200.0,16760.0,453800.0,50,881
5296,132811107,0.02,-7877.025000000001,787702.5,185052.5,70000.0,16600.0,516050.0,50,881
5297,789954562,0.02,-9341.874999999998,934187.5,189047.5,199300.0,15240.0,530600.0,50,881
5298,900127355,0.02,-11351.875,1135187.5,196207.5,249600.0,17080.0,672300.0,50,881
5299,383473112,0.02,-9135.049999999997,913505.0,194905.0,247600.0,15800.0,455200.0,50,881
5300,579462727,0.02,-7746.824999999998,774682.5,188162.5,125800.0,15520.0,445200.0,50,881
5301,534965971,0.02,-9276.625,927662.5,195412.5,215800.0,16600.0,499850.0,50,881
5302,17389097,0.02,-9477.275000000003,947727.5,198347.5,159800.0,15480.0,574100.0,50,881
5303,875830644,0.02,-6161.5,616150.0,189940.0,45500.0,15560.0,365150.0,50,881
5304,212271600,0.02,-8999.6,899960.0,193170.0,212700.0,15040.0,479050.0,50,881
5305,699975404,0.02,-7461.950000000001,746195.0,177645.0,110900.0,15400.0,442250.0,50,881
5306,739643540,0.02,-6076.750000000002,607675.0,180195.0,87200.0,14680.0,325600.0,50,881
5307,600555796,0.02,-7405.475000000001,740547.5,186897.5,135200.0,14800.0,403650.0,50,881
5308,404338213,0.02,-6891.299999999998,689130.0,183520.0,49100.0,15160.0,441350.0,50,881
5309,703743537,0.02,-7522.75,752275.0,182795.0,114700.0,15680.0,439100.0,50,881
5310,887287487,0.02,-8809.324999999999,880932.5,191482.5,247500.0,15200.0,426750.0,50,881
5311,323491593,0.02,-7321.200000000001,732120.0,189560.0,140200.0,16160.0,386200.0,50,881
5312,142558608,0.02,-6783.775,678377.5,190477.5,92900.0,14400.0,380600.0,50,881
5313,567693620,0.02,-6855.049999999998,685505.0,173205.0,195600.0,14000.0,302700.0,50,881
5314,868329323,0.02,-6641.2750000000015,664127.5,180587.5,115200.0,14640.0,353700.0,50,881
5315,307413843,0.02,-7124.175,712417.5,189747.5,89400.0,14720.0,418550.0,50,881
5316,615394833,0.02,-4836.0999999999985,483610.0,175270.0,34500.0,14840.0,259000.0,50,881
5317,849503793,0.02,-7377.699999999999,737770.0,180740.0,106900.0,14280.0,435850.0,50,881
5318,175222814,0.02,-6295.799999999998,629580.0,182520.0,14600.0,15760.0,416700.0,50,881
5319,938434294,0.02,-8030.675,803067.5,193947.5,192200.0,14920.0,402000.0,50,881
5320,325340941,0.02,-6888.250000000002,688825.0,189025.0,82800.0,15000.0,402000.0,50,881
5321,41536539,0.02,-7434.999999999998,743500.0,190460.0,39500.0,15640.0,497900.0,50,881
5322,970332570,0.02,-7425.3499999999985,742535.0,189375.0,65200.0,15760.0,472200.0,50,881
5323,989417296,0.02,-8413.775,841377.5,191647.5,153000.0,14880.0,481850.0,50,881
5324,702626572,0.02,-6399.550000000002,639955.0,186275.0,89500.0,14680.0,349500.0,50,881
5325,142229333,0.02,-11119.475,1111947.5,195647.5,381500.0,14800.0,520000.0,50,881
5326,893946059,0.02,-7798.049999999998,779805.0,188915.0,68600.0,16440.0,505850.0,50,881
5327,592016310,0.02,-6843.725,684372.5,189102.5,128600.0,15320.0,351350.0,50,881
5328,639933864,0.02,-10508.55,1050855.0,197415.0,286500.0,16040.0,550900.0,50,881
5329,892778403,0.02,-10622.949999999999,1062295.0,192995.0,239600.0,17000.0,612700.0,50,881
5330,68682631,0.02,-8926.475,892647.5,193227.5,165800.0,16920.0,516700.0,50,881
5331,885451470,0.02,-7028.2249999999985,702822.5,185882.5,92100.0,16040.0,408800.0,50,881
5332,252507277,0.02,-5949.274999999998,594927.5,183137.5,92000.0,15440.0,304350.0,50,881
5333,393466668,0.02,-7238.625000000001,723862.5,182602.5,64800.0,14960.0,461500.0,50,881
5334,528304243,0.02,-12070.149999999998,1207015.0,199295.0,361800.0,16120.0,629800.0,50,881
5335,207606377,0.02,-8211.4,821140.0,188730.0,143100.0,15360.0,473950.0,50,881
5336,540147708,0.02,-10205.3,1020530.0,191740.0,142600.0,16440.0,669750.0,50,881
5337,995984404,0.02,-8212.325,821232.5,193122.5,121500.0,16760.0,489850.0,50,881
5338,782892100,0.02,-8155.1,815510.0,197710.0,127300.0,16200.0,474300.0,50,881
5339,61876179,0.02,-6644.85,664485.0,184585.0,62300.0,16000.0,401600.0,50,881
5340,802367786,0.02,-8632.15,863215.0,197555.0,108000.0,16360.0,541300.0,50,881
5341,83150758,0.02,-8055.775,805577.5,186217.5,95400.0,15760.0,508200.0,50,881
5342,87195316,0.02,-10782.575,1078257.5,193167.5,408900.0,15440.0,460750.0,50,881
5343,400440182,0.02,-9680.199999999999,968020.0,192120.0,141100.0,16400.0,618400.0,50,881
5344,416186785,0.02,-10475.675000000001,1047567.5,190967.5,321700.0,15800.0,519100.0,50,881
5345,467366897,0.02,-9558.375,955837.5,181067.5,251000.0,15520.0,508250.0,50,881
5346,434596025,0.02,-8786.75,878675.0,193015.0,203700.0,15960.0,466000.0,50,881
5347,928624019,0.02,-9116.049999999997,911605.0,189825.0,209800.0,15880.0,496100.0,50,881
5348,275664657,0.02,-9363.15,936315.0,193415.0,192700.0,17000.0,533200.0,50,881
5349,438080208,0.02,-7090.625000000001,709062.5,178802.5,52200.0,15560.0,462500.0,50,881
5350,467145760,0.02,-9288.575,928857.5,197077.5,168400.0,16280.0,547100.0,50,881
5351,571301718,0.02,-8341.425000000001,834142.5,190152.5,147800.0,15440.0,480750.0,50,881
5352,281818929,0.02,-7888.024999999999,788802.5,187862.5,140600.0,15640.0,444700.0,50,881
5353,376654964,0.02,-7558.974999999997,755897.5,193237.5,90800.0,16360.0,455500.0,50,881
5354,4998005,0.02,-6808.624999999998,680862.5,184452.5,80700.0,15160.0,400550.0,50,881
5355,125818047,0.02,-9917.949999999999,991795.0,196505.0,183800.0,14440.0,597050.0,50,881
5356,340603760,0.02,-7087.675000000001,708767.5,174497.5,132800.0,14920.0,386550.0,50,881
5357,235419625,0.02,-7475.374999999999,747537.5,183907.5,142800.0,15680.0,405150.0,50,881
5358,713015667,0.02,-14725.350000000004,1472535.0,199245.0,475700.0,16840.0,780750.0,50,881
5359,96886983,0.02,-6271.799999999998,627180.0,175890.0,32900.0,15440.0,402950.0,50,881
5360,249378021,0.02,-9010.7,901070.0,185110.0,228800.0,15960.0,471200.0,50,881
5361,696137889,0.02,-10396.999999999998,1039700.0,197500.0,269100.0,15200.0,557900.0,50,881
5362,735132781,0.02,-8414.900000000001,841490.0,197610.0,192800.0,15880.0,435200.0,50,881
5363,553541025,0.02,-11070.575,1107057.5,199637.5,322300.0,15720.0,569400.0,50,881
5364,163723905,0.02,-10884.5,1088450.0,198240.0,210900.0,16760.0,662550.0,50,881
5365,413484891,0.02,-10137.675000000003,1013767.5,193717.5,316100.0,15800.0,488150.0,50,881
5366,731305840,0.02,-8462.400000000001,846240.0,187090.0,230000.0,16200.0,412950.0,50,881
5367,612793903,0.02,-10441.125000000002,1044112.5,194272.5,319200.0,14840.0,515800.0,50,881
5368,898556663,0.02,-6530.475,653047.5,186807.5,62300.0,15040.0,388900.0,50,881
5369,114439027,0.02,-8475.000000000002,847500.0,182230.0,235900.0,15920.0,413450.0,50,881
5370,25872533,0.02,-9101.625,910162.5,188562.5,149800.0,16600.0,555200.0,50,881
5371,203613668,0.02,-8995.649999999998,899565.0,182715.0,218800.0,15800.0,482250.0,50,881
5372,273044063,0.02,-5840.3499999999985,584035.0,173725.0,43000.0,15160.0,352150.0,50,881
5373,22800158,0.02,-6331.7249999999985,633172.5,184102.5,67600.0,15720.0,365750.0,50,881
5374,281937017,0.02,-9365.85,936585.0,195335.0,226100.0,16400.0,498750.0,50,881
5375,265428890,0.02,-8101.925000000002,810192.5,184942.5,116900.0,15200.0,493150.0,50,881
5376,283349188,0.02,-10148.899999999998,1014890.0,197990.0,229200.0,16800.0,570900.0,50,881
5377,981229261,0.02,-7619.399999999998,761940.0,190780.0,85300.0,15360.0,470500.0,50,881
5378,91638212,0.02,-5979.749999999999,597975.0,188235.0,54000.0,15640.0,340100.0,50,881
5379,948137523,0.02,-7745.149999999999,774515.0,190105.0,128400.0,15760.0,440250.0,50,881
5380,703475592,0.02,-6507.824999999998,650782.5,181192.5,102300.0,15240.0,352050.0,50,882
5381,358734661,0.02,-7348.075000000001,734807.5,192427.5,125800.0,15680.0,400900.0,50,882
5382,314278685,0.02,-9639.4,963940.0,192920.0,241700.0,16520.0,512800.0,50,882
5383,220702701,0.02,-9593.75,959375.0,189085.0,193800.0,15840.0,560650.0,50,882
5384,76141939,0.02,-6382.424999999999,638242.5,183732.5,64900.0,14760.0,374850.0,50,882
5385,661948427,0.02,-7599.775000000001,759977.5,191057.5,101700.0,15920.0,451300.0,50,882
5386,712709213,0.02,-6526.749999999999,652675.0,186285.0,74100.0,16240.0,376050.0,50,882
5387,76945258,0.02,-7113.2,711320.0,183880.0,78200.0,15840.0,433400.0,50,882
5388,539691770,0.02,-7834.65,783465.0,187025.0,58000.0,15040.0,523400.0,50,882
5389,580965614,0.02,-4836.924999999999,483692.5,180992.5,26900.0,14600.0,261200.0,50,882
5390,745094957,0.02,-6906.799999999999,690680.0,182900.0,78600.0,15880.0,413300.0,50,882
5391,227784554,0.02,-7309.125,730912.5,180292.5,114100.0,16320.0,420200.0,50,882
5392,806252025,0.02,-9035.975,903597.5,201037.5,163600.0,16760.0,522200.0,50,882
5393,846541617,0.02,-6584.500000000001,658450.0,193140.0,100500.0,15960.0,348850.0,50,882
5394,902700868,0.02,-9186.075,918607.5,194077.5,216200.0,16080.0,492250.0,50,882
5395,891192165,0.02,-8630.724999999999,863072.5,191552.5,206700.0,16120.0,448700.0,50,882
5396,916953812,0.02,-7118.675000000003,711867.5,191337.5,140700.0,15480.0,364350.0,50,882
5397,56994506,0.02,-6051.150000000001,605115.0,191985.0,36000.0,15880.0,361250.0,50,882
5398,333233692,0.02,-7138.05,713805.0,189135.0,119200.0,15720.0,389750.0,50,882
5399,972972501,0.02,-9377.75,937775.0,191535.0,225400.0,15440.0,505400.0,50,882
5400,127399230,0.02,-10289.8,1028980.0,199510.0,244000.0,16320.0,569150.0,50,882
5401,187999279,0.02,-5747.825000000001,574782.5,178392.5,84700.0,14240.0,297450.0,50,883
5402,488444711,0.02,-10315.25,1031525.0,182205.0,310500.0,14720.0,524100.0,50,883
5403,381572668,0.02,-9066.949999999995,906695.0,186635.0,256000.0,16160.0,447900.0,50,883
5404,274411246,0.02,-8597.0,859700.0,188620.0,208300.0,15480.0,447300.0,50,883
5405,391284596,0.02,-8669.925000000001,866992.5,186832.5,221200.0,15160.0,443800.0,50,883
5406,884295063,0.02,-7856.649999999998,785665.0,178725.0,100000.0,14640.0,492300.0,50,883
5407,47720732,0.02,-9337.374999999996,933737.5,189667.5,229200.0,16520.0,498350.0,50,883
5408,359458216,0.02,-8444.175,844417.5,188717.5,135100.0,15800.0,504800.0,50,883
5409,755335171,0.02,-10213.800000000001,1021380.0,197980.0,213400.0,17200.0,592800.0,50,883
5410,935469734,0.02,-8320.525000000003,832052.5,193532.5,93400.0,15520.0,529600.0,50,883
5411,270932349,0.02,-13186.149999999996,1318615.0,199255.0,311600.0,16760.0,791000.0,50,883
5412,37382664,0.02,-9892.525000000001,989252.5,194812.5,194800.0,16440.0,583200.0,50,883
5413,965643679,0.02,-9504.524999999998,950452.5,196002.5,228800.0,15600.0,510050.0,50,883
5414,257166555,0.02,-9332.924999999997,933292.5,192632.5,174800.0,15360.0,550500.0,50,883
5415,654323555,0.02,-10090.5,1009050.0,193850.0,198000.0,17200.0,600000.0,50,883
5416,394331167,0.02,-8893.200000000003,889320.0,181770.0,251000.0,15600.0,440950.0,50,884
5417,222966326,0.02,-7821.5999999999985,782160.0,181610.0,94900.0,16000.0,489650.0,50,884
5418,930387204,0.02,-9987.699999999999,998770.0,190950.0,226600.0,16120.0,565100.0,50,884
5419,242014108,0.02,-10399.399999999998,1039940.0,200620.0,161500.0,16320.0,661500.0,50,884
5420,709044480,0.02,-9159.749999999998,915975.0,193395.0,129200.0,16280.0,577100.0,50,884
5421,336151208,0.02,-9402.275000000001,940227.5,197737.5,112800.0,16840.0,612850.0,50,884
5422,239840076,0.02,-8217.75,821775.0,193325.0,179700.0,15600.0,433150.0,50,884
5423,436505618,0.02,-9411.749999999996,941175.0,197875.0,148400.0,16200.0,578700.0,50,884
5424,948412965,0.02,-8823.625,882362.5,190862.5,108700.0,15200.0,567600.0,50,884
5425,405050822,0.02,-10663.624999999998,1066362.5,195392.5,170400.0,17320.0,683250.0,50,884
5426,945212105,0.02,-7927.500000000002,792750.0,191590.0,0.0,16360.0,584800.0,50,884
5427,882628238,0.02,-8870.574999999999,887057.5,192077.5,209600.0,14880.0,470500.0,50,884
5428,622091133,0.02,-6955.000000000001,695500.0,189530.0,27000.0,15520.0,463450.0,50,884
5429,632677302,0.02,-8272.849999999999,827285.0,189635.0,118600.0,15600.0,503450.0,50,884
5430,427783267,0.02,-6591.525000000001,659152.5,184952.5,113500.0,14200.0,346500.0,50,884
5431,850848772,0.02,-7101.7,710170.0,182460.0,95200.0,15160.0,417350.0,50,884
5432,974005850,0.02,-10069.725000000002,1006972.5,193092.5,250800.0,15480.0,547600.0,50,884
5433,643955874,0.02,-6673.5250000000015,667352.5,178822.5,60800.0,14480.0,413250.0,50,884
5434,814761413,0.02,-10957.400000000001,1095740.0,195640.0,255200.0,17000.0,627900.0,50,884
5435,282212547,0.02,-6683.849999999999,668385.0,184775.0,32700.0,14560.0,436350.0,50,884
5436,69185092,0.02,-8120.45,812045.0,193375.0,99400.0,16120.0,503150.0,50,884
5437,534463193,0.02,-9040.575,904057.5,196807.5,103200.0,15400.0,588650.0,50,884
5438,487898700,0.02,-6014.15,601415.0,182925.0,66000.0,14840.0,337650.0,50,884
5439,405267352,0.02,-9308.550000000001,930855.0,191115.0,160100.0,16840.0,562800.0,50,884
5440,419532065,0.02,-8106.024999999999,810602.5,188302.5,51000.0,16400.0,554900.0,50,884
5441,185443299,0.02,-7365.049999999999,736505.0,190355.0,45600.0,15600.0,484950.0,50,884
5442,529667798,0.02,-7277.15,727715.0,188565.0,137100.0,14600.0,387450.0,50,884
5443,499017504,0.02,-7294.7,729470.0,189430.0,42800.0,15840.0,481400.0,50,884
5444,897796545,0.02,-8869.924999999997,886992.5,190662.5,176400.0,16480.0,503450.0,50,884
5445,933877000,0.02,-6288.175,628817.5,177377.5,69600.0,15840.0,366000.0,50,884
5446,476266977,0.02,-8868.450000000003,886845.0,193215.0,181200.0,16080.0,496350.0,50,884
5447,147464894,0.02,-6970.674999999999,697067.5,173977.5,21300.0,16040.0,485750.0,50,884
5448,280324045,0.02,-9412.750000000002,941275.0,184765.0,222500.0,16160.0,517850.0,50,884
5449,111105988,0.02,-9618.150000000001,961815.0,193715.0,97200.0,16000.0,654900.0,50,884
5450,150105614,0.02,-9651.925,965192.5,194132.5,153600.0,16560.0,600900.0,50,884
5451,225370350,0.02,-8327.700000000003,832770.0,187020.0,110500.0,16000.0,519250.0,50,884
5452,732695244,0.02,-9675.025,967502.5,186212.5,222400.0,16040.0,542850.0,50,884
5453,308422696,0.02,-9447.324999999997,944732.5,178362.5,190200.0,16320.0,559850.0,50,886
5454,108564795,0.02,-5227.675000000001,522767.5,173307.5,13000.0,14360.0,322100.0,50,886
5455,529748926,0.02,-8180.549999999999,818055.0,185595.0,67400.0,15760.0,549300.0,50,887
5456,741292246,0.02,-7072.200000000001,707220.0,180620.0,108800.0,14000.0,403800.0,50,887
5457,416709612,0.02,-7220.275000000001,722027.5,182287.5,4000.0,16040.0,519700.0,50,887
5458,369297494,0.02,-5847.399999999999,584740.0,179390.0,36000.0,14400.0,354950.0,50,887
5459,950358089,0.02,-8066.299999999999,806630.0,186670.0,134100.0,15360.0,470500.0,50,887
5460,847607113,0.02,-8009.924999999998,800992.5,192002.5,59900.0,15440.0,533650.0,50,887
5461,656709994,0.02,-9361.15,936115.0,192925.0,260400.0,14840.0,467950.0,50,887
5462,871874905,0.02,-9311.125,931112.5,197592.5,155200.0,15720.0,562600.0,50,887
5463,969020225,0.02,-7833.775000000001,783377.5,189477.5,174000.0,14200.0,405700.0,50,887
5464,369570202,0.02,-10167.3,1016730.0,197400.0,223100.0,15880.0,580350.0,50,887
5465,963828856,0.02,-6282.475,628247.5,192477.5,32500.0,15320.0,387950.0,50,887
5466,173948676,0.02,-8798.8,879880.0,196000.0,210400.0,15480.0,458000.0,50,887
5467,146988617,0.02,-7093.275,709327.5,180587.5,116500.0,14640.0,397600.0,50,887
5468,10444093,0.02,-9847.449999999999,984745.0,190835.0,234600.0,16960.0,542350.0,50,887
5469,810651583,0.02,-7229.3,722930.0,192270.0,77500.0,14960.0,438200.0,50,887
5470,62765773,0.02,-9401.675,940167.5,192007.5,106800.0,15760.0,625600.0,50,887
5471,412114412,0.02,-13579.925,1357992.5,197232.5,379700.0,17760.0,763300.0,50,887
5472,436740367,0.02,-9267.949999999999,926795.0,192265.0,173200.0,16080.0,545250.0,50,887
5473,930476547,0.02,-8168.175,816817.5,179527.5,28300.0,15840.0,593150.0,50,887
5474,776550810,0.02,-6768.825000000001,676882.5,193232.5,10700.0,16200.0,456750.0,50,887
5475,55415190,0.02,-7488.299999999998,748830.0,183010.0,63200.0,16120.0,486500.0,50,887
5476,33266454,0.02,-6706.224999999999,670622.5,186462.5,118000.0,15360.0,350800.0,50,887
5477,884107921,0.02,-8971.625,897162.5,193102.5,212800.0,15160.0,476100.0,50,887
5478,839376771,0.02,-13868.400000000003,1386840.0,204430.0,411000.0,15960.0,755450.0,50,887
5479,12766333,0.02,-8231.55,823155.0,190395.0,153100.0,14760.0,464900.0,50,887
5480,908450215,0.02,-6932.450000000001,693245.0,188145.0,8100.0,15800.0,481200.0,50,887
5481,207522009,0.02,-9057.45,905745.0,192415.0,115900.0,15880.0,581550.0,50,887
5482,1650797,0.02,-7890.900000000001,789090.0,185550.0,112200.0,15840.0,475500.0,50,887
5483,484508950,0.02,-6959.924999999998,695992.5,188282.5,45300.0,15960.0,446450.0,50,887
5484,229874307,0.02,-10129.475000000004,1012947.5,191097.5,310000.0,15800.0,496050.0,50,887
5485,800477416,0.02,-8114.575,811457.5,187307.5,118600.0,14600.0,490950.0,50,887
5486,366034492,0.02,-7225.849999999999,722585.0,182885.0,94000.0,15400.0,430300.0,50,887
5487,358299638,0.02,-7751.4,775140.0,196090.0,113400.0,15200.0,450450.0,50,887
5488,531595161,0.02,-8869.400000000001,886940.0,192120.0,159600.0,15520.0,519700.0,50,887
5489,510140454,0.02,-9296.425,929642.5,189902.5,183000.0,15640.0,541100.0,50,887
5490,397180875,0.02,-11208.825,1120882.5,199362.5,270100.0,15520.0,635900.0,50,887
5491,626425037,0.02,-9110.400000000001,911040.0,192550.0,112400.0,16040.0,590050.0,50,887
5492,137057380,0.02,-8068.875000000001,806887.5,182627.5,102900.0,15160.0,506200.0,50,887
5493,990415929,0.02,-10568.100000000002,1056810.0,186630.0,243900.0,14480.0,611800.0,50,887
5494,64913625,0.02,-11236.95,1123695.0,196195.0,360400.0,16200.0,550900.0,50,887
5495,676022181,0.02,-8909.425000000001,890942.5,182442.5,97200.0,16600.0,594700.0,50,887
5496,29825945,0.02,-7529.275,752927.5,183107.5,15700.0,15720.0,538400.0,50,887
5497,278668902,0.02,-7374.4749999999985,737447.5,188877.5,115600.0,15120.0,417850.0,50,887
5498,950194597,0.02,-10997.475,1099747.5,198207.5,224300.0,16040.0,661200.0,50,887
5499,77370849,0.02,-7889.349999999999,788935.0,179055.0,247900.0,14480.0,347500.0,50,887
5500,302034032,0.02,-7300.7,730070.0,187860.0,131500.0,15560.0,395150.0,50,887
5501,677591965,0.02,-5064.075000000001,506407.5,175297.5,52100.0,14160.0,264850.0,50,887
5502,956187255,0.02,-4894.149999999999,489415.0,177965.0,17200.0,14800.0,279450.0,50,887
5503,347010345,0.02,-8260.6,826060.0,197570.0,227600.0,15240.0,385650.0,50,887
5504,31142229,0.02,-7534.65,753465.0,178035.0,157700.0,14280.0,403450.0,50,887
5505,644162901,0.02,-7191.575,719157.5,190797.5,61500.0,16560.0,450300.0,50,887
5506,976924070,0.02,-8418.175,841817.5,184797.5,168100.0,14920.0,474000.0,50,887
5507,329845923,0.02,-8924.349999999997,892435.0,195385.0,143300.0,14600.0,539150.0,50,887
5508,770247688,0.02,-11627.95,1162795.0,197785.0,246100.0,16160.0,702750.0,50,887
5509,329043762,0.02,-12278.775000000001,1227877.5,199857.5,321700.0,17520.0,688800.0,50,887
5510,441474574,0.02,-8128.250000000001,812825.0,191605.0,169800.0,14520.0,436900.0,50,887
5511,70658068,0.02,-8357.525000000001,835752.5,194502.5,192500.0,15400.0,433350.0,50,887
5512,706282847,0.02,-9657.475,965747.5,196247.5,132900.0,16000.0,620600.0,50,887
5513,308436747,0.02,-5057.874999999998,505787.5,182887.5,1000.0,15400.0,306500.0,50,887
5514,751249057,0.02,-11050.625,1105062.5,193462.5,230600.0,16000.0,665000.0,50,887
5515,836732720,0.02,-9618.400000000001,961840.0,182750.0,276100.0,14840.0,488150.0,50,887
5516,596798206,0.02,-6878.000000000002,687800.0,191950.0,36800.0,15200.0,443850.0,50,887
5517,235332761,0.02,-10815.849999999999,1081585.0,197655.0,245900.0,16680.0,621350.0,50,887
5518,440725235,0.02,-4842.025000000001,484202.5,183622.5,19000.0,14480.0,267100.0,50,887
5519,95732550,0.02,-5083.025000000001,508302.5,182952.5,42500.0,13400.0,269450.0,50,887
5520,583118606,0.02,-6506.4749999999985,650647.5,189187.5,55800.0,15160.0,390500.0,50,887
5521,78196636,0.02,-5763.3499999999985,576335.0,187815.0,66000.0,14520.0,308000.0,50,887
5522,304973079,0.02,-7375.200000000002,737520.0,190350.0,72100.0,15920.0,459150.0,50,887
5523,108652430,0.02,-8827.925000000001,882792.5,196442.5,179300.0,16000.0,491050.0,50,887
5524,134757577,0.02,-6395.324999999998,639532.5,190982.5,79700.0,15200.0,353650.0,50,887
5525,950196939,0.02,-7231.850000000001,723185.0,188175.0,109100.0,15760.0,410150.0,50,887
5526,738774877,0.02,-6836.875000000001,683687.5,189777.5,74500.0,14960.0,404450.0,50,887
5527,855418226,0.02,-6135.925,613592.5,189622.5,80200.0,15920.0,327850.0,50,887
5528,310693300,0.02,-8772.949999999999,877295.0,186685.0,143800.0,15760.0,531050.0,50,887
5529,807077092,0.02,-6507.0,650700.0,184260.0,33700.0,15640.0,417100.0,50,887
5530,184080269,0.02,-10032.925000000001,1003292.5,198532.5,316600.0,14760.0,473400.0,50,887
5531,124833567,0.02,-5728.025000000001,572802.5,181892.5,10500.0,15960.0,364450.0,50,887
5532,72287103,0.02,-8511.15,851115.0,185405.0,94800.0,15960.0,554950.0,50,887
5533,835102304,0.02,-7257.774999999999,725777.5,190607.5,70500.0,15520.0,449150.0,50,887
5534,855531542,0.02,-6739.174999999999,673917.5,181837.5,75800.0,16280.0,400000.0,50,887
5535,430222043,0.02,-9741.050000000001,974105.0,188855.0,252800.0,16000.0,516450.0,50,887
5536,106956341,0.02,-10321.800000000001,1032180.0,190960.0,206600.0,15520.0,619100.0,50,887
5537,748730415,0.02,-11700.050000000001,1170005.0,184635.0,326000.0,16920.0,642450.0,50,887
5538,197733824,0.02,-9807.75,980775.0,187815.0,198100.0,15560.0,579300.0,50,887
5539,445841349,0.02,-9779.049999999997,977905.0,191215.0,285000.0,15240.0,486450.0,50,887
5540,127183389,0.02,-9115.025,911502.5,195112.5,171300.0,15240.0,529850.0,50,887
5541,186304085,0.02,-10809.150000000003,1080915.0,197135.0,167500.0,16480.0,699800.0,50,887
5542,909106182,0.02,-11842.100000000002,1184210.0,198820.0,283900.0,16840.0,684650.0,50,887
5543,466810843,0.02,-8304.800000000001,830480.0,180910.0,190400.0,15320.0,443850.0,50,888
5544,475652003,0.02,-8863.624999999998,886362.5,193212.5,120800.0,16800.0,555550.0,50,888
5545,499284992,0.02,-9152.699999999999,915270.0,197470.0,93300.0,17000.0,607500.0,50,888
5546,431533442,0.02,-10695.099999999999,1069510.0,196500.0,156000.0,16560.0,700450.0,50,888
5547,139102881,0.02,-11625.3,1162530.0,198440.0,240500.0,16440.0,707150.0,50,888
5548,511340295,0.02,-9698.674999999997,969867.5,195937.5,225500.0,15680.0,532750.0,50,888
5549,361412458,0.02,-9602.049999999997,960205.0,192455.0,194800.0,16400.0,556550.0,50,888
5550,472017966,0.02,-9007.25,900725.0,192205.0,212100.0,15720.0,480700.0,50,888
5551,699478044,0.02,-8741.675000000001,874167.5,187127.5,142800.0,16640.0,527600.0,50,890
5552,260987078,0.02,-8431.45,843145.0,186615.0,193600.0,16080.0,446850.0,50,890
5553,753723813,0.02,-9955.674999999997,995567.5,188827.5,236400.0,16240.0,554100.0,50,890
5554,520750957,0.02,-10753.500000000002,1075350.0,200270.0,316200.0,15480.0,543400.0,50,890
5555,271491279,0.02,-8283.125,828312.5,173842.5,168600.0,16120.0,469750.0,50,890
5556,190443936,0.02,-7103.400000000001,710340.0,182930.0,84200.0,15960.0,427250.0,50,890
5557,501460500,0.02,-6581.3499999999985,658135.0,187505.0,51500.0,15680.0,403450.0,50,890
5558,435090017,0.02,-8840.724999999997,884072.5,179172.5,172000.0,15400.0,517500.0,50,890
5559,662652877,0.02,-7850.300000000002,785030.0,191970.0,89800.0,16560.0,486700.0,50,891
5560,536540047,0.02,-9617.724999999999,961772.5,191592.5,283800.0,15280.0,471100.0,50,891
5561,106044768,0.02,-10384.925,1038492.5,190342.5,253800.0,16200.0,578150.0,50,891
5562,392787679,0.02,-8610.75,861075.0,192235.0,159600.0,16440.0,492800.0,50,891
5563,648783161,0.02,-8726.825000000003,872682.5,188542.5,116400.0,16240.0,551500.0,50,891
5564,829830816,0.02,-10199.575000000004,1019957.5,195237.5,181200.0,16720.0,626800.0,50,891
5565,562470095,0.02,-9609.724999999999,960972.5,190152.5,160500.0,15320.0,595000.0,50,891
5566,816343039,0.02,-7165.65,716565.0,188655.0,103200.0,16160.0,408550.0,50,891
5567,904673186,0.02,-9865.875000000002,986587.5,193627.5,161600.0,16560.0,614800.0,50,891
5568,923989654,0.02,-6477.949999999998,647795.0,188945.0,39500.0,15000.0,404350.0,50,891
5569,209379824,0.02,-8369.65,836965.0,190935.0,49200.0,16280.0,580550.0,50,891
5570,712530165,0.02,-6866.125,686612.5,185372.5,43500.0,15040.0,442700.0,50,892
5571,74021469,0.02,-7001.125000000001,700112.5,186092.5,76800.0,15720.0,421500.0,50,892
5572,703734661,0.02,-7189.425,718942.5,189632.5,105400.0,14760.0,409150.0,50,892
5573,701506433,0.02,-7270.174999999999,727017.5,185687.5,105500.0,14880.0,420950.0,50,892
5574,600231180,0.02,-6290.9,629090.0,189790.0,44900.0,15600.0,378800.0,50,892
5575,960898257,0.02,-6418.249999999999,641825.0,187955.0,104700.0,15120.0,334050.0,50,892
5576,485413227,0.02,-10784.725,1078472.5,195522.5,281400.0,17200.0,584350.0,50,892
5577,349847582,0.02,-6351.699999999999,635170.0,188600.0,38800.0,15520.0,392250.0,50,892
5578,36614541,0.02,-11581.749999999996,1158175.0,197655.0,296400.0,15720.0,648400.0,50,892
5579,273128327,0.02,-7829.799999999998,782980.0,192970.0,83500.0,14960.0,491550.0,50,892
5580,94346818,0.02,-6875.9,687590.0,183780.0,92300.0,15960.0,395550.0,50,892
5581,522784051,0.02,-6712.6500000000015,671265.0,187645.0,76000.0,14920.0,392700.0,50,892
5582,933412749,0.02,-6939.024999999998,693902.5,183742.5,132900.0,14560.0,362700.0,50,892
5583,440102887,0.02,-5763.949999999999,576395.0,173875.0,70400.0,13920.0,318200.0,50,892
5584,142898522,0.02,-5380.1,538010.0,181510.0,94400.0,16000.0,246100.0,50,893
5585,873402630,0.02,-7403.025,740302.5,197382.5,123100.0,13720.0,406100.0,50,893
5586,442273681,0.02,-9170.4,917040.0,193650.0,222500.0,15440.0,485450.0,50,893
5587,572672855,0.02,-8415.900000000001,841590.0,189310.0,63200.0,15880.0,573200.0,50,893
5588,313809976,0.02,-7236.125000000001,723612.5,183862.5,45900.0,16000.0,477850.0,50,893
5589,545162577,0.02,-9089.4,908940.0,195570.0,88300.0,16120.0,608950.0,50,893
5590,60245671,0.02,-7625.025,762502.5,190112.5,125500.0,16040.0,430850.0,50,893
5591,916379858,0.02,-7441.299999999999,744130.0,184380.0,87200.0,15200.0,457350.0,50,893
5592,876049888,0.02,-8982.225000000002,898222.5,190732.5,126100.0,15640.0,565750.0,50,893
5593,876772504,0.02,-7811.025,781102.5,178352.5,181200.0,14200.0,407350.0,50,894
5594,892630417,0.02,-7279.4,727940.0,188900.0,73800.0,15040.0,450200.0,50,895
5595,140535362,0.02,-7313.1500000000015,731315.0,191475.0,54300.0,15640.0,469900.0,50,895
5596,247942837,0.02,-9011.625,901162.5,190562.5,247700.0,15400.0,447500.0,50,895
5597,948152153,0.02,-8666.525,866652.5,195692.5,198400.0,16160.0,456400.0,50,895
5598,117035308,0.02,-7041.750000000001,704175.0,187945.0,80800.0,15080.0,420350.0,50,895
5599,228538643,0.02,-8743.950000000003,874395.0,190705.0,221900.0,15040.0,446750.0,50,895
5600,103122982,0.02,-6463.4,646340.0,189140.0,84800.0,16000.0,356400.0,50,895
5601,351320331,0.02,-8050.524999999999,805052.5,185302.5,103400.0,16400.0,499950.0,50,895
5602,121213988,0.02,-6829.975,682997.5,181487.5,121300.0,14960.0,365250.0,50,895
5603,401281749,0.02,-9239.475000000002,923947.5,184547.5,252600.0,14800.0,472000.0,50,895
5604,88725840,0.02,-8093.249999999999,809325.0,189585.0,244400.0,14840.0,360500.0,50,895
5605,79502404,0.02,-7616.05,761605.0,181285.0,167000.0,15320.0,398000.0,50,895
5606,464569394,0.02,-6836.700000000001,683670.0,176950.0,147000.0,14520.0,345200.0,50,895
5607,760530905,0.02,-9160.7,916070.0,190560.0,125900.0,16160.0,583450.0,50,895
5608,220503437,0.02,-8815.45,881545.0,187545.0,128100.0,15800.0,550100.0,50,895
5609,641241585,0.02,-7206.3,720630.0,193010.0,124500.0,14720.0,388400.0,50,895
5610,951540428,0.02,-9269.574999999999,926957.5,195417.5,200500.0,15840.0,515200.0,50,895
5611,118519937,0.02,-13943.349999999999,1394335.0,204565.0,374100.0,16520.0,799150.0,50,895
5612,900994671,0.02,-6661.549999999999,666155.0,183735.0,73200.0,15320.0,393900.0,50,895
5613,180560004,0.02,-8301.699999999999,830170.0,198290.0,138500.0,14280.0,479100.0,50,895
5614,682609965,0.02,-7407.800000000002,740780.0,185860.0,136000.0,13520.0,405400.0,50,895
5615,665490363,0.02,-7172.7,717270.0,178320.0,131800.0,15600.0,391550.0,50,895
5616,485817645,0.02,-7626.725,762672.5,185772.5,138800.0,16600.0,421500.0,50,895
5617,765259293,0.02,-6080.975,608097.5,183347.5,41400.0,14800.0,368550.0,50,895
5618,266595537,0.02,-9395.775,939577.5,190477.5,147900.0,15800.0,585400.0,50,895
5619,154487633,0.02,-11605.175,1160517.5,195807.5,283000.0,16360.0,665350.0,50,895
5620,537379446,0.02,-6123.150000000001,612315.0,178925.0,73900.0,14640.0,344850.0,50,895
5621,812024433,0.02,-8944.775,894477.5,193247.5,218200.0,16080.0,466950.0,50,895
5622,376833483,0.02,-7417.65,741765.0,190895.0,110400.0,14120.0,426350.0,50,895
5623,716058258,0.02,-5799.5250000000015,579952.5,177892.5,32600.0,15960.0,353500.0,50,895
5624,244404327,0.02,-9607.875,960787.5,193937.5,159300.0,17000.0,590550.0,50,895
5625,17241633,0.02,-9012.175000000001,901217.5,194597.5,48000.0,17520.0,641100.0,50,895
5626,875138730,0.02,-8569.024999999998,856902.5,188152.5,124800.0,15600.0,528350.0,50,895
5627,658644499,0.02,-7680.525,768052.5,190732.5,55200.0,15920.0,506200.0,50,895
5628,828086408,0.02,-6651.875,665187.5,189777.5,17200.0,15560.0,442650.0,50,895
5629,650395181,0.02,-7555.574999999999,755557.5,185747.5,75700.0,15360.0,478750.0,50,895
5630,72477320,0.02,-9304.3,930430.0,189930.0,187200.0,16200.0,537100.0,50,895
5631,116493951,0.02,-8373.025,837302.5,187702.5,124900.0,16200.0,508500.0,50,895
5632,132375301,0.02,-7692.424999999999,769242.5,191812.5,96000.0,16680.0,464750.0,50,895
5633,823845616,0.02,-9528.9,952890.0,198810.0,141000.0,15880.0,597200.0,50,895
5634,272072203,0.02,-8007.950000000001,800795.0,181395.0,134100.0,15800.0,469500.0,50,896
5635,521274014,0.02,-6103.250000000002,610325.0,179245.0,55100.0,15480.0,360500.0,50,897
5636,962405666,0.02,-7747.100000000001,774710.0,184380.0,94300.0,15880.0,480150.0,50,897
5637,187531848,0.02,-8336.275000000001,833627.5,189307.5,110100.0,15720.0,518500.0,50,897
5638,733343322,0.02,-10183.274999999996,1018327.5,194007.5,193200.0,15320.0,615800.0,50,898
5639,171881019,0.02,-9942.274999999996,994227.5,188297.5,254700.0,15480.0,535750.0,50,898
5640,299822435,0.02,-13699.850000000002,1369985.0,203805.0,352900.0,16680.0,796600.0,50,898
5641,674920829,0.02,-7939.125000000001,793912.5,185632.5,70800.0,16280.0,521200.0,50,898
5642,432569830,0.02,-5858.8,585880.0,175610.0,35700.0,15920.0,358650.0,50,898
5643,995515695,0.02,-8017.325,801732.5,177752.5,166600.0,16080.0,441300.0,50,898
5644,800387455,0.02,-6450.6,645060.0,186630.0,37000.0,16280.0,405150.0,50,898
5645,369101681,0.02,-9508.725,950872.5,196982.5,147500.0,16840.0,589550.0,50,898
5646,126345461,0.02,-8079.375000000001,807937.5,190277.5,126000.0,15760.0,475900.0,50,898
5647,137731096,0.02,-7597.274999999998,759727.5,187737.5,78800.0,15640.0,477550.0,50,899
5648,925830643,0.02,-9086.599999999999,908660.0,196220.0,212000.0,15840.0,484600.0,50,899
5649,21887495,0.02,-6884.2750000000015,688427.5,171387.5,35200.0,16240.0,465600.0,50,899
5650,250806897,0.02,-7827.424999999999,782742.5,179792.5,135800.0,15800.0,451350.0,50,899
5651,363708958,0.02,-9270.825,927082.5,191642.5,153900.0,15640.0,565900.0,50,899
5652,364324253,0.02,-7140.674999999998,714067.5,192107.5,77400.0,15560.0,429000.0,50,899
5653,61775737,0.02,-6314.674999999997,631467.5,182827.5,37200.0,15640.0,395800.0,50,899
5654,480202865,0.02,-8689.775000000001,868977.5,185197.5,110500.0,16880.0,556400.0,50,899
5655,919080251,0.02,-8843.724999999997,884372.5,192742.5,177600.0,16080.0,497950.0,50,899
5656,601693343,0.02,-7343.175000000003,734317.5,188057.5,40000.0,16360.0,489900.0,50,899
5657,753883156,0.02,-8144.824999999999,814482.5,177692.5,114900.0,16040.0,505850.0,50,899
5658,789129108,0.02,-10672.85,1067285.0,191735.0,194700.0,16600.0,664250.0,50,899
5659,359036711,0.02,-9981.099999999997,998110.0,191610.0,186700.0,15800.0,604000.0,50,899
5660,289365698,0.02,-7549.600000000001,754960.0,176170.0,104300.0,15440.0,459050.0,50,899
5661,375474821,0.02,-8467.425,846742.5,164412.5,206500.0,15280.0,460550.0,50,900
5662,661472102,0.02,-8149.025000000001,814902.5,190542.5,147600.0,15560.0,461200.0,50,900
5663,375617759,0.02,-9778.625000000004,977862.5,186362.5,144800.0,17200.0,629500.0,50,900
5664,848081623,0.02,-7259.85,725985.0,185345.0,138800.0,15440.0,386400.0,50,900
5665,728464934,0.02,-10245.674999999997,1024567.5,195537.5,194200.0,17080.0,617750.0,50,900
5666,223511157,0.02,-7554.099999999997,755410.0,190310.0,60200.0,15600.0,489300.0,50,900
5667,553477615,0.02,-8719.8,871980.0,193400.0,108400.0,15080.0,555100.0,50,900
5668,67170979,0.02,-6210.325,621032.5,181182.5,63300.0,15200.0,361350.0,50,900
5669,55921266,0.02,-7111.7,711170.0,175810.0,79200.0,15160.0,441000.0,50,900
5670,921280543,0.02,-6063.074999999999,606307.5,183367.5,132800.0,15640.0,274500.0,50,900
5671,239784177,0.02,-7420.625,742062.5,191262.5,122400.0,15800.0,412600.0,50,900
5672,567704639,0.02,-8714.075,871407.5,195937.5,164000.0,15520.0,495950.0,50,900
5673,155142541,0.02,-9113.1,911310.0,189800.0,104700.0,16760.0,600050.0,50,900
5674,672971545,0.02,-7878.925000000001,787892.5,182872.5,67400.0,16720.0,520900.0,50,900
5675,507809909,0.02,-10143.000000000004,1014300.0,196670.0,271400.0,15880.0,530350.0,50,900
5676,351512106,0.02,-9716.975000000002,971697.5,191287.5,80200.0,17160.0,683050.0,50,900
5677,371704016,0.02,-8862.449999999999,886245.0,191865.0,150700.0,15080.0,528600.0,50,900
5678,335727854,0.02,-7782.849999999999,778285.0,185335.0,58000.0,17400.0,517550.0,50,900
5679,701228888,0.02,-8816.925000000001,881692.5,188482.5,144900.0,16160.0,532150.0,50,900
5680,358856079,0.02,-10194.224999999999,1019422.5,196652.5,224400.0,17120.0,581250.0,50,900
5681,929779039,0.02,-10267.175000000001,1026717.5,194857.5,203900.0,15960.0,612000.0,50,900
5682,182713013,0.02,-8401.149999999998,840115.0,192745.0,158600.0,15720.0,473050.0,50,900
5683,337201509,0.02,-8850.975000000002,885097.5,198637.5,120200.0,16360.0,549900.0,50,900
5684,226288119,0.02,-11072.399999999998,1107240.0,199150.0,155900.0,17240.0,734950.0,50,900
5685,449554292,0.02,-13186.95,1318695.0,202455.0,347700.0,17040.0,751500.0,50,900
5686,180541505,0.02,-8930.95,893095.0,189875.0,95400.0,16920.0,590900.0,50,900
5687,24396108,0.02,-8237.9,823790.0,194150.0,58000.0,16440.0,555200.0,50,900
5688,75929506,0.02,-7853.05,785305.0,190715.0,81200.0,16040.0,497350.0,50,900
5689,393616509,0.02,-5910.925,591092.5,183392.5,46300.0,15000.0,346400.0,50,900
5690,16103409,0.02,-7147.874999999998,714787.5,188017.5,87400.0,15320.0,424050.0,50,900
5691,788226552,0.02,-7582.1500000000015,758215.0,192055.0,120700.0,15760.0,429700.0,50,900
5692,111909239,0.02,-7572.850000000003,757285.0,190465.0,98100.0,15520.0,453200.0,50,900
5693,322630736,0.02,-7634.300000000001,763430.0,190940.0,185100.0,15040.0,372350.0,50,900
5694,556722837,0.02,-9357.974999999999,935797.5,193997.5,260300.0,16000.0,465500.0,50,900
5695,118435937,0.02,-7672.325000000002,767232.5,192192.5,117100.0,16440.0,441500.0,50,900
5696,682962078,0.02,-9774.750000000002,977475.0,198085.0,145200.0,17840.0,616350.0,50,900
5697,175517314,0.02,-8369.55,836955.0,188305.0,122100.0,15600.0,510950.0,50,900
5698,568625088,0.02,-9384.749999999998,938475.0,193025.0,169100.0,16400.0,559950.0,50,900
5699,922581185,0.02,-7655.700000000001,765570.0,191630.0,86700.0,15440.0,471800.0,50,900
5700,794753852,0.02,-6860.624999999999,686062.5,187802.5,99200.0,14360.0,384700.0,50,900
5701,785853600,0.02,-9313.05,931305.0,195505.0,114700.0,15800.0,605300.0,50,900
5702,822720251,0.02,-7407.175,740717.5,185417.5,104800.0,15400.0,435100.0,50,900
5703,417993198,0.02,-7407.025,740702.5,184622.5,91300.0,16080.0,448700.0,50,900
5704,507943590,0.02,-7017.374999999999,701737.5,175517.5,93000.0,15120.0,418100.0,50,900
5705,621226446,0.02,-5610.800000000001,561080.0,182320.0,13500.0,15160.0,350100.0,50,900
5706,125668385,0.02,-5612.775,561277.5,191107.5,9000.0,15920.0,345250.0,50,900
5707,897261836,0.02,-6322.7,632270.0,191290.0,67100.0,15080.0,358800.0,50,901
5708,547792792,0.02,-7075.675000000001,707567.5,174917.5,100300.0,15000.0,417350.0,50,901
5709,807885979,0.02,-8924.399999999998,892440.0,193070.0,241200.0,15120.0,443050.0,50,901
5710,173137823,0.02,-6922.225,692222.5,193492.5,78700.0,15280.0,404750.0,50,901
5711,453387310,0.02,-7937.375000000001,793737.5,188237.5,99400.0,15600.0,490500.0,50,901
5712,518306986,0.02,-5057.9,505790.0,181590.0,11200.0,15000.0,298000.0,50,901
5713,505698336,0.02,-9468.099999999999,946810.0,190950.0,234500.0,15360.0,506000.0,50,901
5714,606245276,0.02,-5972.000000000001,597200.0,178670.0,50000.0,14280.0,354250.0,50,901
5715,47618236,0.02,-8313.124999999996,831312.5,194762.5,124100.0,14800.0,497650.0,50,901
5716,5371551,0.02,-12299.124999999998,1229912.5,206112.5,385400.0,15200.0,623200.0,50,901
5717,465378815,0.02,-6925.724999999999,692572.5,187802.5,63600.0,14520.0,426650.0,50,901
5718,236632741,0.02,-8881.6,888160.0,185820.0,170300.0,14840.0,517200.0,50,901
5719,671609884,0.02,-7118.075000000001,711807.5,189987.5,83000.0,14120.0,424700.0,50,901
5720,543971472,0.02,-10437.55,1043755.0,191155.0,366400.0,15000.0,471200.0,50,901
5721,860493830,0.02,-9148.074999999999,914807.5,181727.5,247300.0,14480.0,471300.0,50,901
5722,798808049,0.02,-9832.975,983297.5,197087.5,272000.0,16160.0,498050.0,50,901
5723,707773902,0.02,-9871.224999999999,987122.5,196512.5,209200.0,14760.0,566650.0,50,901
5724,960230701,0.02,-10729.025000000003,1072902.5,201942.5,269300.0,15960.0,585700.0,50,901
5725,684357518,0.02,-5232.975000000002,523297.5,187987.5,60400.0,12760.0,262150.0,50,901
5726,999644688,0.02,-6350.674999999998,635067.5,184707.5,92600.0,14360.0,343400.0,50,901
5727,905377697,0.02,-8717.899999999998,871790.0,179040.0,306100.0,15400.0,371250.0,50,901
5728,719129613,0.02,-9164.924999999997,916492.5,191242.5,133700.0,15200.0,576350.0,50,901
5729,69292671,0.02,-8976.449999999997,897645.0,196525.0,200800.0,15920.0,484400.0,50,901
5730,823933931,0.02,-8349.850000000002,834985.0,190275.0,76200.0,15560.0,552950.0,50,901
5731,448339843,0.02,-6944.125000000002,694412.5,192642.5,89700.0,14320.0,397750.0,50,901
5732,774479343,0.02,-10013.850000000002,1001385.0,193735.0,259200.0,15600.0,532850.0,50,901
5733,346813423,0.02,-7261.674999999999,726167.5,188707.5,100600.0,14560.0,422300.0,50,901
5734,98983206,0.02,-6701.274999999996,670127.5,187657.5,110000.0,14520.0,357950.0,50,901
5735,334829747,0.02,-8719.975,871997.5,187167.5,181500.0,15680.0,487650.0,50,901
5736,879234009,0.02,-8901.824999999999,890182.5,192562.5,151900.0,15720.0,530000.0,50,901
5737,467356262,0.02,-8182.55,818255.0,191895.0,126900.0,16960.0,482500.0,50,901
5738,695452350,0.02,-10916.800000000003,1091680.0,193990.0,267500.0,16440.0,613750.0,50,901
5739,896573690,0.02,-7825.925,782592.5,182762.5,129300.0,15680.0,454850.0,50,901
5740,271248834,0.02,-8445.849999999999,844585.0,183995.0,237300.0,14840.0,408450.0,50,901
5741,433753840,0.02,-8165.599999999999,816560.0,193050.0,64200.0,15360.0,543950.0,50,901
5742,192361168,0.02,-10090.574999999999,1009057.5,190057.5,215200.0,16800.0,587000.0,50,901
5743,995425767,0.02,-5610.349999999999,561035.0,173375.0,30200.0,15160.0,342300.0,50,901
5744,996089052,0.02,-7294.125000000001,729412.5,184212.5,134300.0,15600.0,395300.0,50,901
5745,343971489,0.02,-6576.975,657697.5,177307.5,56600.0,14440.0,409350.0,50,901
5746,49607771,0.02,-7221.500000000002,722150.0,191820.0,136800.0,14480.0,379050.0,50,901
5747,74536491,0.02,-5961.7750000000015,596177.5,162897.5,131500.0,13680.0,288100.0,50,901
5748,417302603,0.02,-8503.875,850387.5,196367.5,147400.0,14720.0,491900.0,50,901
5749,923614243,0.02,-7213.325000000002,721332.5,186902.5,64400.0,15280.0,454750.0,50,901
5750,558088593,0.02,-8247.125000000002,824712.5,187172.5,135200.0,14240.0,488100.0,50,901
5751,171278729,0.02,-9361.500000000002,936150.0,197990.0,154500.0,15560.0,568100.0,50,901
5752,262165327,0.02,-9203.499999999998,920350.0,190060.0,126000.0,16440.0,587850.0,50,901
5753,27118488,0.02,-7629.974999999999,762997.5,184417.5,55800.0,14280.0,508500.0,50,901
5754,262905000,0.02,-7089.975000000001,708997.5,185427.5,129900.0,14920.0,378750.0,50,901
5755,837369205,0.02,-5044.025000000001,504402.5,185092.5,41600.0,13960.0,263750.0,50,901
5756,302990592,0.02,-5929.599999999998,592960.0,181520.0,39200.0,13840.0,358400.0,50,901
5757,869443456,0.02,-9475.5,947550.0,194840.0,145100.0,15760.0,591850.0,50,901
5758,849052534,0.02,-5430.7,543070.0,181530.0,38200.0,14240.0,309100.0,50,901
5759,681717017,0.02,-7425.825000000001,742582.5,189122.5,87300.0,15560.0,450600.0,50,901
5760,11665145,0.02,-9228.650000000003,922865.0,199385.0,174200.0,15080.0,534200.0,50,901
5761,913376985,0.02,-5662.724999999999,566272.5,189072.5,38100.0,14800.0,324300.0,50,901
5762,491501190,0.02,-8316.449999999999,831645.0,182375.0,138600.0,15920.0,494750.0,50,901
5763,576432661,0.02,-9985.025000000001,998502.5,191342.5,326700.0,16760.0,463700.0,50,901
5764,476322395,0.02,-6410.524999999998,641052.5,180472.5,102100.0,14480.0,344000.0,50,901
5765,422602364,0.02,-5903.975,590397.5,188307.5,44400.0,14440.0,343250.0,50,901
5766,181403869,0.02,-9796.800000000001,979680.0,196090.0,180800.0,15040.0,587750.0,50,901
5767,616412955,0.02,-9478.1,947810.0,195940.0,330200.0,14520.0,407150.0,50,901
5768,94927994,0.02,-6911.1,691110.0,189970.0,102800.0,14240.0,384100.0,50,901
5769,920605602,0.02,-13150.174999999997,1315017.5,202857.5,352500.0,16360.0,743300.0,50,901
5770,466164389,0.02,-9426.200000000003,942620.0,190970.0,161100.0,16800.0,573750.0,50,901
5771,626987193,0.02,-8062.674999999999,806267.5,190607.5,150900.0,15560.0,449200.0,50,901
5772,620552550,0.02,-6486.575000000001,648657.5,184267.5,130700.0,14440.0,319250.0,50,901
5773,189239522,0.02,-7995.400000000003,799540.0,190560.0,123200.0,14680.0,471100.0,50,901
5774,602696231,0.02,-5927.075,592707.5,187537.5,55600.0,13520.0,336050.0,50,901
5775,310914280,0.02,-7977.299999999998,797730.0,189260.0,106200.0,14920.0,487350.0,50,901
5776,973935651,0.02,-8220.35,822035.0,189585.0,120400.0,15800.0,496250.0,50,901
5777,220789878,0.02,-7608.8,760880.0,189000.0,99400.0,16080.0,456400.0,50,901
5778,982487689,0.02,-8881.975,888197.5,189717.5,131500.0,14280.0,552700.0,50,901
5779,573694418,0.02,-6907.325,690732.5,192532.5,140200.0,14400.0,343600.0,50,901
5780,866863725,0.02,-8039.674999999998,803967.5,193637.5,122500.0,14280.0,473550.0,50,901
5781,138209198,0.02,-8230.800000000003,823080.0,189730.0,137700.0,15200.0,480450.0,50,901
5782,947985849,0.02,-7952.549999999999,795255.0,190525.0,114400.0,14680.0,475650.0,50,901
5783,731627627,0.02,-7153.274999999999,715327.5,184407.5,192000.0,13920.0,325000.0,50,901
5784,720993198,0.02,-10067.399999999998,1006740.0,196200.0,216500.0,16240.0,577800.0,50,901
5785,306704719,0.02,-7420.224999999999,742022.5,190702.5,115400.0,14920.0,421000.0,50,901
5786,341973229,0.02,-8283.3,828330.0,186550.0,134900.0,15680.0,491200.0,50,901
5787,288914832,0.02,-7217.75,721775.0,185045.0,146400.0,14680.0,375650.0,50,901
5788,1495889,0.02,-6145.125,614512.5,184162.5,99600.0,15400.0,315350.0,50,902
5789,588322441,0.02,-7616.724999999999,761672.5,189662.5,147400.0,15560.0,409050.0,50,902
5790,718541235,0.02,-7588.149999999998,758815.0,189815.0,84000.0,15200.0,469800.0,50,902
5791,804648771,0.02,-6070.675000000001,607067.5,187587.5,100000.0,13080.0,306400.0,50,902
5792,737180993,0.02,-6525.575000000002,652557.5,189427.5,96400.0,15080.0,351650.0,50,902
5793,954496512,0.02,-5991.675000000001,599167.5,185837.5,66400.0,14480.0,332450.0,50,902
5794,218168899,0.02,-6399.5,639950.0,188120.0,72100.0,14480.0,365250.0,50,902
5795,707079438,0.02,-6406.975000000001,640697.5,186977.5,104700.0,14320.0,334700.0,50,902
5796,179038925,0.02,-8005.100000000001,800510.0,183030.0,120800.0,15080.0,481600.0,50,902
5797,430664893,0.02,-6796.399999999999,679640.0,186010.0,94700.0,15480.0,383450.0,50,902
5798,345554603,0.02,-6747.225000000001,674722.5,186102.5,58200.0,15120.0,415300.0,50,902
5799,144747729,0.02,-5721.175,572117.5,177977.5,84400.0,14040.0,295700.0,50,902
5800,987292073,0.02,-6169.975000000001,616997.5,189337.5,58800.0,14160.0,354700.0,50,903
5801,624735642,0.02,-4683.400000000001,468340.0,170460.0,60000.0,14880.0,223000.0,50,903
5802,34485016,0.02,-8410.925,841092.5,184602.5,195800.0,14440.0,446250.0,50,905
5803,726378465,0.02,-5847.574999999999,584757.5,185167.5,173000.0,13840.0,212750.0,50,905
5804,482735770,0.02,-6352.674999999999,635267.5,180847.5,109700.0,13920.0,330800.0,50,905
5805,942815119,0.02,-6136.650000000001,613665.0,174175.0,127900.0,14440.0,297150.0,50,905
5806,943633346,0.02,-5657.7249999999985,565772.5,188172.5,49200.0,13200.0,315200.0,50,905
5807,730550465,0.02,-6149.050000000001,614905.0,191055.0,91100.0,14400.0,318350.0,50,905
5808,282580053,0.02,-10566.575000000003,1056657.5,198277.5,230300.0,15880.0,612200.0,50,905
5809,298116883,0.02,-9309.000000000004,930900.0,191340.0,234600.0,15160.0,489800.0,50,905
5810,150364762,0.02,-5522.950000000002,552295.0,189805.0,48500.0,13640.0,300350.0,50,905
5811,369194693,0.02,-6093.875,609387.5,191707.5,89500.0,15080.0,313100.0,50,905
5812,768531387,0.02,-8245.849999999999,824585.0,188825.0,139900.0,13960.0,481900.0,50,905
5813,829712771,0.02,-5901.3499999999985,590135.0,182835.0,84200.0,14400.0,308700.0,50,906
5814,86777191,0.02,-6956.025000000001,695602.5,190282.5,67000.0,14720.0,423600.0,50,906
5815,124703979,0.02,-6885.525000000001,688552.5,181612.5,106800.0,14640.0,385500.0,50,907
5816,16136612,0.02,-6762.45,676245.0,172655.0,129200.0,14040.0,360350.0,50,907
5817,863604145,0.02,-6812.749999999999,681275.0,182565.0,58700.0,16160.0,423850.0,50,907
5818,912937096,0.02,-10571.175,1057117.5,195617.5,203000.0,15200.0,643300.0,50,907
5819,137361263,0.02,-9128.824999999997,912882.5,192142.5,158200.0,17440.0,545100.0,50,907
5820,588395962,0.02,-5909.725000000001,590972.5,180262.5,77700.0,14960.0,318050.0,50,907
5821,196535740,0.02,-9172.2,917220.0,188710.0,207100.0,14760.0,506650.0,50,908
5822,431262316,0.02,-8825.699999999997,882570.0,200070.0,156200.0,15600.0,510700.0,50,908
5823,899570529,0.02,-12557.575,1255757.5,205927.5,396700.0,15480.0,637650.0,50,908
5824,540619791,0.02,-9638.95,963895.0,194265.0,162800.0,16080.0,590750.0,50,908
5825,828190545,0.02,-6853.25,685325.0,183235.0,130700.0,14640.0,356750.0,50,908
5826,389655573,0.02,-7684.249999999999,768425.0,186745.0,87800.0,16080.0,477800.0,50,908
5827,769994642,0.02,-9130.425000000003,913042.5,193822.5,283200.0,14720.0,421300.0,50,909
5828,221207583,0.02,-12302.949999999999,1230295.0,198635.0,244700.0,16760.0,770200.0,50,909
5829,70036036,0.02,-6241.749999999999,624175.0,184545.0,77200.0,15280.0,347150.0,50,909
5830,973001658,0.02,-8738.025,873802.5,190882.5,87700.0,15920.0,579300.0,50,909
5831,748947440,0.02,-7096.250000000002,709625.0,193895.0,55800.0,14880.0,445050.0,50,909
5832,331496840,0.02,-5108.925,510892.5,188702.5,43500.0,15240.0,263450.0,50,909
5833,843945892,0.02,-7219.724999999998,721972.5,186072.5,65200.0,16000.0,454700.0,50,909
5834,800225368,0.02,-6350.525,635052.5,185212.5,98300.0,15040.0,336500.0,50,909
5835,202537211,0.02,-8206.225000000002,820622.5,185912.5,186100.0,15160.0,433450.0,50,909
5836,58228150,0.02,-6634.225,663422.5,178192.5,33500.0,16080.0,435650.0,50,909
5837,986783093,0.02,-9558.899999999996,955890.0,195180.0,203300.0,15760.0,541650.0,50,909
5838,520489297,0.02,-9890.750000000004,989075.0,196845.0,228800.0,16880.0,546550.0,50,909
5839,176573943,0.02,-6077.799999999998,607780.0,184190.0,68800.0,14640.0,340150.0,50,909
5840,840259777,0.02,-8374.225,837422.5,187172.5,104300.0,16600.0,529350.0,50,909
5841,597766021,0.02,-6781.150000000001,678115.0,181715.0,107100.0,13800.0,375500.0,50,909
5842,250443345,0.02,-10833.75,1083375.0,198675.0,134400.0,16800.0,733500.0,50,909
5843,160419222,0.02,-11764.199999999997,1176420.0,201010.0,275600.0,16960.0,682850.0,50,909
5844,941592768,0.02,-8052.7249999999985,805272.5,188342.5,132500.0,15280.0,469150.0,50,909
5845,977724979,0.02,-7034.225,703422.5,179882.5,81800.0,15440.0,426300.0,50,909
5846,644140828,0.02,-8153.600000000003,815360.0,184990.0,99200.0,15120.0,516050.0,50,909
5847,825864714,0.02,-7933.124999999998,793312.5,187002.5,67500.0,16160.0,522650.0,50,909
5848,88864488,0.02,-6508.700000000001,650870.0,176400.0,101900.0,14920.0,357650.0,50,909
5849,994859878,0.02,-12088.950000000003,1208895.0,189225.0,239400.0,16320.0,763950.0,50,909
5850,224236829,0.02,-7370.924999999999,737092.5,175582.5,82400.0,16160.0,462950.0,50,909
5851,250750027,0.02,-8677.875000000002,867787.5,177657.5,118600.0,16480.0,555050.0,50,909
5852,436517316,0.02,-4240.150000000001,424015.0,165275.0,39500.0,13040.0,206200.0,50,910
5853,930896558,0.02,-6803.174999999999,680317.5,182567.5,66300.0,15600.0,415850.0,50,910
5854,107484066,0.02,-8005.700000000001,800570.0,180640.0,167600.0,14680.0,437650.0,50,910
5855,8171389,0.02,-6450.075,645007.5,184957.5,77400.0,14400.0,368250.0,50,910
5856,919266984,0.02,-10272.05,1027205.0,194965.0,209700.0,15840.0,606700.0,50,910
5857,777535463,0.02,-8694.324999999997,869432.5,186432.5,210800.0,15600.0,456600.0,50,910
5858,50386219,0.02,-10422.149999999998,1042215.0,201045.0,269300.0,16520.0,555350.0,50,910
5859,383777099,0.02,-10102.825000000003,1010282.5,189762.5,218000.0,15720.0,586800.0,50,910
5860,296633051,0.02,-7459.175000000001,745917.5,180807.5,143600.0,16160.0,405350.0,50,910
5861,935523534,0.02,-8063.25,806325.0,187765.0,112200.0,15560.0,490800.0,50,910
5862,716681350,0.02,-5765.924999999999,576592.5,181712.5,82000.0,14080.0,298800.0,50,910
5863,245992992,0.02,-6874.624999999998,687462.5,164142.5,151100.0,14320.0,357900.0,50,910
5864,129710617,0.02,-8289.95,828995.0,189075.0,112600.0,15720.0,511600.0,50,910
5865,512020536,0.02,-12173.325,1217332.5,197182.5,378000.0,15800.0,626350.0,50,910
5866,910147165,0.02,-6301.625,630162.5,173322.5,153800.0,15040.0,288000.0,50,910
5867,266476818,0.02,-9494.925000000003,949492.5,194432.5,197000.0,15960.0,542100.0,50,910
5868,292309419,0.02,-8947.9,894790.0,192500.0,192500.0,15240.0,494550.0,50,910
5869,80658615,0.02,-5609.3,560930.0,177880.0,36900.0,14200.0,331950.0,50,910
5870,46246548,0.02,-11768.85,1176885.0,199515.0,370600.0,15120.0,591650.0,50,910
5871,645224694,0.02,-10283.875000000002,1028387.5,202627.5,255200.0,15160.0,555400.0,50,910
5872,512134689,0.02,-5798.075000000002,579807.5,183197.5,133900.0,14360.0,248350.0,50,910
5873,278294417,0.02,-6220.049999999998,622005.0,184555.0,30000.0,14200.0,393250.0,50,910
5874,471496934,0.02,-8291.300000000001,829130.0,184940.0,189700.0,14640.0,439850.0,50,910
5875,287386134,0.02,-5496.4,549640.0,189720.0,9700.0,14920.0,335300.0,50,910
5876,27474514,0.02,-8055.824999999999,805582.5,183332.5,134000.0,16200.0,472050.0,50,910
5877,877849241,0.02,-10626.199999999997,1062620.0,192930.0,247300.0,15040.0,607350.0,50,911
5878,505411693,0.02,-11902.974999999999,1190297.5,192477.5,321400.0,15120.0,661300.0,50,911
5879,596244183,0.02,-7561.475000000001,756147.5,189627.5,145000.0,15520.0,406000.0,50,911
5880,851195663,0.02,-9661.424999999997,966142.5,193852.5,170400.0,15440.0,586450.0,50,911
5881,217275334,0.02,-11399.525000000003,1139952.5,199712.5,318700.0,16640.0,604900.0,50,911
5882,346272412,0.02,-8946.35,894635.0,198285.0,70800.0,16400.0,609150.0,50,911
5883,922064399,0.02,-12585.749999999998,1258575.0,202195.0,332500.0,16880.0,707000.0,50,911
5884,370634585,0.02,-9643.25,964325.0,189585.0,90600.0,16040.0,668100.0,50,911
5885,887046070,0.02,-8544.85,854485.0,194745.0,74000.0,16840.0,568900.0,50,911
5886,974271421,0.02,-9990.6,999060.0,194420.0,101100.0,17840.0,685700.0,50,911
5887,604602807,0.02,-8170.024999999997,817002.5,191712.5,101800.0,17040.0,506450.0,50,911
5888,940649362,0.02,-9666.425000000003,966642.5,193652.5,102800.0,16040.0,654150.0,50,911
5889,727907482,0.02,-8914.349999999999,891435.0,187605.0,120600.0,15280.0,567950.0,50,911
5890,836637266,0.02,-8324.074999999997,832407.5,179517.5,99800.0,15440.0,537650.0,50,911
5891,619274216,0.02,-7512.750000000001,751275.0,189045.0,167300.0,15080.0,379850.0,50,911
5892,325599173,0.02,-7467.825000000001,746782.5,184862.5,30700.0,16920.0,514300.0,50,911
5893,116195548,0.02,-6310.125000000001,631012.5,180042.5,107200.0,14720.0,329050.0,50,911
5894,618483427,0.02,-7171.499999999998,717150.0,183580.0,35400.0,16320.0,481850.0,50,911
5895,37458899,0.02,-7776.049999999998,777605.0,185925.0,124500.0,16680.0,450500.0,50,911
5896,527927342,0.02,-9644.649999999998,964465.0,194455.0,193200.0,16560.0,560250.0,50,911
5897,769089706,0.02,-11313.249999999998,1131325.0,200165.0,219900.0,16560.0,694700.0,50,911
5898,157353596,0.02,-7851.050000000003,785105.0,184905.0,154100.0,15600.0,430500.0,50,911
5899,728966515,0.02,-9454.724999999999,945472.5,185332.5,234900.0,16040.0,509200.0,50,911
5900,272659276,0.02,-7066.750000000001,706675.0,188915.0,87000.0,13960.0,416800.0,50,911
5901,115575718,0.02,-9000.65,900065.0,187605.0,217700.0,13960.0,480800.0,50,911
5902,939718741,0.02,-8886.5,888650.0,189680.0,178600.0,14720.0,505650.0,50,911
5903,528623795,0.02,-12020.624999999996,1202062.5,199912.5,290400.0,16800.0,694950.0,50,911
5904,797546369,0.02,-7855.750000000001,785575.0,192495.0,165200.0,14680.0,413200.0,50,911
5905,966957463,0.02,-10333.100000000002,1033310.0,200570.0,222400.0,15240.0,595100.0,50,911
5906,965615136,0.02,-10262.825000000003,1026282.5,191652.5,244800.0,15880.0,573950.0,50,911
5907,521345618,0.02,-8126.525,812652.5,191772.5,73200.0,15480.0,532200.0,50,911
5908,606031373,0.02,-7861.349999999999,786135.0,173065.0,35100.0,16520.0,561450.0,50,911
5909,111012992,0.02,-8100.800000000001,810080.0,184900.0,33300.0,15880.0,576000.0,50,911
5910,206205005,0.02,-6682.324999999999,668232.5,176572.5,95600.0,16760.0,379300.0,50,911
5911,601497101,0.02,-7387.824999999998,738782.5,188592.5,78800.0,16240.0,455150.0,50,911
5912,310030738,0.02,-9589.575000000003,958957.5,195567.5,147700.0,16640.0,599050.0,50,911
5913,160223217,0.02,-6886.500000000002,688650.0,173960.0,32000.0,16040.0,466650.0,50,911
5914,438773864,0.02,-10267.349999999999,1026735.0,192505.0,232000.0,16480.0,585750.0,50,911
5915,822343959,0.02,-8156.524999999997,815652.5,175302.5,126100.0,15600.0,498650.0,50,911
5916,846328663,0.02,-9393.074999999999,939307.5,195597.5,140800.0,17360.0,585550.0,50,911
5917,681332767,0.02,-9018.574999999999,901857.5,183157.5,198200.0,16200.0,504300.0,50,911
5918,668607497,0.02,-8172.049999999998,817205.0,183885.0,71500.0,16720.0,545100.0,50,911
5919,435832166,0.02,-8595.5,859550.0,192000.0,124300.0,16400.0,526850.0,50,911
5920,52013092,0.02,-7072.325,707232.5,186522.5,77300.0,15160.0,428250.0,50,911
5921,976408982,0.02,-10665.225,1066522.5,198982.5,252000.0,16440.0,599100.0,50,911
5922,951547341,0.02,-7895.5250000000015,789552.5,193582.5,31200.0,15320.0,549450.0,50,911
5923,664690714,0.02,-9912.875,991287.5,196447.5,170500.0,17040.0,607300.0,50,911
5924,533935214,0.02,-6093.350000000001,609335.0,174755.0,116600.0,13680.0,304300.0,50,911
5925,945554849,0.02,-5613.8499999999985,561385.0,183285.0,56200.0,13800.0,308100.0,50,911
5926,476695106,0.02,-5810.149999999999,581015.0,181275.0,17700.0,14840.0,367200.0,50,911
5927,592395789,0.02,-9852.650000000005,985265.0,198385.0,232100.0,15480.0,539300.0,50,911
5928,648003665,0.02,-7032.500000000002,703250.0,180950.0,127700.0,15400.0,379200.0,50,911
5929,553634483,0.02,-11332.849999999999,1133285.0,194075.0,319000.0,15760.0,604450.0,50,911
5930,372593066,0.02,-12483.5,1248350.0,200430.0,311900.0,17120.0,718900.0,50,911
5931,439019953,0.02,-7635.574999999999,763557.5,189497.5,115500.0,15960.0,442600.0,50,911
5932,769122107,0.02,-7565.975000000001,756597.5,179787.5,133200.0,15760.0,427850.0,50,911
5933,372138936,0.02,-10534.225000000002,1053422.5,198132.5,269400.0,15840.0,570050.0,50,911
5934,15165755,0.02,-8531.874999999998,853187.5,194247.5,136000.0,16240.0,506700.0,50,911
5935,943388928,0.02,-6409.700000000001,640970.0,187820.0,58800.0,15600.0,378750.0,50,911
5936,830222758,0.02,-7326.9000000000015,732690.0,195100.0,113200.0,14640.0,409750.0,50,911
5937,275647832,0.02,-8416.775,841677.5,186477.5,194500.0,15400.0,445300.0,50,911
5938,686996403,0.02,-9511.2,951120.0,193660.0,179600.0,16360.0,561500.0,50,911
5939,114102798,0.02,-6296.575,629657.5,178697.5,48200.0,16360.0,386400.0,50,911
5940,122772679,0.02,-8891.974999999995,889197.5,192957.5,93700.0,16240.0,586300.0,50,911
5941,636059219,0.02,-9250.949999999997,925095.0,192785.0,106300.0,16560.0,609450.0,50,911
5942,85729838,0.02,-5755.8499999999985,575585.0,186165.0,21600.0,15920.0,351900.0,50,911
5943,456477255,0.02,-11300.950000000003,1130095.0,196195.0,219800.0,17000.0,697100.0,50,911
5944,513877694,0.02,-8351.75,835175.0,197335.0,206800.0,15440.0,415600.0,50,911
5945,290960956,0.02,-9920.599999999999,992060.0,193200.0,117100.0,16760.0,665000.0,50,911
5946,181609126,0.02,-7958.925000000002,795892.5,183932.5,112400.0,14360.0,485200.0,50,911
5947,560222764,0.02,-12344.675000000003,1234467.5,195857.5,251500.0,17760.0,769350.0,50,911
5948,919670049,0.02,-8891.125,889112.5,194222.5,168600.0,16240.0,510050.0,50,911
5949,881948955,0.02,-8445.875000000002,844587.5,185427.5,103400.0,17160.0,538600.0,50,911
5950,469376420,0.02,-8035.450000000003,803545.0,185855.0,159700.0,15040.0,442950.0,50,911
5951,799104262,0.02,-8484.099999999999,848410.0,184840.0,161500.0,15720.0,486350.0,50,912
5952,675069661,0.02,-7823.825000000001,782382.5,180782.5,183200.0,14600.0,403800.0,50,912
5953,840873630,0.02,-9407.375,940737.5,188527.5,300500.0,16360.0,435350.0,50,912
5954,876718329,0.02,-12428.775,1242877.5,196327.5,397100.0,17000.0,632450.0,50,912
5955,473092487,0.02,-10025.05,1002505.0,194305.0,182800.0,16600.0,608800.0,50,912
5956,631287575,0.02,-8393.224999999999,839322.5,187562.5,127800.0,16160.0,507800.0,50,912
5957,625239449,0.02,-7445.6500000000015,744565.0,184095.0,102600.0,15320.0,442550.0,50,912
5958,776691842,0.02,-7625.650000000001,762565.0,188155.0,80000.0,15560.0,478850.0,50,912
5959,940644876,0.02,-7871.175000000004,787117.5,180417.5,76400.0,15400.0,514900.0,50,912
5960,354175565,0.02,-6265.950000000003,626595.0,182295.0,24800.0,17000.0,402500.0,50,912
5961,833237147,0.02,-7953.499999999999,795350.0,182830.0,41800.0,16320.0,554400.0,50,912
5962,994268974,0.02,-9537.025000000003,953702.5,191742.5,186300.0,16760.0,558900.0,50,912
5963,634916900,0.02,-10226.400000000001,1022640.0,192840.0,199200.0,16600.0,614000.0,50,912
5964,720463041,0.02,-9283.899999999996,928390.0,197730.0,161300.0,16160.0,553200.0,50,912
5965,36513994,0.02,-8588.225000000002,858822.5,194092.5,200800.0,15480.0,448450.0,50,912
5966,670030738,0.02,-6004.4,600440.0,181410.0,26900.0,16480.0,375650.0,50,912
5967,596459260,0.02,-9568.875,956887.5,191847.5,223200.0,15440.0,526400.0,50,912
5968,147945054,0.02,-8752.324999999997,875232.5,192192.5,104000.0,16840.0,562200.0,50,912
5969,457577691,0.02,-10584.625,1058462.5,187622.5,256600.0,16640.0,597600.0,50,912
5970,628331276,0.02,-9753.224999999999,975322.5,191332.5,150800.0,17040.0,616150.0,50,912
5971,473346617,0.02,-7715.449999999998,771545.0,189735.0,122700.0,16360.0,442750.0,50,912
5972,446315372,0.02,-10124.574999999999,1012457.5,199317.5,228500.0,16240.0,568400.0,50,912
5973,531763436,0.02,-12222.1,1222210.0,202620.0,341300.0,16840.0,661450.0,50,912
5974,160730701,0.02,-6228.124999999998,622812.5,179482.5,15000.0,15680.0,412650.0,50,913
5975,985837843,0.02,-7074.899999999998,707490.0,191700.0,50300.0,15440.0,450050.0,50,913
5976,830974500,0.02,-10234.825000000004,1023482.5,193402.5,257500.0,17080.0,555500.0,50,913
5977,979499065,0.02,-7368.274999999997,736827.5,188767.5,175300.0,13960.0,358800.0,50,913
5978,314447087,0.02,-7710.125,771012.5,190212.5,143600.0,15600.0,421600.0,50,913
5979,802433030,0.02,-8587.575,858757.5,187377.5,159200.0,16280.0,495900.0,50,913
5980,725625570,0.02,-10511.174999999996,1051117.5,197917.5,201200.0,17000.0,635000.0,50,913
5981,702271199,0.02,-7840.9,784090.0,188950.0,129800.0,15840.0,449500.0,50,913
5982,830398376,0.02,-10477.05,1047705.0,192925.0,231100.0,16080.0,607600.0,50,913
5983,496494213,0.02,-10302.7,1030270.0,198000.0,160000.0,17720.0,654550.0,50,913
5984,176954151,0.02,-6720.25,672025.0,182265.0,162700.0,14760.0,312300.0,50,913
5985,16189467,0.02,-4737.900000000001,473790.0,183420.0,28100.0,14120.0,248150.0,50,913
5986,214952648,0.02,-11916.65,1191665.0,193865.0,320200.0,15800.0,661800.0,50,913
5987,439288700,0.02,-8032.899999999997,803290.0,183330.0,194400.0,15760.0,409800.0,50,913
5988,242487848,0.02,-8693.274999999998,869327.5,183627.5,178700.0,15600.0,491400.0,50,913
5989,522064641,0.02,-11278.824999999999,1127882.5,193722.5,271800.0,16360.0,646000.0,50,913
5990,228312003,0.02,-7124.275,712427.5,182287.5,19700.0,16840.0,493600.0,50,913
5991,755846494,0.02,-9691.049999999997,969105.0,197825.0,256000.0,14680.0,500600.0,50,913
5992,782840752,0.02,-8909.65,890965.0,190955.0,250900.0,15760.0,433350.0,50,913
5993,803985240,0.02,-9918.675000000001,991867.5,196697.5,257200.0,16120.0,521850.0,50,913
5994,764656378,0.02,-10564.2,1056420.0,192180.0,221300.0,16040.0,626900.0,50,913
5995,230931088,0.02,-8258.5,825850.0,169530.0,158400.0,15720.0,482200.0,50,913
5996,317992777,0.02,-9412.625000000002,941262.5,185352.5,186000.0,15760.0,554150.0,50,913
5997,37793324,0.02,-7164.55,716455.0,174635.0,126100.0,15120.0,400600.0,50,913
5998,516414020,0.02,-7026.699999999998,702670.0,192380.0,97500.0,14640.0,398150.0,50,913
5999,701830768,0.02,-7560.1,756010.0,189790.0,131600.0,15320.0,419300.0,50,913
6000,164228245,0.02,-9939.000000000002,993900.0,198840.0,279400.0,15560.0,500100.0,50,913
6001,629419011,0.02,-7078.400000000002,707840.0,189040.0,40600.0,15600.0,462600.0,50,913
6002,902234031,0.02,-5050.5,505050.0,175560.0,93000.0,14240.0,222250.0,50,913
6003,64361085,0.02,-12786.074999999995,1278607.5,198227.5,304200.0,16880.0,759300.0,50,913
6004,840412882,0.02,-11602.675000000001,1160267.5,203287.5,234500.0,16480.0,706000.0,50,913
6005,924075619,0.02,-8519.625000000002,851962.5,190022.5,97200.0,16040.0,548700.0,50,913
6006,330011872,0.02,-8386.125,838612.5,188852.5,214500.0,15760.0,419500.0,50,913
6007,919590684,0.02,-5816.525000000001,581652.5,166322.5,61600.0,13480.0,340250.0,50,913
6008,325660399,0.02,-11563.350000000004,1156335.0,197645.0,329700.0,17240.0,611750.0,50,913
6009,462225974,0.02,-7992.050000000001,799205.0,185885.0,72900.0,15920.0,524500.0,50,913
6010,749499375,0.02,-7082.700000000002,708270.0,181450.0,43800.0,14920.0,468100.0,50,914
6011,149356485,0.02,-7104.724999999999,710472.5,173662.5,124600.0,15160.0,397050.0,50,914
6012,354498570,0.02,-4865.975000000001,486597.5,180437.5,15000.0,14960.0,276200.0,50,914
6013,132207897,0.02,-6861.825,686182.5,179692.5,94700.0,14640.0,397150.0,50,914
6014,133176868,0.02,-6919.074999999999,691907.5,186237.5,111500.0,14320.0,379850.0,50,914
6015,351275410,0.02,-4825.099999999999,482510.0,172410.0,8700.0,14600.0,286800.0,50,914
6016,365349985,0.02,-6026.075000000001,602607.5,184657.5,58800.0,13800.0,345350.0,50,914
6017,770089805,0.02,-5295.875,529587.5,175287.5,16400.0,14000.0,323900.0,50,914
6018,127470704,0.02,-8452.699999999997,845270.0,196340.0,152400.0,15280.0,481250.0,50,914
6019,282045734,0.02,-4960.575,496057.5,174387.5,52500.0,13520.0,255650.0,50,914
6020,411227484,0.02,-11061.424999999996,1106142.5,197332.5,304000.0,16360.0,588450.0,50,914
6021,330952172,0.02,-11144.275000000001,1114427.5,194637.5,350000.0,15640.0,554150.0,50,914
6022,750516347,0.02,-7819.625,781962.5,185702.5,115000.0,14760.0,466500.0,50,914
6023,378569396,0.02,-5317.799999999999,531780.0,180820.0,50600.0,13560.0,286800.0,50,914
6024,744936995,0.02,-8523.425000000003,852342.5,188622.5,219000.0,14920.0,429800.0,50,914
6025,568954962,0.02,-10515.199999999999,1051520.0,185920.0,260500.0,16200.0,588900.0,50,914
6026,888108409,0.02,-6979.575,697957.5,182157.5,118400.0,15000.0,382400.0,50,914
6027,986680184,0.02,-5907.000000000001,590700.0,181820.0,79100.0,14680.0,315100.0,50,914
6028,882717717,0.02,-5213.475,521347.5,183427.5,33300.0,14520.0,290100.0,50,914
6029,179218010,0.02,-9124.825000000003,912482.5,198542.5,205600.0,14840.0,493500.0,50,914
6030,948971771,0.02,-9889.450000000003,988945.0,202115.0,174400.0,16280.0,596150.0,50,914
6031,397887100,0.02,-7650.05,765005.0,189065.0,114100.0,15240.0,446600.0,50,914
6032,30541557,0.02,-7068.35,706835.0,187065.0,102700.0,14920.0,402150.0,50,914
6033,170728159,0.02,-6002.95,600295.0,180135.0,65600.0,14160.0,340400.0,50,914
6034,189295378,0.02,-7407.774999999998,740777.5,183077.5,109500.0,14400.0,433800.0,50,914
6035,618900795,0.02,-5883.875,588387.5,180817.5,53100.0,13720.0,340750.0,50,914
6036,386702960,0.02,-5588.925,558892.5,181802.5,87900.0,14840.0,274350.0,50,914
6037,97363802,0.02,-5852.975,585297.5,186357.5,76500.0,14640.0,307800.0,50,914
6038,884639648,0.02,-6391.225,639122.5,174492.5,111300.0,14880.0,338450.0,50,914
6039,732023300,0.02,-5745.450000000002,574545.0,186095.0,94900.0,14600.0,278950.0,50,914
6040,784748617,0.02,-7113.175000000001,711317.5,188827.5,90900.0,14240.0,417350.0,50,914
6041,645779793,0.02,-7129.225000000001,712922.5,177652.5,98100.0,14720.0,422450.0,50,914
6042,201203644,0.02,-5215.05,521505.0,186385.0,500.0,14120.0,320500.0,50,914
6043,468894430,0.02,-8361.7,836170.0,187590.0,196800.0,15080.0,436700.0,50,914
6044,157529184,0.02,-6373.124999999999,637312.5,192442.5,126500.0,13920.0,304450.0,50,914
6045,595887285,0.02,-10423.95,1042395.0,187985.0,209800.0,16760.0,627850.0,50,914
6046,507008499,0.02,-9770.800000000001,977080.0,192940.0,320200.0,15040.0,448900.0,50,914
6047,600527157,0.02,-8557.0,855700.0,180670.0,223300.0,15080.0,436650.0,50,914
6048,789736110,0.02,-7129.825000000001,712982.5,186962.5,66400.0,14920.0,444700.0,50,914
6049,417360349,0.02,-7358.775000000002,735877.5,186847.5,81200.0,13880.0,453950.0,50,914
6050,182249168,0.02,-7419.3,741930.0,184830.0,93500.0,15800.0,447800.0,50,914
6051,269637232,0.02,-7013.0999999999985,701310.0,178360.0,136600.0,15200.0,371150.0,50,914
6052,776610956,0.02,-5054.275000000001,505427.5,178097.5,6000.0,13480.0,307850.0,50,914
6053,952977855,0.02,-7398.0,739800.0,190110.0,83000.0,15640.0,451050.0,50,914
6054,56930838,0.02,-6325.225000000001,632522.5,176202.5,65000.0,15720.0,375600.0,50,914
6055,991602485,0.02,-5709.35,570935.0,178045.0,122700.0,14240.0,255950.0,50,914
6056,347594122,0.02,-6296.049999999998,629605.0,187465.0,73100.0,14240.0,354800.0,50,914
6057,518434931,0.02,-9441.375,944137.5,198107.5,238000.0,16280.0,491750.0,50,914
6058,793271031,0.02,-6238.225,623822.5,186042.5,59200.0,14080.0,364500.0,50,914
6059,401997242,0.02,-12506.325,1250632.5,195792.5,366000.0,15640.0,673200.0,50,914
6060,737719237,0.02,-7666.95,766695.0,189635.0,90900.0,16560.0,469600.0,50,914
6061,120944739,0.02,-8852.075,885207.5,187077.5,135000.0,15280.0,547850.0,50,914
6062,264923155,0.02,-10490.325,1049032.5,195912.5,212700.0,15320.0,625100.0,50,914
6063,289799357,0.02,-6821.85,682185.0,188115.0,65000.0,14720.0,414350.0,50,914
6064,556194392,0.02,-6872.874999999998,687287.5,184327.5,126600.0,13960.0,362400.0,50,914
6065,805231693,0.02,-12205.599999999995,1220560.0,198800.0,355900.0,16160.0,649700.0,50,914
6066,156687603,0.02,-6977.174999999999,697717.5,190877.5,91000.0,13640.0,402200.0,50,914
6067,872206950,0.02,-13606.5,1360650.0,197740.0,419700.0,15960.0,727250.0,50,914
6068,215462025,0.02,-8933.799999999997,893380.0,188350.0,128500.0,15680.0,560850.0,50,914
6069,712788335,0.02,-10396.275,1039627.5,188717.5,246400.0,16360.0,588150.0,50,914
6070,423080176,0.02,-9728.55,972855.0,194405.0,209900.0,16000.0,552550.0,50,914
6071,100243445,0.02,-9078.25,907825.0,186345.0,204700.0,14080.0,502700.0,50,914
6072,668799902,0.02,-7294.399999999999,729440.0,179230.0,68800.0,14360.0,467050.0,50,914
6073,380523335,0.02,-8816.025000000003,881602.5,189162.5,193200.0,15640.0,483600.0,50,914
6074,307263674,0.02,-6430.425000000001,643042.5,179942.5,21600.0,14400.0,427100.0,50,914
6075,934832022,0.02,-8033.049999999999,803305.0,181615.0,88800.0,15440.0,517450.0,50,914
6076,254474492,0.02,-7592.299999999998,759230.0,182130.0,196400.0,14400.0,366300.0,50,914
6077,182079594,0.02,-10975.025000000003,1097502.5,196312.5,291000.0,16040.0,594150.0,50,914
6078,827229846,0.02,-6985.925000000001,698592.5,187112.5,83200.0,14080.0,414200.0,50,914
6079,738362625,0.02,-7247.65,724765.0,183815.0,139600.0,15200.0,386150.0,50,914
6080,968969762,0.02,-8709.45,870945.0,194835.0,149700.0,16160.0,510250.0,50,914
6081,398920126,0.02,-9188.750000000002,918875.0,196535.0,146200.0,16440.0,559700.0,50,914
6082,970497964,0.02,-12498.3,1249830.0,201070.0,276000.0,16160.0,756600.0,50,914
6083,383317490,0.02,-5725.174999999999,572517.5,179347.5,70100.0,13720.0,309350.0,50,914
6084,941443473,0.02,-10626.675000000001,1062667.5,200817.5,276900.0,17200.0,567750.0,50,914
6085,302485392,0.02,-10381.300000000001,1038130.0,198300.0,164400.0,17080.0,658350.0,50,914
6086,668350822,0.02,-9516.45,951645.0,196205.0,176900.0,16040.0,562500.0,50,914
6087,886884777,0.02,-9987.1,998710.0,194790.0,174500.0,15520.0,613900.0,50,914
6088,310569913,0.02,-10374.350000000002,1037435.0,198945.0,211900.0,17440.0,609150.0,50,914
6089,633939784,0.02,-7709.0999999999985,770910.0,193030.0,114200.0,14680.0,449000.0,50,914
6090,863931502,0.02,-6603.2,660320.0,185990.0,48800.0,14680.0,410850.0,50,914
6091,940344617,0.02,-11718.0,1171800.0,191870.0,362200.0,16080.0,601650.0,50,914
6092,923916431,0.02,-10359.8,1035980.0,198210.0,199300.0,16120.0,622350.0,50,914
6093,271423219,0.02,-7293.075000000002,729307.5,189117.5,100500.0,15040.0,424650.0,50,915
6094,294700579,0.02,-8033.750000000002,803375.0,190815.0,169900.0,14560.0,428100.0,50,915
6095,879376974,0.02,-10301.749999999998,1030175.0,193955.0,203800.0,16920.0,615500.0,50,915
6096,635345273,0.02,-6203.325,620332.5,172752.5,123600.0,15880.0,308100.0,50,915
6097,321909506,0.02,-6862.200000000002,686220.0,187060.0,90100.0,13560.0,395500.0,50,915
6098,616731198,0.02,-7103.299999999998,710330.0,184210.0,65800.0,16320.0,444000.0,50,915
6099,928335470,0.02,-11204.075,1120407.5,198477.5,273700.0,16080.0,632150.0,50,915
6100,45989153,0.02,-6462.074999999997,646207.5,191157.5,63600.0,14600.0,376850.0,50,915
6101,905123190,0.02,-6767.05,676705.0,189045.0,145500.0,15160.0,327000.0,50,915
6102,654094411,0.02,-9492.025,949202.5,193772.5,197200.0,15080.0,543150.0,50,915
6103,578628351,0.02,-9256.825,925682.5,192082.5,103200.0,16200.0,614200.0,50,915
6104,311993078,0.02,-10043.625,1004362.5,190252.5,160600.0,16560.0,636950.0,50,915
6105,668172328,0.02,-6879.674999999998,687967.5,186127.5,90000.0,13840.0,398000.0,50,915
6106,988807930,0.02,-9288.675000000003,928867.5,190387.5,152600.0,16280.0,569600.0,50,915
6107,555343431,0.02,-7530.525000000002,753052.5,193142.5,92000.0,15960.0,451950.0,50,915
6108,877051891,0.02,-8391.149999999998,839115.0,192705.0,92800.0,15960.0,537650.0,50,915
6109,755444213,0.02,-6896.150000000001,689615.0,189175.0,24000.0,15640.0,460800.0,50,915
6110,270204283,0.02,-9648.724999999997,964872.5,190932.5,166000.0,16640.0,591300.0,50,915
6111,291578102,0.02,-9638.7,963870.0,192640.0,195500.0,16880.0,558850.0,50,915
6112,363908792,0.02,-10818.475,1081847.5,195827.5,166000.0,16320.0,703700.0,50,915
6113,140358419,0.02,-7874.949999999999,787495.0,187595.0,121400.0,14000.0,464500.0,50,915
6114,372831897,0.02,-8419.574999999999,841957.5,191397.5,145800.0,15560.0,489200.0,50,915
6115,721656901,0.02,-7828.549999999999,782855.0,193695.0,87400.0,16160.0,485600.0,50,915
6116,148385372,0.02,-8136.549999999999,813655.0,189565.0,159400.0,15040.0,449650.0,50,915
6117,774908249,0.02,-5386.0999999999985,538610.0,182760.0,64200.0,13800.0,277850.0,50,915
6118,320916238,0.02,-6833.2750000000015,683327.5,185587.5,97900.0,14840.0,385000.0,50,915
6119,954741606,0.02,-5563.975,556397.5,179747.5,29200.0,13800.0,333650.0,50,915
6120,684056075,0.02,-6266.175,626617.5,175927.5,90100.0,15640.0,344950.0,50,915
6121,654650431,0.02,-7262.725,726272.5,177532.5,86900.0,14840.0,447000.0,50,915
6122,197196546,0.02,-7773.200000000001,777320.0,190080.0,79000.0,16040.0,492200.0,50,915
6123,12451984,0.02,-10002.550000000001,1000255.0,190685.0,286100.0,16520.0,506950.0,50,915
6124,172512178,0.02,-10962.874999999998,1096287.5,201187.5,215300.0,16600.0,663200.0,50,915
6125,977155357,0.02,-8296.925000000001,829692.5,191362.5,120200.0,15880.0,502250.0,50,915
6126,757339762,0.02,-6073.100000000001,607310.0,189670.0,52000.0,14040.0,351600.0,50,915
6127,95766851,0.02,-7373.850000000001,737385.0,193665.0,99300.0,13920.0,430500.0,50,915
6128,380159147,0.02,-6013.274999999999,601327.5,192477.5,81900.0,14200.0,312750.0,50,915
6129,428045101,0.02,-5722.4,572240.0,188780.0,77700.0,14160.0,291600.0,50,915
6130,124218191,0.02,-6585.2750000000015,658527.5,186517.5,38000.0,14960.0,419050.0,50,915
6131,100441744,0.02,-7891.875000000003,789187.5,196857.5,144400.0,14080.0,433850.0,50,915
6132,396783948,0.02,-10325.624999999996,1032562.5,199182.5,236700.0,16480.0,580200.0,50,915
6133,71847599,0.02,-7165.249999999997,716525.0,195005.0,74300.0,15520.0,431700.0,50,915
6134,957802894,0.02,-6471.55,647155.0,179515.0,32600.0,14640.0,420400.0,50,915
6135,780108130,0.02,-7376.525,737652.5,185042.5,130500.0,15760.0,406350.0,50,916
6136,977313065,0.02,-7555.200000000001,755520.0,190830.0,114500.0,16040.0,434150.0,50,916
6137,883019408,0.02,-9763.400000000003,976340.0,189770.0,177700.0,16920.0,591950.0,50,916
6138,469737973,0.02,-6717.650000000002,671765.0,188495.0,101600.0,14520.0,367150.0,50,916
6139,214037118,0.02,-8178.2,817820.0,188700.0,157900.0,14520.0,456700.0,50,916
6140,383534793,0.02,-8086.9,808690.0,177930.0,105200.0,15760.0,509800.0,50,916
6141,992075360,0.02,-5482.700000000001,548270.0,183500.0,30000.0,14520.0,320250.0,50,916
6142,808918720,0.02,-8351.15,835115.0,194805.0,73800.0,16160.0,550350.0,50,916
6143,855872812,0.02,-8290.599999999999,829060.0,192560.0,91200.0,15800.0,529500.0,50,916
6144,205365694,0.02,-5049.325000000001,504932.5,180052.5,37200.0,14280.0,273400.0,50,916
6145,384384474,0.02,-9697.425000000001,969742.5,197802.5,187900.0,15640.0,568400.0,50,916
6146,908296927,0.02,-5929.875,592987.5,185817.5,36000.0,14320.0,356850.0,50,916
6147,870422393,0.02,-4569.600000000001,456960.0,180960.0,37900.0,14600.0,223500.0,50,916
6148,51846907,0.02,-6939.874999999999,693987.5,190397.5,124800.0,12840.0,365950.0,50,916
6149,384159953,0.02,-7108.950000000002,710895.0,187075.0,105600.0,14720.0,403500.0,50,916
6150,955269593,0.02,-9820.025,982002.5,197582.5,229700.0,16120.0,538600.0,50,916
6151,889931541,0.02,-6867.174999999999,686717.5,187087.5,76500.0,15280.0,407850.0,50,917
6152,136107025,0.02,-6297.175,629717.5,185227.5,48000.0,15240.0,381250.0,50,917
6153,122481106,0.02,-5360.874999999999,536087.5,185647.5,12500.0,15040.0,322900.0,50,917
6154,288760080,0.02,-8111.7249999999985,811172.5,189092.5,224400.0,14880.0,382800.0,50,917
6155,870579287,0.02,-8437.724999999999,843772.5,191922.5,192400.0,14000.0,445450.0,50,917
6156,254182329,0.02,-9296.449999999999,929645.0,198245.0,140900.0,16400.0,574100.0,50,917
6157,862492836,0.02,-6711.150000000001,671115.0,180905.0,75100.0,14160.0,400950.0,50,917
6158,411706396,0.02,-7019.05,701905.0,194945.0,95200.0,15160.0,396600.0,50,917
6159,623687246,0.02,-7074.424999999999,707442.5,193622.5,78300.0,14120.0,421400.0,50,917
6160,455486741,0.02,-7484.524999999998,748452.5,190302.5,114800.0,16200.0,427150.0,50,917
6161,830632005,0.02,-7088.875000000001,708887.5,190177.5,170000.0,13760.0,334950.0,50,917
6162,158573827,0.02,-9761.499999999998,976150.0,198680.0,297400.0,16120.0,463950.0,50,917
6163,399094177,0.02,-10844.975,1084497.5,198487.5,176700.0,16360.0,692950.0,50,917
6164,125013690,0.02,-7283.9749999999985,728397.5,188107.5,104400.0,15440.0,420450.0,50,917
6165,652281737,0.02,-8540.25,854025.0,193265.0,196000.0,14360.0,450400.0,50,917
6166,588623332,0.02,-10732.050000000001,1073205.0,193505.0,376500.0,16200.0,487000.0,50,917
6167,787579302,0.02,-7309.299999999999,730930.0,185760.0,82200.0,14720.0,448250.0,50,917
6168,432885185,0.02,-6818.824999999997,681882.5,188682.5,98200.0,14600.0,380400.0,50,917
6169,691227238,0.02,-5773.224999999999,577322.5,184012.5,77600.0,14760.0,300950.0,50,917
6170,645459217,0.02,-7821.925000000002,782192.5,192992.5,155800.0,14000.0,419400.0,50,917
6171,100124116,0.02,-7722.499999999998,772250.0,188350.0,174500.0,15400.0,394000.0,50,917
6172,366522582,0.02,-7263.875000000001,726387.5,189257.5,60600.0,15680.0,460850.0,50,917
6173,164502658,0.02,-5818.900000000001,581890.0,170620.0,55900.0,13920.0,341450.0,50,917
6174,444389806,0.02,-5470.424999999998,547042.5,185422.5,29700.0,14120.0,317800.0,50,917
6175,388445733,0.02,-7880.025000000001,788002.5,180972.5,132200.0,15680.0,459150.0,50,917
6176,258311206,0.02,-6839.024999999999,683902.5,188042.5,58900.0,15960.0,421000.0,50,917
6177,915768211,0.02,-7581.675000000002,758167.5,189997.5,145000.0,14920.0,408250.0,50,917
6178,513932981,0.02,-13606.250000000002,1360625.0,206265.0,411600.0,17160.0,725600.0,50,917
6179,923186582,0.02,-11062.050000000001,1106205.0,198655.0,277900.0,16200.0,613450.0,50,917
6180,894360308,0.02,-10132.35,1013235.0,193655.0,317500.0,15280.0,486800.0,50,917
6181,894599202,0.02,-8347.025000000001,834702.5,189402.5,186000.0,15600.0,443700.0,50,917
6182,763495398,0.02,-7846.424999999999,784642.5,189322.5,191900.0,15520.0,387900.0,50,917
6183,206798466,0.02,-10072.575,1007257.5,192747.5,243900.0,15960.0,554650.0,50,917
6184,988309245,0.02,-9605.625000000002,960562.5,194902.5,240700.0,15360.0,509600.0,50,917
6185,481774722,0.02,-7416.849999999999,741685.0,188275.0,147700.0,14760.0,390950.0,50,917
6186,592532648,0.02,-5360.1500000000015,536015.0,181495.0,70800.0,13520.0,270200.0,50,917
6187,802015687,0.02,-9216.375,921637.5,195117.5,247300.0,14520.0,464700.0,50,917
6188,811256333,0.02,-6686.85,668685.0,187675.0,100100.0,14160.0,366750.0,50,917
6189,696706270,0.02,-6457.175,645717.5,187937.5,80300.0,15280.0,362200.0,50,917
6190,999172060,0.02,-10094.099999999999,1009410.0,193040.0,209300.0,16720.0,590350.0,50,917
6191,357578826,0.02,-9731.075000000003,973107.5,186937.5,212200.0,15320.0,558650.0,50,917
6192,441113344,0.02,-7337.425,733742.5,182872.5,143200.0,14520.0,393150.0,50,917
6193,615997224,0.02,-6239.125000000001,623912.5,168252.5,117300.0,14360.0,324000.0,50,917
6194,419678003,0.02,-10115.324999999999,1011532.5,188682.5,376500.0,14400.0,431950.0,50,917
6195,77647969,0.02,-7508.325000000001,750832.5,185602.5,79400.0,14880.0,470950.0,50,917
6196,802445505,0.02,-8823.825,882382.5,189062.5,117300.0,14120.0,561900.0,50,917
6197,887289607,0.02,-8564.35,856435.0,192915.0,111000.0,16720.0,535800.0,50,917
6198,840393916,0.02,-4077.5249999999996,407752.5,165402.5,34000.0,13200.0,195150.0,50,917
6199,535529436,0.02,-12158.324999999999,1215832.5,194852.5,321700.0,16480.0,682800.0,50,917
6200,339002480,0.02,-7848.2249999999985,784822.5,182602.5,159200.0,15320.0,427700.0,50,917
6201,640038023,0.02,-7002.2,700220.0,184330.0,80900.0,14440.0,420550.0,50,917
6202,426180410,0.02,-8029.375000000002,802937.5,189227.5,172700.0,15160.0,425850.0,50,917
6203,828455553,0.02,-5993.825,599382.5,176452.5,64300.0,14280.0,344350.0,50,917
6204,460992579,0.02,-5148.3,514830.0,178470.0,97600.0,13960.0,224800.0,50,917
6205,763221996,0.02,-9372.05,937205.0,188285.0,280000.0,15120.0,453800.0,50,917
6206,853514299,0.02,-11035.5,1103550.0,199320.0,323800.0,15880.0,564550.0,50,917
6207,799873515,0.02,-7540.0750000000035,754007.5,188947.5,146500.0,14760.0,403800.0,50,917
6208,814870299,0.02,-8124.974999999999,812497.5,184327.5,188800.0,14520.0,424850.0,50,917
6209,556474071,0.02,-10087.975,1008797.5,199777.5,152100.0,16520.0,640400.0,50,917
6210,263157893,0.02,-8358.875,835887.5,185957.5,218000.0,15680.0,416250.0,50,917
6211,961006076,0.02,-5672.825000000001,567282.5,178762.5,56800.0,13720.0,318000.0,50,917
6212,19828974,0.02,-9009.625,900962.5,188972.5,212600.0,16040.0,483350.0,50,917
6213,188460750,0.02,-10348.099999999999,1034810.0,187760.0,262200.0,15800.0,569050.0,50,917
6214,273721251,0.02,-6892.124999999999,689212.5,189442.5,113500.0,13320.0,372950.0,50,917
6215,769875153,0.02,-7106.250000000001,710625.0,187395.0,131100.0,15080.0,377050.0,50,917
6216,514598941,0.02,-7100.299999999999,710030.0,181910.0,121200.0,14720.0,392200.0,50,917
6217,4710508,0.02,-9167.824999999999,916782.5,187912.5,233600.0,16520.0,478750.0,50,917
6218,777664393,0.02,-5356.974999999998,535697.5,176427.5,44700.0,14720.0,299850.0,50,917
6219,911739004,0.02,-6604.875000000001,660487.5,184457.5,78400.0,13880.0,383750.0,50,917
6220,828991462,0.02,-6969.924999999999,696992.5,178002.5,139700.0,14440.0,364850.0,50,917
6221,136584034,0.02,-7140.425,714042.5,184582.5,113600.0,14960.0,400900.0,50,917
6222,572473955,0.02,-6661.875000000001,666187.5,181247.5,81200.0,13240.0,390500.0,50,917
6223,279061739,0.02,-7176.3,717630.0,187710.0,112000.0,13320.0,404600.0,50,917
6224,862463464,0.02,-10248.624999999998,1024862.5,189892.5,262100.0,14920.0,557950.0,50,917
6225,541980209,0.02,-7968.299999999999,796830.0,186230.0,120900.0,15800.0,473900.0,50,917
6226,771273672,0.02,-6794.425,679442.5,186912.5,128100.0,14080.0,350350.0,50,917
6227,438493178,0.02,-7190.7750000000015,719077.5,178927.5,137000.0,15200.0,387950.0,50,917
6228,912371764,0.02,-6067.475000000001,606747.5,172027.5,69200.0,13920.0,351600.0,50,917
6229,633497979,0.02,-6194.5250000000015,619452.5,171392.5,152400.0,13960.0,281700.0,50,917
6230,277727603,0.02,-8566.175000000003,856617.5,185537.5,194700.0,14480.0,461900.0,50,918
6231,480789423,0.02,-6651.225,665122.5,185842.5,104800.0,13680.0,360800.0,50,918
6232,784777836,0.02,-7679.749999999999,767975.0,180025.0,171000.0,14200.0,402750.0,50,918
6233,430802228,0.02,-6779.45,677945.0,186455.0,75700.0,12840.0,402950.0,50,918
6234,350854980,0.02,-8603.024999999998,860302.5,192142.5,213100.0,13960.0,441100.0,50,918
6235,76855416,0.02,-9117.7,911770.0,188190.0,202400.0,15080.0,506100.0,50,918
6236,608661945,0.02,-13111.325000000003,1311132.5,199982.5,343000.0,16600.0,751550.0,50,918
6237,193518016,0.02,-9240.675,924067.5,196467.5,213900.0,15800.0,497900.0,50,918
6238,610136554,0.02,-8766.474999999999,876647.5,191937.5,131800.0,14760.0,538150.0,50,918
6239,454842844,0.02,-7793.024999999998,779302.5,189592.5,173600.0,15960.0,400150.0,50,918
6240,730455813,0.02,-10169.625000000002,1016962.5,199422.5,240100.0,15440.0,562000.0,50,918
6241,139359174,0.02,-8431.025,843102.5,184702.5,154600.0,14800.0,489000.0,50,918
6242,835140914,0.02,-9480.5,948050.0,193290.0,143100.0,17360.0,594300.0,50,918
6243,966637359,0.02,-4699.775000000001,469977.5,161237.5,47200.0,12840.0,248700.0,50,919
6244,437800396,0.02,-7617.399999999999,761740.0,192760.0,141600.0,14080.0,413300.0,50,919
6245,709304889,0.02,-6075.7,607570.0,180650.0,34100.0,14120.0,378700.0,50,920
6246,686952541,0.02,-8941.200000000003,894120.0,191460.0,215400.0,14960.0,472300.0,50,920
6247,852095830,0.02,-5482.175,548217.5,173567.5,39000.0,14600.0,321050.0,50,920
6248,995794520,0.02,-11043.900000000001,1104390.0,186840.0,317000.0,16600.0,583950.0,50,920
6249,649939926,0.02,-6141.1500000000015,614115.0,181405.0,70500.0,15760.0,346450.0,50,920
6250,344190720,0.02,-6289.024999999998,628902.5,176682.5,78400.0,14720.0,359100.0,50,920
6251,681043420,0.02,-6963.450000000002,696345.0,185925.0,55000.0,15120.0,440300.0,50,920
6252,386695038,0.02,-11879.7,1187970.0,193870.0,363600.0,16800.0,613700.0,50,920
6253,856095172,0.02,-6711.650000000002,671165.0,177825.0,94200.0,15240.0,383900.0,50,920
6254,329772116,0.02,-6554.599999999999,655460.0,182540.0,60400.0,14520.0,398000.0,50,920
6255,164189038,0.02,-8923.900000000001,892390.0,201510.0,185000.0,14880.0,491000.0,50,920
6256,968996812,0.02,-6562.700000000001,656270.0,185400.0,121800.0,15920.0,333150.0,50,920
6257,393165357,0.02,-9762.700000000004,976270.0,190110.0,161400.0,14760.0,610000.0,50,920
6258,677659111,0.02,-5973.225000000001,597322.5,179112.5,98000.0,14960.0,305250.0,50,920
6259,449708242,0.02,-6322.049999999999,632205.0,178695.0,52000.0,14160.0,387350.0,50,920
6260,148114151,0.02,-10272.549999999997,1027255.0,194815.0,201500.0,15840.0,615100.0,50,920
6261,173386046,0.02,-8894.95,889495.0,187655.0,207100.0,15440.0,479300.0,50,920
6262,602008917,0.02,-9990.575,999057.5,187057.5,187000.0,16600.0,608400.0,50,920
6263,715523817,0.02,-6004.625000000001,600462.5,176452.5,52500.0,15160.0,356350.0,50,920
6264,356863100,0.02,-5124.3,512430.0,176490.0,57600.0,12440.0,265900.0,50,920
6265,794700986,0.02,-7001.275000000001,700127.5,185817.5,62200.0,14360.0,437750.0,50,920
6266,46921013,0.02,-11080.050000000001,1108005.0,194045.0,335100.0,16160.0,562700.0,50,920
6267,125994688,0.02,-5424.825,542482.5,183932.5,46100.0,13800.0,298650.0,50,920
6268,748671069,0.02,-6708.875,670887.5,185217.5,128000.0,14720.0,342950.0,50,920
6269,282628226,0.02,-7807.224999999999,780722.5,191712.5,98500.0,15960.0,474550.0,50,920
6270,244550833,0.02,-7770.449999999999,777045.0,187735.0,138600.0,14560.0,436150.0,50,922
6271,972204349,0.02,-10953.449999999999,1095345.0,192045.0,263600.0,16600.0,623100.0,50,922
6272,887149657,0.02,-8809.2,880920.0,178810.0,124100.0,15160.0,562850.0,50,922
6273,462262590,0.02,-11710.475,1171047.5,196637.5,284300.0,15760.0,674350.0,50,922
6274,927875432,0.02,-5165.000000000001,516500.0,176500.0,47300.0,15000.0,277700.0,50,922
6275,411426287,0.02,-5746.575000000001,574657.5,176247.5,100500.0,14560.0,283350.0,50,922
6276,534185056,0.02,-5931.749999999999,593175.0,170075.0,56900.0,15000.0,351200.0,50,923
6277,313731556,0.02,-6844.124999999998,684412.5,182422.5,122000.0,14440.0,365550.0,50,923
6278,469196151,0.02,-14651.000000000002,1465100.0,200210.0,477700.0,16040.0,771150.0,50,923
6279,220046427,0.02,-12171.575,1217157.5,197767.5,263200.0,16440.0,739750.0,50,923
6280,63930008,0.02,-10908.875000000002,1090887.5,184577.5,317000.0,15960.0,573350.0,50,923
6281,793308378,0.02,-8383.825,838382.5,193232.5,108900.0,14600.0,521650.0,50,923
6282,641027953,0.02,-11958.000000000004,1195800.0,192070.0,325700.0,15480.0,662550.0,50,923
6283,110295464,0.02,-6335.499999999999,633550.0,181850.0,116500.0,14800.0,320400.0,50,923
6284,390515831,0.02,-8641.625,864162.5,188352.5,108400.0,16160.0,551250.0,50,923
6285,66518901,0.02,-10079.55,1007955.0,186795.0,187200.0,15160.0,618800.0,50,923
6286,641077504,0.02,-8759.625,875962.5,191912.5,116600.0,14400.0,553050.0,50,923
6287,400231926,0.02,-11063.675,1106367.5,194917.5,184300.0,16200.0,710950.0,50,923
6288,249637885,0.02,-7828.200000000001,782820.0,174200.0,128600.0,15320.0,464700.0,50,923
6289,327664857,0.02,-7719.375000000001,771937.5,181867.5,153900.0,14520.0,421650.0,50,923
6290,738813664,0.02,-5395.5,539550.0,174000.0,44500.0,14600.0,306450.0,50,923
6291,22628669,0.02,-9059.749999999998,905975.0,185775.0,133000.0,15800.0,571400.0,50,923
6292,69278008,0.02,-8533.449999999999,853345.0,191285.0,195600.0,13160.0,453300.0,50,923
6293,993227084,0.02,-7277.625000000001,727762.5,180442.5,129200.0,14520.0,403600.0,50,923
6294,190745090,0.02,-7766.949999999999,776695.0,183385.0,127900.0,13960.0,451450.0,50,923
6295,908507347,0.02,-10171.05,1017105.0,191095.0,234700.0,15560.0,575750.0,50,923
6296,726296268,0.02,-6932.75,693275.0,186105.0,98200.0,13920.0,395050.0,50,923
6297,764293459,0.02,-7678.4000000000015,767840.0,178930.0,169000.0,14760.0,405150.0,50,923
6298,497122956,0.02,-8472.55,847255.0,178025.0,271500.0,14680.0,383050.0,50,923
6299,668201337,0.02,-8992.45,899245.0,194185.0,221100.0,15760.0,468200.0,50,923
6300,509219247,0.02,-6176.975000000001,617697.5,179287.5,65200.0,14560.0,358650.0,50,923
6301,634907270,0.02,-6425.399999999998,642540.0,184350.0,70800.0,14840.0,372550.0,50,923
6302,791584831,0.02,-8509.125,850912.5,197892.5,145500.0,15720.0,491800.0,50,923
6303,272514968,0.02,-6859.174999999999,685917.5,185827.5,113600.0,14440.0,372050.0,50,923
6304,247600280,0.02,-8286.500000000002,828650.0,194790.0,60500.0,15760.0,557600.0,50,923
6305,340240846,0.02,-7517.525000000001,751752.5,190192.5,163700.0,14760.0,383100.0,50,923
6306,309982977,0.02,-9302.224999999999,930222.5,190472.5,183700.0,15200.0,540850.0,50,923
6307,601462660,0.02,-6615.649999999999,661565.0,176225.0,90400.0,15040.0,379900.0,50,923
6308,850789863,0.02,-6479.350000000002,647935.0,179595.0,99800.0,14840.0,353700.0,50,923
6309,993560405,0.02,-6368.699999999999,636870.0,191500.0,102000.0,14520.0,328850.0,50,923
6310,397711113,0.02,-8923.65,892365.0,189355.0,167800.0,14760.0,520450.0,50,923
6311,3268981,0.02,-6581.250000000001,658125.0,181425.0,117100.0,13800.0,345800.0,50,923
6312,920256739,0.02,-8168.274999999999,816827.5,193477.5,95900.0,15800.0,511650.0,50,923
6313,913678768,0.02,-10728.35,1072835.0,196235.0,287700.0,16800.0,572100.0,50,923
6314,845386221,0.02,-10708.175000000001,1070817.5,195817.5,264800.0,15600.0,594600.0,50,923
6315,258177891,0.02,-8325.825,832582.5,195442.5,122500.0,15440.0,499200.0,50,923
6316,679022849,0.02,-9072.149999999998,907215.0,195745.0,194800.0,15920.0,500750.0,50,923
6317,831716650,0.02,-10947.949999999997,1094795.0,195795.0,287300.0,17200.0,594500.0,50,923
6318,145105561,0.02,-8381.8,838180.0,190680.0,124400.0,15200.0,507900.0,50,923
6319,939808683,0.02,-7727.524999999997,772752.5,185232.5,74600.0,14920.0,498000.0,50,923
6320,966876888,0.02,-12392.625000000002,1239262.5,203022.5,271500.0,16640.0,748100.0,50,923
6321,671148598,0.02,-7075.925,707592.5,185222.5,65400.0,15520.0,441450.0,50,923
6322,783914889,0.02,-6701.5250000000015,670152.5,166452.5,111200.0,16000.0,376500.0,50,923
6323,552934023,0.02,-9489.825000000003,948982.5,193122.5,150300.0,15560.0,590000.0,50,923
6324,753361748,0.02,-6165.975,616597.5,183577.5,7600.0,14320.0,411100.0,50,923
6325,781569715,0.02,-7425.625,742562.5,185052.5,51000.0,15160.0,491350.0,50,923
6326,862051436,0.02,-7771.7,777170.0,187900.0,59100.0,15520.0,514650.0,50,923
6327,648709187,0.02,-7131.275000000002,713127.5,176127.5,187000.0,14200.0,335800.0,50,923
6328,119935250,0.02,-9291.75,929175.0,195135.0,142800.0,15840.0,575400.0,50,923
6329,45197673,0.02,-10487.624999999998,1048762.5,183812.5,260600.0,15600.0,588750.0,50,923
6330,223361841,0.02,-7122.9000000000015,712290.0,179140.0,172400.0,14800.0,345950.0,50,923
6331,325367642,0.02,-8947.25,894725.0,192775.0,200100.0,16400.0,485450.0,50,923
6332,897237939,0.02,-8239.75,823975.0,191925.0,143700.0,16200.0,472150.0,50,923
6333,93277650,0.02,-7180.3,718030.0,180600.0,162600.0,15080.0,359750.0,50,923
6334,779280528,0.02,-8967.775000000003,896777.5,186677.5,181700.0,16000.0,512400.0,50,923
6335,197658049,0.02,-6762.549999999999,676255.0,180085.0,109700.0,14120.0,372350.0,50,923
6336,508652528,0.02,-6406.824999999998,640682.5,180542.5,52500.0,15040.0,392600.0,50,923
6337,850889329,0.02,-7163.724999999998,716372.5,185772.5,145200.0,15200.0,370200.0,50,923
6338,581614082,0.02,-7315.4,731540.0,188490.0,81900.0,14400.0,446750.0,50,923
6339,941295614,0.02,-5433.575,543357.5,160727.5,148800.0,13880.0,219950.0,50,925
6340,688738194,0.02,-6997.850000000002,699785.0,183545.0,137600.0,14440.0,364200.0,50,925
6341,94302610,0.02,-5379.425,537942.5,177192.5,99700.0,14000.0,247050.0,50,925
6342,904550274,0.02,-5519.050000000001,551905.0,171805.0,101600.0,15600.0,262900.0,50,925
6343,712818887,0.02,-6769.350000000001,676935.0,194515.0,46000.0,14120.0,422300.0,50,925
6344,936384231,0.02,-10509.374999999998,1050937.5,196227.5,237600.0,16560.0,600550.0,50,925
6345,677477803,0.02,-9685.750000000002,968575.0,195405.0,202100.0,16520.0,554550.0,50,925
6346,148681848,0.02,-8977.399999999998,897740.0,186660.0,153100.0,15080.0,542900.0,50,925
6347,88028305,0.02,-6975.0999999999985,697510.0,181080.0,89900.0,14680.0,411850.0,50,925
6348,268308868,0.02,-7660.0250000000015,766002.5,171942.5,157800.0,14560.0,421700.0,50,925
6349,83651575,0.02,-6864.4,686440.0,182400.0,21800.0,14440.0,467800.0,50,925
6350,379154855,0.02,-10267.299999999997,1026730.0,187930.0,253000.0,16200.0,569600.0,50,925
6351,554598541,0.02,-6500.674999999998,650067.5,172087.5,130200.0,13880.0,333900.0,50,925
6352,876616873,0.02,-8913.700000000003,891370.0,190380.0,50700.0,16440.0,633850.0,50,925
6353,746429951,0.02,-10353.775,1035377.5,194687.5,238400.0,15240.0,587050.0,50,925
6354,355848001,0.02,-9246.05,924605.0,197735.0,134300.0,15920.0,576650.0,50,925
6355,944927804,0.02,-7629.499999999999,762950.0,191260.0,151500.0,14840.0,405350.0,50,925
6356,933343342,0.02,-14119.175000000001,1411917.5,208027.5,442100.0,17040.0,744750.0,50,925
6357,971084529,0.02,-9805.949999999999,980595.0,191285.0,123900.0,16560.0,648850.0,50,925
6358,956138346,0.02,-9566.75,956675.0,198285.0,152800.0,16440.0,589150.0,50,925
6359,612674009,0.02,-6679.55,667955.0,187555.0,66200.0,15600.0,398600.0,50,925
6360,878763947,0.02,-8125.55,812555.0,192135.0,188600.0,15920.0,415900.0,50,925
6361,838644283,0.02,-12912.300000000001,1291230.0,199480.0,364700.0,16800.0,710250.0,50,925
6362,93718246,0.02,-11734.175000000001,1173417.5,200137.5,268700.0,16680.0,687900.0,50,925
6363,91751845,0.02,-9842.974999999999,984297.5,200157.5,194000.0,14240.0,575900.0,50,925
6364,495859786,0.02,-9329.775,932977.5,189807.5,201300.0,15520.0,526350.0,50,925
6365,532134506,0.02,-11094.05,1109405.0,191935.0,222800.0,17120.0,677550.0,50,925
6366,636757900,0.02,-7700.6500000000015,770065.0,187785.0,130900.0,14480.0,436900.0,50,925
6367,88800772,0.02,-6689.999999999999,669000.0,188420.0,120400.0,14880.0,345300.0,50,925
6368,778842903,0.02,-6282.050000000001,628205.0,177635.0,97400.0,14520.0,338650.0,50,925
6369,861732658,0.02,-10670.575000000003,1067057.5,192677.5,248200.0,16880.0,609300.0,50,925
6370,830890499,0.02,-6641.350000000001,664135.0,188195.0,71000.0,16040.0,388900.0,50,925
6371,946328418,0.02,-12327.724999999997,1232772.5,204692.5,327700.0,17480.0,682900.0,50,925
6372,411315243,0.02,-11676.625000000004,1167662.5,198992.5,353600.0,16320.0,598750.0,50,925
6373,306950191,0.02,-7159.9749999999985,715997.5,186307.5,83200.0,14640.0,431850.0,50,927
6374,415836325,0.02,-10545.425,1054542.5,200442.5,260500.0,16600.0,577000.0,50,927
6375,813411369,0.02,-10308.224999999999,1030822.5,191752.5,219000.0,16520.0,603550.0,50,927
6376,21255299,0.02,-7470.800000000001,747080.0,184580.0,82200.0,16400.0,463900.0,50,927
6377,721692730,0.02,-6966.0999999999985,696610.0,187190.0,59600.0,15720.0,434100.0,50,927
6378,874953922,0.02,-7997.800000000001,799780.0,191860.0,147200.0,15320.0,445400.0,50,927
6379,266074039,0.02,-8545.400000000001,854540.0,196610.0,102300.0,15880.0,539750.0,50,927
6380,913749259,0.02,-9559.125,955912.5,199492.5,165000.0,15520.0,575900.0,50,927
6381,550326844,0.02,-8863.175000000001,886317.5,194667.5,149400.0,15600.0,526650.0,50,927
6382,555518527,0.02,-11661.574999999999,1166157.5,198587.5,196900.0,16520.0,754150.0,50,927
6383,583570343,0.02,-7160.575000000001,716057.5,190327.5,85200.0,15480.0,425050.0,50,927
6384,563975777,0.02,-10262.549999999997,1026255.0,193055.0,254300.0,15800.0,563100.0,50,927
6385,915613265,0.02,-8637.350000000002,863735.0,197535.0,151600.0,16600.0,498000.0,50,927
6386,324133855,0.02,-11347.075,1134707.5,188887.5,393200.0,15120.0,537500.0,50,927
6387,981549668,0.02,-9356.825000000003,935682.5,198522.5,212500.0,15760.0,508900.0,50,927
6388,296553641,0.02,-10189.224999999999,1018922.5,193132.5,224600.0,16440.0,584750.0,50,927
6389,56057869,0.02,-9211.949999999999,921195.0,194685.0,261300.0,14560.0,450650.0,50,927
6390,886387851,0.02,-8594.699999999999,859470.0,190240.0,104300.0,16080.0,548850.0,50,927
6391,753617514,0.02,-7915.475,791547.5,197057.5,173600.0,15240.0,405650.0,50,927
6392,618976098,0.02,-7598.475000000002,759847.5,191037.5,112200.0,14160.0,442450.0,50,927
6393,165476347,0.02,-8761.05,876105.0,185425.0,161100.0,16080.0,513500.0,50,927
6394,737500020,0.02,-9598.350000000002,959835.0,196255.0,229500.0,16080.0,518000.0,50,927
6395,686340122,0.02,-8222.5,822250.0,192170.0,42300.0,17280.0,570500.0,50,927
6396,299983015,0.02,-10327.3,1032730.0,191800.0,201500.0,16680.0,622750.0,50,927
6397,820431569,0.02,-7496.475000000001,749647.5,186347.5,112600.0,15600.0,435100.0,50,927
6398,257335850,0.02,-9261.024999999998,926102.5,197402.5,155400.0,15600.0,557700.0,50,927
6399,235911066,0.02,-7126.674999999999,712667.5,177747.5,70900.0,15320.0,448700.0,50,927
6400,874683472,0.02,-7100.174999999998,710017.5,194457.5,126800.0,14560.0,374200.0,50,927
6401,463022969,0.02,-6022.325,602232.5,173302.5,85000.0,14080.0,329850.0,50,927
6402,99126672,0.02,-8294.225,829422.5,185942.5,165500.0,14680.0,463300.0,50,927
6403,840030900,0.02,-8658.925,865892.5,176552.5,199200.0,16040.0,474100.0,50,927
6404,441915746,0.02,-7989.274999999999,798927.5,191857.5,125200.0,13520.0,468350.0,50,927
6405,316753361,0.02,-11048.250000000002,1104825.0,186765.0,372600.0,16960.0,528500.0,50,927
6406,146400184,0.02,-6297.1,629710.0,187840.0,49900.0,14920.0,377050.0,50,927
6407,539368772,0.02,-5154.175,515417.5,173457.5,85500.0,13760.0,242700.0,50,927
6408,320896296,0.02,-10223.775000000001,1022377.5,192557.5,323900.0,15320.0,490600.0,50,927
6409,540176388,0.02,-7874.400000000002,787440.0,187920.0,102400.0,15920.0,481200.0,50,927
6410,144910858,0.02,-8411.699999999999,841170.0,191440.0,126900.0,15280.0,507550.0,50,927
6411,385795874,0.02,-7975.824999999999,797582.5,181792.5,130500.0,15640.0,469650.0,50,927
6412,583804559,0.02,-8599.325,859932.5,185312.5,106600.0,15920.0,552100.0,50,927
6413,506044763,0.02,-6567.875000000001,656787.5,174207.5,119700.0,13680.0,349200.0,50,927
6414,991879904,0.02,-7528.549999999999,752855.0,180975.0,168900.0,14880.0,388100.0,50,927
6415,251902054,0.02,-6827.6500000000015,682765.0,173415.0,109200.0,15000.0,385150.0,50,928
6416,660005348,0.02,-10419.275000000001,1041927.5,192777.5,225800.0,16200.0,607150.0,50,928
6417,578039749,0.02,-7694.775000000001,769477.5,172607.5,157100.0,14320.0,425450.0,50,928
6418,68712003,0.02,-6621.125000000001,662112.5,176312.5,119600.0,13600.0,352600.0,50,928
6419,256815152,0.02,-6778.325000000002,677832.5,192302.5,103200.0,14480.0,367850.0,50,928
6420,806392579,0.02,-5283.449999999998,528345.0,170935.0,58200.0,14760.0,284450.0,50,928
6421,558531594,0.02,-6761.099999999999,676110.0,170300.0,52400.0,15960.0,437450.0,50,928
6422,235417599,0.02,-6225.500000000001,622550.0,181040.0,45100.0,13560.0,382850.0,50,928
6423,625947793,0.02,-8383.274999999998,838327.5,185437.5,139900.0,14440.0,498550.0,50,928
6424,181182443,0.02,-7228.025000000001,722802.5,169932.5,140300.0,13720.0,398850.0,50,928
6425,341730012,0.02,-7810.800000000001,781080.0,175640.0,163400.0,14640.0,427400.0,50,928
6426,56337031,0.02,-6326.8,632680.0,179390.0,67700.0,14240.0,371350.0,50,928
6427,670891446,0.02,-7744.275,774427.5,182707.5,98300.0,15520.0,477900.0,50,928
6428,606897247,0.02,-9902.65,990265.0,189925.0,198400.0,15240.0,586700.0,50,928
6429,568324008,0.02,-8932.225,893222.5,184462.5,222100.0,14160.0,472500.0,50,928
6430,957313654,0.02,-11082.199999999999,1108220.0,185310.0,320700.0,14960.0,587250.0,50,928
6431,939561535,0.02,-8267.125000000002,826712.5,179822.5,100000.0,15240.0,531650.0,50,928
6432,119522975,0.02,-8992.050000000001,899205.0,192435.0,228500.0,15720.0,462550.0,50,928
6433,881852215,0.02,-9618.199999999999,961820.0,181300.0,257400.0,15320.0,507800.0,50,929
6434,400629949,0.02,-9258.375,925837.5,191837.5,223900.0,14800.0,495300.0,50,929
6435,78410784,0.02,-7005.450000000001,700545.0,179165.0,120000.0,15080.0,386300.0,50,929
6436,224842596,0.02,-6467.174999999999,646717.5,195417.5,50700.0,14400.0,386200.0,50,929
6437,168878302,0.02,-6727.95,672795.0,179675.0,143900.0,15120.0,334100.0,50,929
6438,372562346,0.02,-6889.099999999999,688910.0,184170.0,182500.0,13640.0,308600.0,50,929
6439,617642196,0.02,-10931.850000000004,1093185.0,195955.0,293000.0,16480.0,587750.0,50,929
6440,878213778,0.02,-9196.824999999997,919682.5,186902.5,243300.0,15480.0,474000.0,50,929
6441,256380202,0.02,-6686.199999999999,668620.0,182410.0,102200.0,14560.0,369450.0,50,929
6442,436942807,0.02,-7141.224999999997,714122.5,184362.5,59300.0,13760.0,456700.0,50,929
6443,230945431,0.02,-10231.474999999999,1023147.5,190007.5,249600.0,15640.0,567900.0,50,929
6444,85537591,0.02,-8919.875,891987.5,183277.5,229200.0,14360.0,465150.0,50,929
6445,385562189,0.02,-9296.925000000001,929692.5,188632.5,203200.0,16160.0,521700.0,50,929
6446,514558755,0.02,-9478.425000000001,947842.5,184612.5,244400.0,14680.0,504150.0,50,929
6447,467566446,0.02,-10665.524999999998,1066552.5,195082.5,264700.0,16320.0,590450.0,50,929
6448,468599971,0.02,-11274.875,1127487.5,193167.5,312100.0,15520.0,606700.0,50,929
6449,70935323,0.02,-6925.95,692595.0,179255.0,163700.0,15640.0,334000.0,50,929
6450,251148388,0.02,-8049.675,804967.5,174917.5,204000.0,15200.0,410850.0,50,930
6451,168785086,0.02,-10302.250000000002,1030225.0,196105.0,210200.0,16120.0,607800.0,50,930
6452,206664527,0.02,-8308.725,830872.5,194242.5,129200.0,13280.0,494150.0,50,930
6453,389057387,0.02,-8174.875000000001,817487.5,188297.5,126900.0,15840.0,486450.0,50,930
6454,221760165,0.02,-8715.724999999999,871572.5,187552.5,214500.0,15320.0,454200.0,50,930
6455,409858495,0.02,-9293.400000000001,929340.0,190510.0,238500.0,16080.0,484250.0,50,930
6456,754564107,0.02,-7655.675,765567.5,189307.5,188200.0,13960.0,374100.0,50,930
6457,63065434,0.02,-5630.699999999999,563070.0,168790.0,85700.0,13480.0,295100.0,50,931
6458,90709576,0.02,-10531.599999999999,1053160.0,193390.0,375600.0,15720.0,468450.0,50,931
6459,469348727,0.02,-7629.4749999999985,762947.5,190797.5,97500.0,15000.0,459650.0,50,931
6460,860945393,0.02,-7696.849999999999,769685.0,187105.0,91900.0,14080.0,476600.0,50,931
6461,981196440,0.02,-8975.824999999999,897582.5,194282.5,202800.0,15600.0,484900.0,50,931
6462,487245253,0.02,-6739.225,673922.5,172612.5,102700.0,14160.0,384450.0,50,931
6463,884590496,0.02,-7856.174999999999,785617.5,194937.5,168500.0,14280.0,407900.0,50,931
6464,874549860,0.02,-4298.824999999999,429882.5,170392.5,102800.0,14240.0,142450.0,50,931
6465,129444846,0.02,-6925.249999999999,692525.0,174105.0,118600.0,13720.0,386100.0,50,931
6466,487654077,0.02,-7670.375,767037.5,183987.5,136600.0,13600.0,432850.0,50,931
6467,916541651,0.02,-8741.499999999998,874150.0,190380.0,151100.0,15120.0,517550.0,50,931
6468,362414226,0.02,-10152.775000000001,1015277.5,184197.5,183600.0,16880.0,630600.0,50,931
6469,136830230,0.02,-8787.15,878715.0,183175.0,230900.0,15440.0,449200.0,50,931
6470,407479324,0.02,-10252.725000000002,1025272.5,187562.5,308100.0,14760.0,514850.0,50,931
6471,757348016,0.02,-5539.875,553987.5,185107.5,2400.0,14680.0,351800.0,50,931
6472,323218919,0.02,-8156.85,815685.0,194555.0,117000.0,14280.0,489850.0,50,931
6473,704670953,0.02,-12497.374999999996,1249737.5,189677.5,379700.0,16360.0,664000.0,50,931
6474,50023335,0.02,-8228.625,822862.5,185822.5,153000.0,15840.0,468200.0,50,931
6475,465217859,0.02,-7288.325000000002,728832.5,190982.5,93500.0,15200.0,429150.0,50,931
6476,121547453,0.02,-9416.199999999997,941620.0,176850.0,238300.0,15720.0,510750.0,50,931
6477,728593025,0.02,-6928.824999999998,692882.5,182492.5,108300.0,16040.0,386050.0,50,931
6478,948460331,0.02,-8610.974999999999,861097.5,188117.5,204500.0,15280.0,453200.0,50,931
6479,425282371,0.02,-12165.000000000002,1216500.0,196450.0,352500.0,15400.0,652150.0,50,931
6480,907343897,0.02,-6394.049999999999,639405.0,176185.0,97300.0,15120.0,350800.0,50,931
6481,629486171,0.02,-7580.625000000002,758062.5,187492.5,71600.0,16120.0,482850.0,50,931
6482,224799835,0.02,-11495.649999999996,1149565.0,198545.0,319700.0,15520.0,615800.0,50,931
6483,326085898,0.02,-8639.2,863920.0,181410.0,238700.0,14160.0,429650.0,50,931
6484,701417387,0.02,-7324.775000000001,732477.5,181607.5,112400.0,14720.0,423750.0,50,931
6485,872689098,0.02,-9384.2,938420.0,192780.0,220000.0,15640.0,510000.0,50,931
6486,959317014,0.02,-7338.975,733897.5,184277.5,146800.0,14920.0,387900.0,50,931
6487,3449153,0.02,-7652.325000000002,765232.5,180772.5,111300.0,16560.0,456600.0,50,931
6488,804232089,0.02,-12692.300000000001,1269230.0,203430.0,285800.0,17400.0,762600.0,50,931
6489,367966224,0.02,-11855.900000000003,1185590.0,196240.0,351900.0,16000.0,621450.0,50,931
6490,87277770,0.02,-9920.875000000002,992087.5,196517.5,255700.0,15320.0,524550.0,50,931
6491,243711950,0.02,-8052.899999999999,805290.0,191320.0,123600.0,15320.0,475050.0,50,931
6492,196041741,0.02,-9887.650000000001,988765.0,186875.0,206100.0,14240.0,581550.0,50,931
6493,134370472,0.02,-10578.900000000001,1057890.0,192440.0,278200.0,16000.0,571250.0,50,931
6494,150089344,0.02,-9119.175,911917.5,192507.5,180300.0,15560.0,523550.0,50,931
6495,634485565,0.02,-6146.15,614615.0,179085.0,126000.0,14080.0,295450.0,50,931
6496,819112325,0.02,-9345.575,934557.5,166317.5,230600.0,15840.0,521800.0,50,933
6497,157731629,0.02,-6987.3,698730.0,174100.0,112900.0,15680.0,396050.0,50,933
6498,805513469,0.02,-10036.100000000002,1003610.0,188390.0,215400.0,16120.0,583700.0,50,933
6499,985347514,0.02,-7691.350000000001,769135.0,188325.0,186500.0,15160.0,379150.0,50,933
6500,940418775,0.02,-11375.275000000001,1137527.5,194527.5,324200.0,16200.0,602600.0,50,933
6501,765697515,0.02,-7019.499999999999,701950.0,172820.0,140600.0,15080.0,373450.0,50,933
6502,85472200,0.02,-6937.900000000001,693790.0,181310.0,148000.0,14080.0,350400.0,50,933
6503,554546253,0.02,-8060.275,806027.5,183897.5,148700.0,14280.0,459150.0,50,933
6504,256617492,0.02,-10492.95,1049295.0,192315.0,282000.0,15480.0,559500.0,50,933
6505,196635263,0.02,-7529.95,752995.0,178295.0,118900.0,15800.0,440000.0,50,933
6506,948445633,0.02,-10292.0,1029200.0,181840.0,365500.0,15560.0,466300.0,50,933
6507,379156125,0.02,-9588.324999999999,958832.5,193172.5,226100.0,13760.0,525800.0,50,933
6508,435017953,0.02,-7618.0,761800.0,188850.0,83300.0,15200.0,474450.0,50,933
6509,883199045,0.02,-11715.024999999998,1171502.5,194262.5,277900.0,14840.0,684500.0,50,933
6510,232383796,0.02,-9746.425,974642.5,189462.5,272500.0,15680.0,497000.0,50,933
6511,7610029,0.02,-6779.599999999999,677960.0,181180.0,186200.0,14680.0,295900.0,50,933
6512,735192798,0.02,-6433.724999999999,643372.5,180842.5,114200.0,15280.0,333050.0,50,933
6513,481046879,0.02,-6120.75,612075.0,177635.0,92600.0,14240.0,327600.0,50,933
6514,950512043,0.02,-8257.250000000002,825725.0,191445.0,263600.0,13480.0,357200.0,50,933
6515,282626057,0.02,-6728.55,672855.0,188435.0,105300.0,14520.0,364600.0,50,933
6516,307906429,0.02,-8837.875000000002,883787.5,184147.5,174400.0,15840.0,509400.0,50,933
6517,36982791,0.02,-9938.500000000002,993850.0,193140.0,279800.0,15160.0,505750.0,50,933
6518,180751249,0.02,-8412.550000000001,841255.0,186375.0,168000.0,15480.0,471400.0,50,933
6519,428721688,0.02,-6870.15,687015.0,196905.0,70200.0,14560.0,405350.0,50,933
6520,894345971,0.02,-9931.925,993192.5,192022.5,323200.0,15520.0,462450.0,50,933
6521,543063544,0.02,-9009.2,900920.0,185520.0,128800.0,15400.0,571200.0,50,933
6522,919391618,0.02,-5736.625000000002,573662.5,174412.5,146900.0,12400.0,239950.0,50,933
6523,455071892,0.02,-8189.65,818965.0,191515.0,166000.0,14600.0,446850.0,50,933
6524,724841008,0.02,-7270.5,727050.0,191960.0,179400.0,14440.0,341250.0,50,933
6525,718063745,0.02,-6089.450000000002,608945.0,183705.0,147600.0,13840.0,263800.0,50,933
6526,291324151,0.02,-13128.650000000007,1312865.0,200715.0,414600.0,15200.0,682350.0,50,933
6527,350012601,0.02,-6950.900000000001,695090.0,186690.0,124800.0,13400.0,370200.0,50,933
6528,860445294,0.02,-6178.75,617875.0,180225.0,72600.0,14000.0,351050.0,50,933
6529,903424763,0.02,-12019.474999999999,1201947.5,190067.5,343900.0,15880.0,652100.0,50,933
6530,135665000,0.02,-7166.799999999999,716680.0,175620.0,197100.0,14160.0,329800.0,50,933
6531,501165283,0.02,-8498.124999999998,849812.5,184082.5,171200.0,14680.0,479850.0,50,933
6532,914638789,0.02,-8831.25,883125.0,190405.0,148500.0,15720.0,528500.0,50,933
6533,768886880,0.02,-8689.65,868965.0,191395.0,202600.0,14920.0,460050.0,50,933
6534,392749239,0.02,-6011.400000000002,601140.0,182380.0,94500.0,14960.0,309300.0,50,933
6535,256341303,0.02,-9010.850000000002,901085.0,197295.0,242000.0,15640.0,446150.0,50,933
6536,121752111,0.02,-8262.2,826220.0,191110.0,151900.0,14960.0,468250.0,50,933
6537,78396645,0.02,-7037.874999999998,703787.5,184077.5,87900.0,16160.0,415650.0,50,933
6538,657750874,0.02,-6270.975,627097.5,182887.5,106100.0,14960.0,323150.0,50,933
6539,29758907,0.02,-8931.95,893195.0,182575.0,279900.0,14120.0,416600.0,50,933
6540,894680572,0.02,-5988.500000000001,598850.0,186210.0,45500.0,15240.0,351900.0,50,933
6541,389099907,0.02,-4928.500000000002,492850.0,171750.0,45900.0,14400.0,260800.0,50,933
6542,341557691,0.02,-7120.275,712027.5,190377.5,82600.0,15600.0,423450.0,50,933
6543,671649745,0.02,-4978.4749999999985,497847.5,173637.5,78700.0,13960.0,231550.0,50,933
6544,645788574,0.02,-5789.925,578992.5,181802.5,60000.0,14040.0,323150.0,50,933
6545,273349563,0.02,-5990.5250000000015,599052.5,189192.5,59600.0,14360.0,335900.0,50,933
6546,770617434,0.02,-10381.15,1038115.0,197005.0,257900.0,15960.0,567250.0,50,933
6547,766856192,0.02,-13002.525,1300252.5,199062.5,496000.0,16640.0,588550.0,50,933
6548,150091044,0.02,-5954.85,595485.0,181345.0,133200.0,14640.0,266300.0,50,933
6549,13688374,0.02,-7056.000000000001,705600.0,181320.0,183100.0,15280.0,325900.0,50,933
6550,183933201,0.02,-7923.224999999999,792322.5,183712.5,136700.0,16360.0,455550.0,50,933
6551,73273518,0.02,-7987.374999999999,798737.5,183377.5,148700.0,14960.0,451700.0,50,933
6552,792234093,0.02,-4454.65,445465.0,171975.0,12900.0,13640.0,246950.0,50,933
6553,868861594,0.02,-7505.299999999998,750530.0,192140.0,151900.0,13440.0,393050.0,50,933
6554,265308821,0.02,-4145.274999999999,414527.5,181987.5,22800.0,13840.0,195900.0,50,933
6555,129543488,0.02,-8178.324999999999,817832.5,181172.5,152400.0,14560.0,469700.0,50,933
6556,39193,0.02,-10319.924999999997,1031992.5,195162.5,180500.0,16480.0,639850.0,50,933
6557,75399788,0.02,-14536.324999999999,1453632.5,202742.5,428900.0,17040.0,804950.0,50,933
6558,810372434,0.02,-5685.3,568530.0,175210.0,51900.0,13920.0,327500.0,50,933
6559,760576028,0.02,-6873.575000000001,687357.5,185437.5,62000.0,13520.0,426400.0,50,933
6560,194235023,0.02,-6788.249999999999,678825.0,186565.0,65200.0,15360.0,411700.0,50,933
6561,804683243,0.02,-7684.099999999999,768410.0,193160.0,64500.0,14600.0,496150.0,50,933
6562,580694323,0.02,-7032.924999999999,703292.5,189292.5,173200.0,15000.0,325800.0,50,933
6563,872216494,0.02,-8746.974999999999,874697.5,193977.5,184900.0,16120.0,479700.0,50,933
6564,79549870,0.02,-5174.575,517457.5,188747.5,26700.0,16360.0,285650.0,50,933
6565,935426635,0.02,-7225.5,722550.0,189580.0,106000.0,15720.0,411250.0,50,933
6566,512072210,0.02,-6843.400000000001,684340.0,186940.0,28000.0,15800.0,453600.0,50,933
6567,134316589,0.02,-9830.474999999997,983047.5,199237.5,217900.0,16960.0,548950.0,50,933
6568,207007051,0.02,-5260.5,526050.0,159580.0,149900.0,13720.0,202850.0,50,933
6569,975902079,0.02,-7832.1500000000015,783215.0,186505.0,118500.0,15560.0,462650.0,50,933
6570,822631038,0.02,-5332.124999999999,533212.5,182222.5,61500.0,15640.0,273850.0,50,933
6571,154970934,0.02,-6050.525000000001,605052.5,189382.5,76400.0,14520.0,324750.0,50,933
6572,740326969,0.02,-5876.300000000001,587630.0,178340.0,95800.0,13840.0,299650.0,50,933
6573,874422169,0.02,-6445.625000000001,644562.5,184012.5,67600.0,14800.0,378150.0,50,933
6574,459457358,0.02,-5854.425000000001,585442.5,178442.5,149200.0,13600.0,244200.0,50,933
6575,142679870,0.02,-5970.799999999998,597080.0,179170.0,71200.0,13160.0,333550.0,50,933
6576,107123419,0.02,-7342.274999999998,734227.5,182357.5,155400.0,15120.0,381350.0,50,933
6577,575938611,0.02,-11117.0,1111700.0,196960.0,291100.0,15440.0,608200.0,50,933
6578,483891942,0.02,-5282.65,528265.0,178225.0,104700.0,14840.0,230500.0,50,933
6579,841621586,0.02,-5582.124999999999,558212.5,171192.5,95700.0,15120.0,276200.0,50,933
6580,73373273,0.02,-5357.700000000003,535770.0,182670.0,38800.0,15000.0,299300.0,50,933
6581,671696996,0.02,-6545.75,654575.0,180195.0,92100.0,14480.0,367800.0,50,933
6582,352428614,0.02,-6106.424999999999,610642.5,187112.5,81800.0,15280.0,326450.0,50,933
6583,225799082,0.02,-7579.2,757920.0,188470.0,137900.0,14000.0,417550.0,50,934
6584,322183869,0.02,-6482.624999999998,648262.5,186022.5,94700.0,15840.0,351700.0,50,934
6585,291394234,0.02,-8344.774999999998,834477.5,184037.5,175900.0,16440.0,458100.0,50,934
6586,361085136,0.02,-8792.675000000001,879267.5,185697.5,211400.0,16120.0,466050.0,50,934
6587,133307070,0.02,-6635.625000000001,663562.5,180592.5,69000.0,15520.0,398450.0,50,934
6588,669312283,0.02,-9276.575000000003,927657.5,194587.5,212900.0,16120.0,504050.0,50,934
6589,701692982,0.02,-4546.075,454607.5,157717.5,117800.0,12640.0,166450.0,50,934
6590,378105386,0.02,-8022.699999999998,802270.0,183050.0,195100.0,15120.0,409000.0,50,934
6591,590266690,0.02,-10194.1,1019410.0,195660.0,299000.0,16800.0,507950.0,50,934
6592,280191598,0.02,-6045.174999999999,604517.5,176997.5,80000.0,14920.0,332600.0,50,934
6593,829807821,0.02,-9603.874999999998,960387.5,194287.5,290400.0,16200.0,459500.0,50,934
6594,464623547,0.02,-6083.924999999999,608392.5,186272.5,72300.0,15920.0,333900.0,50,934
6595,229739130,0.02,-6168.0,616800.0,182400.0,136200.0,15600.0,282600.0,50,934
6596,73417697,0.02,-9293.974999999997,929397.5,187067.5,198500.0,15480.0,528350.0,50,934
6597,527110899,0.02,-7935.725,793572.5,190992.5,164300.0,14480.0,423800.0,50,934
6598,265592391,0.02,-10228.274999999998,1022827.5,189937.5,291600.0,16440.0,524850.0,50,934
6599,324662664,0.02,-12068.775,1206877.5,199767.5,385200.0,16560.0,605350.0,50,934
6600,53566577,0.02,-6725.725000000001,672572.5,183752.5,136000.0,15520.0,337300.0,50,934
6601,564533111,0.02,-7335.525000000001,733552.5,191712.5,129800.0,15040.0,397000.0,50,934
6602,878730661,0.02,-8276.025,827602.5,196662.5,211900.0,14840.0,404200.0,50,934
6603,959102761,0.02,-8094.399999999998,809440.0,184980.0,154900.0,15760.0,453800.0,50,934
6604,300962484,0.02,-7877.624999999999,787762.5,189362.5,157500.0,15400.0,425500.0,50,934
6605,621475883,0.02,-5413.85,541385.0,174645.0,9700.0,14640.0,342400.0,50,934
6606,548049008,0.02,-7138.775000000002,713877.5,185087.5,113300.0,15440.0,400050.0,50,934
6607,51471424,0.02,-8223.900000000001,822390.0,183320.0,213300.0,15520.0,410250.0,50,934
6608,662501400,0.02,-11944.774999999998,1194477.5,194197.5,398300.0,15080.0,586900.0,50,934
6609,131055622,0.02,-8672.375000000002,867237.5,195307.5,136900.0,16280.0,518750.0,50,934
6610,437433634,0.02,-10005.849999999999,1000585.0,190105.0,304200.0,14280.0,492000.0,50,934
6611,476021211,0.02,-7337.675,733767.5,190427.5,140800.0,15840.0,386700.0,50,934
6612,951151572,0.02,-6961.349999999999,696135.0,183595.0,139300.0,15440.0,357800.0,50,934
6613,653187977,0.02,-6161.525000000001,616152.5,186922.5,40700.0,15080.0,373450.0,50,934
6614,870425881,0.02,-12634.525000000001,1263452.5,202882.5,335600.0,16920.0,708050.0,50,934
6615,996322994,0.02,-8907.374999999998,890737.5,192997.5,194200.0,16440.0,487100.0,50,934
6616,551504919,0.02,-6036.325000000001,603632.5,180082.5,65900.0,14800.0,342850.0,50,934
6617,877486748,0.02,-7332.825000000001,733282.5,178412.5,90700.0,15520.0,448650.0,50,934
6618,941586347,0.02,-6935.5,693550.0,191670.0,107900.0,13880.0,380100.0,50,934
6619,751148460,0.02,-11046.375000000002,1104637.5,197857.5,299100.0,15480.0,592200.0,50,934
6620,134099382,0.02,-8970.65,897065.0,188295.0,105900.0,15320.0,587550.0,50,934
6621,68729769,0.02,-8424.425,842442.5,183172.5,173300.0,13920.0,472050.0,50,934
6622,282401309,0.02,-10882.150000000001,1088215.0,195135.0,258100.0,16680.0,618300.0,50,934
6623,609027210,0.02,-6572.9749999999985,657297.5,186607.5,76200.0,15040.0,379450.0,50,934
6624,253649864,0.02,-8183.224999999999,818322.5,194532.5,208900.0,15240.0,399650.0,50,934
6625,847758847,0.02,-10918.225,1091822.5,188882.5,325700.0,15840.0,561400.0,50,934
6626,198756460,0.02,-10127.999999999996,1012800.0,196940.0,218000.0,16360.0,581500.0,50,934
6627,870231083,0.02,-6312.049999999998,631205.0,178965.0,97100.0,14240.0,340900.0,50,935
6628,36714698,0.02,-7945.375000000002,794537.5,190997.5,151200.0,14640.0,437700.0,50,935
6629,279774161,0.02,-6086.899999999999,608690.0,181160.0,55500.0,15680.0,356350.0,50,935
6630,162483308,0.02,-5659.550000000001,565955.0,182915.0,22600.0,14240.0,346200.0,50,935
6631,570222709,0.02,-6818.85,681885.0,187395.0,67500.0,14840.0,412150.0,50,935
6632,22805302,0.02,-6778.350000000001,677835.0,188945.0,66800.0,15440.0,406650.0,50,935
6633,98888239,0.02,-12287.074999999997,1228707.5,201917.5,349900.0,16440.0,660450.0,50,935
6634,805342803,0.02,-8588.500000000002,858850.0,189470.0,175800.0,15080.0,478500.0,50,935
6635,807837471,0.02,-8407.725000000002,840772.5,191742.5,165400.0,15280.0,468350.0,50,935
6636,458254248,0.02,-9084.4,908440.0,198100.0,213900.0,15240.0,481200.0,50,935
6637,472855634,0.02,-10972.375,1097237.5,200467.5,274800.0,16520.0,605450.0,50,935
6638,353495678,0.02,-7870.249999999998,787025.0,186165.0,165300.0,15360.0,420200.0,50,935
6639,451696211,0.02,-10552.375000000002,1055237.5,194007.5,250000.0,16280.0,594950.0,50,935
6640,875819918,0.02,-5660.4,566040.0,184090.0,108000.0,14800.0,259150.0,50,935
6641,257024907,0.02,-8256.15,825615.0,193585.0,204700.0,16280.0,411050.0,50,935
6642,76020675,0.02,-10644.775000000001,1064477.5,197077.5,341900.0,15400.0,510100.0,50,935
6643,750110148,0.02,-9524.675,952467.5,197277.5,216500.0,15840.0,522850.0,50,935
6644,780195959,0.02,-6849.500000000001,684950.0,181480.0,181800.0,14320.0,307350.0,50,935
6645,124007829,0.02,-7881.049999999999,788105.0,191155.0,88400.0,15400.0,493150.0,50,935
6646,574144485,0.02,-8932.9,893290.0,194960.0,189200.0,15080.0,494050.0,50,935
6647,77975444,0.02,-6912.099999999999,691210.0,183090.0,179600.0,15520.0,313000.0,50,935
6648,843203207,0.02,-8288.550000000001,828855.0,183755.0,187000.0,16000.0,442100.0,50,935
6649,891307374,0.02,-7059.3,705930.0,178290.0,132700.0,15440.0,379500.0,50,935
6650,230740413,0.02,-7755.899999999999,775590.0,186110.0,101400.0,16480.0,471600.0,50,935
6651,766686294,0.02,-9977.375,997737.5,191507.5,251900.0,16080.0,538250.0,50,935
6652,84859194,0.02,-8299.125,829912.5,185292.5,211500.0,15920.0,417200.0,50,935
6653,639146424,0.02,-10459.724999999997,1045972.5,197152.5,232900.0,16520.0,599400.0,50,935
6654,792809721,0.02,-7962.375,796237.5,185977.5,212000.0,15960.0,382300.0,50,935
6655,226515579,0.02,-4323.050000000001,432305.0,169875.0,50000.0,13280.0,199150.0,50,936
6656,188728326,0.02,-9533.375,953337.5,192867.5,186600.0,16120.0,557750.0,50,936
6657,491875261,0.02,-9451.099999999999,945110.0,188200.0,304200.0,15560.0,437150.0,50,936
6658,482798769,0.02,-4890.975,489097.5,170967.5,38900.0,14680.0,264550.0,50,936
6659,257907401,0.02,-5577.624999999998,557762.5,174672.5,65200.0,13440.0,304450.0,50,936
6660,498354630,0.02,-7370.775,737077.5,185797.5,181400.0,14480.0,355400.0,50,936
6661,959892707,0.02,-5193.625000000001,519362.5,183222.5,63500.0,14040.0,258600.0,50,936
6662,350083935,0.02,-8258.124999999998,825812.5,189272.5,165200.0,14840.0,456500.0,50,936
6663,845537945,0.02,-9125.375000000002,912537.5,189407.5,184400.0,15080.0,523650.0,50,936
6664,312989287,0.02,-11374.250000000002,1137425.0,201215.0,323700.0,16560.0,595950.0,50,936
6665,759048144,0.02,-6711.850000000001,671185.0,187175.0,113000.0,15360.0,355650.0,50,936
6666,735211027,0.02,-5593.824999999999,559382.5,186312.5,77300.0,13720.0,282050.0,50,936
6667,528679028,0.02,-8794.549999999996,879455.0,193745.0,213700.0,15360.0,456650.0,50,936
6668,560593794,0.02,-14028.050000000001,1402805.0,202775.0,382600.0,17680.0,799750.0,50,936
6669,85165730,0.02,-8210.499999999998,821050.0,188130.0,191500.0,15120.0,426300.0,50,936
6670,830089916,0.02,-6705.424999999999,670542.5,180292.5,98800.0,15000.0,376450.0,50,936
6671,718640368,0.02,-3986.175,398617.5,175577.5,5000.0,14640.0,203400.0,50,936
6672,476496926,0.02,-10785.199999999999,1078520.0,196630.0,261500.0,15840.0,604550.0,50,936
6673,505705096,0.02,-5851.4000000000015,585140.0,182390.0,69700.0,15200.0,317850.0,50,936
6674,984494442,0.02,-6274.875000000002,627487.5,191117.5,45900.0,15120.0,375350.0,50,936
6675,613307107,0.02,-7982.6500000000015,798265.0,189435.0,133800.0,15880.0,459150.0,50,936
6676,633359292,0.02,-12333.349999999999,1233335.0,197455.0,392100.0,17280.0,626500.0,50,936
6677,631050128,0.02,-4945.575000000001,494557.5,179097.5,28100.0,15160.0,272200.0,50,936
6678,516360168,0.02,-5587.375,558737.5,174687.5,82300.0,16400.0,285350.0,50,936
6679,534066935,0.02,-6639.1,663910.0,181010.0,70400.0,14600.0,397900.0,50,936
6680,104270698,0.02,-7507.45,750745.0,191625.0,158000.0,15720.0,385400.0,50,936
6681,317977774,0.02,-7562.500000000002,756250.0,186340.0,196600.0,15560.0,357750.0,50,936
6682,191097175,0.02,-7912.800000000001,791280.0,191340.0,163300.0,15240.0,421400.0,50,936
6683,420527598,0.02,-7716.425,771642.5,190952.5,91500.0,16240.0,472950.0,50,936
6684,491686594,0.02,-8002.025,800202.5,196072.5,94100.0,15680.0,494350.0,50,936
6685,80928055,0.02,-6486.825,648682.5,184842.5,64400.0,16240.0,383200.0,50,936
6686,50503243,0.02,-5739.575000000001,573957.5,180017.5,66000.0,15640.0,312300.0,50,936
6687,112923019,0.02,-4652.675,465267.5,174867.5,76700.0,13600.0,200100.0,50,936
6688,608322589,0.02,-5797.349999999999,579735.0,179665.0,154000.0,14520.0,231550.0,50,936
6689,73976065,0.02,-8896.050000000001,889605.0,189525.0,235800.0,15480.0,448800.0,50,936
6690,30534048,0.02,-9585.075,958507.5,188657.5,236400.0,15200.0,518250.0,50,937
6691,971198824,0.02,-4575.8,457580.0,173730.0,35200.0,14200.0,234450.0,50,937
6692,193084081,0.02,-7520.425000000001,752042.5,186242.5,201700.0,14200.0,349900.0,50,937
6693,937825276,0.02,-10459.1,1045910.0,189440.0,235100.0,16520.0,604850.0,50,937
6694,64756009,0.02,-4633.849999999999,463385.0,159445.0,38000.0,13840.0,252100.0,50,939
6695,63057555,0.02,-7990.875000000001,799087.5,182597.5,116200.0,16040.0,484250.0,50,939
6696,43213156,0.02,-9819.225,981922.5,192382.5,255600.0,15240.0,518700.0,50,939
6697,176103052,0.02,-4907.174999999999,490717.5,167307.5,58800.0,14760.0,249850.0,50,939
6698,865018119,0.02,-8155.525000000001,815552.5,187942.5,201100.0,15360.0,411150.0,50,939
6699,442775031,0.02,-4823.325,482332.5,177512.5,75600.0,14120.0,215100.0,50,939
6700,41762989,0.02,-5461.45,546145.0,181305.0,99800.0,13840.0,251200.0,50,939
6701,109917462,0.02,-6422.5999999999985,642260.0,181670.0,48300.0,14440.0,397850.0,50,939
6702,48131770,0.02,-6792.299999999997,679230.0,185450.0,151200.0,14280.0,328300.0,50,939
6703,501565329,0.02,-4818.7249999999985,481872.5,166472.5,124900.0,13600.0,176900.0,50,939
6704,773083906,0.02,-9966.124999999998,996612.5,190212.5,313300.0,16200.0,476900.0,50,939
6705,707113599,0.02,-7389.25,738925.0,178865.0,139700.0,14960.0,405400.0,50,939
6706,421456559,0.02,-6734.375,673437.5,184807.5,131500.0,13880.0,343250.0,50,939
6707,743446280,0.02,-16150.7,1615070.0,211220.0,578900.0,15800.0,809150.0,50,939
6708,163872818,0.02,-5387.224999999999,538722.5,165282.5,82500.0,14240.0,276700.0,50,940
6709,182614814,0.02,-6690.250000000001,669025.0,173775.0,101200.0,14600.0,379450.0,50,940
6710,485132370,0.02,-6743.700000000001,674370.0,185750.0,139200.0,14720.0,334700.0,50,940
6711,136629508,0.02,-8879.774999999998,887977.5,191057.5,224000.0,16320.0,456600.0,50,940
6712,225083269,0.02,-8288.45,828845.0,189885.0,226200.0,13960.0,398800.0,50,940
6713,21812974,0.02,-5950.55,595055.0,184595.0,155000.0,13760.0,241700.0,50,940
6714,804958361,0.02,-7361.975000000002,736197.5,174957.5,148300.0,15040.0,397900.0,50,940
6715,11920490,0.02,-7540.175,754017.5,177437.5,138800.0,15680.0,422100.0,50,940
6716,680435265,0.02,-7409.974999999999,740997.5,182157.5,115600.0,15040.0,428200.0,50,940
6717,33834816,0.02,-7950.600000000001,795060.0,187270.0,209500.0,13840.0,384450.0,50,940
6718,30976603,0.02,-8437.55,843755.0,196835.0,252500.0,14120.0,380300.0,50,940
6719,593263713,0.02,-7420.925000000002,742092.5,182092.5,203800.0,14600.0,341600.0,50,940
6720,476948850,0.02,-10330.624999999996,1033062.5,188602.5,299200.0,15160.0,530100.0,50,940
6721,563371228,0.02,-7123.924999999998,712392.5,182332.5,141700.0,15160.0,373200.0,50,940
6722,18245793,0.02,-9888.125,988812.5,191972.5,308700.0,14040.0,474100.0,50,940
6723,97427841,0.02,-7707.799999999999,770780.0,189620.0,139600.0,14360.0,427200.0,50,940
6724,633627541,0.02,-8579.325,857932.5,187882.5,252500.0,14600.0,402950.0,50,940
6725,234351610,0.02,-8445.599999999997,844560.0,190890.0,221300.0,13720.0,418650.0,50,940
6726,730652828,0.02,-11028.899999999998,1102890.0,188440.0,353800.0,15000.0,545650.0,50,940
6727,258678322,0.02,-9328.474999999999,932847.5,186777.5,242600.0,15720.0,487750.0,50,940
6728,120930264,0.02,-8382.500000000002,838250.0,186200.0,138000.0,16400.0,497650.0,50,940
6729,777470795,0.02,-8192.1,819210.0,180950.0,252400.0,15760.0,370100.0,50,940
6730,671468259,0.02,-5860.925,586092.5,177142.5,139500.0,13000.0,256450.0,50,940
6731,544694710,0.02,-9294.749999999998,929475.0,180725.0,266500.0,15000.0,467250.0,50,940
6732,327579670,0.02,-7539.424999999999,753942.5,197662.5,134600.0,15480.0,406200.0,50,940
6733,285350195,0.02,-9305.975,930597.5,190347.5,197500.0,15600.0,527150.0,50,940
6734,493789139,0.02,-9324.25,932425.0,186105.0,303800.0,13120.0,429400.0,50,940
6735,342857091,0.02,-8326.999999999998,832700.0,188920.0,205400.0,14080.0,424300.0,50,940
6736,278882727,0.02,-8034.449999999999,803445.0,191925.0,234200.0,15120.0,362200.0,50,940
6737,155663038,0.02,-5215.074999999999,521507.5,161037.5,98200.0,13920.0,248350.0,50,943
6738,764685450,0.02,-6689.275,668927.5,178757.5,152800.0,14720.0,322650.0,50,943
6739,488104381,0.02,-6825.9000000000015,682590.0,168210.0,182300.0,14680.0,317400.0,50,943
6740,346426557,0.02,-8757.125000000002,875712.5,190672.5,179400.0,15240.0,490400.0,50,943
6741,795037344,0.02,-7646.325000000001,764632.5,187702.5,174400.0,15080.0,387450.0,50,943
6742,621291819,0.02,-4902.625000000001,490262.5,182342.5,84000.0,13920.0,210000.0,50,943
6743,959251423,0.02,-7878.1,787810.0,187270.0,161400.0,14640.0,424500.0,50,943
6744,269882685,0.02,-12940.775,1294077.5,189807.5,508300.0,15520.0,580450.0,50,943
6745,231669223,0.02,-6452.05,645205.0,180345.0,97300.0,14560.0,353000.0,50,943
6746,434591990,0.02,-8521.1,852110.0,184880.0,223700.0,15880.0,427650.0,50,943
6747,674478086,0.02,-8125.625000000001,812562.5,186022.5,116400.0,15440.0,494700.0,50,943
6748,860366382,0.02,-6619.750000000001,661975.0,183425.0,73900.0,14400.0,390250.0,50,943
6749,228863295,0.02,-6686.000000000001,668600.0,169550.0,102800.0,14000.0,382250.0,50,943
6750,508575696,0.02,-7819.8,781980.0,187260.0,145400.0,15120.0,434200.0,50,943
6751,954679197,0.02,-10152.775000000001,1015277.5,193077.5,232000.0,15800.0,574400.0,50,943
6752,406500162,0.02,-8451.05,845105.0,188175.0,242900.0,14280.0,399750.0,50,943
6753,114544800,0.02,-7053.549999999999,705355.0,190155.0,53100.0,15800.0,446300.0,50,943
6754,642579340,0.02,-5381.825000000001,538182.5,179202.5,58600.0,13680.0,286700.0,50,943
6755,342446611,0.02,-8100.15,810015.0,182475.0,187400.0,14840.0,425300.0,50,943
6756,468959421,0.02,-7449.924999999999,744992.5,187302.5,88100.0,15240.0,454350.0,50,943
6757,679660733,0.02,-6454.950000000003,645495.0,178805.0,68900.0,14640.0,383150.0,50,943
6758,201707953,0.02,-9278.774999999998,927877.5,187887.5,193400.0,16040.0,530550.0,50,943
6759,771520024,0.02,-10289.15,1028915.0,192465.0,307000.0,14800.0,514650.0,50,943
6760,324782984,0.02,-6847.525000000001,684752.5,186352.5,163400.0,13600.0,321400.0,50,943
6761,276230712,0.02,-10109.699999999997,1010970.0,190890.0,278300.0,14680.0,527100.0,50,943
6762,926222905,0.02,-6855.475,685547.5,181047.5,202600.0,14400.0,287500.0,50,943
6763,368277556,0.02,-5754.85,575485.0,174035.0,58500.0,14800.0,328150.0,50,943
6764,274047885,0.02,-10233.550000000001,1023355.0,190725.0,272300.0,15680.0,544650.0,50,943
6765,161636700,0.02,-5848.0999999999985,584810.0,170880.0,134500.0,14880.0,264550.0,50,943
6766,364952654,0.02,-6917.925000000001,691792.5,183462.5,140900.0,14080.0,353350.0,50,943
6767,861056101,0.02,-6777.999999999999,677800.0,188190.0,76900.0,14960.0,397750.0,50,943
6768,631675129,0.02,-10442.35,1044235.0,190235.0,297100.0,15000.0,541900.0,50,943
6769,757284209,0.02,-4344.45,434445.0,179385.0,32300.0,13760.0,209000.0,50,943
6770,721552505,0.02,-9593.925000000003,959392.5,191982.5,212300.0,16160.0,538950.0,50,943
6771,803021484,0.02,-7589.599999999998,758960.0,188830.0,193100.0,15480.0,361550.0,50,943
6772,586222289,0.02,-4540.65,454065.0,174135.0,45600.0,13880.0,220450.0,50,943
6773,886854942,0.02,-9338.125,933812.5,186132.5,155000.0,16080.0,576600.0,50,943
6774,529891587,0.02,-6054.55,605455.0,182945.0,77200.0,15560.0,329750.0,50,943
6775,838838165,0.02,-8641.824999999997,864182.5,190312.5,183100.0,15120.0,475650.0,50,943
6776,687745603,0.02,-8504.25,850425.0,184445.0,196700.0,15680.0,453600.0,50,943
6777,680814163,0.02,-5821.075,582107.5,183367.5,15400.0,15640.0,367700.0,50,943
6778,139165373,0.02,-7429.949999999999,742995.0,180235.0,192000.0,15160.0,355600.0,50,943
6779,584867538,0.02,-10022.474999999999,1002247.5,193247.5,266800.0,14000.0,528200.0,50,943
6780,197786376,0.02,-6809.35,680935.0,187275.0,93100.0,13560.0,387000.0,50,943
6781,530916414,0.02,-5855.975,585597.5,186837.5,84300.0,13560.0,300900.0,50,943
6782,67350959,0.02,-7367.275000000001,736727.5,177737.5,141500.0,14840.0,402650.0,50,944
6783,755702196,0.02,-7902.775000000001,790277.5,186677.5,150000.0,15400.0,438200.0,50,944
6784,423394615,0.02,-10356.974999999997,1035697.5,197397.5,317800.0,14200.0,506300.0,50,944
6785,515961054,0.02,-7113.749999999998,711375.0,186935.0,82700.0,15040.0,426700.0,50,944
6786,274541878,0.02,-7908.149999999999,790815.0,189465.0,190700.0,14800.0,395850.0,50,944
6787,305048623,0.02,-7662.275000000002,766227.5,190577.5,215300.0,15000.0,345350.0,50,944
6788,383755854,0.02,-10011.074999999999,1001107.5,197927.5,280400.0,15080.0,507700.0,50,944
6789,95379159,0.02,-8287.475,828747.5,190557.5,159400.0,14840.0,463950.0,50,944
6790,148855488,0.02,-7296.350000000001,729635.0,189985.0,83900.0,16800.0,438950.0,50,944
6791,844857101,0.02,-7272.675,727267.5,184037.5,72300.0,14880.0,456050.0,50,944
6792,887304510,0.02,-10055.624999999996,1005562.5,195772.5,327700.0,15840.0,466250.0,50,944
6793,986428262,0.02,-7516.1500000000015,751615.0,187435.0,89100.0,15280.0,459800.0,50,944
6794,848974679,0.02,-9523.925,952392.5,188092.5,234700.0,14600.0,515000.0,50,944
6795,875332528,0.02,-9814.275000000001,981427.5,180247.5,281100.0,15880.0,504200.0,50,944
6796,633961685,0.02,-9122.675000000001,912267.5,183877.5,213700.0,15440.0,499250.0,50,944
6797,184966602,0.02,-6873.05,687305.0,182475.0,144300.0,14080.0,346450.0,50,944
6798,290874875,0.02,-8599.849999999999,859985.0,170965.0,252500.0,15720.0,420800.0,50,944
6799,465904257,0.02,-3972.025,397202.5,164052.5,31100.0,14200.0,187850.0,50,944
6800,874090595,0.02,-7402.175000000001,740217.5,189937.5,140800.0,16280.0,393200.0,50,944
6801,433067682,0.02,-8080.25,808025.0,190105.0,161000.0,14920.0,442000.0,50,944
6802,460703518,0.02,-6328.200000000001,632820.0,168560.0,117200.0,15960.0,331100.0,50,945
6803,407733448,0.02,-6430.65,643065.0,179695.0,92500.0,16320.0,354550.0,50,945
6804,366937420,0.02,-9857.125000000002,985712.5,194492.5,249700.0,16320.0,525200.0,50,945
6805,510552139,0.02,-6346.975,634697.5,184567.5,163000.0,15280.0,271850.0,50,945
6806,82529338,0.02,-5830.925000000001,583092.5,176002.5,144100.0,13440.0,249550.0,50,945
6807,741748275,0.02,-7347.575000000001,734757.5,195097.5,95700.0,16560.0,427400.0,50,945
6808,350653310,0.02,-8258.275000000001,825827.5,198667.5,201500.0,13960.0,411700.0,50,945
6809,755750114,0.02,-6867.550000000001,686755.0,182555.0,168800.0,14600.0,320800.0,50,945
6810,394081659,0.02,-4337.7,433770.0,178920.0,45500.0,13600.0,195750.0,50,945
6811,128078422,0.02,-8823.975,882397.5,195287.5,211500.0,16560.0,459050.0,50,945
6812,13205831,0.02,-5976.275,597627.5,171907.5,120200.0,14520.0,291000.0,50,945
6813,424118747,0.02,-6737.274999999999,673727.5,188077.5,160300.0,15200.0,310150.0,50,945
6814,611335571,0.02,-7676.624999999999,767662.5,187712.5,168700.0,15200.0,396050.0,50,945
6815,44495196,0.02,-11820.024999999996,1182002.5,202182.5,285700.0,15920.0,678200.0,50,945
6816,75275706,0.02,-8147.325000000001,814732.5,189532.5,214000.0,15200.0,396000.0,50,945
6817,534653726,0.02,-3907.7499999999995,390775.0,171735.0,21900.0,13440.0,183700.0,50,945
6818,60594139,0.02,-7784.65,778465.0,174545.0,183000.0,15920.0,405000.0,50,945
6819,970352423,0.02,-7117.3499999999985,711735.0,187445.0,133600.0,16040.0,374650.0,50,945
6820,519600538,0.02,-6461.499999999999,646150.0,179660.0,44600.0,16640.0,405250.0,50,945
6821,207388379,0.02,-7971.8,797180.0,192510.0,231500.0,13920.0,359250.0,50,945
6822,256410202,0.02,-7864.15,786415.0,182195.0,181700.0,14720.0,407800.0,50,946
6823,192036176,0.02,-6175.124999999998,617512.5,181262.5,68000.0,15200.0,353050.0,50,946
6824,267578014,0.02,-5616.174999999999,561617.5,182787.5,121200.0,13880.0,243750.0,50,946
6825,318986870,0.02,-6062.574999999999,606257.5,187187.5,153500.0,14520.0,251050.0,50,946
6826,763198847,0.02,-7585.249999999999,758525.0,179715.0,244800.0,14560.0,319450.0,50,946
6827,408762272,0.02,-6371.875,637187.5,191687.5,116800.0,14200.0,314500.0,50,946
6828,486999754,0.02,-8459.074999999997,845907.5,189257.5,240800.0,16800.0,399050.0,50,946
6829,45248526,0.02,-7602.075000000002,760207.5,185517.5,159500.0,16040.0,399150.0,50,946
6830,330014555,0.02,-10238.625000000002,1023862.5,188582.5,278000.0,15680.0,541600.0,50,946
6831,811622081,0.02,-11135.175,1113517.5,197107.5,349800.0,16360.0,550250.0,50,946
6832,725962589,0.02,-9490.925,949092.5,196762.5,280000.0,14880.0,457450.0,50,946
6833,644936080,0.02,-8489.5,848950.0,195860.0,218300.0,14440.0,420350.0,50,946
6834,400106741,0.02,-9796.675,979667.5,191047.5,293000.0,15520.0,480100.0,50,946
6835,157786469,0.02,-8990.874999999998,899087.5,187057.5,204000.0,16480.0,491550.0,50,946
6836,429491209,0.02,-6598.0,659800.0,180760.0,127300.0,13240.0,338500.0,50,946
6837,384277043,0.02,-8441.699999999999,844170.0,191920.0,166300.0,14200.0,471750.0,50,946
6838,750572254,0.02,-8237.400000000001,823740.0,192250.0,130300.0,15040.0,486150.0,50,946
6839,296854552,0.02,-7286.075,728607.5,185737.5,166300.0,13920.0,362650.0,50,946
6840,705727103,0.02,-6471.05,647105.0,184205.0,50100.0,16000.0,396800.0,50,947
6841,136095384,0.02,-6323.8,632380.0,188520.0,74000.0,13560.0,356300.0,50,947
6842,840647090,0.02,-7782.05,778205.0,192185.0,146600.0,15520.0,423900.0,50,947
6843,401977599,0.02,-10204.875,1020487.5,197187.5,233600.0,15800.0,573900.0,50,947
6844,45939426,0.02,-5127.225,512722.5,174822.5,71000.0,13600.0,253300.0,50,947
6845,182693718,0.02,-7629.974999999999,762997.5,174687.5,168000.0,15160.0,405150.0,50,947
6846,619764716,0.02,-5766.7750000000015,576677.5,184517.5,105000.0,14560.0,272600.0,50,947
6847,623454638,0.02,-6360.950000000002,636095.0,188695.0,60800.0,16000.0,370600.0,50,947
6848,169559925,0.02,-8301.675,830167.5,187527.5,105900.0,16040.0,520700.0,50,947
6849,191539768,0.02,-7781.924999999999,778192.5,183982.5,143600.0,15160.0,435450.0,50,947
6850,121078015,0.02,-5032.724999999999,503272.5,179982.5,42400.0,16040.0,264850.0,50,947
6851,798099394,0.02,-6226.299999999999,622630.0,181250.0,48000.0,16080.0,377300.0,50,947
6852,481208323,0.02,-9151.600000000002,915160.0,186050.0,180000.0,16160.0,532950.0,50,947
6853,912047839,0.02,-5677.525,567752.5,181822.5,147200.0,14480.0,224250.0,50,947
6854,51684028,0.02,-6607.425000000002,660742.5,190022.5,99300.0,14920.0,356500.0,50,947
6855,402356088,0.02,-5063.649999999999,506365.0,188435.0,44700.0,14680.0,258550.0,50,947
6856,363099765,0.02,-7540.975000000003,754097.5,189477.5,128800.0,15120.0,420700.0,50,947
6857,602472081,0.02,-7323.125,732312.5,187492.5,112800.0,14520.0,417500.0,50,947
6858,429672811,0.02,-8245.925,824592.5,189332.5,140500.0,14560.0,480200.0,50,947
6859,993116174,0.02,-6477.5,647750.0,189550.0,108800.0,14000.0,335400.0,50,947
6860,366671562,0.02,-6794.8499999999985,679485.0,189565.0,113000.0,15120.0,361800.0,50,947
6861,693177893,0.02,-6746.425,674642.5,189632.5,77500.0,14960.0,392550.0,50,947
6862,802106550,0.02,-8708.025000000001,870802.5,194852.5,224300.0,14200.0,437450.0,50,948
6863,747076963,0.02,-9464.449999999999,946445.0,195485.0,251900.0,15360.0,483700.0,50,948
6864,970290929,0.02,-4827.900000000001,482790.0,180240.0,49400.0,14600.0,238550.0,50,948
6865,387587384,0.02,-7806.4749999999985,780647.5,189417.5,111800.0,14480.0,464950.0,50,948
6866,759926882,0.02,-8376.800000000001,837680.0,187680.0,75600.0,15800.0,558600.0,50,948
6867,64373158,0.02,-7566.075,756607.5,190747.5,42400.0,15560.0,507900.0,50,948
6868,836935423,0.02,-10278.6,1027860.0,198200.0,255000.0,15560.0,559100.0,50,948
6869,484760773,0.02,-9998.075,999807.5,198637.5,187900.0,15320.0,597950.0,50,948
6870,814147225,0.02,-6077.975000000002,607797.5,181277.5,67900.0,13720.0,344900.0,50,948
6871,853356811,0.02,-7058.625,705862.5,189032.5,171100.0,14880.0,330850.0,50,948
6872,839532052,0.02,-6734.774999999997,673477.5,185687.5,112600.0,14440.0,360750.0,50,949
6873,423059431,0.02,-8061.524999999999,806152.5,192532.5,108100.0,15520.0,490000.0,50,950
6874,292037741,0.02,-7041.325,704132.5,184532.5,54700.0,15600.0,449300.0,50,950
6875,827153127,0.02,-5262.374999999999,526237.5,181377.5,57100.0,13360.0,274400.0,50,950
6876,339668134,0.02,-10589.549999999997,1058955.0,196335.0,265000.0,15520.0,582100.0,50,950
6877,835959318,0.02,-6613.950000000002,661395.0,176845.0,121600.0,15000.0,347950.0,50,950
6878,992186934,0.02,-5342.75,534275.0,183505.0,85300.0,14120.0,251350.0,50,950
6879,282014996,0.02,-9959.400000000001,995940.0,198910.0,212700.0,15680.0,568650.0,50,950
6880,88209547,0.02,-8625.575,862557.5,194177.5,233000.0,14480.0,420900.0,50,950
6881,887253680,0.02,-7693.525000000001,769352.5,195832.5,148000.0,15320.0,410200.0,50,950
6882,278851648,0.02,-9502.624999999998,950262.5,194662.5,133800.0,16000.0,605800.0,50,950
6883,920650425,0.02,-6000.875000000002,600087.5,190077.5,69400.0,15560.0,325050.0,50,950
6884,116743752,0.02,-8273.900000000001,827390.0,191940.0,212000.0,14800.0,408650.0,50,950
6885,683056349,0.02,-8917.5,891750.0,189500.0,175600.0,15600.0,511050.0,50,950
6886,540535743,0.02,-7344.549999999999,734455.0,188135.0,189400.0,13520.0,343400.0,50,950
6887,213274232,0.02,-11871.825,1187182.5,200252.5,325500.0,15880.0,645550.0,50,950
6888,969071323,0.02,-6684.875000000002,668487.5,189117.5,106800.0,15120.0,357450.0,50,950
6889,18416415,0.02,-7232.15,723215.0,186235.0,109100.0,14480.0,413400.0,50,950
6890,449669102,0.02,-12402.175,1240217.5,200327.5,403800.0,16440.0,619650.0,50,951
6891,895295962,0.02,-10972.725000000006,1097272.5,193762.5,239200.0,16560.0,647750.0,50,951
6892,120765679,0.02,-6830.975,683097.5,180117.5,152300.0,15880.0,334800.0,50,951
6893,293547842,0.02,-10249.224999999995,1024922.5,191482.5,287200.0,15840.0,530400.0,50,951
6894,269704870,0.02,-6014.3499999999985,601435.0,181675.0,114300.0,15360.0,290100.0,50,951
6895,524888398,0.02,-9738.7,973870.0,192290.0,264000.0,15880.0,501700.0,50,951
6896,436397229,0.02,-8408.474999999999,840847.5,186397.5,186100.0,15600.0,452750.0,50,951
6897,713271837,0.02,-8845.974999999999,884597.5,185387.5,175400.0,16160.0,507650.0,50,951
6898,421841511,0.02,-10279.325,1027932.5,195902.5,233300.0,15080.0,583650.0,50,951
6899,545943339,0.02,-7113.85,711385.0,179875.0,33700.0,15160.0,482650.0,50,951
6900,971700571,0.02,-9637.125,963712.5,189192.5,205900.0,14920.0,553700.0,50,951
6901,912824118,0.02,-5637.599999999998,563760.0,177430.0,70300.0,13880.0,302150.0,50,951
6902,421105647,0.02,-7474.925,747492.5,180822.5,43900.0,16720.0,506050.0,50,951
6903,535973912,0.02,-7784.650000000001,778465.0,182715.0,190400.0,15600.0,389750.0,50,951
6904,390152700,0.02,-7852.225,785222.5,183382.5,111100.0,15440.0,475300.0,50,951
6905,854782745,0.02,-6079.025,607902.5,181732.5,104000.0,15120.0,307050.0,50,951
6906,886383148,0.02,-8224.9,822490.0,186000.0,215200.0,14640.0,406650.0,50,952
6907,924312581,0.02,-6316.774999999998,631677.5,190967.5,59500.0,14760.0,366450.0,50,952
6908,216230919,0.02,-6340.95,634095.0,187445.0,89700.0,14400.0,342550.0,50,952
6909,682801100,0.02,-10258.749999999998,1025875.0,195855.0,309600.0,15320.0,505100.0,50,952
6910,119581340,0.02,-6926.250000000001,692625.0,171765.0,38200.0,15160.0,467500.0,50,952
6911,91621604,0.02,-6024.7,602470.0,187530.0,42200.0,15440.0,357300.0,50,952
6912,569002698,0.02,-7119.3,711930.0,185030.0,70500.0,13200.0,443200.0,50,952
6913,669096327,0.02,-6361.5250000000015,636152.5,180742.5,63500.0,15960.0,375950.0,50,952
6914,676548075,0.02,-6147.924999999999,614792.5,189292.5,90100.0,14800.0,320600.0,50,952
6915,340888661,0.02,-8180.525000000003,818052.5,189012.5,174700.0,15840.0,438500.0,50,952
6916,234810049,0.02,-8073.7249999999985,807372.5,188662.5,137500.0,15960.0,465250.0,50,952
6917,81885000,0.02,-10206.925000000001,1020692.5,199302.5,284800.0,15640.0,520950.0,50,952
6918,719992031,0.02,-8081.849999999999,808185.0,192435.0,144500.0,14600.0,456650.0,50,952
6919,796420092,0.02,-7771.974999999999,777197.5,184057.5,149200.0,15040.0,428900.0,50,952
6920,256953404,0.02,-12275.425000000005,1227542.5,195802.5,367200.0,16040.0,648500.0,50,952
6921,460266045,0.02,-5040.649999999999,504065.0,171055.0,65600.0,14560.0,252850.0,50,952
6922,463931110,0.02,-8991.55,899155.0,194025.0,183700.0,15080.0,506350.0,50,952
6923,651131599,0.02,-12251.175000000003,1225117.5,206287.5,414000.0,14880.0,589950.0,50,952
6924,567034805,0.02,-5896.774999999999,589677.5,184617.5,59100.0,14760.0,331200.0,50,952
6925,562715137,0.02,-8896.525,889652.5,188402.5,144300.0,16400.0,540550.0,50,952
6926,258595440,0.02,-8791.425000000001,879142.5,195532.5,210200.0,14560.0,458850.0,50,952
6927,217077735,0.02,-11090.324999999999,1109032.5,196972.5,272500.0,15760.0,623800.0,50,952
6928,303374853,0.02,-8968.75,896875.0,195655.0,225200.0,14520.0,461500.0,50,952
6929,55126410,0.02,-6208.700000000001,620870.0,173620.0,102900.0,15000.0,329350.0,50,952
6930,40560068,0.02,-6711.550000000003,671155.0,179945.0,111500.0,14160.0,365550.0,50,952
6931,372353610,0.02,-7749.525000000001,774952.5,183322.5,204500.0,15480.0,371650.0,50,952
6932,761430788,0.02,-7188.7,718870.0,193610.0,66100.0,16160.0,443000.0,50,952
6933,895813037,0.02,-5869.124999999998,586912.5,186282.5,67800.0,14880.0,317950.0,50,952
6934,461603111,0.02,-5387.324999999999,538732.5,179932.5,89500.0,13800.0,255500.0,50,952
6935,254296355,0.02,-13338.250000000002,1333825.0,206595.0,429400.0,15680.0,682150.0,50,952
6936,957003065,0.02,-7251.9000000000015,725190.0,184100.0,133600.0,14440.0,393050.0,50,952
6937,995301776,0.02,-8018.725000000001,801872.5,190102.5,138000.0,16320.0,457450.0,50,952
6938,369849637,0.02,-7801.075000000002,780107.5,191667.5,149100.0,15440.0,423900.0,50,952
6939,804945854,0.02,-8949.525000000001,894952.5,195792.5,201500.0,14960.0,482700.0,50,952
6940,918730288,0.02,-8426.425,842642.5,190392.5,181900.0,15000.0,455350.0,50,952
6941,904971146,0.02,-9876.25,987625.0,189115.0,250900.0,15760.0,531850.0,50,952
6942,963931219,0.02,-7993.000000000002,799300.0,198180.0,117100.0,15520.0,468500.0,50,952
6943,403577669,0.02,-6265.025,626502.5,183802.5,93600.0,15800.0,333300.0,50,952
6944,323907239,0.02,-7963.775000000001,796377.5,180057.5,164400.0,14520.0,437400.0,50,952
6945,789060404,0.02,-9029.399999999998,902940.0,190240.0,150100.0,15400.0,547200.0,50,952
6946,681440400,0.02,-10134.85,1013485.0,193935.0,238400.0,17400.0,563750.0,50,952
6947,854354963,0.02,-10163.999999999998,1016400.0,192310.0,162200.0,17040.0,644850.0,50,952
6948,210487534,0.02,-12727.724999999999,1272772.5,204012.5,339700.0,15960.0,713100.0,50,952
6949,852841453,0.02,-9192.824999999997,919282.5,182172.5,254300.0,15160.0,467650.0,50,952
6950,974828968,0.02,-10921.474999999999,1092147.5,188267.5,350800.0,16280.0,536800.0,50,952
6951,353315929,0.02,-6267.200000000001,626720.0,182760.0,600.0,15160.0,428200.0,50,952
6952,43120927,0.02,-7125.125,712512.5,184532.5,104500.0,14280.0,409200.0,50,952
6953,179694765,0.02,-5857.875000000001,585787.5,182837.5,45500.0,15200.0,342250.0,50,952
6954,809058911,0.02,-7874.150000000001,787415.0,182965.0,124100.0,15000.0,465350.0,50,952
6955,435954033,0.02,-12303.249999999998,1230325.0,197835.0,383500.0,16240.0,632750.0,50,952
6956,721287562,0.02,-7555.575000000001,755557.5,186857.5,136200.0,16000.0,416500.0,50,952
6957,514764971,0.02,-10133.474999999999,1013347.5,192927.5,290600.0,16520.0,513300.0,50,952
6958,393893028,0.02,-7082.949999999999,708295.0,185535.0,103600.0,16360.0,402800.0,50,952
6959,529506331,0.02,-7548.725,754872.5,190802.5,87600.0,16120.0,460350.0,50,952
6960,636808080,0.02,-9457.55,945755.0,190255.0,189700.0,16600.0,549200.0,50,952
6961,528440132,0.02,-6345.599999999999,634560.0,183040.0,34800.0,14720.0,402000.0,50,952
6962,685596334,0.02,-10987.974999999999,1098797.5,203627.5,351100.0,15920.0,528150.0,50,952
6963,749527492,0.02,-6429.424999999999,642942.5,179202.5,60100.0,16040.0,387600.0,50,952
6964,547049694,0.02,-9348.475,934847.5,185817.5,179900.0,15680.0,553450.0,50,952
6965,878804389,0.02,-8128.600000000002,812860.0,187320.0,120100.0,15640.0,489800.0,50,952
6966,59178551,0.02,-8267.875,826787.5,188787.5,102500.0,15200.0,520300.0,50,952
6967,453940882,0.02,-6935.099999999999,693510.0,183420.0,66100.0,15040.0,428950.0,50,952
6968,379250395,0.02,-8423.874999999998,842387.5,189247.5,112300.0,15040.0,525800.0,50,952
6969,709239433,0.02,-7881.05,788105.0,188135.0,126700.0,14520.0,458750.0,50,952
6970,217487957,0.02,-7871.899999999999,787190.0,188430.0,61300.0,14760.0,522700.0,50,952
6971,612212366,0.02,-5482.425,548242.5,176832.5,82400.0,13760.0,275250.0,50,952
6972,829132086,0.02,-7551.524999999999,755152.5,185202.5,162600.0,13000.0,394350.0,50,952
6973,354660600,0.02,-5203.6500000000015,520365.0,175725.0,18700.0,15040.0,310900.0,50,952
6974,706688618,0.02,-7096.0,709600.0,179030.0,142800.0,14320.0,373450.0,50,952
6975,564335152,0.02,-11898.199999999999,1189820.0,195020.0,336000.0,16400.0,642400.0,50,952
6976,133147911,0.02,-9449.175,944917.5,190967.5,278800.0,15800.0,459350.0,50,952
6977,423335562,0.02,-10120.7,1012070.0,192850.0,160000.0,16120.0,643100.0,50,952
6978,858282290,0.02,-9258.550000000001,925855.0,194065.0,254800.0,14840.0,462150.0,50,952
6979,355349252,0.02,-8132.474999999999,813247.5,191327.5,106700.0,15920.0,499300.0,50,952
6980,321811269,0.02,-6253.3499999999985,625335.0,177325.0,129600.0,14160.0,304250.0,50,952
6981,39629874,0.02,-8561.0,856100.0,188200.0,200100.0,15200.0,452600.0,50,952
6982,518965134,0.02,-8675.1,867510.0,185280.0,150400.0,15080.0,516750.0,50,952
6983,888158253,0.02,-7133.8,713380.0,185970.0,101200.0,14560.0,411650.0,50,952
6984,582190033,0.02,-7440.974999999999,744097.5,181977.5,106800.0,15920.0,439400.0,50,952
6985,383497943,0.02,-8097.175000000001,809717.5,190207.5,98100.0,14960.0,506450.0,50,952
6986,827959581,0.02,-4844.675000000002,484467.5,172357.5,114500.0,13760.0,183850.0,50,952
6987,423051161,0.02,-4810.750000000002,481075.0,169225.0,40500.0,14600.0,256750.0,50,952
6988,135945353,0.02,-8926.575000000003,892657.5,191727.5,118400.0,15880.0,566650.0,50,952
6989,79568596,0.02,-6230.550000000003,623055.0,175055.0,87200.0,14600.0,346200.0,50,952
6990,505474824,0.02,-8131.575000000001,813157.5,183487.5,143400.0,14920.0,471350.0,50,952
6991,99594906,0.02,-9278.725000000002,927872.5,195462.5,211200.0,14960.0,506250.0,50,952
6992,251559332,0.02,-7467.800000000002,746780.0,181470.0,17200.0,16560.0,531550.0,50,952
6993,712559700,0.02,-7297.199999999999,729720.0,191160.0,36300.0,14960.0,487300.0,50,952
6994,879406357,0.02,-5980.575000000001,598057.5,174457.5,71700.0,15600.0,336300.0,50,953
6995,423230230,0.02,-8419.999999999998,842000.0,194370.0,149800.0,16480.0,481350.0,50,953
6996,121446340,0.02,-7585.799999999999,758580.0,181560.0,134700.0,14520.0,427800.0,50,953
6997,213722155,0.02,-6897.224999999998,689722.5,185072.5,116000.0,15000.0,373650.0,50,953
6998,626778138,0.02,-7123.675000000003,712367.5,184697.5,116100.0,13920.0,397650.0,50,953
6999,970120803,0.02,-8661.924999999997,866192.5,174242.5,184900.0,14400.0,492650.0,50,953
7000,67076241,0.02,-7852.124999999999,785212.5,184412.5,109300.0,15800.0,475700.0,50,953
7001,246206599,0.02,-6260.5,626050.0,184450.0,77100.0,14400.0,350100.0,50,953
7002,304044785,0.02,-6554.900000000001,655490.0,189150.0,52300.0,15240.0,398800.0,50,953
7003,750766512,0.02,-8930.574999999997,893057.5,187317.5,150600.0,16440.0,538700.0,50,953
7004,415670807,0.02,-9257.525000000003,925752.5,186432.5,156200.0,15120.0,568000.0,50,953
7005,988148808,0.02,-7871.825,787182.5,178812.5,140400.0,15320.0,452650.0,50,953
7006,957357236,0.02,-7859.174999999998,785917.5,194287.5,68500.0,14880.0,508250.0,50,953
7007,666298067,0.02,-6987.150000000001,698715.0,177135.0,36500.0,13880.0,471200.0,50,953
7008,61848571,0.02,-9115.174999999997,911517.5,193617.5,123800.0,14400.0,579700.0,50,953
7009,719800144,0.02,-7660.299999999999,766030.0,188040.0,159100.0,14440.0,404450.0,50,953
7010,706491299,0.02,-7230.774999999999,723077.5,175877.5,126900.0,14800.0,405500.0,50,953
7011,395920731,0.02,-8410.574999999999,841057.5,182467.5,160200.0,15040.0,483350.0,50,953
7012,676272036,0.02,-7884.525,788452.5,184792.5,150300.0,14360.0,439000.0,50,953
7013,241884359,0.02,-4392.925,439292.5,176492.5,44500.0,14400.0,203900.0,50,953
7014,780874145,0.02,-8408.975,840897.5,188017.5,155100.0,15280.0,482500.0,50,953
7015,244541893,0.02,-5239.074999999998,523907.5,177077.5,37700.0,14680.0,294450.0,50,953
7016,190970388,0.02,-8856.450000000003,885645.0,188025.0,215700.0,13520.0,468400.0,50,953
7017,290624348,0.02,-5996.05,599605.0,179675.0,38200.0,13280.0,368450.0,50,953
7018,586972548,0.02,-8963.325,896332.5,191892.5,217700.0,15640.0,471100.0,50,953
7019,888463657,0.02,-8838.6,883860.0,173910.0,145500.0,14400.0,550050.0,50,953
7020,463267915,0.02,-6971.575,697157.5,183217.5,86900.0,15240.0,411800.0,50,953
7021,348593290,0.02,-8330.7,833070.0,185270.0,179700.0,15000.0,453100.0,50,953
7022,214615503,0.02,-7491.450000000001,749145.0,189495.0,142000.0,14000.0,403650.0,50,953
7023,305643596,0.02,-6876.049999999998,687605.0,177345.0,88500.0,14960.0,406800.0,50,953
7024,314764753,0.02,-5617.250000000002,561725.0,177565.0,36800.0,14160.0,333200.0,50,953
7025,681341691,0.02,-6970.95,697095.0,183765.0,109200.0,15680.0,388450.0,50,953
7026,766320348,0.02,-9651.75,965175.0,193335.0,167000.0,17440.0,587400.0,50,953
7027,304276496,0.02,-6121.825,612182.5,186382.5,120500.0,15200.0,290100.0,50,953
7028,385409061,0.02,-9324.35,932435.0,194605.0,110600.0,14480.0,612750.0,50,953
7029,130701894,0.02,-8858.899999999998,885890.0,188180.0,270000.0,14360.0,413350.0,50,953
7030,393557482,0.02,-5806.499999999998,580650.0,182350.0,86000.0,14200.0,298100.0,50,953
7031,748513648,0.02,-6788.650000000001,678865.0,176035.0,175900.0,14280.0,312650.0,50,953
7032,762961656,0.02,-6634.975000000001,663497.5,183567.5,94300.0,14880.0,370750.0,50,953
7033,416945280,0.02,-8554.525000000003,855452.5,188212.5,161100.0,14640.0,491500.0,50,953
7034,597768470,0.02,-9208.349999999999,920835.0,190795.0,217700.0,15440.0,496900.0,50,953
7035,278686782,0.02,-11190.625000000002,1119062.5,192642.5,180500.0,16120.0,729800.0,50,953
7036,711676201,0.02,-7001.950000000002,700195.0,188995.0,63200.0,14600.0,433400.0,50,954
7037,161261568,0.02,-8588.524999999998,858852.5,191802.5,138100.0,14000.0,514950.0,50,955
7038,462594592,0.02,-6930.6,693060.0,188780.0,118900.0,14880.0,370500.0,50,955
7039,835490171,0.02,-7545.299999999999,754530.0,187970.0,140100.0,14760.0,411700.0,50,955
7040,438519816,0.02,-8258.675,825867.5,190897.5,119800.0,13920.0,501250.0,50,955
7041,897709550,0.02,-8123.15,812315.0,182915.0,96000.0,15600.0,517800.0,50,955
7042,622512878,0.02,-8978.1,897810.0,188160.0,219600.0,15400.0,474650.0,50,955
7043,862714288,0.02,-8752.125,875212.5,188812.5,205400.0,16200.0,464800.0,50,955
7044,521804914,0.02,-6514.274999999999,651427.5,192567.5,43000.0,15160.0,400700.0,50,955
7045,979600971,0.02,-6032.95,603295.0,183615.0,29600.0,14880.0,375200.0,50,955
7046,380455535,0.02,-7751.5,775150.0,188410.0,137700.0,15440.0,433600.0,50,955
7047,158100099,0.02,-9453.975000000002,945397.5,191877.5,289000.0,15720.0,448800.0,50,955
7048,371491931,0.02,-6279.499999999999,627950.0,189440.0,65300.0,15160.0,358050.0,50,955
7049,748299371,0.02,-8911.599999999999,891160.0,186680.0,167400.0,15480.0,521600.0,50,955
7050,988230828,0.02,-9250.775000000001,925077.5,191337.5,126500.0,16240.0,591000.0,50,955
7051,444070222,0.02,-5641.4000000000015,564140.0,185070.0,39000.0,14120.0,325950.0,50,955
7052,746680050,0.02,-6233.924999999998,623392.5,179932.5,101900.0,13560.0,328000.0,50,955
7053,895512388,0.02,-6694.300000000001,669430.0,185000.0,46400.0,14080.0,423950.0,50,955
7054,618434651,0.02,-5749.2,574920.0,182850.0,46700.0,14920.0,330450.0,50,955
7055,675365028,0.02,-5997.500000000001,599750.0,184660.0,55400.0,14840.0,344850.0,50,955
7056,466633889,0.02,-6702.1,670210.0,184060.0,113500.0,15400.0,357250.0,50,955
7057,217713792,0.02,-6742.575000000001,674257.5,184137.5,95900.0,13920.0,380300.0,50,955
7058,916360594,0.02,-8354.0,835400.0,192060.0,166300.0,15840.0,461200.0,50,955
7059,709201550,0.02,-8784.550000000001,878455.0,175315.0,241200.0,15840.0,446100.0,50,955
7060,603947880,0.02,-10214.550000000003,1021455.0,199845.0,191200.0,16960.0,613450.0,50,955
7061,535667156,0.02,-8162.799999999998,816280.0,188630.0,147500.0,14800.0,465350.0,50,955
7062,828737653,0.02,-9756.724999999997,975672.5,196332.5,164400.0,14640.0,600300.0,50,955
7063,847338829,0.02,-8680.949999999997,868095.0,192105.0,182700.0,15840.0,477450.0,50,955
7064,816552023,0.02,-6637.7,663770.0,181640.0,65000.0,14280.0,402850.0,50,955
7065,395040379,0.02,-7673.975000000002,767397.5,195567.5,106400.0,16680.0,448750.0,50,955
7066,671581219,0.02,-8030.099999999999,803010.0,188470.0,137200.0,14840.0,462500.0,50,955
7067,639101453,0.02,-10082.1,1008210.0,197980.0,219000.0,14680.0,576550.0,50,955
7068,162510793,0.02,-5976.349999999999,597635.0,186565.0,109800.0,14120.0,287150.0,50,955
7069,200561456,0.02,-6160.274999999999,616027.5,184457.5,25400.0,15120.0,391050.0,50,955
7070,858404193,0.02,-5549.000000000001,554900.0,177110.0,55200.0,14640.0,307950.0,50,955
7071,33373814,0.02,-8529.824999999999,852982.5,184322.5,207800.0,14360.0,446500.0,50,955
7072,517194703,0.02,-6470.925,647092.5,183922.5,50900.0,14920.0,397350.0,50,955
7073,265178908,0.02,-6943.425,694342.5,190362.5,63300.0,16080.0,424600.0,50,955
7074,269521355,0.02,-9228.874999999998,922887.5,190447.5,209800.0,15440.0,507200.0,50,955
7075,29111338,0.02,-9323.124999999998,932312.5,189752.5,158700.0,15760.0,568100.0,50,955
7076,498498086,0.02,-7342.8499999999985,734285.0,189485.0,124400.0,14600.0,405800.0,50,955
7077,782609619,0.02,-6709.450000000001,670945.0,190765.0,149400.0,15080.0,315700.0,50,955
7078,402014893,0.02,-6197.175,619717.5,178887.5,59600.0,14280.0,366950.0,50,955
7079,123930454,0.02,-7037.1,703710.0,183170.0,128900.0,14440.0,377200.0,50,955
7080,139207726,0.02,-7858.4749999999985,785847.5,191937.5,118300.0,14960.0,460650.0,50,955
7081,505467887,0.02,-9403.050000000001,940305.0,192985.0,255200.0,16120.0,476000.0,50,955
7082,132059399,0.02,-9503.375,950337.5,181537.5,256500.0,15600.0,496700.0,50,955
7083,238997852,0.02,-7761.6,776160.0,181110.0,161500.0,14200.0,419350.0,50,955
7084,626181914,0.02,-6632.324999999998,663232.5,186942.5,77100.0,14240.0,384950.0,50,955
7085,987963187,0.02,-8108.524999999998,810852.5,188492.5,159000.0,14760.0,448600.0,50,955
7086,634431347,0.02,-11108.924999999997,1110892.5,198372.5,262200.0,15720.0,634600.0,50,955
7087,716596634,0.02,-7019.300000000001,701930.0,183290.0,104500.0,13640.0,400500.0,50,955
7088,903893376,0.02,-8269.899999999998,826990.0,185310.0,90700.0,15080.0,535900.0,50,955
7089,474539830,0.02,-10019.025,1001902.5,196132.5,273200.0,15720.0,516850.0,50,955
7090,189774204,0.02,-10174.949999999997,1017495.0,192025.0,313500.0,14920.0,497050.0,50,955
7091,29142113,0.02,-7422.499999999999,742250.0,183090.0,166400.0,14360.0,378400.0,50,955
7092,485511237,0.02,-4342.724999999999,434272.5,178962.5,10300.0,14760.0,230250.0,50,955
7093,108868451,0.02,-6787.15,678715.0,182635.0,153000.0,13680.0,329400.0,50,955
7094,285287288,0.02,-8638.1,863810.0,191480.0,163600.0,15080.0,493650.0,50,955
7095,142652928,0.02,-7867.5250000000015,786752.5,192922.5,95700.0,13480.0,484650.0,50,955
7096,548204199,0.02,-8833.800000000001,883380.0,198760.0,180300.0,14320.0,490000.0,50,955
7097,995915913,0.02,-6594.249999999999,659425.0,191315.0,98100.0,14760.0,355250.0,50,955
7098,323493115,0.02,-7515.400000000001,751540.0,193670.0,119900.0,14120.0,423850.0,50,955
7099,507956824,0.02,-5854.274999999999,585427.5,177597.5,54000.0,13080.0,340750.0,50,955
7100,349843434,0.02,-12757.6,1275760.0,194760.0,322900.0,16200.0,741900.0,50,955
7101,654350203,0.02,-7131.300000000001,713130.0,186130.0,116600.0,15400.0,395000.0,50,955
7102,958308351,0.02,-6354.900000000001,635490.0,191240.0,91800.0,14200.0,338250.0,50,955
7103,955262399,0.02,-7804.275000000003,780427.5,192767.5,136500.0,14760.0,436400.0,50,955
7104,814251532,0.02,-6295.775000000001,629577.5,184377.5,89000.0,14200.0,342000.0,50,955
7105,78435296,0.02,-12301.799999999996,1230180.0,202160.0,265700.0,16320.0,746000.0,50,955
7106,347265027,0.02,-11070.725,1107072.5,197122.5,264900.0,16200.0,628850.0,50,955
7107,80893136,0.02,-11044.5,1104450.0,199770.0,258600.0,16080.0,630000.0,50,955
7108,976741236,0.02,-6772.599999999998,677260.0,193580.0,112200.0,12880.0,358600.0,50,955
7109,835395279,0.02,-5515.075000000001,551507.5,180457.5,54900.0,12800.0,303350.0,50,955
7110,49234577,0.02,-6482.15,648215.0,185895.0,132700.0,14720.0,314900.0,50,955
7111,521698842,0.02,-7467.075,746707.5,190987.5,56700.0,14920.0,484100.0,50,955
7112,78163667,0.02,-5885.399999999999,588540.0,179500.0,58500.0,14840.0,335700.0,50,955
7113,997082016,0.02,-6015.350000000001,601535.0,187545.0,93000.0,13440.0,307550.0,50,955
7114,229555264,0.02,-8477.900000000001,847790.0,187790.0,149200.0,14200.0,496600.0,50,955
7115,517959419,0.02,-8796.025000000001,879602.5,197622.5,137700.0,15680.0,528600.0,50,955
7116,293315747,0.02,-7585.1,758510.0,182500.0,120500.0,14560.0,440950.0,50,955
7117,10188474,0.02,-13148.324999999999,1314832.5,199832.5,358500.0,17200.0,739300.0,50,955
7118,47208556,0.02,-7160.625000000001,716062.5,183552.5,172000.0,14360.0,346150.0,50,955
7119,59502045,0.02,-8490.225,849022.5,190822.5,206800.0,15400.0,436000.0,50,955
7120,254371235,0.02,-7317.024999999999,731702.5,181562.5,125200.0,15440.0,409500.0,50,955
7121,542138358,0.02,-8979.099999999999,897910.0,183490.0,128400.0,16120.0,569900.0,50,955
7122,71593908,0.02,-9500.224999999999,950022.5,187672.5,230400.0,15400.0,516550.0,50,955
7123,934127915,0.02,-7125.100000000001,712510.0,182730.0,100400.0,16080.0,413300.0,50,955
7124,17982824,0.02,-6920.924999999999,692092.5,187962.5,103800.0,15680.0,384650.0,50,955
7125,628121481,0.02,-6643.725000000001,664372.5,185182.5,74400.0,15040.0,389750.0,50,955
7126,813732345,0.02,-6569.100000000001,656910.0,181730.0,49700.0,15480.0,410000.0,50,955
7127,486039316,0.02,-9225.199999999999,922520.0,180650.0,161200.0,16520.0,564150.0,50,955
7128,431711329,0.02,-7767.499999999998,776750.0,193620.0,130000.0,13880.0,439250.0,50,955
7129,684241424,0.02,-6243.899999999999,624390.0,189810.0,55800.0,14080.0,364700.0,50,955
7130,605471590,0.02,-7699.674999999999,769967.5,190547.5,127800.0,14520.0,437100.0,50,955
7131,936292311,0.02,-7347.550000000001,734755.0,187765.0,98000.0,14240.0,434750.0,50,955
7132,308101005,0.02,-6578.05,657805.0,190675.0,108100.0,13080.0,345950.0,50,955
7133,431770797,0.02,-8801.949999999999,880195.0,197755.0,116400.0,16840.0,549200.0,50,955
7134,484409125,0.02,-7724.400000000001,772440.0,192900.0,72600.0,15040.0,491900.0,50,955
7135,912519007,0.02,-8732.825,873282.5,191862.5,174800.0,15320.0,491300.0,50,955
7136,766774617,0.02,-10385.925,1038592.5,196452.5,221900.0,16840.0,603400.0,50,955
7137,672332410,0.02,-5851.899999999998,585190.0,182760.0,46400.0,13680.0,342350.0,50,955
7138,271643403,0.02,-8222.75,822275.0,194585.0,169000.0,14640.0,444050.0,50,955
7139,308263782,0.02,-4627.524999999999,462752.5,179992.5,39200.0,15160.0,228400.0,50,955
7140,880135339,0.02,-10419.574999999999,1041957.5,193307.5,222900.0,15800.0,609950.0,50,955
7141,640948289,0.02,-10719.1,1071910.0,201440.0,189100.0,16920.0,664450.0,50,955
7142,200295556,0.02,-3970.600000000001,397060.0,168730.0,28300.0,14080.0,185950.0,50,955
7143,842800518,0.02,-9597.15,959715.0,183555.0,169000.0,15560.0,591600.0,50,955
7144,399063579,0.02,-6116.199999999999,611620.0,184970.0,42100.0,14600.0,369950.0,50,955
7145,548278020,0.02,-13503.699999999999,1350370.0,197810.0,386500.0,16760.0,749300.0,50,955
7146,791383354,0.02,-5663.275000000001,566327.5,167307.5,77500.0,14720.0,306800.0,50,957
7147,775433456,0.02,-7582.65,758265.0,185295.0,94100.0,16520.0,462350.0,50,957
7148,340645621,0.02,-4595.650000000001,459565.0,172035.0,28500.0,13680.0,245350.0,50,958
7149,375188162,0.02,-5860.874999999998,586087.5,188827.5,86500.0,14160.0,296600.0,50,958
7150,155565314,0.02,-8359.275,835927.5,196417.5,145000.0,15160.0,479350.0,50,958
7151,113825304,0.02,-6612.274999999999,661227.5,184017.5,67200.0,14760.0,395250.0,50,958
7152,504895132,0.02,-8433.925000000001,843392.5,200112.5,149200.0,15680.0,478400.0,50,958
7153,231438511,0.02,-5218.075000000001,521807.5,187687.5,23200.0,14120.0,296800.0,50,958
7154,249568140,0.02,-5633.825,563382.5,177732.5,76600.0,14800.0,294250.0,50,958
7155,232079696,0.02,-5287.3499999999985,528735.0,181145.0,41000.0,15240.0,291350.0,50,958
7156,446694032,0.02,-6912.199999999998,691220.0,183420.0,103900.0,15600.0,388300.0,50,958
7157,775886527,0.02,-7738.274999999998,773827.5,184217.5,122000.0,14760.0,452850.0,50,958
7158,72533528,0.02,-6573.225,657322.5,181712.5,60900.0,14360.0,400350.0,50,958
7159,438865591,0.02,-4576.750000000001,457675.0,184295.0,34000.0,12680.0,226700.0,50,958
7160,802933048,0.02,-7078.0750000000035,707807.5,182377.5,98000.0,14480.0,412950.0,50,958
7161,146115129,0.02,-5592.049999999999,559205.0,188165.0,16400.0,14840.0,339800.0,50,958
7162,963017297,0.02,-6416.149999999999,641615.0,175005.0,92200.0,13760.0,360650.0,50,958
7163,463493342,0.02,-8337.449999999999,833745.0,192055.0,93600.0,15840.0,532250.0,50,958
7164,266991250,0.02,-6691.725000000001,669172.5,191302.5,69900.0,14720.0,393250.0,50,958
7165,278090386,0.02,-7725.725,772572.5,186042.5,135800.0,14680.0,436050.0,50,958
7166,238155121,0.02,-8895.85,889585.0,188195.0,198400.0,15640.0,487350.0,50,958
7167,296530804,0.02,-11738.775000000003,1173877.5,191627.5,403700.0,15400.0,563150.0,50,958
7168,692138717,0.02,-8166.175,816617.5,193827.5,83600.0,15040.0,524150.0,50,958
7169,770370987,0.02,-5955.650000000001,595565.0,187935.0,36600.0,15480.0,355550.0,50,958
7170,419910665,0.02,-8487.525000000001,848752.5,186192.5,160600.0,15560.0,486400.0,50,958
7171,441203241,0.02,-9914.925000000003,991492.5,200192.5,252500.0,16400.0,522400.0,50,958
7172,776515928,0.02,-10409.924999999997,1040992.5,199322.5,255000.0,17120.0,569550.0,50,958
7173,185961889,0.02,-7729.9000000000015,772990.0,193370.0,47400.0,14920.0,517300.0,50,958
7174,698583944,0.02,-8540.375000000002,854037.5,197887.5,161600.0,14000.0,480550.0,50,958
7175,737336333,0.02,-11081.724999999999,1108172.5,199442.5,188400.0,16680.0,703650.0,50,958
7176,203444547,0.02,-9346.95,934695.0,196825.0,126100.0,16120.0,595650.0,50,958
7177,125715541,0.02,-8123.599999999999,812360.0,185340.0,137200.0,15320.0,474500.0,50,958
7178,252563316,0.02,-7334.85,733485.0,190565.0,89800.0,16720.0,436400.0,50,958
7179,334843876,0.02,-6911.025,691102.5,187992.5,36000.0,14560.0,452550.0,50,958
7180,779087694,0.02,-9087.2,908720.0,199260.0,150400.0,15760.0,543300.0,50,958
7181,94375825,0.02,-9487.5,948750.0,195610.0,157600.0,16040.0,579500.0,50,958
7182,409392541,0.02,-8364.499999999998,836450.0,187500.0,152600.0,16000.0,480350.0,50,958
7183,361772422,0.02,-9457.274999999998,945727.5,194127.5,256700.0,16800.0,478100.0,50,958
7184,768147598,0.02,-10494.925,1049492.5,193012.5,224300.0,16480.0,615700.0,50,958
7185,549336060,0.02,-5910.424999999999,591042.5,163782.5,92300.0,14560.0,320400.0,50,960
7186,856580076,0.02,-7590.424999999999,759042.5,184582.5,47700.0,14160.0,512600.0,50,960
7187,126663918,0.02,-8192.8,819280.0,192570.0,85700.0,14760.0,526250.0,50,960
7188,66747735,0.02,-9835.1,983510.0,193460.0,261400.0,15800.0,512850.0,50,960
7189,778546707,0.02,-4637.775,463777.5,169327.5,6200.0,13000.0,275250.0,50,962
7190,567940433,0.02,-6772.649999999998,677265.0,186745.0,116800.0,15120.0,358600.0,50,962
7191,304354272,0.02,-8688.925,868892.5,193062.5,100000.0,15680.0,560150.0,50,962
7192,607521332,0.02,-6083.625000000001,608362.5,182382.5,122900.0,14080.0,289000.0,50,962
7193,290396959,0.02,-8172.950000000001,817295.0,189605.0,145900.0,15640.0,466150.0,50,962
7194,807706903,0.02,-8601.825,860182.5,194132.5,108700.0,14600.0,542750.0,50,962
7195,125258753,0.02,-6591.624999999999,659162.5,179632.5,83300.0,14080.0,382150.0,50,962
7196,115157010,0.02,-7886.225,788622.5,192792.5,116400.0,16480.0,462950.0,50,962
7197,368901030,0.02,-6280.625000000001,628062.5,187832.5,93600.0,15080.0,331550.0,50,962
7198,84449350,0.02,-7193.725000000001,719372.5,173472.5,144900.0,14600.0,386400.0,50,962
7199,533575031,0.02,-8633.275000000001,863327.5,191207.5,190200.0,16720.0,465200.0,50,962
7200,533504967,0.02,-9592.850000000002,959285.0,195105.0,219300.0,15880.0,529000.0,50,962
7201,912776911,0.02,-9391.299999999997,939130.0,186030.0,238000.0,16000.0,499100.0,50,962
7202,439789759,0.02,-7114.949999999999,711495.0,186205.0,53700.0,15840.0,455750.0,50,962
7203,528587454,0.02,-4920.375000000001,492037.5,169397.5,51800.0,14840.0,256000.0,50,962
7204,79934755,0.02,-9290.05,929005.0,192545.0,136600.0,15560.0,584300.0,50,962
7205,780904032,0.02,-8889.625,888962.5,190762.5,133900.0,15400.0,548900.0,50,963
7206,726436247,0.02,-11932.299999999994,1193230.0,191700.0,324600.0,16880.0,660050.0,50,963
7207,423976164,0.02,-9577.150000000001,957715.0,193195.0,157800.0,15320.0,591400.0,50,963
7208,121104993,0.02,-6750.0,675000.0,175340.0,117500.0,14560.0,367600.0,50,963
7209,248542007,0.02,-7531.025,753102.5,182502.5,122700.0,14800.0,433100.0,50,963
7210,110243718,0.02,-6731.900000000001,673190.0,190980.0,39300.0,14160.0,428750.0,50,963
7211,513816686,0.02,-6559.424999999999,655942.5,182622.5,79000.0,14320.0,380000.0,50,963
7212,741762221,0.02,-12069.025,1206902.5,202382.5,304300.0,16920.0,683300.0,50,963
7213,613675544,0.02,-6291.424999999997,629142.5,182382.5,73900.0,14560.0,358300.0,50,963
7214,322160675,0.02,-7774.75,777475.0,195105.0,77600.0,14120.0,490650.0,50,963
7215,477459082,0.02,-7327.600000000001,732760.0,185690.0,116300.0,15320.0,415450.0,50,963
7216,70197831,0.02,-7567.0,756700.0,194780.0,100500.0,13720.0,447700.0,50,963
7217,310048073,0.02,-8833.8,883380.0,188830.0,174500.0,14000.0,506050.0,50,963
7218,5943789,0.02,-7530.9,753090.0,190220.0,107100.0,15120.0,440650.0,50,963
7219,961093359,0.02,-7400.224999999999,740022.5,191492.5,86900.0,14880.0,446750.0,50,963
7220,600921990,0.02,-9994.699999999999,999470.0,194550.0,170300.0,15920.0,618700.0,50,963
7221,649194475,0.02,-5918.674999999999,591867.5,188467.5,33000.0,14800.0,355600.0,50,963
7222,9950771,0.02,-6598.749999999998,659875.0,189685.0,49200.0,14840.0,406150.0,50,963
7223,411719032,0.02,-7078.075000000001,707807.5,170087.5,90700.0,15120.0,431900.0,50,963
7224,852932312,0.02,-10825.174999999997,1082517.5,195327.5,319500.0,15840.0,551850.0,50,963
7225,815597571,0.02,-7427.774999999999,742777.5,184887.5,149000.0,14640.0,394250.0,50,963
7226,702594598,0.02,-12019.800000000001,1201980.0,199820.0,262500.0,17360.0,722300.0,50,963
7227,510701659,0.02,-6011.425000000001,601142.5,183532.5,34200.0,13560.0,369850.0,50,963
7228,781846416,0.02,-6599.299999999999,659930.0,181550.0,96000.0,13680.0,368700.0,50,963
7229,790545036,0.02,-8280.800000000003,828080.0,193530.0,91500.0,14600.0,528450.0,50,963
7230,417363350,0.02,-6399.549999999999,639955.0,190715.0,60200.0,15640.0,373400.0,50,963
7231,982701517,0.02,-8255.500000000002,825550.0,182900.0,130500.0,14800.0,497350.0,50,963
7232,625067471,0.02,-6678.6500000000015,667865.0,180965.0,115700.0,14600.0,356600.0,50,963
7233,476140951,0.02,-7078.224999999998,707822.5,182812.5,88400.0,15960.0,420650.0,50,963
7234,936390180,0.02,-8941.825,894182.5,192382.5,185300.0,14800.0,501700.0,50,963
7235,458319964,0.02,-8943.025,894302.5,188512.5,222000.0,15440.0,468350.0,50,963
7236,370614772,0.02,-7195.050000000002,719505.0,175165.0,154600.0,14440.0,375300.0,50,963
7237,171438809,0.02,-6488.750000000001,648875.0,190685.0,63900.0,14640.0,379650.0,50,963
7238,250473422,0.02,-8995.300000000001,899530.0,192210.0,169900.0,15120.0,522300.0,50,963
7239,643755812,0.02,-11449.749999999995,1144975.0,191535.0,333900.0,16240.0,603300.0,50,963
7240,208727423,0.02,-7670.900000000002,767090.0,181930.0,131700.0,14560.0,438900.0,50,963
7241,664488731,0.02,-6765.274999999996,676527.5,172897.5,96400.0,13680.0,393550.0,50,963
7242,606127708,0.02,-5162.275,516227.5,181937.5,16800.0,13840.0,303650.0,50,963
7243,790760046,0.02,-9178.449999999999,917845.0,190285.0,193200.0,15960.0,518400.0,50,963
7244,172296402,0.02,-9684.125000000002,968412.5,198882.5,166300.0,16480.0,586750.0,50,963
7245,618777734,0.02,-7323.100000000001,732310.0,189990.0,82600.0,14320.0,445400.0,50,963
7246,786917187,0.02,-6628.175,662817.5,185517.5,152900.0,13400.0,311000.0,50,963
7247,589601867,0.02,-11978.6,1197860.0,199540.0,375000.0,16720.0,606600.0,50,963
7248,63308779,0.02,-10090.800000000003,1009080.0,194070.0,223000.0,15160.0,576850.0,50,963
7249,42783856,0.02,-7827.024999999999,782702.5,193552.5,199100.0,13800.0,376250.0,50,963
7250,827704398,0.02,-10899.025,1089902.5,200792.5,309600.0,16160.0,563350.0,50,963
7251,922798495,0.02,-11666.900000000003,1166690.0,201220.0,297900.0,16520.0,651050.0,50,963
7252,101168687,0.02,-8796.799999999997,879680.0,196480.0,241200.0,15200.0,426800.0,50,963
7253,159242399,0.02,-4542.099999999999,454210.0,174760.0,26600.0,13800.0,239050.0,50,963
7254,929630507,0.02,-3770.8250000000003,377082.5,162612.5,60900.0,15920.0,137650.0,50,964
7255,119012967,0.02,-8352.724999999997,835272.5,194642.5,174800.0,16880.0,448950.0,50,964
7256,800559044,0.02,-5174.724999999999,517472.5,179342.5,47600.0,13280.0,277250.0,50,964
7257,308455557,0.02,-6908.224999999999,690822.5,189312.5,84500.0,14560.0,402450.0,50,964
7258,905843780,0.02,-5027.449999999999,502745.0,176245.0,53600.0,14400.0,258500.0,50,965
7259,655265618,0.02,-9044.55,904455.0,192295.0,195300.0,15960.0,500900.0,50,965
7260,788324509,0.02,-7540.700000000002,754070.0,190340.0,103800.0,14680.0,445250.0,50,965
7261,945698476,0.02,-7485.374999999997,748537.5,187987.5,114000.0,15200.0,431350.0,50,965
7262,968208043,0.02,-8639.1,863910.0,198770.0,121200.0,14640.0,529300.0,50,965
7263,76858927,0.02,-6375.525000000001,637552.5,193712.5,58600.0,13840.0,371400.0,50,965
7264,842635510,0.02,-7625.049999999998,762505.0,187255.0,171000.0,14200.0,390050.0,50,965
7265,376549868,0.02,-8508.524999999998,850852.5,186452.5,142600.0,15800.0,506000.0,50,965
7266,996555176,0.02,-10216.249999999998,1021625.0,196265.0,243500.0,16560.0,565300.0,50,965
7267,170941761,0.02,-12534.174999999997,1253417.5,203177.5,307500.0,17640.0,725100.0,50,965
7268,887981754,0.02,-12543.399999999998,1254340.0,204060.0,443900.0,16280.0,590100.0,50,965
7269,441785272,0.02,-5184.5,518450.0,185010.0,88900.0,13440.0,231100.0,50,966
7270,72452647,0.02,-11655.375000000002,1165537.5,199117.5,274400.0,16520.0,675500.0,50,966
7271,451627843,0.02,-8511.525000000001,851152.5,192362.5,117700.0,15240.0,525850.0,50,966
7272,913752002,0.02,-10883.75,1088375.0,197285.0,163600.0,16840.0,710650.0,50,966
7273,603767271,0.02,-9055.675,905567.5,187317.5,189600.0,15600.0,513050.0,50,966
7274,121779396,0.02,-7896.974999999999,789697.5,197467.5,119300.0,13880.0,459050.0,50,966
7275,699897457,0.02,-10799.525000000001,1079952.5,199322.5,233400.0,16280.0,630950.0,50,966
7276,889141421,0.02,-6948.749999999997,694875.0,189775.0,63400.0,14200.0,427500.0,50,966
7277,963163103,0.02,-9631.974999999997,963197.5,198047.5,200400.0,14800.0,549950.0,50,966
7278,951283289,0.02,-11377.15,1137715.0,199485.0,259300.0,16480.0,662450.0,50,966
7279,428791624,0.02,-9541.475,954147.5,198027.5,212500.0,15120.0,528500.0,50,966
7280,712018713,0.02,-10131.624999999996,1013162.5,199922.5,317200.0,14640.0,481400.0,50,966
7281,508261115,0.02,-6999.399999999998,699940.0,186330.0,91800.0,13960.0,407850.0,50,966
7282,286576207,0.02,-10248.974999999999,1024897.5,193347.5,254400.0,16200.0,560950.0,50,966
7283,949015607,0.02,-8590.575000000003,859057.5,188867.5,151500.0,15440.0,503250.0,50,966
7284,1291766,0.02,-8031.275000000002,803127.5,188397.5,144700.0,14680.0,455350.0,50,966
7285,296990039,0.02,-6442.950000000001,644295.0,180495.0,93000.0,14800.0,356000.0,50,966
7286,796748306,0.02,-8585.75,858575.0,190535.0,151700.0,15840.0,500500.0,50,966
7287,878762437,0.02,-7757.924999999998,775792.5,185272.5,112200.0,14920.0,463400.0,50,966
7288,382199547,0.02,-10006.700000000004,1000670.0,194040.0,237400.0,16480.0,552750.0,50,966
7289,438907571,0.02,-5041.475,504147.5,176397.5,41000.0,13800.0,272950.0,50,966
7290,684859745,0.02,-6915.625000000001,691562.5,189192.5,96900.0,13920.0,391550.0,50,966
7291,769616954,0.02,-6061.624999999999,606162.5,175542.5,47300.0,14920.0,368400.0,50,966
7292,94099477,0.02,-8248.6,824860.0,195220.0,127300.0,15040.0,487300.0,50,966
7293,594994245,0.02,-11629.424999999996,1162942.5,197272.5,360300.0,16520.0,588850.0,50,966
7294,742641653,0.02,-8122.925,812292.5,186472.5,118200.0,15520.0,492100.0,50,966
7295,237675773,0.02,-9953.925000000001,995392.5,193832.5,229700.0,15760.0,556100.0,50,966
7296,83252929,0.02,-6865.924999999997,686592.5,180932.5,63500.0,13560.0,428600.0,50,966
7297,52896886,0.02,-6414.375,641437.5,185627.5,77100.0,15160.0,363550.0,50,966
7298,182325115,0.02,-9329.474999999999,932947.5,197047.5,181800.0,15400.0,538700.0,50,966
7299,247763790,0.02,-7857.674999999998,785767.5,192777.5,132500.0,15840.0,444650.0,50,966
7300,843381226,0.02,-7819.749999999999,781975.0,194335.0,94400.0,16440.0,476800.0,50,966
7301,983050943,0.02,-6906.200000000001,690620.0,181120.0,61300.0,14800.0,433400.0,50,966
7302,94451091,0.02,-10019.000000000002,1001900.0,199890.0,203800.0,16160.0,582050.0,50,966
7303,439282712,0.02,-8204.275000000001,820427.5,183177.5,210200.0,15000.0,412050.0,50,966
7304,74638327,0.02,-8193.199999999999,819320.0,194940.0,144400.0,16480.0,463500.0,50,966
7305,760181466,0.02,-9117.949999999999,911795.0,188215.0,124100.0,15880.0,583600.0,50,966
7306,465929117,0.02,-9907.099999999995,990710.0,196590.0,291600.0,15320.0,487200.0,50,966
7307,246986920,0.02,-9973.525000000003,997352.5,192432.5,208100.0,17320.0,579500.0,50,966
7308,812183309,0.02,-6716.924999999998,671692.5,181482.5,106900.0,14760.0,368550.0,50,966
7309,526006325,0.02,-5608.150000000001,560815.0,186125.0,59900.0,14240.0,300550.0,50,966
7310,751097609,0.02,-11482.625,1148262.5,198642.5,304000.0,15920.0,629700.0,50,966
7311,969175785,0.02,-9260.049999999997,926005.0,197845.0,138500.0,15560.0,574100.0,50,966
7312,609466173,0.02,-5335.999999999999,533600.0,176780.0,23200.0,14320.0,319300.0,50,967
7313,655462847,0.02,-7393.175,739317.5,182337.5,124200.0,16680.0,416100.0,50,967
7314,425606756,0.02,-13150.15,1315015.0,189625.0,479900.0,16640.0,628850.0,50,967
7315,240436858,0.02,-7730.374999999999,773037.5,184887.5,99900.0,15600.0,472650.0,50,967
7316,657811271,0.02,-7869.000000000002,786900.0,175860.0,175800.0,15040.0,420200.0,50,967
7317,525562684,0.02,-6322.450000000001,632245.0,177165.0,96800.0,14280.0,344000.0,50,967
7318,647499656,0.02,-6767.424999999998,676742.5,190712.5,53700.0,16280.0,416050.0,50,967
7319,700990076,0.02,-8833.950000000003,883395.0,190685.0,283200.0,15760.0,393750.0,50,967
7320,732519753,0.02,-7412.100000000001,741210.0,180910.0,74800.0,14200.0,471300.0,50,967
7321,705594302,0.02,-8759.499999999998,875950.0,198500.0,134100.0,15400.0,527950.0,50,967
7322,767375123,0.02,-8867.825,886782.5,183912.5,191100.0,15120.0,496650.0,50,967
7323,499484300,0.02,-6608.125000000003,660812.5,184272.5,61400.0,16040.0,399100.0,50,967
7324,139224161,0.02,-6963.950000000002,696395.0,189215.0,93400.0,15080.0,398700.0,50,967
7325,610665516,0.02,-7220.75,722075.0,183535.0,86000.0,15240.0,437300.0,50,967
7326,442124290,0.02,-13377.074999999999,1337707.5,200727.5,414200.0,17280.0,705500.0,50,967
7327,79126230,0.02,-7032.825,703282.5,185452.5,137600.0,14680.0,365550.0,50,967
7328,795779461,0.02,-7498.724999999998,749872.5,184932.5,135400.0,15440.0,414100.0,50,967
7329,142002028,0.02,-7406.85,740685.0,180945.0,125800.0,16840.0,417100.0,50,967
7330,530530371,0.02,-5738.1,573810.0,181200.0,59100.0,15760.0,317750.0,50,967
7331,47019388,0.02,-8721.2,872120.0,192890.0,147500.0,15480.0,516250.0,50,967
7332,437807402,0.02,-6758.025,675802.5,188862.5,125000.0,15240.0,346700.0,50,967
7333,777180590,0.02,-7656.999999999999,765700.0,189210.0,160400.0,16040.0,400050.0,50,967
7334,922428423,0.02,-6110.1,611010.0,187280.0,104000.0,12880.0,306850.0,50,967
7335,37782980,0.02,-5362.349999999999,536235.0,177685.0,92200.0,14000.0,252350.0,50,967
7336,133897785,0.02,-7968.275,796827.5,195697.5,103100.0,13680.0,484350.0,50,967
7337,425073293,0.02,-5063.224999999999,506322.5,177362.5,49600.0,14360.0,265000.0,50,967
7338,607797055,0.02,-7700.075000000001,770007.5,186757.5,85900.0,14800.0,482550.0,50,967
7339,579001950,0.02,-8536.875000000004,853687.5,194007.5,118000.0,17680.0,524000.0,50,967
7340,46002217,0.02,-7558.125000000001,755812.5,178362.5,207500.0,17200.0,352750.0,50,967
7341,951483757,0.02,-6374.875,637487.5,182837.5,59300.0,14800.0,380550.0,50,967
7342,998362275,0.02,-10010.125000000002,1001012.5,193302.5,237500.0,16160.0,554050.0,50,967
7343,46507090,0.02,-9430.374999999998,943037.5,189407.5,144000.0,14680.0,594950.0,50,967
7344,237135627,0.02,-8709.599999999999,870960.0,192010.0,168000.0,14800.0,496150.0,50,967
7345,855735044,0.02,-7973.999999999999,797400.0,186450.0,124800.0,16400.0,469750.0,50,967
7346,902420037,0.02,-8663.349999999999,866335.0,189225.0,191700.0,15560.0,469850.0,50,967
7347,814866487,0.02,-5692.225,569222.5,182702.5,51300.0,13520.0,321700.0,50,967
7348,500406665,0.02,-9980.474999999999,998047.5,192047.5,218900.0,16400.0,570700.0,50,967
7349,310530974,0.02,-9197.374999999998,919737.5,190577.5,237900.0,16160.0,475100.0,50,967
7350,919256120,0.02,-8436.6,843660.0,192080.0,119100.0,15680.0,516800.0,50,967
7351,220078976,0.02,-7795.349999999999,779535.0,182715.0,197300.0,14720.0,384800.0,50,968
7352,244523071,0.02,-8527.65,852765.0,192655.0,147700.0,15560.0,496850.0,50,968
7353,864630520,0.02,-6586.900000000001,658690.0,181160.0,116400.0,15680.0,345450.0,50,968
7354,114246376,0.02,-12701.249999999998,1270125.0,190255.0,377400.0,16520.0,685950.0,50,968
7355,97253903,0.02,-13532.375,1353237.5,201717.5,505600.0,16120.0,629800.0,50,968
7356,676738724,0.02,-12118.125,1211812.5,199952.5,292800.0,16560.0,702500.0,50,968
7357,137804743,0.02,-10242.299999999997,1024230.0,196950.0,251600.0,15880.0,559800.0,50,968
7358,411051224,0.02,-9934.650000000001,993465.0,194925.0,252800.0,16240.0,529500.0,50,968
7359,668361437,0.02,-10337.850000000002,1033785.0,193845.0,311000.0,16040.0,512900.0,50,968
7360,960033805,0.02,-6453.5999999999985,645360.0,187980.0,114500.0,15080.0,327800.0,50,968
7361,563123932,0.02,-5618.475,561847.5,186837.5,43900.0,15160.0,315950.0,50,968
7362,736451688,0.02,-5438.799999999999,543880.0,181300.0,35200.0,14880.0,312500.0,50,968
7363,390177230,0.02,-8629.2,862920.0,196900.0,158700.0,15720.0,491600.0,50,968
7364,704452762,0.02,-8000.250000000003,800025.0,194935.0,74900.0,14840.0,515350.0,50,968
7365,492656402,0.02,-10928.950000000004,1092895.0,201035.0,303000.0,15760.0,573100.0,50,968
7366,225085646,0.02,-8743.7,874370.0,198610.0,116100.0,16960.0,542700.0,50,968
7367,571576821,0.02,-9440.2,944020.0,190270.0,180700.0,15800.0,557250.0,50,968
7368,312157420,0.02,-10093.399999999998,1009340.0,193030.0,264100.0,15960.0,536250.0,50,968
7369,349185607,0.02,-10261.974999999999,1026197.5,185447.5,243900.0,16000.0,580850.0,50,968
7370,999990371,0.02,-5507.3,550730.0,182850.0,57800.0,13280.0,296800.0,50,968
7371,747152633,0.02,-8331.324999999997,833132.5,184442.5,144600.0,15440.0,488650.0,50,968
7372,767753414,0.02,-7591.950000000001,759195.0,193355.0,144500.0,15240.0,406100.0,50,968
7373,911868893,0.02,-6653.925,665392.5,195372.5,54800.0,13120.0,402100.0,50,968
7374,364031018,0.02,-9649.049999999997,964905.0,194045.0,206300.0,15760.0,548800.0,50,968
7375,732621700,0.02,-6824.349999999999,682435.0,193905.0,39300.0,14280.0,434950.0,50,968
7376,402523318,0.02,-7689.9749999999985,768997.5,192007.5,127100.0,14240.0,435650.0,50,968
7377,267689136,0.02,-6273.9000000000015,627390.0,185570.0,70000.0,15920.0,355900.0,50,968
7378,976183184,0.02,-8218.95,821895.0,191255.0,68000.0,15040.0,547600.0,50,968
7379,156313115,0.02,-7140.925000000001,714092.5,190362.5,93900.0,14880.0,414950.0,50,968
7380,407459917,0.02,-5825.549999999999,582555.0,180625.0,32300.0,14080.0,355550.0,50,968
7381,41988786,0.02,-6674.674999999999,667467.5,186867.5,150400.0,14200.0,316000.0,50,969
7382,18118019,0.02,-6116.25,611625.0,177855.0,77300.0,14120.0,342350.0,50,969
7383,925807935,0.02,-6766.15,676615.0,176155.0,58400.0,14360.0,427700.0,50,969
7384,58503131,0.02,-6264.05,626405.0,188255.0,57400.0,14400.0,366350.0,50,969
7385,828899275,0.02,-5863.2,586320.0,185760.0,54200.0,13160.0,333200.0,50,969
7386,183569502,0.02,-4876.949999999999,487695.0,186145.0,19500.0,14600.0,267450.0,50,969
7387,982414100,0.02,-6706.575000000003,670657.5,192507.5,35200.0,15000.0,427950.0,50,969
7388,119375940,0.02,-6735.325,673532.5,190092.5,69700.0,14640.0,399100.0,50,969
7389,510377879,0.02,-8560.075000000003,856007.5,193557.5,179300.0,15200.0,467950.0,50,969
7390,862597207,0.02,-5079.024999999999,507902.5,191052.5,4000.0,14200.0,298650.0,50,969
7391,886171147,0.02,-5504.025000000001,550402.5,182832.5,64400.0,13920.0,289250.0,50,969
7392,512795798,0.02,-7623.2,762320.0,187040.0,128500.0,14080.0,432700.0,50,969
7393,525984827,0.02,-8291.675000000003,829167.5,192657.5,168400.0,15760.0,452350.0,50,969
7394,86163017,0.02,-5899.275000000001,589927.5,178897.5,77400.0,15280.0,318350.0,50,969
7395,451392688,0.02,-6833.65,683365.0,176635.0,78800.0,14680.0,413250.0,50,972
7396,395563130,0.02,-7387.499999999999,738750.0,190520.0,103200.0,13680.0,431350.0,50,972
7397,549346252,0.02,-7815.7,781570.0,182170.0,196500.0,14600.0,388300.0,50,972
7398,873759779,0.02,-4884.05,488405.0,173615.0,85800.0,13440.0,215550.0,50,972
7399,984945537,0.02,-7573.0,757300.0,190760.0,155700.0,14640.0,396200.0,50,972
7400,236814646,0.02,-5256.799999999999,525680.0,178280.0,84000.0,14000.0,249400.0,50,972
7401,727588236,0.02,-4143.025,414302.5,162512.5,27000.0,15040.0,209750.0,50,972
7402,530245987,0.02,-6822.850000000002,682285.0,183945.0,146800.0,14440.0,337100.0,50,972
7403,176486460,0.02,-7115.374999999999,711537.5,190027.5,112000.0,14160.0,395350.0,50,972
7404,870820680,0.02,-6376.524999999998,637652.5,190512.5,94800.0,13840.0,338500.0,50,972
7405,628126262,0.02,-5666.475,566647.5,180107.5,36600.0,13840.0,336100.0,50,972
7406,359722093,0.02,-8332.8,833280.0,195690.0,118900.0,15440.0,503250.0,50,972
7407,113662214,0.02,-6711.450000000001,671145.0,189665.0,97900.0,14480.0,369100.0,50,972
7408,214520092,0.02,-7296.750000000001,729675.0,189035.0,78000.0,14440.0,448200.0,50,972
7409,173475266,0.02,-5961.300000000001,596130.0,183300.0,43600.0,13880.0,355350.0,50,972
7410,955031454,0.02,-8275.125,827512.5,195942.5,147700.0,13920.0,469950.0,50,972
7411,893456882,0.02,-5590.075,559007.5,180787.5,59600.0,13120.0,305500.0,50,972
7412,972716102,0.02,-9184.9,918490.0,198200.0,211700.0,16240.0,492350.0,50,972
7413,489069116,0.02,-13136.424999999997,1313642.5,201152.5,342700.0,16440.0,753350.0,50,972
7414,865286848,0.02,-7306.374999999999,730637.5,187347.5,124200.0,13840.0,405250.0,50,972
7415,365409191,0.02,-7287.825,728782.5,184572.5,81700.0,15560.0,446950.0,50,972
7416,239084474,0.02,-7498.875000000001,749887.5,191147.5,132600.0,14040.0,412100.0,50,972
7417,622398485,0.02,-5389.225000000001,538922.5,178792.5,85600.0,14480.0,260050.0,50,972
7418,638419276,0.02,-8101.9749999999985,810197.5,194607.5,97300.0,14640.0,503650.0,50,972
7419,613490587,0.02,-5295.775,529577.5,177137.5,19600.0,14240.0,318600.0,50,972
7420,747121681,0.02,-9137.074999999999,913707.5,189097.5,146400.0,15360.0,562850.0,50,972
7421,148956489,0.02,-6679.075000000001,667907.5,180247.5,52800.0,13760.0,421100.0,50,972
7422,480452686,0.02,-6044.274999999999,604427.5,182027.5,116900.0,14200.0,291300.0,50,972
7423,77691017,0.02,-8064.500000000002,806450.0,193150.0,110000.0,14600.0,488700.0,50,972
7424,424630559,0.02,-8835.299999999997,883530.0,195900.0,125300.0,14880.0,547450.0,50,972
7425,907349678,0.02,-8959.275,895927.5,198207.5,152500.0,15320.0,529900.0,50,972
7426,432576953,0.02,-6418.0250000000015,641802.5,183852.5,104000.0,14400.0,339550.0,50,972
7427,604223081,0.02,-6419.0250000000015,641902.5,185662.5,98100.0,16040.0,342100.0,50,972
7428,595653610,0.02,-6694.725,669472.5,192232.5,45600.0,13440.0,418200.0,50,972
7429,194773195,0.02,-6595.124999999998,659512.5,183392.5,80000.0,14120.0,382000.0,50,972
7430,119276571,0.02,-8910.85,891085.0,188495.0,152000.0,14440.0,536150.0,50,972
7431,989890207,0.02,-4426.075000000002,442607.5,178807.5,29500.0,14000.0,220300.0,50,972
7432,574536560,0.02,-9723.575,972357.5,197887.5,199900.0,16120.0,558450.0,50,972
7433,937360289,0.02,-7597.925000000002,759792.5,195862.5,50900.0,14880.0,498150.0,50,972
7434,429736728,0.02,-6693.475000000001,669347.5,194387.5,76400.0,13760.0,384800.0,50,972
7435,875993788,0.02,-7424.750000000002,742475.0,191625.0,148500.0,14000.0,388350.0,50,972
7436,92408729,0.02,-7126.675,712667.5,193377.5,114900.0,14640.0,389750.0,50,972
7437,22570050,0.02,-6232.299999999999,623230.0,188780.0,122700.0,13800.0,297950.0,50,972
7438,155060459,0.02,-4098.249999999999,409825.0,166825.0,40400.0,15000.0,187600.0,50,972
7439,243494882,0.02,-4814.350000000001,481435.0,178265.0,46400.0,14920.0,241850.0,50,972
7440,737670777,0.02,-7545.85,754585.0,189465.0,134100.0,15120.0,415900.0,50,972
7441,161339449,0.02,-6971.925000000003,697192.5,188452.5,134300.0,15240.0,359200.0,50,972
7442,677622564,0.02,-9621.699999999997,962170.0,196330.0,240900.0,15240.0,509700.0,50,972
7443,993212787,0.02,-6886.675,688667.5,189047.5,77400.0,14920.0,407300.0,50,972
7444,397735756,0.02,-6561.549999999998,656155.0,176855.0,122600.0,14200.0,342500.0,50,972
7445,964448638,0.02,-8987.150000000001,898715.0,194875.0,200400.0,15640.0,487800.0,50,972
7446,424734086,0.02,-7471.250000000001,747125.0,188765.0,140000.0,14760.0,403600.0,50,972
7447,296598990,0.02,-10165.95,1016595.0,196675.0,199400.0,16720.0,603800.0,50,972
7448,738204457,0.02,-6582.575,658257.5,188307.5,87300.0,14400.0,368250.0,50,972
7449,414614190,0.02,-10739.674999999997,1073967.5,196417.5,266900.0,16200.0,594450.0,50,972
7450,964332225,0.02,-6829.600000000001,682960.0,185280.0,182000.0,14880.0,300800.0,50,972
7451,443540134,0.02,-9307.250000000004,930725.0,196615.0,150300.0,16160.0,567650.0,50,972
7452,845887354,0.02,-7109.075000000002,710907.5,187687.5,159900.0,15120.0,348200.0,50,972
7453,138835035,0.02,-9651.45,965145.0,196005.0,273600.0,16240.0,479300.0,50,972
7454,647615076,0.02,-7424.800000000001,742480.0,189280.0,90300.0,14800.0,448100.0,50,972
7455,368776357,0.02,-7601.250000000001,760125.0,190845.0,190500.0,14280.0,364500.0,50,972
7456,478894616,0.02,-9425.849999999999,942585.0,192405.0,198800.0,14680.0,536700.0,50,972
7457,341268648,0.02,-5605.35,560535.0,180845.0,46600.0,13840.0,319250.0,50,972
7458,681116138,0.02,-9274.425000000001,927442.5,195902.5,244800.0,15640.0,471100.0,50,972
7459,63747001,0.02,-8091.7750000000015,809177.5,188937.5,142500.0,15440.0,462300.0,50,972
7460,524464973,0.02,-7040.749999999998,704075.0,185085.0,128400.0,13240.0,377350.0,50,972
7461,111343504,0.02,-6444.500000000001,644450.0,185820.0,69400.0,14880.0,374350.0,50,972
7462,733341748,0.02,-10375.549999999997,1037555.0,201155.0,239000.0,17800.0,579600.0,50,972
7463,158288217,0.02,-9195.025,919502.5,185642.5,285000.0,15360.0,433500.0,50,972
7464,418423878,0.02,-6496.375000000001,649637.5,185457.5,140700.0,15080.0,308400.0,50,972
7465,389399274,0.02,-7695.599999999998,769560.0,194050.0,135500.0,15360.0,424650.0,50,972
7466,475383896,0.02,-7587.450000000002,758745.0,189505.0,94800.0,15440.0,459000.0,50,972
7467,380129775,0.02,-11635.849999999999,1163585.0,201465.0,313000.0,16520.0,632600.0,50,972
7468,560578001,0.02,-8693.074999999999,869307.5,192407.5,203100.0,15200.0,458600.0,50,972
7469,160533321,0.02,-7418.074999999999,741807.5,187397.5,106600.0,14960.0,432850.0,50,972
7470,420705787,0.02,-10397.124999999998,1039712.5,198942.5,230000.0,16920.0,593850.0,50,972
7471,443820064,0.02,-9885.275000000001,988527.5,185467.5,204900.0,16560.0,581600.0,50,972
7472,971278117,0.02,-7461.750000000001,746175.0,185785.0,266100.0,14240.0,280050.0,50,972
7473,703164713,0.02,-8672.124999999998,867212.5,191952.5,210200.0,14560.0,450500.0,50,972
7474,725625844,0.02,-9240.475,924047.5,193917.5,196000.0,15480.0,518650.0,50,972
7475,242536909,0.02,-10802.95,1080295.0,197155.0,297000.0,16240.0,569900.0,50,972
7476,378194294,0.02,-11744.275,1174427.5,196627.5,338300.0,15600.0,623900.0,50,972
7477,731225295,0.02,-8476.824999999995,847682.5,195472.5,206700.0,14960.0,430550.0,50,972
7478,11674663,0.02,-7811.225,781122.5,193002.5,118100.0,14720.0,455300.0,50,972
7479,637776512,0.02,-9101.199999999999,910120.0,194210.0,256300.0,14960.0,444650.0,50,972
7480,352837580,0.02,-6040.825000000001,604082.5,185162.5,18000.0,15320.0,385600.0,50,972
7481,354200335,0.02,-7275.825000000002,727582.5,190442.5,42000.0,15440.0,479700.0,50,972
7482,503392225,0.02,-10153.675000000003,1015367.5,194067.5,291400.0,15400.0,514500.0,50,972
7483,99470473,0.02,-7686.249999999999,768625.0,185685.0,184600.0,16240.0,382100.0,50,972
7484,302917311,0.02,-6522.8,652280.0,188210.0,76500.0,14520.0,373050.0,50,972
7485,717498748,0.02,-10341.95,1034195.0,195715.0,251500.0,15880.0,571100.0,50,972
7486,264870326,0.02,-9020.675000000001,902067.5,192817.5,144700.0,13800.0,550750.0,50,972
7487,889258632,0.02,-8591.8,859180.0,188580.0,239200.0,14800.0,416600.0,50,972
7488,370438250,0.02,-11505.25,1150525.0,201925.0,296000.0,16400.0,636200.0,50,972
7489,659547402,0.02,-12018.300000000001,1201830.0,201860.0,310600.0,16520.0,672850.0,50,972
7490,936008618,0.02,-9801.1,980110.0,198110.0,184100.0,14800.0,583100.0,50,972
7491,21293999,0.02,-7568.625000000001,756862.5,187152.5,100900.0,14760.0,454050.0,50,972
7492,651220311,0.02,-5549.124999999998,554912.5,183472.5,90100.0,13840.0,267500.0,50,972
7493,331350,0.02,-12188.625000000002,1218862.5,202292.5,254200.0,16520.0,745850.0,50,972
7494,636906005,0.02,-8084.75,808475.0,190935.0,139800.0,15040.0,462700.0,50,972
7495,416972683,0.02,-5598.275000000001,559827.5,175947.5,27200.0,13480.0,343200.0,50,974
7496,132090399,0.02,-8150.299999999999,815030.0,191540.0,70000.0,14240.0,539250.0,50,974
7497,134913916,0.02,-5260.950000000001,526095.0,182655.0,7600.0,13840.0,322000.0,50,974
7498,82040278,0.02,-7241.949999999998,724195.0,185405.0,93100.0,14040.0,431650.0,50,974
7499,643131219,0.02,-9071.55,907155.0,190545.0,188700.0,15360.0,512550.0,50,974
7500,192732958,0.02,-7746.249999999999,774625.0,186865.0,199600.0,14360.0,373800.0,50,974
7501,471070271,0.02,-11077.449999999999,1107745.0,194095.0,383600.0,16000.0,514050.0,50,974
7502,305054126,0.02,-8152.35,815235.0,186265.0,116100.0,15320.0,497550.0,50,974
7503,284761792,0.02,-7747.599999999999,774760.0,190830.0,155800.0,14880.0,413250.0,50,974
7504,214016290,0.02,-8140.0499999999965,814005.0,192705.0,206700.0,15000.0,399600.0,50,974
7505,123149156,0.02,-9036.350000000002,903635.0,190755.0,183400.0,15880.0,513600.0,50,974
7506,688613489,0.02,-8174.35,817435.0,188285.0,194800.0,15400.0,418950.0,50,974
7507,535705322,0.02,-8179.975000000002,817997.5,194137.5,165600.0,16160.0,442100.0,50,974
7508,145598928,0.02,-9257.699999999999,925770.0,190000.0,254000.0,15920.0,465850.0,50,974
7509,938833851,0.02,-3950.4250000000006,395042.5,173202.5,47200.0,14840.0,159800.0,50,974
7510,822485138,0.02,-8398.425,839842.5,192832.5,209600.0,14560.0,422850.0,50,974
7511,495226181,0.02,-5088.250000000001,508825.0,183585.0,41000.0,14040.0,270200.0,50,974
7512,724515179,0.02,-7789.474999999999,778947.5,194727.5,132000.0,14920.0,437300.0,50,974
7513,804043879,0.02,-4517.675,451767.5,171177.5,40400.0,13840.0,226350.0,50,974
7514,101027382,0.02,-8896.325000000003,889632.5,189072.5,197700.0,16160.0,486700.0,50,974
7515,138548369,0.02,-9200.000000000002,920000.0,188010.0,222400.0,14240.0,495350.0,50,974
7516,589828148,0.02,-10641.249999999995,1064125.0,188215.0,318400.0,16160.0,541350.0,50,974
7517,781561101,0.02,-7848.975000000001,784897.5,186027.5,132900.0,15520.0,450450.0,50,974
7518,665474779,0.02,-8218.05,821805.0,184825.0,196200.0,14480.0,426300.0,50,974
7519,70622646,0.02,-6803.050000000002,680305.0,188195.0,157500.0,13760.0,320850.0,50,974
7520,246389438,0.02,-6369.975,636997.5,181867.5,109900.0,14680.0,330550.0,50,974
7521,824915406,0.02,-5745.650000000001,574565.0,184695.0,57800.0,14920.0,317150.0,50,974
7522,860714851,0.02,-6399.3499999999985,639935.0,185185.0,100000.0,12800.0,341950.0,50,974
7523,719319618,0.02,-8699.124999999998,869912.5,180312.5,317300.0,15400.0,356900.0,50,974
7524,582613980,0.02,-6532.199999999998,653220.0,185880.0,49800.0,14640.0,402900.0,50,974
7525,478292989,0.02,-8691.249999999996,869125.0,194175.0,193200.0,14800.0,466950.0,50,974
7526,933913836,0.02,-6522.525000000001,652252.5,179342.5,108600.0,14360.0,349950.0,50,974
7527,396893242,0.02,-8484.499999999996,848450.0,193570.0,114900.0,16480.0,523500.0,50,974
7528,592652033,0.02,-6061.824999999999,606182.5,188972.5,36000.0,13560.0,367650.0,50,974
7529,794466243,0.02,-5695.975,569597.5,176137.5,102200.0,13560.0,277700.0,50,975
7530,510989950,0.02,-5166.075,516607.5,175887.5,39300.0,13520.0,287900.0,50,975
7531,390955494,0.02,-6772.274999999999,677227.5,194727.5,142600.0,16000.0,323900.0,50,975
7532,922974386,0.02,-5230.924999999999,523092.5,184572.5,37900.0,14520.0,286100.0,50,976
7533,766288646,0.02,-4167.724999999998,416772.5,185942.5,26300.0,14080.0,190450.0,50,976
7534,704304524,0.02,-10702.4,1070240.0,189150.0,197500.0,14840.0,668750.0,50,976
7535,745820858,0.02,-6344.675000000001,634467.5,184287.5,73700.0,13680.0,362800.0,50,976
7536,929160973,0.02,-5953.8,595380.0,183410.0,46500.0,15520.0,349950.0,50,976
7537,155210430,0.02,-6081.45,608145.0,188875.0,68000.0,13120.0,338150.0,50,976
7538,722497621,0.02,-12847.499999999998,1284750.0,203580.0,302000.0,16120.0,763050.0,50,976
7539,559402838,0.02,-7213.349999999999,721335.0,183385.0,147400.0,13800.0,376750.0,50,976
7540,587939947,0.02,-7199.374999999997,719937.5,188227.5,57300.0,15160.0,459250.0,50,976
7541,781096184,0.02,-5781.924999999999,578192.5,181952.5,93400.0,14840.0,288000.0,50,976
7542,12493546,0.02,-6647.849999999999,664785.0,190005.0,67200.0,14480.0,393100.0,50,976
7543,963811936,0.02,-6153.399999999999,615340.0,177930.0,83600.0,14760.0,339050.0,50,976
7544,404141053,0.02,-7390.674999999999,739067.5,187947.5,90800.0,15520.0,444800.0,50,976
7545,738145520,0.02,-8337.65,833765.0,188565.0,133100.0,16000.0,496100.0,50,976
7546,949739275,0.02,-8090.725,809072.5,189252.5,195300.0,15520.0,409000.0,50,976
7547,475491126,0.02,-11135.050000000001,1113505.0,198715.0,222800.0,15840.0,676150.0,50,976
7548,938773934,0.02,-5576.425000000001,557642.5,180052.5,72200.0,13840.0,291550.0,50,976
7549,277383718,0.02,-5928.774999999999,592877.5,181017.5,76000.0,15560.0,320300.0,50,976
7550,450377250,0.02,-5956.549999999998,595655.0,184545.0,74100.0,13560.0,323450.0,50,976
7551,581838930,0.02,-5852.150000000001,585215.0,172275.0,91100.0,13640.0,308200.0,50,976
7552,308293648,0.02,-7053.174999999999,705317.5,187217.5,96200.0,15000.0,406900.0,50,976
7553,125687756,0.02,-8448.324999999999,844832.5,193392.5,167300.0,15840.0,468300.0,50,976
7554,24452327,0.02,-7773.524999999999,777352.5,194882.5,118800.0,14120.0,449550.0,50,976
7555,454228824,0.02,-5412.0,541200.0,166500.0,86300.0,14400.0,274000.0,50,976
7556,116110573,0.02,-6701.425,670142.5,170942.5,118600.0,14400.0,366200.0,50,976
7557,534271090,0.02,-7729.500000000001,772950.0,175010.0,181900.0,15640.0,400400.0,50,976
7558,108127046,0.02,-7211.875000000001,721187.5,184787.5,87600.0,14600.0,434200.0,50,976
7559,549277022,0.02,-6905.525000000001,690552.5,171062.5,96000.0,15240.0,408250.0,50,976
7560,695226320,0.02,-7709.875000000001,770987.5,188967.5,165800.0,14920.0,401300.0,50,976
7561,939127888,0.02,-5955.749999999999,595575.0,178665.0,72600.0,14760.0,329550.0,50,976
7562,899230628,0.02,-7319.374999999997,731937.5,174607.5,143200.0,13680.0,400450.0,50,976
7563,440260011,0.02,-6530.450000000003,653045.0,186945.0,82500.0,15400.0,368200.0,50,976
7564,897912603,0.02,-6800.825000000001,680082.5,188332.5,114000.0,14200.0,363550.0,50,977
7565,459528021,0.02,-9330.925000000001,933092.5,193192.5,182500.0,14200.0,543200.0,50,977
7566,478900972,0.02,-9799.725,979972.5,187832.5,223200.0,16440.0,552500.0,50,977
7567,456110416,0.02,-8888.550000000001,888855.0,190005.0,264400.0,17200.0,417250.0,50,977
7568,522343925,0.02,-5464.05,546405.0,183165.0,45000.0,14640.0,303600.0,50,977
7569,965540425,0.02,-6363.075,636307.5,170557.5,74300.0,13800.0,377650.0,50,977
7570,44201263,0.02,-9362.699999999999,936270.0,189970.0,179400.0,15600.0,551300.0,50,977
7571,113115346,0.02,-6934.55,693455.0,187695.0,160300.0,14560.0,330900.0,50,977
7572,710321032,0.02,-7474.075,747407.5,189017.5,185200.0,15440.0,357750.0,50,977
7573,715214502,0.02,-6128.85,612885.0,186295.0,82000.0,15040.0,329550.0,50,977
7574,773896074,0.02,-9049.45,904945.0,192715.0,150800.0,16280.0,545150.0,50,977
7575,596338257,0.02,-8507.8,850780.0,197390.0,95200.0,15040.0,543150.0,50,977
7576,306397330,0.02,-8709.85,870985.0,197075.0,43200.0,15760.0,614950.0,50,977
7577,714340223,0.02,-9680.675,968067.5,194867.5,198000.0,15600.0,559600.0,50,977
7578,440407004,0.02,-6843.750000000002,684375.0,190355.0,93500.0,14320.0,386200.0,50,977
7579,970940686,0.02,-7250.650000000002,725065.0,178875.0,112000.0,13840.0,420350.0,50,977
7580,591608672,0.02,-7866.4,786640.0,192020.0,134300.0,14520.0,445800.0,50,977
7581,780994506,0.02,-7108.900000000001,710890.0,190840.0,189200.0,14600.0,316250.0,50,977
7582,913635213,0.02,-5807.224999999999,580722.5,184822.5,103600.0,14400.0,277900.0,50,977
7583,679606714,0.02,-7526.925,752692.5,191652.5,176700.0,14640.0,369700.0,50,977
7584,969545152,0.02,-8397.975,839797.5,186157.5,161200.0,15840.0,476600.0,50,977
7585,203026215,0.02,-7006.450000000001,700645.0,184445.0,119700.0,14800.0,381700.0,50,977
7586,126185221,0.02,-10434.824999999999,1043482.5,190992.5,192300.0,17040.0,643150.0,50,977
7587,843565462,0.02,-4554.849999999999,455485.0,175355.0,26400.0,14280.0,239450.0,50,977
7588,79254109,0.02,-7511.625000000003,751162.5,183352.5,172800.0,16560.0,378450.0,50,977
7589,81121850,0.02,-10269.524999999998,1026952.5,192572.5,341600.0,15080.0,477700.0,50,977
7590,897756859,0.02,-6750.05,675005.0,188915.0,80900.0,14440.0,390750.0,50,977
7591,843710493,0.02,-9076.325,907632.5,198922.5,129800.0,15560.0,563350.0,50,977
7592,223535519,0.02,-11080.325,1108032.5,190672.5,294000.0,16960.0,606400.0,50,977
7593,855866582,0.02,-8010.724999999999,801072.5,175322.5,220800.0,15800.0,389150.0,50,977
7594,976010901,0.02,-6039.649999999998,603965.0,172855.0,84900.0,13360.0,332850.0,50,977
7595,718455959,0.02,-10972.275,1097227.5,196427.5,228300.0,16400.0,656100.0,50,977
7596,753235646,0.02,-10672.974999999999,1067297.5,195907.5,240400.0,16240.0,614750.0,50,977
7597,258939301,0.02,-9192.45,919245.0,189675.0,224300.0,15320.0,489950.0,50,977
7598,490227104,0.02,-5768.124999999999,576812.5,176432.5,32700.0,14680.0,353000.0,50,977
7599,953399244,0.02,-7358.774999999998,735877.5,190397.5,86100.0,15680.0,443700.0,50,977
7600,76022830,0.02,-6373.175000000001,637317.5,177287.5,137400.0,13680.0,308950.0,50,977
7601,532685374,0.02,-7247.225000000001,724722.5,188682.5,96700.0,15640.0,423700.0,50,977
7602,56436237,0.02,-11086.35,1108635.0,198475.0,224000.0,15760.0,670400.0,50,977
7603,680708147,0.02,-10173.35,1017335.0,193625.0,236700.0,16160.0,570850.0,50,977
7604,523322575,0.02,-4971.075000000001,497107.5,171717.5,65100.0,14640.0,245650.0,50,977
7605,390857236,0.02,-9864.6,986460.0,193690.0,294900.0,14720.0,483150.0,50,977
7606,326659435,0.02,-10941.099999999999,1094110.0,197890.0,200700.0,16320.0,679200.0,50,977
7607,354706475,0.02,-10099.950000000003,1009995.0,200325.0,273800.0,15520.0,520350.0,50,977
7608,205641375,0.02,-5832.925,583292.5,182502.5,60300.0,15240.0,325250.0,50,977
7609,42856866,0.02,-4926.525,492652.5,176282.5,49200.0,15120.0,252050.0,50,977
7610,679635748,0.02,-8402.625,840262.5,187542.5,186100.0,14520.0,452100.0,50,977
7611,560234638,0.02,-11068.599999999999,1106860.0,197460.0,311000.0,16600.0,581800.0,50,977
7612,337713862,0.02,-6711.024999999998,671102.5,185162.5,181200.0,13640.0,291100.0,50,977
7613,252459082,0.02,-5148.725,514872.5,181412.5,56100.0,14360.0,263000.0,50,977
7614,821722717,0.02,-5022.374999999999,502237.5,179207.5,67800.0,13680.0,241550.0,50,977
7615,560882735,0.02,-10430.074999999999,1043007.5,199007.5,240800.0,17000.0,586200.0,50,977
7616,905391492,0.02,-6739.749999999999,673975.0,186715.0,48100.0,14960.0,424200.0,50,977
7617,279946336,0.02,-8787.650000000005,878765.0,183915.0,179100.0,15000.0,500750.0,50,977
7618,427051946,0.02,-6137.299999999998,613730.0,186690.0,103100.0,14640.0,309300.0,50,977
7619,234488486,0.02,-7536.700000000001,753670.0,185210.0,111400.0,14160.0,442900.0,50,977
7620,709147535,0.02,-5682.999999999998,568300.0,178630.0,24700.0,14520.0,350450.0,50,977
7621,246682280,0.02,-4994.35,499435.0,172165.0,41200.0,13520.0,272550.0,50,977
7622,971111384,0.02,-7428.25,742825.0,189005.0,91600.0,14920.0,447300.0,50,977
7623,625649143,0.02,-8222.399999999998,822240.0,187270.0,81200.0,15720.0,538050.0,50,977
7624,688070735,0.02,-7910.800000000003,791080.0,185050.0,149800.0,15880.0,440350.0,50,977
7625,112000709,0.02,-8476.875,847687.5,196677.5,140200.0,15160.0,495650.0,50,977
7626,240224601,0.02,-10631.449999999997,1063145.0,200675.0,239500.0,16320.0,606650.0,50,977
7627,404324351,0.02,-6723.874999999998,672387.5,185007.5,41300.0,15480.0,430600.0,50,977
7628,196204280,0.02,-9783.874999999998,978387.5,191107.5,218300.0,15880.0,553100.0,50,977
7629,567259171,0.02,-10264.199999999997,1026420.0,192640.0,269600.0,15080.0,549100.0,50,977
7630,908279344,0.02,-8172.675,817267.5,187437.5,114900.0,16480.0,498450.0,50,977
7631,865399601,0.02,-7736.025,773602.5,189892.5,116700.0,15360.0,451650.0,50,977
7632,65986008,0.02,-6297.200000000001,629720.0,180240.0,47800.0,14880.0,386800.0,50,977
7633,628081171,0.02,-9519.0,951900.0,197750.0,151500.0,16800.0,585850.0,50,977
7634,313071297,0.02,-6043.500000000001,604350.0,175960.0,98100.0,14040.0,316250.0,50,977
7635,898879066,0.02,-7560.125000000001,756012.5,189912.5,122700.0,13800.0,429600.0,50,977
7636,90657427,0.02,-6197.275,619727.5,189527.5,55600.0,14200.0,360400.0,50,977
7637,59102213,0.02,-11868.4,1186840.0,202620.0,377000.0,14720.0,592500.0,50,977
7638,191960321,0.02,-7601.75,760175.0,191985.0,97100.0,15640.0,455450.0,50,977
7639,33989943,0.02,-9624.525,962452.5,192492.5,240700.0,14760.0,514500.0,50,977
7640,488775367,0.02,-12230.925,1223092.5,206072.5,330200.0,15720.0,671100.0,50,977
7641,414437079,0.02,-9366.075,936607.5,187987.5,175600.0,14920.0,558100.0,50,977
7642,285873507,0.02,-6680.975000000003,668097.5,185497.5,94100.0,14600.0,373900.0,50,977
7643,462053694,0.02,-7344.825000000001,734482.5,184702.5,121800.0,14680.0,413300.0,50,977
7644,747937932,0.02,-11402.224999999997,1140222.5,197722.5,390200.0,16600.0,535700.0,50,977
7645,590381685,0.02,-8652.074999999997,865207.5,190917.5,242300.0,15040.0,416950.0,50,977
7646,252102894,0.02,-12417.275,1241727.5,196447.5,389500.0,15880.0,639900.0,50,977
7647,873597672,0.02,-5402.025,540202.5,174712.5,75300.0,12640.0,277550.0,50,977
7648,711829034,0.02,-9027.099999999997,902710.0,188910.0,279800.0,13800.0,420200.0,50,977
7649,619889233,0.02,-10185.149999999998,1018515.0,197895.0,291500.0,14920.0,514200.0,50,977
7650,746283756,0.02,-5410.375000000001,541037.5,181307.5,6800.0,14280.0,338650.0,50,978
7651,975254984,0.02,-10999.774999999994,1099977.5,198357.5,327000.0,16520.0,558100.0,50,978
7652,184489048,0.02,-7862.374999999999,786237.5,188587.5,136100.0,15000.0,446550.0,50,978
7653,975494856,0.02,-8688.275,868827.5,194157.5,194900.0,16720.0,463050.0,50,978
7654,100990267,0.02,-10337.300000000001,1033730.0,193380.0,228300.0,16400.0,595650.0,50,978
7655,75208459,0.02,-8612.000000000002,861200.0,197010.0,130800.0,16440.0,516950.0,50,978
7656,5922993,0.02,-11540.575000000003,1154057.5,200677.5,312100.0,16080.0,625200.0,50,978
7657,23663161,0.02,-9719.850000000004,971985.0,199035.0,259800.0,16400.0,496750.0,50,978
7658,172744257,0.02,-8140.6,814060.0,187160.0,158400.0,15800.0,452700.0,50,978
7659,322077123,0.02,-10615.275,1061527.5,198237.5,274800.0,16240.0,572250.0,50,978
7660,726808649,0.02,-6765.9000000000015,676590.0,185810.0,71200.0,15080.0,404500.0,50,978
7661,343116135,0.02,-7407.900000000001,740790.0,183430.0,68100.0,15160.0,474100.0,50,978
7662,600379392,0.02,-5796.650000000001,579665.0,178025.0,85200.0,13440.0,303000.0,50,978
7663,286597233,0.02,-9659.325,965932.5,189902.5,175700.0,16480.0,583850.0,50,978
7664,54008680,0.02,-5401.325,540132.5,173772.5,29200.0,13760.0,323400.0,50,978
7665,756142744,0.02,-9109.275000000003,910927.5,193007.5,122100.0,15920.0,579900.0,50,978
7666,176126703,0.02,-10043.249999999998,1004325.0,196045.0,260300.0,15880.0,532100.0,50,978
7667,781195983,0.02,-9877.675,987767.5,194417.5,284700.0,17000.0,491650.0,50,978
7668,81824710,0.02,-10349.175,1034917.5,197197.5,209900.0,16320.0,611500.0,50,978
7669,362064485,0.02,-12368.425000000001,1236842.5,202582.5,345600.0,17960.0,670700.0,50,978
7670,425383192,0.02,-8118.600000000001,811860.0,196010.0,136500.0,15800.0,463550.0,50,978
7671,225282849,0.02,-7115.975000000001,711597.5,186257.5,82400.0,15840.0,427100.0,50,978
7672,932752967,0.02,-7245.424999999999,724542.5,179682.5,165400.0,15360.0,364100.0,50,978
7673,564649572,0.02,-6950.325,695032.5,190202.5,84200.0,15280.0,405350.0,50,978
7674,408144221,0.02,-8819.025000000003,881902.5,192362.5,221900.0,16240.0,451400.0,50,978
7675,449494703,0.02,-7085.449999999998,708545.0,194265.0,100200.0,15680.0,398400.0,50,978
7676,622199877,0.02,-13037.925,1303792.5,202602.5,372000.0,16840.0,712350.0,50,978
7677,751400702,0.02,-7148.650000000001,714865.0,185895.0,80800.0,14520.0,433650.0,50,978
7678,134311484,0.02,-7684.3250000000035,768432.5,183132.5,84600.0,16200.0,484500.0,50,978
7679,924136511,0.02,-8858.05,885805.0,179035.0,249300.0,15920.0,441550.0,50,978
7680,640688288,0.02,-7340.100000000001,734010.0,193090.0,144400.0,13920.0,382600.0,50,978
7681,932489080,0.02,-6568.400000000001,656840.0,187810.0,46900.0,15080.0,407050.0,50,978
7682,283328385,0.02,-6458.475000000001,645847.5,183707.5,23700.0,14440.0,424000.0,50,978
7683,859569441,0.02,-6794.199999999999,679420.0,182880.0,135200.0,15040.0,346300.0,50,978
7684,450612281,0.02,-6215.325000000003,621532.5,187442.5,21200.0,15840.0,397050.0,50,978
7685,618908563,0.02,-7586.475,758647.5,183337.5,145200.0,15560.0,414550.0,50,978
7686,694128988,0.02,-6128.95,612895.0,185845.0,44100.0,15600.0,367350.0,50,978
7687,105197787,0.02,-8347.199999999997,834720.0,191540.0,103100.0,16280.0,523800.0,50,978
7688,151553705,0.02,-7438.65,743865.0,189055.0,128500.0,14760.0,411550.0,50,978
7689,439286409,0.02,-9151.025000000003,915102.5,194252.5,220400.0,15400.0,485050.0,50,978
7690,491218830,0.02,-9255.074999999999,925507.5,196027.5,134600.0,16680.0,578200.0,50,978
7691,85374010,0.02,-7431.074999999996,743107.5,188287.5,124900.0,14720.0,415200.0,50,978
7692,593553450,0.02,-6648.025000000001,664802.5,182642.5,18900.0,14560.0,448700.0,50,978
7693,787273421,0.02,-7227.524999999999,722752.5,189542.5,45600.0,14160.0,473450.0,50,978
7694,999025127,0.02,-7812.699999999998,781270.0,190390.0,77700.0,15880.0,497300.0,50,978
7695,994520464,0.02,-7830.649999999998,783065.0,186255.0,92000.0,16960.0,487850.0,50,978
7696,747691472,0.02,-6664.200000000001,666420.0,187800.0,107100.0,15320.0,356200.0,50,978
7697,820324057,0.02,-9046.399999999998,904640.0,189570.0,261000.0,15920.0,438150.0,50,978
7698,955661364,0.02,-6919.375000000001,691937.5,187617.5,170500.0,14520.0,319300.0,50,978
7699,149904139,0.02,-11404.175,1140417.5,195677.5,298400.0,16040.0,630300.0,50,978
7700,857120763,0.02,-5185.8,518580.0,183730.0,59600.0,14600.0,260650.0,50,978
7701,98477623,0.02,-6432.375,643237.5,193427.5,76800.0,15160.0,357850.0,50,978
7702,614515022,0.02,-4840.324999999999,484032.5,179372.5,29100.0,14760.0,260800.0,50,978
7703,850005021,0.02,-8621.925,862192.5,189662.5,157000.0,15480.0,500050.0,50,978
7704,789002964,0.02,-7585.274999999997,758527.5,188487.5,123800.0,14640.0,431600.0,50,978
7705,653988264,0.02,-7025.175,702517.5,189887.5,91300.0,14080.0,407250.0,50,978
7706,769812906,0.02,-7090.824999999999,709082.5,175982.5,121200.0,16000.0,395900.0,50,978
7707,777856857,0.02,-12133.4,1213340.0,192060.0,412600.0,16480.0,592200.0,50,978
7708,707775461,0.02,-4204.4,420440.0,161930.0,83600.0,14360.0,160550.0,50,978
7709,487477519,0.02,-6357.625000000001,635762.5,181552.5,117800.0,15760.0,320650.0,50,978
7710,930784858,0.02,-7054.05,705405.0,184055.0,96800.0,14600.0,409950.0,50,979
7711,234236928,0.02,-8342.625000000002,834262.5,189772.5,142800.0,13840.0,487850.0,50,979
7712,442047208,0.02,-9290.725,929072.5,189352.5,184900.0,17320.0,537500.0,50,979
7713,165504006,0.02,-5635.7,563570.0,187210.0,59000.0,14160.0,303200.0,50,979
7714,273521466,0.02,-7508.949999999999,750895.0,184505.0,116700.0,15040.0,434650.0,50,979
7715,59735750,0.02,-7385.099999999998,738510.0,181610.0,86700.0,15800.0,454400.0,50,979
7716,767658849,0.02,-9766.575000000004,976657.5,186837.5,255900.0,15720.0,518200.0,50,979
7717,264775143,0.02,-8693.099999999999,869310.0,188560.0,161200.0,15600.0,503950.0,50,979
7718,812474565,0.02,-9939.975,993997.5,195177.5,230600.0,15520.0,552700.0,50,979
7719,271696874,0.02,-5839.7,583970.0,173510.0,90900.0,13960.0,305600.0,50,979
7720,992073480,0.02,-6182.650000000001,618265.0,183585.0,45700.0,14080.0,374900.0,50,979
7721,930208900,0.02,-6608.475,660847.5,182467.5,88500.0,14080.0,375800.0,50,979
7722,129010754,0.02,-6997.125000000002,699712.5,182662.5,87200.0,14400.0,415450.0,50,979
7723,15319613,0.02,-8088.725,808872.5,186722.5,82200.0,15000.0,524950.0,50,979
7724,419464739,0.02,-7143.949999999998,714395.0,182665.0,72600.0,14480.0,444650.0,50,979
7725,174814779,0.02,-7333.249999999997,733325.0,179105.0,119900.0,14320.0,420000.0,50,979
7726,402402209,0.02,-8365.824999999999,836582.5,180562.5,155800.0,16720.0,483500.0,50,979
7727,730180723,0.02,-8398.199999999999,839820.0,182630.0,205000.0,16040.0,436150.0,50,979
7728,38112762,0.02,-8298.800000000001,829880.0,190190.0,91800.0,14840.0,533050.0,50,979
7729,522885595,0.02,-8195.6,819560.0,182940.0,100600.0,15920.0,520100.0,50,979
7730,29110903,0.02,-6307.550000000002,630755.0,184905.0,48500.0,15200.0,382150.0,50,979
7731,63032715,0.02,-7534.599999999999,753460.0,178440.0,91600.0,15120.0,468300.0,50,979
7732,202100069,0.02,-9346.5,934650.0,193320.0,186200.0,15880.0,539250.0,50,979
7733,676195312,0.02,-4502.024999999999,450202.5,168722.5,15200.0,15480.0,250800.0,50,979
7734,898781513,0.02,-8113.15,811315.0,189145.0,91500.0,16320.0,514350.0,50,979
7735,703273702,0.02,-5907.075,590707.5,182777.5,52900.0,15080.0,339950.0,50,979
7736,734724628,0.02,-13570.725,1357072.5,204732.5,310900.0,17840.0,823600.0,50,979
7737,944166551,0.02,-12899.424999999997,1289942.5,200962.5,343100.0,17080.0,728800.0,50,979
7738,801141994,0.02,-6299.05,629905.0,188525.0,31600.0,14880.0,394900.0,50,979
7739,925811301,0.02,-7521.95,752195.0,185085.0,97700.0,15560.0,453850.0,50,979
7740,985017186,0.02,-7008.875,700887.5,183247.5,105200.0,15240.0,397200.0,50,979
7741,633939636,0.02,-7520.45,752045.0,189855.0,88400.0,16040.0,457750.0,50,979
7742,945308824,0.02,-11467.574999999999,1146757.5,198967.5,303300.0,16640.0,627850.0,50,979
7743,735283213,0.02,-10433.650000000001,1043365.0,196105.0,232500.0,16760.0,598000.0,50,979
7744,190625886,0.02,-7052.875000000001,705287.5,191107.5,118000.0,15880.0,380300.0,50,979
7745,132725464,0.02,-9476.575,947657.5,194017.5,240000.0,14640.0,499000.0,50,979
7746,547373562,0.02,-8358.45,835845.0,193675.0,86500.0,15920.0,539750.0,50,979
7747,914929413,0.02,-7616.4,761640.0,194500.0,76000.0,14640.0,476500.0,50,979
7748,865949674,0.02,-12043.6,1204360.0,198010.0,308600.0,17200.0,680550.0,50,979
7749,396866610,0.02,-10785.625000000005,1078562.5,198192.5,264600.0,15920.0,599850.0,50,979
7750,182686405,0.02,-6547.950000000001,654795.0,190085.0,66500.0,15360.0,382850.0,50,979
7751,40047195,0.02,-7636.725,763672.5,194502.5,107400.0,16120.0,445650.0,50,979
7752,402924056,0.02,-11482.225000000004,1148222.5,196802.5,255600.0,17120.0,678700.0,50,979
7753,387570571,0.02,-7784.400000000002,778440.0,187690.0,182100.0,15600.0,393050.0,50,979
7754,373163956,0.02,-8551.2,855120.0,187670.0,104200.0,16400.0,546850.0,50,979
7755,586553957,0.02,-7404.400000000002,740440.0,183110.0,80700.0,16080.0,460550.0,50,979
7756,955676167,0.02,-8460.475,846047.5,193417.5,182300.0,14480.0,455850.0,50,979
7757,147286174,0.02,-9844.824999999999,984482.5,200162.5,245400.0,15320.0,523600.0,50,979
7758,996817419,0.02,-9971.35,997135.0,195855.0,191700.0,16080.0,593500.0,50,979
7759,527687873,0.02,-6044.725000000001,604472.5,191382.5,23100.0,14840.0,375150.0,50,979
7760,836062952,0.02,-9459.275000000001,945927.5,198037.5,193200.0,16040.0,538650.0,50,979
7761,765097918,0.02,-9485.074999999999,948507.5,195567.5,272500.0,14440.0,466000.0,50,979
7762,706292148,0.02,-6101.575,610157.5,191207.5,93800.0,13400.0,311750.0,50,979
7763,668324123,0.02,-6731.174999999999,673117.5,189917.5,41100.0,15000.0,427100.0,50,979
7764,949415199,0.02,-9123.949999999999,912395.0,188675.0,133700.0,15320.0,574700.0,50,979
7765,247494315,0.02,-6484.649999999998,648465.0,179865.0,110300.0,15000.0,343300.0,50,979
7766,90411261,0.02,-7826.8,782680.0,190590.0,86900.0,14640.0,490550.0,50,979
7767,765636244,0.02,-8482.925000000001,848292.5,195632.5,208100.0,14560.0,430000.0,50,979
7768,813687741,0.02,-9234.725000000002,923472.5,192452.5,117500.0,16320.0,597200.0,50,979
7769,996597803,0.02,-10150.975000000004,1015097.5,195797.5,276100.0,15200.0,528000.0,50,979
7770,539286824,0.02,-5649.275,564927.5,184327.5,78400.0,15800.0,286400.0,50,979
7771,90652322,0.02,-9007.150000000001,900715.0,193845.0,192300.0,16120.0,498450.0,50,979
7772,633339059,0.02,-10024.050000000001,1002405.0,183175.0,225400.0,16080.0,577750.0,50,979
7773,886199831,0.02,-7659.15,765915.0,185775.0,158600.0,15840.0,405700.0,50,979
7774,621243877,0.02,-5483.875000000001,548387.5,180707.5,25100.0,15480.0,327100.0,50,979
7775,620362341,0.02,-9237.949999999999,923795.0,193545.0,113500.0,16200.0,600550.0,50,979
7776,146251435,0.02,-7844.324999999999,784432.5,191362.5,153700.0,14520.0,424850.0,50,979
7777,894254375,0.02,-8793.400000000001,879340.0,194000.0,128400.0,15640.0,541300.0,50,979
7778,761407,0.02,-8567.3,856730.0,194010.0,103200.0,15520.0,544000.0,50,979
7779,113475849,0.02,-5720.5,572050.0,176430.0,400.0,16720.0,378500.0,50,979
7780,155336388,0.02,-4447.875,444787.5,177877.5,22600.0,14360.0,229950.0,50,979
7781,43747246,0.02,-6195.425,619542.5,177232.5,67200.0,14560.0,360550.0,50,979
7782,424699265,0.02,-8110.55,811055.0,186745.0,123800.0,15360.0,485150.0,50,979
7783,972832071,0.02,-7238.125000000001,723812.5,185052.5,127500.0,16360.0,394900.0,50,979
7784,468810764,0.02,-13214.825000000004,1321482.5,201572.5,387900.0,16760.0,715250.0,50,979
7785,337141518,0.02,-6900.8,690080.0,194710.0,117900.0,14720.0,362750.0,50,979
7786,420062139,0.02,-10557.824999999999,1055782.5,196652.5,261900.0,16080.0,581150.0,50,979
7787,778850308,0.02,-9254.95,925495.0,193025.0,122700.0,16120.0,593650.0,50,979
7788,719598476,0.02,-8912.425,891242.5,186352.5,145700.0,15640.0,543550.0,50,979
7789,686387601,0.02,-7280.6,728060.0,185910.0,126800.0,16200.0,399150.0,50,979
7790,872245998,0.02,-9813.324999999999,981332.5,188872.5,143600.0,14960.0,633900.0,50,979
7791,522240927,0.02,-7721.2249999999985,772122.5,190912.5,102200.0,14960.0,464050.0,50,979
7792,269436173,0.02,-7506.974999999999,750697.5,197517.5,97400.0,14880.0,440900.0,50,979
7793,961389587,0.02,-8413.925000000001,841392.5,188932.5,175600.0,15360.0,461500.0,50,979
7794,42759440,0.02,-6378.275,637827.5,187507.5,68300.0,14920.0,367100.0,50,979
7795,613960418,0.02,-7133.450000000001,713345.0,187495.0,89500.0,15200.0,421150.0,50,979
7796,190668415,0.02,-8421.324999999999,842132.5,190662.5,161400.0,14320.0,475750.0,50,979
7797,663756247,0.02,-8417.6,841760.0,196330.0,46500.0,15880.0,583050.0,50,979
7798,304426306,0.02,-8287.674999999997,828767.5,191847.5,77200.0,16320.0,543400.0,50,979
7799,984968726,0.02,-7889.025000000002,788902.5,193752.5,61500.0,14200.0,519450.0,50,979
7800,699274928,0.02,-6803.1500000000015,680315.0,184155.0,98200.0,14360.0,383600.0,50,979
7801,791558084,0.02,-6128.25,612825.0,185245.0,74000.0,14880.0,338700.0,50,979
7802,902798778,0.02,-8447.000000000002,844700.0,185520.0,98100.0,15080.0,546000.0,50,979
7803,14371821,0.02,-6113.449999999997,611345.0,188505.0,37000.0,15040.0,370800.0,50,979
7804,84447166,0.02,-6893.0250000000015,689302.5,189542.5,23100.0,14960.0,461700.0,50,979
7805,552506568,0.02,-7458.625000000001,745862.5,186962.5,99500.0,15200.0,444200.0,50,979
7806,252623666,0.02,-7139.824999999999,713982.5,184192.5,115300.0,14040.0,400450.0,50,979
7807,761388059,0.02,-9450.775,945077.5,196347.5,168100.0,14880.0,565750.0,50,979
7808,244726416,0.02,-7551.374999999997,755137.5,195257.5,55200.0,16080.0,488600.0,50,979
7809,404063073,0.02,-10150.675,1015067.5,190117.5,265700.0,16000.0,543250.0,50,979
7810,849094781,0.02,-5130.825000000001,513082.5,186642.5,41500.0,13840.0,271100.0,50,979
7811,733861668,0.02,-10452.025000000003,1045202.5,196382.5,162100.0,16920.0,669800.0,50,979
7812,240499700,0.02,-8172.399999999998,817240.0,195020.0,83100.0,15920.0,523200.0,50,979
7813,896282767,0.02,-7528.000000000002,752800.0,186490.0,166200.0,14960.0,385150.0,50,979
7814,490081616,0.02,-6445.674999999999,644567.5,189977.5,39900.0,15240.0,399450.0,50,979
7815,387392514,0.02,-7500.25,750025.0,194855.0,74000.0,15120.0,466050.0,50,979
7816,341039556,0.02,-8047.200000000002,804720.0,190740.0,181900.0,13680.0,418400.0,50,979
7817,708208902,0.02,-5511.374999999999,551137.5,185617.5,35400.0,14520.0,315600.0,50,979
7818,459055900,0.02,-7080.000000000002,708000.0,188570.0,75900.0,16280.0,427250.0,50,979
7819,104336661,0.02,-5884.35,588435.0,180825.0,97600.0,15560.0,294450.0,50,979
7820,833493747,0.02,-7122.625000000001,712262.5,189322.5,52800.0,15840.0,454300.0,50,979
7821,879435639,0.02,-7350.725000000001,735072.5,190322.5,123400.0,15600.0,405750.0,50,979
7822,337822629,0.02,-6075.875,607587.5,184537.5,119000.0,14800.0,289250.0,50,979
7823,201175249,0.02,-6102.900000000001,610290.0,189960.0,86800.0,14480.0,319050.0,50,979
7824,444809023,0.02,-7401.749999999999,740175.0,187075.0,72000.0,14800.0,466300.0,50,979
7825,358330952,0.02,-8000.95,800095.0,186915.0,144200.0,14680.0,454300.0,50,979
7826,200156811,0.02,-5166.55,516655.0,181165.0,88800.0,15840.0,230850.0,50,979
7827,167002227,0.02,-6566.700000000001,656670.0,186730.0,24300.0,14640.0,431000.0,50,979
7828,846832898,0.02,-8835.475,883547.5,192547.5,118000.0,14800.0,558200.0,50,979
7829,771179878,0.02,-7395.774999999999,739577.5,191197.5,123700.0,14280.0,410400.0,50,979
7830,150124522,0.02,-8244.749999999998,824475.0,194795.0,117500.0,14880.0,497300.0,50,979
7831,596840543,0.02,-7061.7249999999985,706172.5,187382.5,129000.0,14840.0,374950.0,50,979
7832,476285244,0.02,-8755.4,875540.0,193450.0,220300.0,15640.0,446150.0,50,979
7833,439449276,0.02,-8435.425,843542.5,197752.5,132800.0,14840.0,498150.0,50,979
7834,375184982,0.02,-6945.125,694512.5,184122.5,127700.0,14440.0,368250.0,50,979
7835,314653524,0.02,-7716.899999999999,771690.0,191230.0,114400.0,13960.0,452100.0,50,979
7836,671721845,0.02,-7298.075,729807.5,192827.5,72600.0,15080.0,449300.0,50,979
7837,465713458,0.02,-8191.974999999999,819197.5,192757.5,151200.0,15840.0,459400.0,50,979
7838,992458414,0.02,-7765.574999999999,776557.5,190497.5,181000.0,14360.0,390700.0,50,979
7839,992198635,0.02,-8068.85,806885.0,192935.0,116700.0,14800.0,482450.0,50,979
7840,641453871,0.02,-7738.0,773800.0,187230.0,92000.0,13720.0,480850.0,50,979
7841,588900143,0.02,-9213.050000000003,921305.0,189215.0,206700.0,15440.0,509950.0,50,979
7842,119240983,0.02,-6103.2,610320.0,189530.0,64400.0,14840.0,341550.0,50,979
7843,476105754,0.02,-8878.225000000002,887822.5,193052.5,140700.0,16120.0,537950.0,50,979
7844,137003867,0.02,-8594.275,859427.5,201417.5,124000.0,14160.0,519850.0,50,979
7845,275291362,0.02,-6846.124999999999,684612.5,184662.5,81600.0,15200.0,403150.0,50,979
7846,323435173,0.02,-9199.324999999999,919932.5,197732.5,172500.0,15600.0,534100.0,50,979
7847,804273395,0.02,-8501.425,850142.5,193082.5,96700.0,15160.0,545200.0,50,979
7848,41759811,0.02,-6263.7750000000015,626377.5,182697.5,36200.0,14680.0,392800.0,50,980
7849,593625695,0.02,-6398.125000000001,639812.5,180002.5,82400.0,13760.0,363650.0,50,980
7850,365966720,0.02,-6798.674999999997,679867.5,182597.5,119000.0,14920.0,363350.0,50,980
7851,161396328,0.02,-6110.5999999999985,611060.0,169170.0,87200.0,15040.0,339650.0,50,980
7852,855024092,0.02,-6407.049999999999,640705.0,192735.0,55200.0,14920.0,377850.0,50,980
7853,132669279,0.02,-6874.450000000001,687445.0,190295.0,81100.0,15800.0,400250.0,50,980
7854,509225870,0.02,-6855.725,685572.5,187032.5,110700.0,16240.0,371600.0,50,980
7855,111160373,0.02,-5262.2,526220.0,180670.0,32400.0,15400.0,297750.0,50,980
7856,251897100,0.02,-5161.675000000001,516167.5,178527.5,83500.0,14240.0,239900.0,50,980
7857,356808232,0.02,-8028.049999999998,802805.0,191365.0,123900.0,14640.0,472900.0,50,980
7858,437928139,0.02,-10393.474999999999,1039347.5,195277.5,310600.0,16720.0,516750.0,50,980
7859,260620124,0.02,-9124.225,912422.5,186472.5,255200.0,15800.0,454950.0,50,980
7860,671708705,0.02,-8441.125000000002,844112.5,193112.5,149300.0,16400.0,485300.0,50,980
7861,214556549,0.02,-11914.574999999997,1191457.5,196397.5,244800.0,16760.0,733500.0,50,980
7862,521834378,0.02,-7027.850000000001,702785.0,177755.0,78200.0,15280.0,431550.0,50,980
7863,928307008,0.02,-11933.225000000002,1193322.5,197312.5,303400.0,16560.0,676050.0,50,980
7864,217336606,0.02,-6459.3499999999985,645935.0,183135.0,96800.0,14800.0,351200.0,50,980
7865,980946922,0.02,-10623.700000000003,1062370.0,198650.0,253800.0,16320.0,593600.0,50,980
7866,885092152,0.02,-4252.95,425295.0,174095.0,31000.0,15000.0,205200.0,50,980
7867,562301639,0.02,-8852.199999999999,885220.0,194570.0,53300.0,16400.0,620950.0,50,980
7868,376547556,0.02,-5923.850000000001,592385.0,190825.0,32500.0,15360.0,353700.0,50,980
7869,53554681,0.02,-5874.199999999999,587420.0,180310.0,101000.0,15560.0,290550.0,50,980
7870,444651759,0.02,-8128.699999999999,812870.0,188920.0,178400.0,16200.0,429350.0,50,981
7871,61364097,0.02,-5714.550000000002,571455.0,185105.0,25300.0,16000.0,345050.0,50,981
7872,59277129,0.02,-4732.325,473232.5,179172.5,36100.0,14760.0,243200.0,50,981
7873,881191547,0.02,-7628.7249999999985,762872.5,181512.5,112500.0,15160.0,453700.0,50,981
7874,303127070,0.02,-6535.624999999998,653562.5,178212.5,110800.0,15600.0,348950.0,50,981
7875,298594023,0.02,-9090.374999999998,909037.5,190467.5,167300.0,16120.0,535150.0,50,981
7876,30828566,0.02,-8509.225,850922.5,196452.5,79200.0,15320.0,559950.0,50,981
7877,939982873,0.02,-8016.65,801665.0,193185.0,150200.0,15880.0,442400.0,50,981
7878,543428131,0.02,-5498.550000000002,549855.0,183895.0,84900.0,15160.0,265900.0,50,981
7879,956309598,0.02,-9063.974999999999,906397.5,196307.5,158300.0,15240.0,536550.0,50,981
7880,417492195,0.02,-4934.275,493427.5,183367.5,32400.0,14960.0,262700.0,50,981
7881,329347232,0.02,-6111.225,611122.5,183222.5,29500.0,15800.0,382600.0,50,981
7882,123977661,0.02,-7524.525000000001,752452.5,181822.5,127900.0,16480.0,426250.0,50,981
7883,614149181,0.02,-7148.574999999999,714857.5,196107.5,118000.0,14800.0,385950.0,50,981
7884,55839832,0.02,-9032.050000000001,903205.0,196395.0,166400.0,14360.0,526050.0,50,981
7885,521285782,0.02,-7453.025000000001,745302.5,192992.5,85200.0,15760.0,451350.0,50,981
7886,677060289,0.02,-9894.800000000001,989480.0,190700.0,108000.0,16080.0,674700.0,50,981
7887,316229848,0.02,-7800.974999999999,780097.5,196777.5,70500.0,15320.0,497500.0,50,981
7888,942753925,0.02,-7640.0999999999985,764010.0,188670.0,117300.0,15240.0,442800.0,50,981
7889,41174974,0.02,-9351.55,935155.0,191795.0,298400.0,15160.0,429800.0,50,981
7890,738821692,0.02,-9327.3,932730.0,200660.0,162100.0,15120.0,554850.0,50,981
7891,289130546,0.02,-8366.225000000002,836622.5,192732.5,211500.0,16440.0,415950.0,50,981
7892,557512623,0.02,-7945.675000000001,794567.5,193987.5,105100.0,14880.0,480600.0,50,981
7893,253590152,0.02,-7392.525000000001,739252.5,185642.5,116200.0,15560.0,421850.0,50,981
7894,369600884,0.02,-5640.700000000001,564070.0,180490.0,25400.0,15680.0,342500.0,50,981
7895,847605645,0.02,-9127.349999999999,912735.0,191875.0,220300.0,15960.0,484600.0,50,981
7896,986342369,0.02,-6135.674999999999,613567.5,185457.5,76300.0,15360.0,336450.0,50,981
7897,941008492,0.02,-7860.425000000001,786042.5,189072.5,114100.0,15320.0,467550.0,50,981
7898,199789019,0.02,-7792.925000000001,779292.5,192462.5,122400.0,14080.0,450350.0,50,981
7899,132937270,0.02,-7748.824999999999,774882.5,188982.5,121200.0,16600.0,448100.0,50,981
7900,154441537,0.02,-6478.175,647817.5,189977.5,72100.0,15640.0,370100.0,50,981
7901,587187986,0.02,-6245.35,624535.0,177815.0,172600.0,14720.0,259400.0,50,981
7902,135154605,0.02,-8593.750000000002,859375.0,184975.0,185500.0,16600.0,472300.0,50,981
7903,218001158,0.02,-8282.500000000002,828250.0,190020.0,91900.0,15280.0,531050.0,50,981
7904,884928231,0.02,-8356.599999999999,835660.0,188040.0,277500.0,15520.0,354600.0,50,981
7905,444414474,0.02,-7550.875,755087.5,190717.5,119600.0,15520.0,429250.0,50,981
7906,94871392,0.02,-7177.925,717792.5,182732.5,145400.0,15560.0,374100.0,50,981
7907,398424876,0.02,-8481.349999999999,848135.0,192695.0,116400.0,15240.0,523800.0,50,981
7908,413020435,0.02,-8390.400000000001,839040.0,179810.0,123500.0,15480.0,520250.0,50,981
7909,10519428,0.02,-7854.499999999999,785450.0,193860.0,64100.0,15040.0,512450.0,50,981
7910,893432338,0.02,-8067.85,806785.0,196035.0,141300.0,14600.0,454850.0,50,981
7911,609363042,0.02,-7231.624999999999,723162.5,190372.5,124600.0,15640.0,392550.0,50,981
7912,519731817,0.02,-6795.700000000001,679570.0,184970.0,101000.0,14200.0,379400.0,50,981
7913,859401518,0.02,-6232.174999999999,623217.5,187367.5,152400.0,14000.0,269450.0,50,981
7914,686893539,0.02,-13127.575,1312757.5,200897.5,421400.0,15160.0,675300.0,50,981
7915,679322281,0.02,-7794.15,779415.0,190005.0,128900.0,14760.0,445750.0,50,981
7916,203402766,0.02,-9335.175000000001,933517.5,187397.5,312100.0,15520.0,418500.0,50,981
7917,182344140,0.02,-6773.625,677362.5,184182.5,94500.0,14280.0,384400.0,50,982
7918,529841129,0.02,-6822.099999999999,682210.0,187100.0,150400.0,15960.0,328750.0,50,982
7919,439719681,0.02,-6844.249999999999,684425.0,186565.0,141600.0,14160.0,342100.0,50,982
7920,964239150,0.02,-7480.099999999999,748010.0,176390.0,136400.0,14920.0,420300.0,50,985
7921,719442343,0.02,-7249.775000000001,724977.5,184117.5,113700.0,13360.0,413800.0,50,985
7922,563482913,0.02,-7115.9,711590.0,184200.0,140400.0,14240.0,372750.0,50,985
7923,663809843,0.02,-9202.375,920237.5,197157.5,243600.0,15280.0,464200.0,50,987
7924,642712891,0.02,-6309.5999999999985,630960.0,186290.0,105200.0,13720.0,325750.0,50,987
7925,924079688,0.02,-7695.425000000001,769542.5,190562.5,126800.0,15280.0,436900.0,50,987
7926,809239944,0.02,-8520.875,852087.5,186377.5,214300.0,14960.0,436450.0,50,987
7927,103978112,0.02,-6537.575,653757.5,184497.5,80400.0,15560.0,373300.0,50,987
7928,11806760,0.02,-8347.550000000001,834755.0,188735.0,151100.0,15320.0,479600.0,50,987
7929,369336328,0.02,-6897.749999999999,689775.0,184905.0,200800.0,14120.0,289950.0,50,987
7930,872139992,0.02,-6228.675000000001,622867.5,187157.5,46300.0,15160.0,374250.0,50,987
7931,389491657,0.02,-5628.05,562805.0,186565.0,83800.0,15040.0,277400.0,50,987
7932,64590517,0.02,-8229.200000000003,822920.0,187690.0,81900.0,15080.0,538250.0,50,987
7933,297615843,0.02,-6092.824999999998,609282.5,184372.5,89000.0,14960.0,320950.0,50,987
7934,597456787,0.02,-7273.125000000001,727312.5,191642.5,94200.0,16320.0,425150.0,50,987
7935,555204560,0.02,-6743.2,674320.0,194010.0,64100.0,15560.0,400650.0,50,987
7936,504996959,0.02,-6313.700000000002,631370.0,187130.0,71900.0,16440.0,355900.0,50,987
7937,206969110,0.02,-9032.449999999999,903245.0,194465.0,168000.0,14680.0,526100.0,50,987
7938,99485668,0.02,-8049.975,804997.5,187027.5,170800.0,16320.0,430850.0,50,987
7939,712054238,0.02,-6970.824999999998,697082.5,189312.5,52800.0,15520.0,439450.0,50,987
7940,741786452,0.02,-6441.649999999999,644165.0,183775.0,99900.0,14240.0,346250.0,50,987
7941,303834416,0.02,-7865.399999999999,786540.0,189410.0,114000.0,15480.0,467650.0,50,987
7942,868273240,0.02,-11173.599999999997,1117360.0,191860.0,365400.0,15400.0,544700.0,50,987
7943,125683837,0.02,-9182.025,918202.5,192852.5,194800.0,16600.0,513950.0,50,987
7944,927757191,0.02,-8209.599999999999,820960.0,187250.0,92800.0,15960.0,524950.0,50,987
7945,37704897,0.02,-7527.625000000001,752762.5,188792.5,167300.0,13720.0,382950.0,50,987
7946,882349841,0.02,-6821.725000000001,682172.5,179912.5,145100.0,13160.0,344000.0,50,987
7947,270824270,0.02,-8415.374999999998,841537.5,194047.5,135300.0,15240.0,496950.0,50,987
7948,736513776,0.02,-7712.55,771255.0,188165.0,85800.0,15040.0,482250.0,50,987
7949,143485417,0.02,-11436.05,1143605.0,200235.0,374300.0,15520.0,553550.0,50,987
7950,286218651,0.02,-8378.7,837870.0,191280.0,103800.0,14840.0,527950.0,50,987
7951,525405203,0.02,-6292.35,629235.0,183005.0,114200.0,14680.0,317350.0,50,987
7952,583031315,0.02,-7062.675,706267.5,182657.5,58500.0,13960.0,451150.0,50,987
7953,702474404,0.02,-7334.35,733435.0,188325.0,118500.0,14960.0,411650.0,50,987
7954,526189543,0.02,-7682.674999999999,768267.5,189397.5,108400.0,16320.0,454150.0,50,987
7955,114691585,0.02,-6820.500000000002,682050.0,184670.0,65300.0,15480.0,416600.0,50,987
7956,472122191,0.02,-6927.624999999999,692762.5,189402.5,37700.0,15360.0,450300.0,50,987
7957,977162469,0.02,-5508.625,550862.5,188502.5,36000.0,13160.0,313200.0,50,988
7958,847153926,0.02,-8209.525000000001,820952.5,187242.5,111700.0,14360.0,507650.0,50,988
7959,929758344,0.02,-9051.4,905140.0,198320.0,164500.0,14720.0,527600.0,50,988
7960,66755643,0.02,-6790.000000000001,679000.0,187320.0,97500.0,14080.0,380100.0,50,988
7961,578605177,0.02,-7469.449999999998,746945.0,192325.0,96000.0,13920.0,444700.0,50,988
7962,665224232,0.02,-9058.174999999997,905817.5,201157.5,117400.0,14960.0,572300.0,50,988
7963,547080825,0.02,-10736.425000000001,1073642.5,192232.5,297600.0,15760.0,568050.0,50,988
7964,85256743,0.02,-7732.5999999999985,773260.0,194880.0,87000.0,14880.0,476500.0,50,988
7965,624891207,0.02,-10012.874999999998,1001287.5,191047.5,215300.0,16640.0,578300.0,50,988
7966,938726187,0.02,-6594.774999999999,659477.5,177797.5,128300.0,13880.0,339500.0,50,988
7967,116415570,0.02,-8448.425,844842.5,190692.5,149100.0,15400.0,489650.0,50,988
7968,372666461,0.02,-8975.375,897537.5,192587.5,174200.0,15800.0,514950.0,50,988
7969,973111325,0.02,-10462.974999999999,1046297.5,194317.5,263300.0,16480.0,572200.0,50,988
7970,227820444,0.02,-9189.800000000001,918980.0,190190.0,176800.0,14840.0,537150.0,50,988
7971,767966779,0.02,-5356.875000000001,535687.5,177707.5,67000.0,14480.0,276500.0,50,988
7972,526250512,0.02,-12579.325,1257932.5,195352.5,419800.0,15880.0,626900.0,50,988
7973,56528665,0.02,-6316.999999999999,631700.0,179340.0,149000.0,15360.0,288000.0,50,989
7974,327497965,0.02,-8728.950000000003,872895.0,175985.0,229200.0,14760.0,452950.0,50,989
7975,324884623,0.02,-11832.75,1183275.0,200505.0,225700.0,16320.0,740750.0,50,989
7976,917807182,0.02,-7267.049999999999,726705.0,192945.0,61900.0,14760.0,457100.0,50,989
7977,382086207,0.02,-7599.9000000000015,759990.0,188650.0,77700.0,15040.0,478600.0,50,989
7978,652714588,0.02,-10558.65,1055865.0,192165.0,368200.0,14400.0,481100.0,50,989
7979,989824199,0.02,-7518.150000000001,751815.0,188885.0,181500.0,14080.0,367350.0,50,989
7980,137838285,0.02,-7082.8499999999985,708285.0,185695.0,124500.0,15240.0,382850.0,50,989
7981,838642580,0.02,-7209.499999999997,720950.0,183600.0,123200.0,16000.0,398150.0,50,989
7982,662997701,0.02,-6875.85,687585.0,187255.0,106000.0,14280.0,380050.0,50,989
7983,232585816,0.02,-9336.175,933617.5,196217.5,244600.0,15400.0,477400.0,50,989
7984,351740113,0.02,-6016.475000000001,601647.5,169317.5,114900.0,14680.0,302750.0,50,989
7985,843315307,0.02,-8065.924999999998,806592.5,189282.5,193100.0,16160.0,408050.0,50,989
7986,385316667,0.02,-10553.200000000003,1055320.0,195740.0,303700.0,16480.0,539400.0,50,989
7987,853803767,0.02,-6332.15,633215.0,180015.0,158400.0,13800.0,281000.0,50,989
7988,634191983,0.02,-8417.95,841795.0,185185.0,161800.0,14760.0,480050.0,50,989
7989,488526098,0.02,-9841.65,984165.0,195095.0,214000.0,16120.0,558950.0,50,989
7990,182137853,0.02,-9237.75,923775.0,195305.0,219600.0,15920.0,492950.0,50,989
7991,71189623,0.02,-7963.799999999999,796380.0,195440.0,117300.0,15040.0,468600.0,50,989
7992,903303185,0.02,-8182.9,818290.0,183970.0,139400.0,14320.0,480600.0,50,989
7993,45705255,0.02,-6724.275000000001,672427.5,187997.5,98000.0,14280.0,372150.0,50,989
7994,33098771,0.02,-7565.725,756572.5,181032.5,140900.0,14040.0,420600.0,50,989
7995,27599470,0.02,-9904.725000000004,990472.5,194612.5,293300.0,14760.0,487800.0,50,989
7996,959782432,0.02,-11281.124999999998,1128112.5,197762.5,318700.0,15600.0,596050.0,50,989
7997,184842977,0.02,-8556.199999999999,855620.0,186530.0,158900.0,14240.0,495950.0,50,989
7998,928416507,0.02,-12788.550000000001,1278855.0,197825.0,332000.0,16880.0,732150.0,50,989
7999,968654800,0.02,-6397.099999999999,639710.0,184710.0,99100.0,14000.0,341900.0,50,989
8000,156625216,0.02,-10860.674999999997,1086067.5,198117.5,273900.0,16600.0,597450.0,50,989
