episode,environment_seed,epsilon,episode_reward,episode_cost,holding_cost,stockout_cost,ordering_cost,discarding_cost,steps,states_seen
1,787174799,1.0,-6560.325000000001,656032.5,159882.5,35200.0,18400.0,442550.0,50,24
2,886466215,0.9985,-8253.65,825365.0,193815.0,2800.0,19600.0,609150.0,50,33
3,121179525,0.9970022500000001,-7361.549999999997,736155.0,194205.0,68800.0,18000.0,455150.0,50,38
4,657637695,0.9955067466250002,-6516.275000000001,651627.5,190927.5,38400.0,17200.0,405100.0,50,45
5,516489671,0.9940134865050627,-7678.0,767800.0,192550.0,30400.0,18000.0,526850.0,50,47
6,973746474,0.9925224662753052,-6744.400000000001,674440.0,181890.0,45200.0,18400.0,428950.0,50,54
7,831606529,0.9910336825758923,-5658.175,565817.5,175767.5,57600.0,17200.0,315250.0,50,58
8,960469361,0.9895471320520285,-8384.349999999999,838435.0,196235.0,58400.0,18400.0,565400.0,50,59
9,35577991,0.9880628113539505,-6559.9,655990.0,168940.0,104400.0,16000.0,366650.0,50,63
10,617562948,0.9865807171369196,-5701.325,570132.5,183432.5,20800.0,17600.0,348300.0,50,64
11,386769241,0.9851008460612143,-6157.949999999999,615795.0,193745.0,21100.0,18000.0,382950.0,50,72
12,376727791,0.9836231947921226,-8369.650000000001,836965.0,198115.0,0.0,18800.0,620050.0,50,72
13,53075520,0.9821477599999344,-5262.1,526210.0,187910.0,0.0,19200.0,319100.0,50,73
14,174175034,0.9806745383599346,-5560.349999999999,556035.0,190135.0,10800.0,18800.0,336300.0,50,73
15,326061810,0.9792035265523947,-5615.475,561547.5,182747.5,75600.0,18400.0,284800.0,50,75
16,426496694,0.9777347212625662,-5873.9,587390.0,178590.0,26400.0,18000.0,364400.0,50,78
17,616044667,0.9762681191806725,-7276.074999999997,727607.5,196457.5,48000.0,18000.0,465150.0,50,80
18,402499813,0.9748037170019015,-7382.55,738255.0,196405.0,20800.0,18800.0,502250.0,50,80
19,813286394,0.9733415114263987,-7818.625000000003,781862.5,190912.5,11200.0,20000.0,559750.0,50,81
20,725494878,0.9718814991592591,-7838.749999999999,783875.0,194075.0,53500.0,18400.0,517900.0,50,83
21,609171198,0.9704236769105203,-8120.850000000001,812085.0,187985.0,80400.0,18000.0,525700.0,50,85
22,959927325,0.9689680413951546,-5588.9,558890.0,184190.0,19300.0,18800.0,336600.0,50,87
23,888738478,0.9675145893330619,-6176.575,617657.5,182307.5,50800.0,16800.0,367750.0,50,89
24,923381109,0.9660633174490624,-8295.400000000001,829540.0,190690.0,71200.0,19200.0,548450.0,50,90
25,962896185,0.9646142224728889,-5805.950000000002,580595.0,185895.0,3200.0,18800.0,372700.0,50,91
26,912216208,0.9631673011391796,-7873.6,787360.0,188960.0,80800.0,19600.0,498000.0,50,91
27,735580623,0.9617225501874709,-6457.7,645770.0,193070.0,0.0,19200.0,433500.0,50,92
28,246717829,0.9602799663621897,-4893.95,489395.0,176845.0,15200.0,18800.0,278550.0,50,95
29,716220096,0.9588395464126465,-7670.574999999999,767057.5,185757.5,9600.0,18000.0,553700.0,50,97
30,357976457,0.9574012870930275,-6937.8,693780.0,186680.0,11200.0,18400.0,477500.0,50,99
31,99356524,0.955965185162388,-5824.6,582460.0,177160.0,13200.0,18800.0,373300.0,50,100
32,485275770,0.9545312373846445,-8003.725000000001,800372.5,198672.5,52800.0,18800.0,530100.0,50,100
33,673744131,0.9530994405285677,-7450.849999999998,745085.0,192185.0,48800.0,18400.0,485700.0,50,102
34,51344058,0.9516697913677749,-10636.200000000003,1063620.0,198820.0,31600.0,19200.0,814000.0,50,102
35,349214576,0.9502422866807232,-7364.099999999999,736410.0,195810.0,46000.0,18800.0,475800.0,50,102
36,576140750,0.9488169232507021,-8493.774999999998,849377.5,190527.5,54000.0,18400.0,586450.0,50,102
37,770185270,0.9473936978658261,-5920.224999999999,592022.5,186922.5,50400.0,17200.0,337500.0,50,103
38,537106938,0.9459726073190273,-5277.825,527782.5,170282.5,3200.0,19200.0,335100.0,50,107
39,612715663,0.9445536484080488,-7268.425,726842.5,194292.5,34800.0,19600.0,478150.0,50,107
40,734126583,0.9431368179354368,-8616.1,861610.0,195760.0,118800.0,18400.0,528650.0,50,108
41,375183091,0.9417221127085337,-8003.225,800322.5,192872.5,0.0,18000.0,589450.0,50,108
42,597316104,0.9403095295394709,-6594.324999999999,659432.5,185182.5,14900.0,18400.0,440950.0,50,113
43,37567736,0.9388990652451618,-5958.950000000001,595895.0,182195.0,77100.0,17200.0,319400.0,50,118
44,604379492,0.9374907166472941,-4558.1,455810.0,176660.0,4800.0,18000.0,256350.0,50,119
45,184193214,0.9360844805723232,-7099.799999999999,709980.0,190380.0,24800.0,18800.0,476000.0,50,119
46,316178201,0.9346803538514648,-6780.275,678027.5,189577.5,0.0,18800.0,469650.0,50,120
47,813561280,0.9332783333206877,-6071.675,607167.5,188967.5,39200.0,18800.0,360200.0,50,120
48,412829189,0.9318784158207066,-7292.4,729240.0,187790.0,50400.0,19200.0,471850.0,50,120
49,839324576,0.9304805981969756,-6264.275,626427.5,187577.5,2400.0,18000.0,418450.0,50,120
50,921923199,0.9290848772996801,-6413.950000000001,641395.0,189695.0,68800.0,18800.0,364100.0,50,120
51,442904477,0.9276912499837306,-7539.45,753945.0,167145.0,9600.0,18400.0,558800.0,50,127
52,654321289,0.9262997131087551,-7957.125,795712.5,194712.5,47600.0,18400.0,535000.0,50,127
53,291093813,0.924910263539092,-8684.875000000004,868487.5,197187.5,104000.0,18800.0,548500.0,50,127
54,4125594,0.9235228981437834,-6632.950000000001,663295.0,184345.0,8400.0,18000.0,452550.0,50,129
55,921309710,0.9221376137965678,-8191.275,819127.5,191527.5,59200.0,18000.0,550400.0,50,129
56,81106987,0.920754407375873,-6435.075000000002,643507.5,188307.5,33600.0,18400.0,403200.0,50,129
57,940608750,0.9193732757648092,-7183.450000000001,718345.0,194795.0,77600.0,18800.0,427150.0,50,129
58,118234346,0.917994215851162,-7532.975000000001,753297.5,187197.5,126400.0,17200.0,422500.0,50,129
59,693090808,0.9166172245273854,-7989.675,798967.5,193867.5,86000.0,18800.0,500300.0,50,129
60,479383792,0.9152422986905944,-8024.750000000001,802475.0,176725.0,62200.0,18800.0,544750.0,50,138
61,242869181,0.9138694352425585,-7342.6,734260.0,190210.0,1200.0,18400.0,524450.0,50,138
62,145033816,0.9124986310896946,-7292.849999999999,729285.0,185235.0,21600.0,18400.0,504050.0,50,139
63,232635114,0.9111298831430602,-7447.374999999998,744737.5,192487.5,65600.0,18800.0,467850.0,50,139
64,670980548,0.9097631883183457,-6723.874999999999,672387.5,187687.5,29600.0,17600.0,437500.0,50,139
65,271353044,0.9083985435358682,-7145.725,714572.5,194472.5,25600.0,19200.0,475300.0,50,139
66,759806254,0.9070359457205645,-7709.374999999998,770937.5,194037.5,64000.0,17600.0,495300.0,50,139
67,311352865,0.9056753918019836,-8522.050000000001,852205.0,195005.0,125200.0,17200.0,514800.0,50,139
68,654631424,0.9043168787142807,-5118.725000000001,511872.5,180572.5,27600.0,17600.0,286100.0,50,140
69,779318872,0.9029604033962093,-6291.599999999999,629160.0,188710.0,48800.0,17600.0,374050.0,50,144
70,285290017,0.901605962791115,-6645.324999999999,664532.5,192132.5,16800.0,18800.0,436800.0,50,144
71,400762464,0.9002535538469284,-6092.425000000002,609242.5,186342.5,48000.0,19200.0,355700.0,50,144
72,905411706,0.898903173516158,-7646.625,764662.5,198212.5,58000.0,18000.0,490450.0,50,145
73,645002533,0.8975548187558838,-5764.750000000001,576475.0,167975.0,70800.0,17200.0,320500.0,50,145
74,530631566,0.8962084865277501,-7237.525,723752.5,187952.5,50000.0,17600.0,468200.0,50,146
75,751890340,0.8948641737979585,-7591.049999999997,759105.0,198455.0,71200.0,18400.0,471050.0,50,146
76,407530062,0.8935218775372615,-4210.924999999999,421092.5,169192.5,25200.0,16800.0,209900.0,50,148
77,145334393,0.8921815947209557,-7502.200000000002,750220.0,182770.0,22000.0,18800.0,526650.0,50,151
78,265330084,0.8908433223288743,-7157.749999999999,715775.0,189025.0,67200.0,17200.0,442350.0,50,153
79,943423610,0.889507057345381,-5800.35,580035.0,176485.0,7200.0,18000.0,378350.0,50,153
80,750242210,0.888172796759363,-6095.225000000001,609522.5,190822.5,34400.0,17600.0,366700.0,50,153
81,574341792,0.886840537564224,-6565.300000000002,656530.0,190630.0,2800.0,19600.0,443500.0,50,154
82,720119117,0.8855102767578777,-7911.375000000001,791137.5,192937.5,400.0,19200.0,578600.0,50,154
83,52528710,0.884182011342741,-8858.4,885840.0,192490.0,60400.0,18000.0,614950.0,50,154
84,971105390,0.882855738325727,-6269.699999999999,626970.0,186020.0,60400.0,17600.0,362950.0,50,154
85,602718016,0.8815314547182383,-6095.050000000001,609505.0,194705.0,1600.0,18000.0,395200.0,50,154
86,342078954,0.880209157536161,-7328.875,732887.5,177437.5,77600.0,18000.0,459850.0,50,155
87,509400483,0.8788888437998569,-6249.225000000002,624922.5,190622.5,4000.0,18800.0,411500.0,50,156
88,752572820,0.8775705105341571,-7033.125,703312.5,191912.5,29200.0,17200.0,465000.0,50,156
89,144544531,0.876254154768356,-5655.325000000001,565532.5,177232.5,26800.0,18000.0,343500.0,50,158
90,262692225,0.8749397735362036,-6407.474999999999,640747.5,187697.5,79200.0,17600.0,356250.0,50,158
91,26703480,0.8736273638758993,-7078.999999999999,707900.0,182450.0,26000.0,17600.0,481850.0,50,158
92,107351148,0.8723169228300856,-7435.55,743555.0,187355.0,100000.0,19600.0,436600.0,50,158
93,929820058,0.8710084474458405,-5963.55,596355.0,177955.0,29600.0,17200.0,371600.0,50,158
94,886295752,0.8697019347746718,-5991.125000000001,599112.5,188912.5,27200.0,17600.0,365400.0,50,158
95,77288927,0.8683973818725099,-9238.1,923810.0,182910.0,91700.0,18400.0,630800.0,50,163
96,337921181,0.8670947857997012,-5256.375000000001,525637.5,177187.5,60800.0,17600.0,270050.0,50,165
97,580843923,0.8657941436210017,-4294.249999999999,429425.0,165975.0,48800.0,16400.0,198250.0,50,167
98,602105656,0.8644954524055702,-8419.675000000001,841967.5,195567.5,101600.0,18400.0,526400.0,50,169
99,90790512,0.863198709226962,-4104.724999999999,410472.5,167422.5,52400.0,15600.0,175050.0,50,169
100,254512951,0.8619039111631216,-3804.725,380472.5,170872.5,41600.0,16000.0,152000.0,50,169
101,82452190,0.8606110552963769,-7217.475,721747.5,195347.5,51200.0,17600.0,457600.0,50,170
102,609545181,0.8593201387134324,-6010.5,601050.0,187000.0,7200.0,16800.0,390050.0,50,170
103,485830877,0.8580311585053623,-5669.849999999999,566985.0,192685.0,40800.0,18000.0,315500.0,50,170
104,636581456,0.8567441117676042,-5458.450000000002,545845.0,181795.0,28000.0,17600.0,318450.0,50,170
105,869364939,0.8554589955999529,-8021.699999999999,802170.0,189970.0,95300.0,17200.0,499700.0,50,172
106,157465806,0.8541758071065529,-7924.900000000001,792490.0,184790.0,89600.0,18000.0,500100.0,50,172
107,870253125,0.8528945433958932,-6396.924999999998,639692.5,190342.5,122800.0,16400.0,310150.0,50,172
108,481709729,0.8516152015807994,-7909.374999999998,790937.5,181437.5,52400.0,16800.0,540300.0,50,172
109,909691455,0.8503377787784282,-4994.850000000001,499485.0,182385.0,30400.0,16400.0,270300.0,50,174
110,304628943,0.8490622721102606,-4086.05,408605.0,169005.0,10000.0,17600.0,212000.0,50,177
111,946769257,0.8477886787020953,-9199.424999999997,919942.5,198642.5,82800.0,18400.0,620100.0,50,177
112,490603006,0.8465169956840422,-5402.25,540225.0,181175.0,47600.0,16800.0,294650.0,50,177
113,977731096,0.8452472201905161,-6273.450000000001,627345.0,189745.0,70000.0,18000.0,349600.0,50,177
114,191867481,0.8439793493602304,-5117.799999999999,511780.0,178780.0,35500.0,16800.0,280700.0,50,179
115,781754975,0.8427133803361901,-4584.325000000001,458432.5,171532.5,7600.0,15600.0,263700.0,50,180
116,963549045,0.8414493102656859,-5924.574999999999,592457.5,188107.5,83600.0,16400.0,304350.0,50,180
117,352396682,0.8401871363002874,-7438.099999999999,743810.0,179360.0,48300.0,17600.0,498550.0,50,183
118,763462574,0.838926855595837,-8553.15,855315.0,190765.0,36300.0,18400.0,609850.0,50,184
119,773955641,0.8376684653124433,-4758.400000000001,475840.0,176140.0,15600.0,16800.0,267300.0,50,184
120,952395202,0.8364119626144747,-5741.35,574135.0,185835.0,32300.0,17200.0,338800.0,50,184
121,149725537,0.835157344670553,-6282.074999999999,628207.5,171807.5,39200.0,18400.0,398800.0,50,184
122,753807676,0.8339046086535472,-8138.224999999998,813822.5,187872.5,24800.0,18000.0,583150.0,50,184
123,888480325,0.8326537517405669,-5045.85,504585.0,179335.0,41200.0,16800.0,267250.0,50,185
124,397127318,0.8314047711129561,-5242.799999999999,524280.0,174330.0,11800.0,18400.0,319750.0,50,190
125,97040247,0.8301576639562867,-7426.4249999999965,742642.5,187542.5,96800.0,16800.0,441500.0,50,190
126,118348385,0.8289124274603523,-4761.424999999999,476142.5,170892.5,68000.0,16400.0,220850.0,50,190
127,960624694,0.8276690588191619,-9053.9,905390.0,187290.0,168800.0,16800.0,532500.0,50,191
128,841078171,0.8264275552309331,-5653.725000000001,565372.5,183822.5,19600.0,16400.0,345550.0,50,192
129,252123314,0.8251879138980868,-6951.874999999997,695187.5,185637.5,0.0,18400.0,491150.0,50,192
130,553562747,0.8239501320272397,-4605.224999999999,460522.5,168222.5,67600.0,17200.0,207500.0,50,192
131,43122751,0.8227142068291988,-5458.3,545830.0,187280.0,41000.0,18000.0,299550.0,50,194
132,798860758,0.821480135518955,-6724.424999999998,672442.5,192242.5,11200.0,17600.0,451400.0,50,194
133,950235001,0.8202479153156766,-5489.100000000001,548910.0,187960.0,29600.0,15600.0,315750.0,50,194
134,868616592,0.8190175434427032,-8081.675000000002,808167.5,184667.5,177600.0,15600.0,430300.0,50,194
135,810473065,0.8177890171275392,-6878.974999999999,687897.5,179647.5,17200.0,17600.0,473450.0,50,196
136,894010739,0.8165623336018479,-8255.875,825587.5,195387.5,25800.0,18400.0,586000.0,50,198
137,732685251,0.8153374901014452,-8991.374999999996,899137.5,198087.5,107600.0,18000.0,575450.0,50,198
138,816304282,0.814114483866293,-6133.200000000001,613320.0,187070.0,81600.0,17200.0,327450.0,50,198
139,679172840,0.8128933121404937,-6329.025,632902.5,188052.5,9200.0,18400.0,417250.0,50,198
140,463412271,0.811673972172283,-4222.1,422210.0,172010.0,24800.0,16400.0,209000.0,50,199
141,390501847,0.8104564612140246,-4136.675000000001,413667.5,169717.5,29600.0,16400.0,197950.0,50,199
142,880601741,0.8092407765222036,-5312.924999999999,531292.5,182292.5,103600.0,18000.0,227400.0,50,199
143,688920376,0.8080269153574203,-5686.850000000002,568685.0,179085.0,46000.0,16000.0,327600.0,50,199
144,20566235,0.8068148749843842,-5754.950000000001,575495.0,176145.0,17600.0,17600.0,364150.0,50,200
145,328166579,0.8056046526719076,-5985.550000000001,598555.0,180355.0,23800.0,17200.0,377200.0,50,202
146,929203367,0.8043962456928998,-6534.949999999998,653495.0,180495.0,36800.0,18000.0,418200.0,50,203
147,13532528,0.8031896513243605,-6542.650000000001,654265.0,195465.0,23100.0,19600.0,416100.0,50,203
148,738009818,0.801984866847374,-6188.550000000001,618855.0,180405.0,33300.0,18000.0,387150.0,50,204
149,23318275,0.800781889547103,-4611.325000000002,461132.5,176282.5,13900.0,16000.0,254950.0,50,206
150,119849332,0.7995807167127824,-6834.0,683400.0,189200.0,95600.0,16800.0,381800.0,50,206
151,400174827,0.7983813456377132,-5704.699999999998,570470.0,187070.0,16400.0,18400.0,348600.0,50,206
152,125715779,0.7971837736192567,-6386.024999999998,638602.5,192852.5,56400.0,16800.0,372550.0,50,207
153,840267200,0.7959879979588279,-5646.575,564657.5,177407.5,17200.0,15600.0,354450.0,50,207
154,174595472,0.7947940159618897,-4595.375,459537.5,188837.5,7600.0,17600.0,245500.0,50,207
155,26241312,0.793601824937947,-5741.624999999999,574162.5,188112.5,33200.0,16400.0,336450.0,50,207
156,931643058,0.7924114222005401,-4773.775,477377.5,183827.5,1600.0,16400.0,275550.0,50,207
157,540027621,0.7912228050672393,-6167.35,616735.0,173885.0,69700.0,16400.0,356750.0,50,209
158,698096499,0.7900359708596385,-6297.725,629772.5,185472.5,25200.0,17200.0,401900.0,50,210
159,278886734,0.7888509169033491,-6446.724999999999,644672.5,171372.5,93200.0,18000.0,362100.0,50,212
160,745475367,0.7876676405279941,-7295.450000000001,729545.0,183745.0,103600.0,18000.0,424200.0,50,212
161,969650958,0.7864861390672021,-6209.075000000002,620907.5,180707.5,12000.0,17600.0,410600.0,50,212
162,299194404,0.7853064098586013,-7583.6,758360.0,176810.0,136800.0,16400.0,428350.0,50,214
163,883520198,0.7841284502438135,-5153.450000000002,515345.0,174295.0,16400.0,16800.0,307850.0,50,214
164,560253180,0.7829522575684478,-4379.9,437990.0,171890.0,10400.0,16400.0,239300.0,50,216
165,477134690,0.7817778291820952,-6070.625000000003,607062.5,185412.5,33100.0,18800.0,369750.0,50,220
166,18215308,0.780605162438322,-6994.8,699480.0,193880.0,56000.0,18000.0,431600.0,50,220
167,363808380,0.7794342546946645,-6110.0250000000015,611002.5,176102.5,128400.0,16800.0,289700.0,50,220
168,540884322,0.7782651033126226,-7055.200000000002,705520.0,190420.0,29600.0,16800.0,468700.0,50,220
169,495975581,0.7770977056576537,-4763.425,476342.5,173292.5,110400.0,16800.0,175850.0,50,221
170,107480852,0.7759320590991673,-6000.3,600030.0,188630.0,79200.0,16800.0,315400.0,50,223
171,483041815,0.7747681610105186,-5429.024999999999,542902.5,182452.5,53200.0,15600.0,291650.0,50,224
172,827903051,0.7736060087690029,-7156.699999999999,715670.0,188820.0,68000.0,18000.0,440850.0,50,224
173,317652891,0.7724455997558494,-5905.650000000001,590565.0,175565.0,36000.0,16800.0,362200.0,50,224
174,697482200,0.7712869313562156,-5723.199999999999,572320.0,175770.0,15200.0,18000.0,363350.0,50,224
175,719156701,0.7701300009591814,-6214.099999999999,621410.0,175160.0,56600.0,16000.0,373650.0,50,226
176,890963543,0.7689748059577427,-6318.749999999997,631875.0,163075.0,19200.0,18400.0,431200.0,50,228
177,648642268,0.7678213437488062,-8398.074999999999,839807.5,191257.5,81000.0,17600.0,549950.0,50,229
178,243095624,0.766669611733183,-6297.049999999999,629705.0,182955.0,35100.0,17600.0,394050.0,50,229
179,372295793,0.7655196073155833,-6274.275000000001,627427.5,180527.5,33200.0,16400.0,397300.0,50,231
180,813253263,0.76437132790461,-8521.849999999999,852185.0,181985.0,65200.0,17200.0,587800.0,50,231
181,739324938,0.7632247709127532,-5692.775,569277.5,174527.5,8800.0,18000.0,367950.0,50,231
182,854423894,0.7620799337563842,-5309.7,530970.0,167120.0,14200.0,17200.0,332450.0,50,234
183,966985658,0.7609368138557496,-3427.650000000001,342765.0,174065.0,49200.0,17200.0,102300.0,50,234
184,873719889,0.7597954086349661,-6452.45,645245.0,186645.0,79200.0,15200.0,364200.0,50,234
185,587840163,0.7586557155220137,-7911.775,791177.5,176327.5,27600.0,18400.0,568850.0,50,234
186,141596136,0.7575177319487307,-5857.650000000001,585765.0,175465.0,24800.0,18000.0,367500.0,50,234
187,763249935,0.7563814553508077,-5359.324999999999,535932.5,180182.5,71600.0,16800.0,267350.0,50,234
188,436890693,0.7552468831677815,-4211.575,421157.5,159307.5,28600.0,16400.0,216850.0,50,239
189,776010756,0.7541140128430299,-5515.1500000000015,551515.0,181915.0,44800.0,17200.0,307600.0,50,239
190,232690867,0.7529828418237654,-7526.525,752652.5,184352.5,139800.0,16400.0,412100.0,50,240
191,662663899,0.7518533675610298,-5223.700000000001,522370.0,173020.0,94800.0,15200.0,239350.0,50,242
192,818192616,0.7507255875096883,-5365.975000000001,536597.5,187997.5,0.0,17200.0,331400.0,50,244
193,49393070,0.7495994991284238,-5448.0,544800.0,180300.0,58900.0,16400.0,289200.0,50,245
194,114991843,0.7484750998797313,-6030.524999999998,603052.5,180002.5,34000.0,16000.0,373050.0,50,246
195,142678202,0.7473523872299117,-5954.725,595472.5,183872.5,10400.0,17600.0,383600.0,50,246
196,760481803,0.7462313586490669,-4595.074999999999,459507.5,164457.5,51700.0,14800.0,228550.0,50,247
197,787627916,0.7451120116110933,-5235.349999999999,523535.0,154585.0,67600.0,15200.0,286150.0,50,248
198,268864973,0.7439943435936767,-3493.0499999999997,349305.0,160055.0,10900.0,17600.0,160750.0,50,251
199,441826989,0.7428783520782862,-7019.825000000001,701982.5,181082.5,34800.0,17200.0,468900.0,50,251
200,502794622,0.7417640345501688,-7415.449999999998,741545.0,192295.0,127400.0,16800.0,405050.0,50,255
201,302796164,0.7406513884983436,-4298.199999999999,429820.0,161020.0,33200.0,16400.0,219200.0,50,255
202,507525272,0.7395404114155961,-3455.1499999999996,345515.0,169765.0,32000.0,16000.0,127750.0,50,255
203,870366587,0.7384311007984727,-4016.524999999999,401652.5,164702.5,33200.0,15600.0,188150.0,50,255
204,500868022,0.7373234541472751,-4251.849999999999,425185.0,174985.0,84800.0,14800.0,150600.0,50,255
205,762239452,0.7362174689660542,-5760.900000000001,576090.0,177640.0,14800.0,17200.0,366450.0,50,255
206,783702299,0.7351131427626052,-7671.8,767180.0,173630.0,85500.0,17600.0,490450.0,50,255
207,518970008,0.7340104730484613,-6290.074999999999,629007.5,180107.5,33900.0,16800.0,398200.0,50,255
208,352457800,0.7329094573388887,-7145.075000000002,714507.5,189507.5,114000.0,15600.0,395400.0,50,255
209,801642543,0.7318100931528804,-6970.475,697047.5,174947.5,118000.0,16800.0,387300.0,50,256
210,953334452,0.7307123780131511,-6651.299999999999,665130.0,174730.0,72000.0,16800.0,401600.0,50,256
211,95528353,0.7296163094461314,-4182.775000000001,418277.5,168277.5,77200.0,15200.0,157600.0,50,256
212,732937445,0.7285218849819622,-5312.3,531230.0,180080.0,5300.0,16800.0,329050.0,50,256
213,609893332,0.7274291021544893,-5035.575,503557.5,171857.5,40800.0,16800.0,274100.0,50,256
214,439394833,0.7263379585012576,-3944.4000000000005,394440.0,160140.0,18500.0,16400.0,199400.0,50,261
215,612340249,0.7252484515635057,-3420.5249999999996,342052.5,168152.5,7600.0,15600.0,150700.0,50,262
216,332958852,0.7241605788861605,-4723.0,472300.0,180500.0,82800.0,16000.0,193000.0,50,262
217,454269301,0.7230743380178313,-4643.625,464362.5,176762.5,36400.0,15200.0,236000.0,50,263
218,952769608,0.7219897265108046,-6803.199999999999,680320.0,194220.0,169400.0,15200.0,301500.0,50,263
219,487170062,0.7209067419210384,-6208.4,620840.0,174240.0,85200.0,16000.0,345400.0,50,263
220,487693904,0.7198253818081569,-5393.6,539360.0,171860.0,44000.0,16400.0,307100.0,50,263
221,521452242,0.7187456437354447,-5834.100000000001,583410.0,173710.0,0.0,17600.0,392100.0,50,266
222,515386096,0.7176675252698416,-4974.675,497467.5,177017.5,0.0,16800.0,303650.0,50,266
223,934422065,0.7165910239819369,-3416.9,341690.0,161440.0,400.0,17200.0,162650.0,50,266
224,939124023,0.715516137445964,-6308.299999999999,630830.0,183080.0,0.0,17200.0,430550.0,50,266
225,543587882,0.7144428632397951,-6005.574999999999,600557.5,182157.5,59200.0,15600.0,343600.0,50,266
226,26263154,0.7133711989449355,-5711.975,571197.5,181297.5,76400.0,17600.0,295900.0,50,266
227,990155601,0.7123011421465182,-4866.175,486617.5,169567.5,68400.0,15200.0,233450.0,50,266
228,992138516,0.7112326904332984,-4715.174999999999,471517.5,167067.5,6400.0,17600.0,280450.0,50,266
229,757658495,0.7101658413976485,-3782.9999999999995,378300.0,158950.0,36000.0,15200.0,168150.0,50,266
230,948043028,0.709100592635552,-5944.474999999999,594447.5,176647.5,98400.0,15200.0,304200.0,50,266
231,202510823,0.7080369417465987,-5073.424999999999,507342.5,167642.5,65200.0,16400.0,258100.0,50,266
232,568213219,0.7069748863339789,-6442.275,644227.5,174977.5,75900.0,16800.0,376550.0,50,267
233,498793237,0.7059144240044779,-6171.35,617135.0,184335.0,28000.0,17200.0,387600.0,50,267
234,113709270,0.7048555523684712,-4846.5,484650.0,175750.0,70800.0,15600.0,222500.0,50,267
235,377287385,0.7037982690399185,-5366.849999999999,536685.0,179285.0,49200.0,15200.0,293000.0,50,267
236,4325778,0.7027425716363587,-4271.299999999999,427130.0,170380.0,136000.0,14400.0,106350.0,50,267
237,957104953,0.7016884577789042,-7806.574999999996,780657.5,188557.5,0.0,18000.0,574100.0,50,269
238,343795384,0.7006359250922359,-3392.074999999999,339207.5,164357.5,52300.0,14800.0,107750.0,50,272
239,178917178,0.6995849712045976,-5213.250000000001,521325.0,180925.0,1800.0,17200.0,321400.0,50,272
240,533790766,0.6985355937477907,-5263.55,526355.0,188905.0,42800.0,16000.0,278650.0,50,272
241,6720561,0.6974877903571691,-3008.5249999999996,300852.5,151752.5,34100.0,16400.0,98600.0,50,273
242,15514350,0.6964415586716334,-5315.8499999999985,531585.0,174435.0,123200.0,15600.0,218350.0,50,273
243,180563930,0.695396896333626,-4215.725,421572.5,170772.5,5900.0,16000.0,228900.0,50,275
244,672195771,0.6943538009891256,-6414.375000000001,641437.5,180787.5,154000.0,16400.0,290250.0,50,276
245,457466455,0.693312270287642,-4146.6,414660.0,162660.0,72400.0,15200.0,164400.0,50,278
246,219319373,0.6922723018822106,-6050.7,605070.0,175570.0,66400.0,16000.0,347100.0,50,279
247,890773926,0.6912338934293872,-5230.299999999999,523030.0,172080.0,36000.0,16800.0,298150.0,50,280
248,458629017,0.6901970425892432,-5268.099999999999,526810.0,157360.0,56800.0,17600.0,295050.0,50,280
249,284445473,0.6891617470253594,-4603.525,460352.5,160452.5,48000.0,14800.0,237100.0,50,282
250,169254977,0.6881280044048214,-5251.675,525167.5,168817.5,45400.0,16000.0,294950.0,50,284
251,470265342,0.6870958123982142,-4424.399999999999,442440.0,155390.0,72800.0,14000.0,200250.0,50,284
252,552502838,0.6860651686796169,-4241.85,424185.0,172485.0,26300.0,15600.0,209800.0,50,284
253,720598314,0.6850360709265975,-6194.650000000001,619465.0,182015.0,38000.0,15600.0,383850.0,50,284
254,319449445,0.6840085168202076,-6503.4749999999985,650347.5,187547.5,65200.0,16400.0,381200.0,50,284
255,270844940,0.6829825040449773,-4942.325,494232.5,172782.5,74400.0,16800.0,230250.0,50,284
256,642611830,0.6819580302889099,-4736.074999999999,473607.5,180107.5,92000.0,13600.0,187900.0,50,284
257,676877297,0.6809350932434766,-4656.675000000001,465667.5,164867.5,46000.0,14400.0,240400.0,50,287
258,13966537,0.6799136906036114,-5469.549999999999,546955.0,166355.0,118800.0,15600.0,246200.0,50,287
259,74418955,0.678893820067706,-3332.7999999999993,333280.0,161730.0,77600.0,15600.0,78350.0,50,287
260,364334867,0.6778754793376045,-4751.950000000001,475195.0,166095.0,76400.0,15200.0,217500.0,50,288
261,251929353,0.6768586661185981,-3435.175,343517.5,151267.5,43100.0,15200.0,133950.0,50,293
262,646793524,0.6758433781194203,-3526.85,352685.0,120635.0,120000.0,16400.0,95650.0,50,301
263,34554948,0.6748296130522412,-4192.65,419265.0,171765.0,54400.0,14800.0,178300.0,50,301
264,778961424,0.6738173686326628,-5199.999999999999,520000.0,166000.0,22100.0,15600.0,316300.0,50,303
265,28493984,0.6728066425797139,-3608.225,360822.5,142872.5,53200.0,16400.0,148350.0,50,308
266,790404605,0.6717974326158443,-4113.575000000001,411357.5,174957.5,63600.0,14800.0,158000.0,50,308
267,454880207,0.6707897364669206,-4558.150000000001,455815.0,153865.0,49000.0,16000.0,236950.0,50,310
268,100382497,0.6697835518622203,-5454.875000000001,545487.5,181137.5,82400.0,15200.0,266750.0,50,310
269,262752655,0.668778876534427,-4755.574999999999,475557.5,177207.5,71500.0,15200.0,211650.0,50,311
270,286777617,0.6677757082196254,-5019.025000000001,501902.5,168902.5,28300.0,16000.0,288700.0,50,312
271,469186781,0.666774044657296,-4581.925,458192.5,184242.5,54800.0,17200.0,201950.0,50,312
272,562144805,0.6657738835903101,-4607.624999999998,460762.5,173462.5,15600.0,16400.0,255300.0,50,312
273,382481235,0.6647752227649246,-4884.8,488480.0,125180.0,75600.0,17200.0,270500.0,50,315
274,300140723,0.6637780599307773,-5848.875,584887.5,171587.5,46000.0,16800.0,350500.0,50,315
275,193511011,0.6627823928408811,-4087.7250000000004,408772.5,154922.5,66300.0,17600.0,169950.0,50,320
276,351899560,0.6617882192516199,-3481.4999999999995,348150.0,151150.0,91200.0,14000.0,91800.0,50,321
277,665364900,0.6607955369227425,-3427.9750000000013,342797.5,167847.5,73200.0,15200.0,86550.0,50,321
278,685324958,0.6598043436173584,-5345.974999999999,534597.5,164747.5,56200.0,17600.0,296050.0,50,327
279,985382697,0.6588146371019324,-3480.5249999999996,348052.5,178202.5,14800.0,16000.0,139050.0,50,327
280,128896780,0.6578264151462796,-5795.524999999998,579552.5,163552.5,54800.0,15600.0,345600.0,50,327
281,364657469,0.6568396755235603,-4003.925000000001,400392.5,152542.5,42400.0,14400.0,191050.0,50,327
282,792006872,0.6558544160102749,-5131.675,513167.5,173117.5,36800.0,15200.0,288050.0,50,330
283,990627244,0.6548706343862596,-3957.024999999999,395702.5,164002.5,26000.0,16400.0,189300.0,50,330
284,848550289,0.6538883284346803,-4260.075,426007.5,175757.5,40000.0,14800.0,195450.0,50,330
285,362108419,0.6529074959420282,-5948.4000000000015,594840.0,185840.0,82400.0,14800.0,311800.0,50,330
286,565872661,0.6519281346981153,-5314.525,531452.5,157502.5,55100.0,17200.0,301650.0,50,330
287,248239042,0.6509502424960681,-4899.450000000001,489945.0,180545.0,47800.0,15600.0,246000.0,50,330
288,910564250,0.649973817132324,-3737.4,373740.0,168490.0,32000.0,14000.0,159250.0,50,330
289,95090960,0.6489988564066256,-2782.2250000000004,278222.5,144022.5,39900.0,14400.0,79900.0,50,331
290,294581939,0.6480253581220157,-8007.525,800752.5,183902.5,106000.0,16000.0,494850.0,50,331
291,378524513,0.6470533200848326,-2794.675,279467.5,143917.5,42800.0,14800.0,77950.0,50,331
292,371382838,0.6460827401047055,-4507.924999999999,450792.5,158192.5,75200.0,14800.0,202600.0,50,332
293,274580034,0.6451136159945484,-5344.000000000002,534400.0,149450.0,88600.0,15600.0,280750.0,50,334
294,596559970,0.6441459455705566,-5648.200000000002,564820.0,170120.0,32000.0,15600.0,347100.0,50,334
295,909719423,0.6431797266522008,-3820.249999999999,382025.0,150225.0,70400.0,14800.0,146600.0,50,337
296,563712942,0.6422149570622225,-3778.9,377890.0,155840.0,122000.0,13200.0,86850.0,50,337
297,365197671,0.6412516346266293,-5883.150000000001,588315.0,173315.0,27700.0,17600.0,369700.0,50,338
298,516159327,0.6402897571746894,-5683.25,568325.0,179375.0,68800.0,16000.0,304150.0,50,338
299,916657380,0.6393293225389274,-3357.124999999999,335712.5,170112.5,22800.0,16000.0,126800.0,50,338
300,236215702,0.638370328555119,-3139.600000000001,313960.0,130110.0,54300.0,14000.0,115550.0,50,344
301,852942156,0.6374127730622864,-2846.625,284662.5,129912.5,104900.0,15200.0,34650.0,50,348
302,816624914,0.636456653902693,-4653.425,465342.5,127042.5,154600.0,13600.0,170100.0,50,354
303,113583231,0.635501968921839,-6150.874999999999,615087.5,173237.5,23200.0,16400.0,402250.0,50,354
304,820162554,0.6345487159684562,-3782.6999999999994,378270.0,154420.0,22800.0,14800.0,186250.0,50,354
305,682829164,0.6335968928945035,-4409.799999999999,440980.0,172280.0,83600.0,12400.0,172700.0,50,354
306,746668637,0.6326464975551618,-5249.950000000002,524995.0,175595.0,134400.0,12800.0,202200.0,50,354
307,756757794,0.631697527808829,-4557.1500000000015,455715.0,174915.0,38000.0,15600.0,227200.0,50,354
308,971507141,0.6307499815171158,-3900.725000000001,390072.5,166072.5,2000.0,16000.0,206000.0,50,355
309,248740915,0.6298038565448402,-4142.499999999999,414250.0,149350.0,60400.0,16800.0,187700.0,50,355
310,682147591,0.628859150760023,-5035.4,503540.0,176090.0,12000.0,14800.0,300650.0,50,355
311,555385655,0.6279158620338829,-3474.7999999999997,347480.0,174730.0,23300.0,15600.0,133850.0,50,355
312,23831983,0.6269739882408322,-3535.9749999999995,353597.5,161097.5,42400.0,13600.0,136500.0,50,355
313,473101254,0.626033527258471,-3128.875,312887.5,148787.5,30800.0,14400.0,118900.0,50,359
314,625614246,0.6250944769675832,-3850.6000000000013,385060.0,159860.0,85000.0,14400.0,125800.0,50,359
315,757426615,0.624156835252132,-5453.950000000001,545395.0,177345.0,13200.0,15200.0,339650.0,50,359
316,720566932,0.6232205999992538,-4074.6249999999995,407462.5,171612.5,32400.0,14000.0,189450.0,50,359
317,83236242,0.622285769099255,-2786.2,278620.0,165120.0,13200.0,14800.0,85500.0,50,359
318,121655260,0.6213523404456062,-2690.6499999999996,269065.0,112865.0,96000.0,15200.0,45000.0,50,360
319,223170263,0.6204203119349377,-5311.725000000001,531172.5,171222.5,93200.0,14800.0,251950.0,50,360
320,516874329,0.6194896814670353,-5318.349999999999,531835.0,164785.0,96800.0,15600.0,254650.0,50,362
321,773647865,0.6185604469448348,-6212.374999999997,621237.5,183237.5,14000.0,16800.0,407200.0,50,362
322,921293923,0.6176326062744176,-3112.0499999999993,311205.0,132205.0,71600.0,14000.0,93400.0,50,364
323,466660891,0.616706157365006,-4916.025,491602.5,175002.5,50800.0,14800.0,251000.0,50,365
324,894317273,0.6157810981289585,-3728.2750000000005,372827.5,159077.5,27200.0,13600.0,172950.0,50,365
325,651766622,0.6148574264817651,-3558.2499999999995,355825.0,149625.0,34400.0,14800.0,157000.0,50,366
326,170248290,0.6139351403420426,-4077.7749999999996,407777.5,166777.5,38800.0,15200.0,187000.0,50,366
327,590910762,0.6130142376315295,-4666.049999999999,466605.0,163955.0,15600.0,15200.0,271850.0,50,367
328,940502221,0.6120947162750823,-3936.5499999999997,393655.0,162455.0,74800.0,15200.0,141200.0,50,368
329,316817693,0.6111765742006697,-3051.899999999999,305190.0,143090.0,102400.0,14800.0,44900.0,50,368
330,151882930,0.6102598093393687,-5089.1,508910.0,174360.0,81600.0,14800.0,238150.0,50,368
331,942390921,0.6093444196253597,-6016.850000000001,601685.0,179835.0,48800.0,15600.0,357450.0,50,368
332,132251486,0.6084304029959217,-4028.850000000001,402885.0,164285.0,59600.0,13200.0,165800.0,50,368
333,427202221,0.6075177573914278,-4151.225,415122.5,161572.5,105200.0,15200.0,133150.0,50,368
334,289887135,0.6066064807553406,-4103.275000000001,410327.5,158027.5,59500.0,12800.0,180000.0,50,370
335,293334015,0.6056965710342076,-3715.8999999999987,371590.0,168390.0,69600.0,15200.0,118400.0,50,370
336,585886400,0.6047880261776564,-3030.7499999999995,303075.0,139325.0,60000.0,14000.0,89750.0,50,372
337,948217134,0.6038808441383899,-3343.1499999999996,334315.0,152815.0,27200.0,14800.0,139500.0,50,373
338,616217640,0.6029750228721824,-4161.575,416157.5,174007.5,19600.0,14800.0,207750.0,50,373
339,174255433,0.6020705603378742,-5417.05,541705.0,173755.0,38300.0,16400.0,313250.0,50,374
340,682077508,0.6011674544973674,-3065.6000000000004,306560.0,150860.0,43400.0,16400.0,95900.0,50,376
341,624771473,0.6002657033156213,-4775.574999999999,477557.5,145807.5,113100.0,15200.0,203450.0,50,377
342,625419356,0.599365304760648,-3197.0999999999995,319710.0,159160.0,5200.0,14800.0,140550.0,50,377
343,857858424,0.5984662568035071,-3778.375,377837.5,152637.5,35600.0,14800.0,174800.0,50,377
344,188072721,0.5975685574183018,-3378.5,337850.0,153900.0,67200.0,13600.0,103150.0,50,377
345,500839969,0.5966722045821744,-4452.85,445285.0,158535.0,75200.0,15600.0,195950.0,50,377
346,650967682,0.5957771962753011,-3302.9749999999995,330297.5,154797.5,22800.0,14800.0,137900.0,50,377
347,596487810,0.5948835304808882,-4144.749999999999,414475.0,175275.0,400.0,17200.0,221600.0,50,377
348,892997598,0.5939912051851669,-5409.925000000001,540992.5,156842.5,12200.0,15600.0,356350.0,50,382
349,314003356,0.5931002183773891,-3103.1,310310.0,163960.0,57200.0,14400.0,74750.0,50,382
350,96183772,0.5922105680498231,-5301.150000000001,530115.0,169615.0,0.0,17600.0,342900.0,50,382
351,920636155,0.5913222521977484,-3734.1,373410.0,146110.0,97300.0,13200.0,116800.0,50,382
352,595847425,0.5904352688194517,-5005.025000000001,500502.5,170552.5,52000.0,14800.0,263150.0,50,382
353,462580733,0.5895496159162226,-6100.25,610025.0,185975.0,76800.0,15600.0,331650.0,50,382
354,962684120,0.5886652914923483,-4672.075,467207.5,149557.5,63200.0,13600.0,240850.0,50,382
355,576366785,0.5877822935551098,-4381.249999999999,438125.0,158925.0,59500.0,14800.0,204900.0,50,384
356,607272881,0.5869006201147772,-4311.299999999998,431130.0,161080.0,38200.0,16000.0,215850.0,50,384
357,114938895,0.586020269184605,-2869.75,286975.0,121825.0,67600.0,14400.0,83150.0,50,387
358,2215691,0.5851412387808281,-3963.0750000000007,396307.5,154057.5,39200.0,16000.0,187050.0,50,388
359,194609011,0.5842635269226569,-4370.55,437055.0,150455.0,92700.0,14400.0,179500.0,50,388
360,426815251,0.583387131632273,-3314.949999999999,331495.0,145345.0,104900.0,14400.0,66850.0,50,389
361,936070495,0.5825120509348246,-4576.25,457625.0,167825.0,54600.0,14000.0,221200.0,50,389
362,197486055,0.5816382828584225,-3894.149999999999,389415.0,156615.0,96000.0,13600.0,123200.0,50,389
363,63793309,0.5807658254341348,-3179.6999999999994,317970.0,141120.0,58800.0,14000.0,104050.0,50,389
364,718598385,0.5798946766959836,-3073.3250000000007,307332.5,152182.5,25600.0,15200.0,114350.0,50,391
365,864084247,0.5790248346809397,-5133.95,513395.0,169795.0,136400.0,14400.0,192800.0,50,391
366,4861690,0.5781562974289183,-4638.625,463862.5,169812.5,25200.0,15200.0,253650.0,50,391
367,251885667,0.5772890629827749,-3413.5500000000006,341355.0,140805.0,52400.0,14400.0,133750.0,50,395
368,685176886,0.5764231293883008,-3825.3,382530.0,141130.0,122500.0,15200.0,103700.0,50,396
369,617817949,0.5755584946942184,-3986.5000000000005,398650.0,151850.0,50400.0,15200.0,181200.0,50,396
370,309599886,0.5746951569521771,-4598.85,459885.0,163785.0,86300.0,14800.0,195000.0,50,396
371,213491494,0.5738331142167489,-3317.4000000000005,331740.0,151940.0,79600.0,12800.0,87400.0,50,396
372,772490465,0.5729723645454238,-6087.2249999999985,608722.5,188072.5,65600.0,13600.0,341450.0,50,396
373,978223458,0.5721129059986056,-3315.874999999999,331587.5,149837.5,22700.0,15200.0,143850.0,50,397
374,713241156,0.5712547366396078,-3600.9249999999997,360092.5,152542.5,29200.0,14000.0,164350.0,50,398
375,38539751,0.5703978545346484,-3956.575,395657.5,144857.5,110900.0,14400.0,125500.0,50,400
376,514172525,0.5695422577528465,-3170.5499999999997,317055.0,166305.0,64000.0,15200.0,71550.0,50,400
377,353810697,0.5686879443662173,-3437.125,343712.5,140512.5,106400.0,14800.0,82000.0,50,400
378,638837573,0.567834912449668,-4368.825,436882.5,178282.5,43200.0,13600.0,201800.0,50,400
379,155278585,0.5669831600809935,-4996.075,499607.5,164207.5,56000.0,15600.0,263800.0,50,400
380,109971650,0.566132685340872,-4344.824999999998,434482.5,165782.5,92000.0,15600.0,161100.0,50,401
381,954195199,0.5652834863128607,-3807.7999999999993,380780.0,167780.0,35600.0,15200.0,162200.0,50,402
382,846033605,0.5644355610833914,-3752.7,375270.0,144920.0,107500.0,14800.0,108050.0,50,403
383,322948338,0.5635889077417664,-5108.299999999999,510830.0,167380.0,118500.0,15200.0,209750.0,50,403
384,537263233,0.5627435243801537,-3655.625,365562.5,158362.5,20800.0,16400.0,170000.0,50,403
385,318679336,0.5618994090935835,-2859.2250000000004,285922.5,129072.5,31500.0,15200.0,110150.0,50,404
386,995298187,0.5610565599799432,-3275.825,327582.5,154532.5,26900.0,14800.0,131350.0,50,404
387,293523480,0.5602149751399733,-3200.6499999999996,320065.0,156115.0,71400.0,15600.0,76950.0,50,404
388,137894707,0.5593746526772634,-3356.8500000000004,335685.0,161435.0,66000.0,14400.0,93850.0,50,404
389,380612898,0.5585355906982475,-2910.8750000000005,291087.5,133087.5,52600.0,16400.0,89000.0,50,404
390,944878321,0.5576977873122002,-2754.0750000000003,275407.5,145107.5,43200.0,15600.0,71500.0,50,404
391,390620138,0.556861240631232,-2409.0500000000006,240905.0,145405.0,26100.0,14400.0,55000.0,50,406
392,211148354,0.5560259487702852,-3703.475,370347.5,152197.5,94800.0,14800.0,108550.0,50,406
393,256869689,0.5551919098471298,-3553.825,355382.5,158482.5,27900.0,14800.0,154200.0,50,411
394,737608480,0.5543591219823591,-6297.299999999999,629730.0,190830.0,175600.0,12400.0,250900.0,50,411
395,36209740,0.5535275832993857,-4217.25,421725.0,151225.0,108300.0,14400.0,147800.0,50,411
396,510449397,0.5526972919244366,-3553.1750000000006,355317.5,158017.5,70000.0,13600.0,113700.0,50,411
397,253778514,0.55186824598655,-6193.925000000003,619392.5,172042.5,27600.0,16800.0,402950.0,50,412
398,735229436,0.5510404436175702,-2897.075,289707.5,126557.5,78000.0,14000.0,71150.0,50,413
399,520286618,0.5502138829521439,-3954.9,395490.0,168990.0,44400.0,14800.0,167300.0,50,413
400,507697186,0.5493885621277157,-3666.5250000000005,366652.5,147402.5,80300.0,13200.0,125750.0,50,414
401,366498862,0.5485644792845241,-3190.1499999999996,319015.0,157915.0,31200.0,14400.0,115500.0,50,415
402,60227670,0.5477416325655974,-3177.000000000001,317700.0,148800.0,35200.0,13600.0,120100.0,50,416
403,822882994,0.546920020116749,-3635.25,363525.0,164475.0,29800.0,14000.0,155250.0,50,416
404,43962844,0.546099640086574,-3069.8749999999995,306987.5,139887.5,93600.0,14400.0,59100.0,50,416
405,472653840,0.5452804906264441,-4004.05,400405.0,171755.0,74000.0,14000.0,140650.0,50,416
406,801066350,0.5444625698905045,-3943.4249999999993,394342.5,141342.5,129900.0,13600.0,109500.0,50,417
407,343323415,0.5436458760356687,-4630.825,463082.5,147332.5,37600.0,14400.0,263750.0,50,418
408,371135189,0.5428304072216152,-5502.949999999999,550295.0,182145.0,85800.0,14400.0,267950.0,50,421
409,20277906,0.5420161616107828,-4888.475,488847.5,166897.5,78100.0,15200.0,228650.0,50,421
410,496847341,0.5412031373683667,-2739.1,273910.0,139610.0,82800.0,14000.0,37500.0,50,423
411,463234206,0.5403913326623142,-3499.0499999999997,349905.0,133905.0,162900.0,12400.0,40700.0,50,424
412,47783817,0.5395807456633208,-3653.3499999999995,365335.0,147685.0,99700.0,14400.0,103550.0,50,424
413,420661252,0.5387713745448258,-3564.075,356407.5,157957.5,61700.0,14000.0,122750.0,50,424
414,162430562,0.5379632174830086,-3449.225,344922.5,141172.5,88500.0,14400.0,100850.0,50,424
415,912674139,0.5371562726567841,-4902.2,490220.0,174120.0,97600.0,14000.0,204500.0,50,424
416,224338749,0.536350538247799,-4629.45,462945.0,160745.0,119000.0,14800.0,168400.0,50,424
417,372031106,0.5355460124404273,-4256.2750000000015,425627.5,159777.5,81300.0,14000.0,170550.0,50,426
418,655175569,0.5347426934217667,-4062.699999999999,406270.0,151520.0,71000.0,14800.0,168950.0,50,430
419,369857068,0.5339405793816341,-5368.200000000002,536820.0,164570.0,29600.0,17200.0,325450.0,50,430
420,945360460,0.5331396685125617,-5347.649999999998,534765.0,168965.0,47600.0,15200.0,303000.0,50,431
421,562388789,0.5323399590097928,-3067.0499999999997,306705.0,136305.0,84700.0,15200.0,70500.0,50,431
422,510365783,0.5315414490712781,-3899.5750000000003,389957.5,136757.5,39700.0,13200.0,200300.0,50,431
423,616667201,0.5307441368976712,-4701.375,470137.5,150787.5,162000.0,14800.0,142550.0,50,432
424,755770368,0.5299480206923247,-3859.9500000000003,385995.0,145795.0,35500.0,17200.0,187500.0,50,433
425,752202051,0.5291530986612862,-4846.624999999998,484662.5,161162.5,44600.0,15200.0,263700.0,50,433
426,695826481,0.5283593690132944,-2924.4249999999997,292442.5,135942.5,129100.0,13600.0,13800.0,50,433
427,160931391,0.5275668299597744,-3302.7,330270.0,132670.0,115700.0,13600.0,68300.0,50,433
428,824470096,0.5267754797148348,-3164.125,316412.5,148962.5,34100.0,14000.0,119350.0,50,433
429,884616482,0.5259853164952626,-5635.0999999999985,563510.0,167010.0,62100.0,16800.0,317600.0,50,433
430,230349778,0.5251963385205197,-2679.9500000000003,267995.0,134945.0,67600.0,13600.0,51850.0,50,433
431,898494642,0.524408544012739,-3295.6749999999993,329567.5,135717.5,97900.0,14800.0,81150.0,50,433
432,37523242,0.5236219311967198,-3083.8250000000003,308382.5,148632.5,61300.0,13200.0,85250.0,50,433
433,497035363,0.5228364982999248,-5209.774999999999,520977.5,184477.5,104000.0,16000.0,216500.0,50,433
434,948314887,0.522052243552475,-3687.2000000000007,368720.0,133670.0,58000.0,12800.0,164250.0,50,434
435,152451541,0.5212691651871464,-3417.1000000000004,341710.0,155010.0,22400.0,14400.0,149900.0,50,434
436,28802064,0.5204872614393657,-4258.425,425842.5,167542.5,61200.0,13600.0,183500.0,50,434
437,2406439,0.5197065305472067,-2906.7499999999995,290675.0,154875.0,44000.0,13200.0,78600.0,50,434
438,589489059,0.5189269707513859,-2395.375,239537.5,139337.5,45500.0,13600.0,41100.0,50,435
439,311913388,0.5181485802952589,-2007.3750000000007,200737.5,131937.5,16800.0,14000.0,38000.0,50,436
440,365547212,0.517371357424816,-3155.15,315515.0,137415.0,78500.0,14000.0,85600.0,50,436
441,964264298,0.5165953003886788,-2724.4249999999997,272442.5,141242.5,91700.0,15200.0,24300.0,50,436
442,396003919,0.5158204074380959,-2369.95,236995.0,133745.0,66800.0,14400.0,22050.0,50,436
443,151725036,0.5150466768269387,-4361.7,436170.0,145520.0,49600.0,16000.0,225050.0,50,439
444,855020737,0.5142741068116984,-5246.3499999999985,524635.0,171985.0,34900.0,15600.0,302150.0,50,441
445,341253811,0.5135026956514809,-2795.0000000000005,279500.0,167850.0,44500.0,13200.0,53950.0,50,442
446,272730982,0.5127324416080037,-5568.95,556895.0,168795.0,24600.0,16000.0,347500.0,50,444
447,522832226,0.5119633429455918,-3153.5000000000005,315350.0,143300.0,98400.0,12400.0,61250.0,50,445
448,247576502,0.5111953979311734,-3112.850000000001,311285.0,163835.0,26000.0,14400.0,107050.0,50,445
449,284237034,0.5104286048342767,-3187.175,318717.5,134867.5,111600.0,12400.0,59850.0,50,449
450,906365907,0.5096629619270253,-3509.35,350935.0,153635.0,68400.0,13600.0,115300.0,50,449
451,317321746,0.5088984674841348,-3833.024999999999,383302.5,158652.5,57600.0,13600.0,153450.0,50,449
452,576915000,0.5081351197829086,-3140.6749999999997,314067.5,143117.5,73700.0,15200.0,82050.0,50,449
453,635851000,0.5073729171032343,-2498.4500000000003,249845.0,147145.0,53400.0,14400.0,34900.0,50,451
454,155717411,0.5066118577275794,-2632.65,263265.0,136615.0,71600.0,12400.0,42650.0,50,452
455,166882680,0.5058519399409881,-4891.900000000001,489190.0,156340.0,63000.0,13600.0,256250.0,50,452
456,958108963,0.5050931620310767,-4043.325,404332.5,142682.5,125200.0,14400.0,122050.0,50,452
457,623318186,0.5043355222880301,-3376.75,337675.0,145975.0,82300.0,15200.0,94200.0,50,453
458,992737441,0.5035790190045981,-4746.974999999999,474697.5,174747.5,69700.0,16000.0,214250.0,50,453
459,974225526,0.5028236504760912,-3800.8749999999995,380087.5,138887.5,94400.0,13600.0,133200.0,50,455
460,10578860,0.5020694150003772,-3122.9000000000005,312290.0,149840.0,80200.0,14400.0,67850.0,50,457
461,788519458,0.5013163108778766,-5178.725,517872.5,166522.5,145100.0,12400.0,193850.0,50,457
462,573133134,0.5005643364115598,-3888.2999999999997,388830.0,149930.0,63200.0,14400.0,161300.0,50,457
463,869780254,0.4998134899069425,-2639.9500000000003,263995.0,146645.0,50800.0,12400.0,54150.0,50,457
464,382988129,0.49906376967208216,-3358.750000000001,335875.0,140825.0,68000.0,11200.0,115850.0,50,458
465,537345492,0.4983151740175741,-3266.15,326615.0,142815.0,11600.0,16000.0,156200.0,50,459
466,718263769,0.49756770125654776,-3209.8,320980.0,152180.0,69200.0,12400.0,87200.0,50,459
467,20678363,0.49682134970466296,-2530.575,253057.5,162257.5,41200.0,14400.0,35200.0,50,461
468,901632676,0.496076117680106,-3464.8500000000004,346485.0,145485.0,23200.0,14800.0,163000.0,50,461
469,895268152,0.49533200350358586,-3394.25,339425.0,119875.0,74000.0,14400.0,131150.0,50,463
470,233510481,0.4945890054983305,-2942.8,294280.0,132530.0,97200.0,14000.0,50550.0,50,463
471,699158817,0.49384712199008307,-2846.4750000000004,284647.5,128797.5,87200.0,14400.0,54250.0,50,463
472,726109321,0.49310635130709796,-3439.9749999999995,343997.5,141597.5,58600.0,13200.0,130600.0,50,464
473,1906908,0.4923666917801373,-3146.1250000000005,314612.5,140862.5,118400.0,12400.0,42950.0,50,464
474,945067025,0.4916281417424671,-3642.825,364282.5,146982.5,39300.0,14800.0,163200.0,50,466
475,962530168,0.4908906995298534,-3770.400000000001,377040.0,141240.0,71300.0,14000.0,150500.0,50,467
476,173528883,0.4901543634805587,-2998.7,299870.0,166720.0,93300.0,12800.0,27050.0,50,467
477,361837638,0.48941913193533787,-3821.275,382127.5,165527.5,4400.0,14400.0,197800.0,50,467
478,312839399,0.4886850032374349,-3474.2250000000004,347422.5,144022.5,111800.0,12800.0,78800.0,50,467
479,46663649,0.4879519757325788,-2392.8,239280.0,137580.0,53600.0,12800.0,35300.0,50,468
480,29123930,0.48722004776898,-3346.85,334685.0,146835.0,103500.0,13600.0,70750.0,50,468
481,817516356,0.48648921769732656,-4022.15,402215.0,157865.0,34900.0,13600.0,195850.0,50,468
482,563567465,0.4857594838707806,-3981.9749999999995,398197.5,144597.5,66100.0,13200.0,174300.0,50,468
483,746841099,0.4850308446449745,-3591.875,359187.5,138487.5,59900.0,14800.0,146000.0,50,468
484,998178677,0.48430329837800706,-3747.0500000000006,374705.0,158655.0,10800.0,14000.0,191250.0,50,468
485,633543129,0.4835768434304401,-3069.8500000000004,306985.0,130235.0,52400.0,15200.0,109150.0,50,470
486,259006267,0.48285147816529445,-4574.875,457487.5,169937.5,105200.0,14400.0,167950.0,50,471
487,83065422,0.4821272009480465,-3517.725000000001,351772.5,145872.5,96000.0,12800.0,97100.0,50,471
488,88903645,0.4814040101466245,-1795.8999999999992,179590.0,116790.0,50800.0,12000.0,0.0,50,471
489,598317062,0.48068190413140455,-2351.7999999999993,235180.0,126530.0,61200.0,13200.0,34250.0,50,472
490,582214527,0.4799608812752075,-3443.1500000000005,344315.0,129465.0,74600.0,13600.0,126650.0,50,473
491,753070785,0.4792409399532947,-2757.5750000000003,275757.5,142807.5,98000.0,12000.0,22950.0,50,474
492,326337932,0.47852207854336476,-4049.175,404917.5,143467.5,58700.0,14800.0,187950.0,50,474
493,94710757,0.47780429542554975,-3585.3499999999995,358535.0,154285.0,44400.0,14800.0,145050.0,50,474
494,776556395,0.47708758898241144,-2042.0000000000002,204200.0,98000.0,83400.0,13600.0,9200.0,50,480
495,210480448,0.47637195759893786,-2040.0500000000002,204005.0,90055.0,81000.0,15600.0,17350.0,50,482
496,820840259,0.47565739966253945,-3324.1250000000005,332412.5,160162.5,106800.0,12000.0,53450.0,50,482
497,580683735,0.47494391356304566,-3405.475,340547.5,122147.5,91600.0,15200.0,111600.0,50,482
498,79390517,0.4742314976927011,-1900.3750000000002,190037.5,119187.5,37300.0,14400.0,19150.0,50,485
499,533411984,0.4735201504461621,-2695.6000000000004,269560.0,131660.0,88100.0,12000.0,37800.0,50,485
500,205950663,0.47280987022049287,-2002.2,200220.0,102620.0,84400.0,13200.0,0.0,50,488
501,202456160,0.47210065541516216,-2698.25,269825.0,125675.0,127200.0,12400.0,4550.0,50,489
502,686782067,0.47139250443203945,-2852.225000000001,285222.5,113972.5,70700.0,13600.0,86950.0,50,490
503,901334437,0.4706854156753914,-2221.3,222130.0,142580.0,38500.0,12800.0,28250.0,50,491
504,50781644,0.46997938755187835,-3025.2250000000004,302522.5,124772.5,110700.0,13200.0,53850.0,50,491
505,768592002,0.46927441847055057,-2748.475,274847.5,138397.5,41600.0,12800.0,82050.0,50,491
506,371347005,0.4685705068428448,-4681.575000000001,468157.5,176257.5,118800.0,14800.0,158300.0,50,491
507,839800280,0.46786765108258055,-3416.2499999999995,341625.0,128925.0,32800.0,13600.0,166300.0,50,492
508,827168810,0.4671658496059567,-4806.250000000001,480625.0,139325.0,89800.0,13600.0,237900.0,50,492
509,22146275,0.4664651008315478,-3099.725000000001,309972.5,142472.5,65200.0,13600.0,88700.0,50,492
510,283747906,0.4657654031803005,-2516.350000000001,251635.0,137935.0,52300.0,12800.0,48600.0,50,492
511,409603680,0.4650667550755301,-3506.724999999998,350672.5,145072.5,119200.0,13200.0,73200.0,50,492
512,32825933,0.4643691549429168,-4018.8,401880.0,163480.0,52400.0,11600.0,174400.0,50,492
513,339687889,0.46367260121050247,-2701.349999999999,270135.0,126585.0,63400.0,13200.0,66950.0,50,493
514,950677093,0.4629770923086867,-2653.349999999999,265335.0,129185.0,31200.0,15200.0,89750.0,50,493
515,945929386,0.46228262667022374,-3997.2500000000005,399725.0,142825.0,146000.0,13600.0,97300.0,50,493
516,539666057,0.4615892027302184,-5454.549999999999,545455.0,167905.0,107200.0,15200.0,255150.0,50,493
517,144562627,0.4608968189261231,-3871.0750000000007,387107.5,142057.5,96800.0,12800.0,135450.0,50,493
518,525023360,0.46020547369773396,-3841.05,384105.0,178605.0,33900.0,14000.0,157600.0,50,493
519,87949174,0.4595151654871874,-4219.624999999999,421962.5,142362.5,189500.0,11600.0,78500.0,50,493
520,93106056,0.45882589273895663,-3628.8999999999996,362890.0,133890.0,153700.0,12000.0,63300.0,50,493
521,273426737,0.45813765389984823,-2021.0000000000005,202100.0,77400.0,109500.0,15200.0,0.0,50,498
522,11767082,0.4574504474189985,-3464.5499999999997,346455.0,143355.0,31200.0,14800.0,157100.0,50,499
523,450204830,0.45676427174787,-2881.425,288142.5,128292.5,115800.0,12400.0,31650.0,50,500
524,786369524,0.4560791253402482,-3824.3250000000003,382432.5,157782.5,119800.0,14000.0,90850.0,50,500
525,428487344,0.45539500665223787,-4554.475000000001,455447.5,165097.5,58400.0,12800.0,219150.0,50,501
526,545792151,0.45471191414225953,-4855.849999999999,485585.0,162785.0,102400.0,13200.0,207200.0,50,502
527,69104057,0.45402984627104614,-2832.2249999999995,283222.5,124572.5,133100.0,13200.0,12350.0,50,503
528,184141796,0.4533488015016396,-3768.3749999999995,376837.5,146587.5,17200.0,14800.0,198250.0,50,504
529,831873378,0.4526687782993872,-3231.775000000001,323177.5,143127.5,66000.0,13200.0,100850.0,50,505
530,114586311,0.4519897751319381,-4004.8000000000006,400480.0,145680.0,153700.0,13600.0,87500.0,50,505
531,486311909,0.45131179046924025,-5412.950000000001,541295.0,147645.0,38700.0,15600.0,339350.0,50,507
532,420929653,0.4506348227835364,-4056.9250000000006,405692.5,168742.5,73300.0,11600.0,152050.0,50,507
533,964922344,0.4499588705493611,-2754.95,275495.0,126795.0,79000.0,14000.0,55700.0,50,507
534,14372140,0.44928393224353713,-3031.125,303112.5,147312.5,62800.0,12400.0,80600.0,50,508
535,904418453,0.44861000634517184,-3644.274999999999,364427.5,154227.5,97600.0,12400.0,100200.0,50,508
536,22868907,0.4479370913356541,-3087.5250000000005,308752.5,150752.5,93700.0,13200.0,51100.0,50,508
537,885907643,0.44726518569865065,-2583.575,258357.5,130457.5,69600.0,13200.0,45100.0,50,509
538,843302856,0.4465942879201027,-2855.4750000000004,285547.5,127747.5,102200.0,12800.0,42800.0,50,510
539,743652761,0.4459243964882226,-3418.275,341827.5,130177.5,113200.0,14400.0,84050.0,50,510
540,219798943,0.4452555098934903,-2324.399999999999,232440.0,145590.0,68800.0,13200.0,4850.0,50,510
541,187313712,0.4445876266286501,-3152.125,315212.5,115962.5,117200.0,15200.0,66850.0,50,513
542,739650437,0.44392074518870717,-2758.099999999999,275810.0,138110.0,56000.0,12000.0,69700.0,50,515
543,699263165,0.4432548640709241,-3800.4250000000006,380042.5,140042.5,35600.0,14400.0,190000.0,50,515
544,444002099,0.4425899817748178,-3258.8250000000003,325882.5,148382.5,91200.0,12400.0,73900.0,50,515
545,364246481,0.4419260968021556,-2530.1999999999994,253020.0,154070.0,13900.0,13200.0,71850.0,50,516
546,768697912,0.4412632076569524,-4243.4,424340.0,163440.0,31200.0,13200.0,216500.0,50,516
547,726379850,0.440601312845467,-3779.4999999999986,377950.0,147250.0,140000.0,12400.0,78300.0,50,516
548,285450641,0.43994041087619884,-3781.95,378195.0,157295.0,58400.0,14400.0,148100.0,50,516
549,343912285,0.4392805002598846,-3971.025,397102.5,162352.5,66700.0,14800.0,153250.0,50,516
550,169941851,0.43862157950949476,-2075.1000000000004,207510.0,95460.0,71900.0,14000.0,26150.0,50,520
551,625532934,0.43796364714023056,-2221.9749999999995,222197.5,103997.5,105000.0,13200.0,0.0,50,520
552,622093134,0.43730670166952024,-3854.5249999999996,385452.5,170852.5,85200.0,12800.0,116600.0,50,520
553,303314614,0.436650741617016,-3077.95,307795.0,122595.0,151900.0,11600.0,21700.0,50,522
554,753577528,0.4359957655045905,-3026.625,302662.5,144012.5,77200.0,12000.0,69450.0,50,522
555,957327351,0.43534177185633366,-3291.0499999999997,329105.0,133805.0,125000.0,14400.0,55900.0,50,522
556,172471320,0.43468875919854916,-3695.975,369597.5,141197.5,114800.0,14800.0,98800.0,50,522
557,538268750,0.43403672605975135,-2875.925,287592.5,151142.5,53800.0,14000.0,68650.0,50,522
558,926276305,0.4333856709706618,-2093.0,209300.0,141000.0,36400.0,13600.0,18300.0,50,522
559,711330489,0.4327355924642058,-2548.5750000000007,254857.5,130657.5,70600.0,12800.0,40800.0,50,522
560,652648639,0.4320864890755095,-3629.600000000001,362960.0,138110.0,107800.0,12400.0,104650.0,50,522
561,982874806,0.4314383593418963,-2627.1000000000004,262710.0,147010.0,70300.0,13600.0,31800.0,50,523
562,737323377,0.43079120180288344,-1989.25,198925.0,136275.0,42100.0,10400.0,10150.0,50,523
563,204840900,0.43014501500017915,-3936.7499999999995,393675.0,104375.0,97700.0,15600.0,176000.0,50,528
564,590456346,0.4294997974776789,-2328.4500000000003,232845.0,101245.0,101800.0,14000.0,15800.0,50,529
565,206206,0.4288555477814624,-3237.2000000000003,323720.0,124070.0,78500.0,14800.0,106350.0,50,530
566,205207655,0.4282122644597902,-3443.1499999999996,344315.0,152315.0,80400.0,12800.0,98800.0,50,531
567,671279753,0.42756994606310056,-2811.6,281160.0,141810.0,21200.0,13600.0,104550.0,50,531
568,507135603,0.42692859114400594,-4059.325,405932.5,166382.5,98100.0,14000.0,127450.0,50,531
569,574508205,0.42628819825729,-1928.7750000000003,192877.5,121627.5,40800.0,14000.0,16450.0,50,531
570,771293491,0.4256487659599041,-2715.1249999999995,271512.5,113962.5,105200.0,12800.0,39550.0,50,531
571,936144407,0.42501029281096425,-2692.425000000001,269242.5,122942.5,120800.0,12000.0,13500.0,50,531
572,977347901,0.42437277737174783,-2420.6999999999994,242070.0,111770.0,115500.0,14800.0,0.0,50,531
573,161428773,0.42373621820569024,-4545.2,454520.0,165570.0,88800.0,11200.0,188950.0,50,531
574,486557691,0.4231006138783817,-2293.55,229355.0,164955.0,15400.0,13600.0,35400.0,50,531
575,568191474,0.42246596295756417,-2517.4000000000005,251740.0,143890.0,61600.0,13200.0,33050.0,50,531
576,831597688,0.42183226401312784,-3179.625,317962.5,154962.5,71100.0,13600.0,78300.0,50,531
577,233639456,0.42119951561710817,-2036.5999999999997,203660.0,125510.0,34300.0,14800.0,29050.0,50,531
578,935816255,0.4205677163436825,-2578.5249999999996,257852.5,126852.5,73500.0,14400.0,43100.0,50,531
579,867249292,0.41993686476916703,-2984.7999999999997,298480.0,132380.0,90800.0,14800.0,60500.0,50,532
580,949954701,0.4193069594720133,-3570.8750000000005,357087.5,147637.5,69000.0,13600.0,126850.0,50,532
581,253463407,0.4186779990328053,-3685.524999999999,368552.5,131852.5,139100.0,13600.0,84000.0,50,532
582,524214122,0.4180499820342561,-1622.4,162240.0,83540.0,64700.0,14000.0,0.0,50,535
583,787812385,0.4174229070612047,-2944.825,294482.5,130882.5,106500.0,14400.0,42700.0,50,535
584,605445276,0.41679677270061294,-2950.1750000000006,295017.5,144267.5,42800.0,14400.0,93550.0,50,535
585,243991275,0.41617157754156203,-3988.05,398805.0,164105.0,116300.0,15600.0,102800.0,50,535
586,287091003,0.4155473201752497,-3008.8999999999996,300890.0,126390.0,151500.0,12400.0,10600.0,50,535
587,369142791,0.41492399919498685,-3264.774999999999,326477.5,127927.5,152000.0,12800.0,33750.0,50,535
588,865560664,0.4143016131961944,-2308.2749999999996,230827.5,113677.5,92600.0,14000.0,10550.0,50,537
589,354633084,0.41368016077640013,-2179.225,217922.5,124022.5,56900.0,13600.0,23400.0,50,537
590,578824479,0.41305964053523553,-2457.5750000000003,245757.5,124707.5,86400.0,12000.0,22650.0,50,537
591,904200596,0.4124400510744327,-3387.600000000001,338760.0,127910.0,70000.0,12000.0,128850.0,50,537
592,176056974,0.4118213909978211,-2896.674999999999,289667.5,135517.5,89200.0,10800.0,54150.0,50,537
593,577197388,0.4112036589113244,-2347.3500000000004,234735.0,136785.0,47600.0,13200.0,37150.0,50,537
594,963975007,0.4105868534229574,-2950.024999999999,295002.5,149952.5,42800.0,14000.0,88250.0,50,537
595,678142723,0.409970973142823,-2953.575,295357.5,105357.5,99700.0,14400.0,75900.0,50,537
596,490842982,0.4093560166831088,-2572.325,257232.5,154082.5,24000.0,13600.0,65550.0,50,539
597,282425441,0.40874198265808415,-2934.45,293445.0,148645.0,19400.0,14400.0,111000.0,50,541
598,36623487,0.40812886968409706,-1898.6499999999999,189865.0,108115.0,67500.0,14000.0,250.0,50,545
599,59224854,0.40751667637957095,-3089.2249999999995,308922.5,123372.5,90300.0,15200.0,80050.0,50,545
600,483558885,0.40690540136500164,-2472.9249999999997,247292.5,118092.5,54400.0,13600.0,61200.0,50,546
601,790006532,0.4062950432629542,-3142.4,314240.0,113740.0,95100.0,13200.0,92200.0,50,546
602,85659205,0.40568560069805976,-2547.975,254797.5,111197.5,114600.0,14800.0,14200.0,50,547
603,487641894,0.4050770722970127,-3721.675,372167.5,150367.5,112500.0,13200.0,96100.0,50,547
604,436840466,0.40446945668856715,-3498.4500000000003,349845.0,148645.0,106700.0,12000.0,82500.0,50,547
605,161986883,0.4038627525035343,-2118.75,211875.0,129275.0,24400.0,13600.0,44600.0,50,548
606,857456200,0.40325695837477904,-2012.025,201202.5,112052.5,64000.0,13200.0,11950.0,50,548
607,323952537,0.4026520729372169,-3218.5500000000006,321855.0,142605.0,108800.0,12000.0,58450.0,50,548
608,377209525,0.40204809482781106,-2717.9249999999993,271792.5,105392.5,153600.0,12800.0,0.0,50,548
609,930485109,0.40144502268556936,-3998.75,399875.0,142175.0,133400.0,12400.0,111900.0,50,548
610,154606713,0.40084285515154106,-2561.3500000000004,256135.0,107235.0,79800.0,13200.0,55900.0,50,549
611,351365016,0.4002415908688138,-3291.2499999999995,329125.0,160275.0,7000.0,15600.0,146250.0,50,549
612,584410024,0.3996412284825106,-2305.575,230557.5,145557.5,57200.0,13200.0,14600.0,50,549
613,482422577,0.39904176663978685,-1917.1,191710.0,106510.0,72000.0,13200.0,0.0,50,551
614,609999958,0.3984432039898272,-2177.5,217750.0,110900.0,69500.0,12800.0,24550.0,50,551
615,884906721,0.39784553918384247,-2588.9250000000006,258892.5,108492.5,98100.0,14000.0,38300.0,50,551
616,433592173,0.3972487708750667,-3176.324999999999,317632.5,118782.5,79200.0,14400.0,105250.0,50,551
617,502412639,0.3966528977187541,-2766.975000000001,276697.5,123147.5,98500.0,11200.0,43850.0,50,552
618,131375794,0.396057918372176,-2950.600000000001,295060.0,154010.0,47200.0,14400.0,79450.0,50,552
619,408091554,0.3954638314946178,-2059.4249999999997,205942.5,93942.5,98800.0,13200.0,0.0,50,555
620,461139728,0.39487063574737585,-2545.05,254505.0,132155.0,96200.0,13200.0,12950.0,50,555
621,57671654,0.3942783297937548,-2661.35,266135.0,119785.0,100400.0,12400.0,33550.0,50,555
622,598540327,0.3936869122990642,-2692.55,269255.0,101355.0,116100.0,12800.0,39000.0,50,557
623,380082214,0.39309638193061563,-3404.6749999999997,340467.5,121967.5,158200.0,12000.0,48300.0,50,557
624,762025188,0.39250673735771974,-1983.15,198315.0,129415.0,50700.0,12000.0,6200.0,50,557
625,339991804,0.3919179772516832,-3649.125,364912.5,130012.5,46200.0,13200.0,175500.0,50,557
626,654419091,0.3913301002858057,-2560.0749999999994,256007.5,96357.5,85100.0,14400.0,60150.0,50,557
627,281934653,0.390743105135377,-3331.15,333115.0,153815.0,45600.0,15200.0,118500.0,50,557
628,258996472,0.390156990477674,-2935.3000000000006,293530.0,114280.0,90400.0,13600.0,75250.0,50,559
629,881149342,0.3895717549919575,-2343.75,234375.0,107375.0,102400.0,13200.0,11400.0,50,559
630,479781524,0.3889873973594696,-3949.875000000001,394987.5,129687.5,65900.0,13600.0,185800.0,50,560
631,307602812,0.3884039162634304,-3031.375,303137.5,119587.5,46400.0,12800.0,124350.0,50,560
632,637266700,0.3878213103890353,-3468.0499999999997,346805.0,144455.0,111900.0,13600.0,76850.0,50,560
633,707147533,0.38723957842345175,-3175.775,317577.5,136127.5,79800.0,12800.0,88850.0,50,560
634,890440827,0.3866587190558166,-4330.249999999999,433025.0,134325.0,91200.0,12800.0,194700.0,50,560
635,168278606,0.3860787309772329,-2833.375,283337.5,160887.5,22600.0,14400.0,85450.0,50,560
636,288393042,0.38549961288076706,-3369.4999999999995,336950.0,110250.0,122000.0,13600.0,91100.0,50,561
637,703331235,0.38492136346144595,-2650.15,265015.0,103415.0,134400.0,13200.0,14000.0,50,563
638,174844633,0.3843439814162538,-3402.6250000000005,340262.5,103512.5,115800.0,14400.0,106550.0,50,563
639,987996892,0.38376746544412943,-2579.1,257910.0,96910.0,147000.0,14000.0,0.0,50,564
640,519222263,0.38319181424596327,-2881.5250000000005,288152.5,127352.5,82400.0,13600.0,64800.0,50,564
641,748572004,0.38261702652459434,-2002.5999999999997,200260.0,111960.0,51500.0,14000.0,22800.0,50,566
642,580145808,0.3820431009848075,-2344.475,234447.5,113097.5,106900.0,12400.0,2050.0,50,566
643,15630210,0.38147003633333026,-3172.8499999999995,317285.0,147235.0,62800.0,13200.0,94050.0,50,566
644,395444684,0.3808978312788303,-3596.975000000001,359697.5,159397.5,91800.0,12800.0,95700.0,50,566
645,31519946,0.3803264845319121,-2635.275,263527.5,129277.5,92300.0,12800.0,29150.0,50,566
646,379608406,0.37975599480511424,-3542.3749999999995,354237.5,141487.5,115900.0,13200.0,83650.0,50,567
647,38498385,0.3791863608129066,-4021.775,402177.5,107177.5,142300.0,13200.0,139500.0,50,567
648,326557430,0.3786175812716872,-2074.4000000000005,207440.0,109140.0,65900.0,13600.0,18800.0,50,567
649,493750824,0.3780496548997797,-2782.35,278235.0,112685.0,148400.0,14400.0,2750.0,50,567
650,866294055,0.37748258041743005,-2399.75,239975.0,114525.0,72000.0,12000.0,41450.0,50,567
651,4284541,0.37691635654680394,-2134.3500000000004,213435.0,94735.0,104100.0,14000.0,600.0,50,568
652,214354087,0.37635098201198375,-3844.249999999999,384425.0,136375.0,25400.0,15600.0,207050.0,50,569
653,487288350,0.3757864555389658,-2469.825,246982.5,113982.5,104500.0,14800.0,13700.0,50,569
654,526453663,0.37522277585565733,-2680.375,268037.5,128237.5,34400.0,13600.0,91800.0,50,571
655,727528134,0.3746599416918739,-1964.2250000000004,196422.5,119922.5,45700.0,13200.0,17600.0,50,571
656,333862436,0.3740979517793361,-2251.8999999999996,225190.0,109940.0,54000.0,14000.0,47250.0,50,572
657,228750135,0.37353680485166707,-2286.1,228610.0,121310.0,95700.0,11600.0,0.0,50,572
658,988884778,0.3729764996443896,-2727.100000000001,272710.0,91210.0,102900.0,16000.0,62600.0,50,573
659,670296756,0.37241703489492306,-3136.1249999999995,313612.5,119212.5,118800.0,12800.0,62800.0,50,573
660,295127485,0.3718584093425807,-3600.225000000001,360022.5,142272.5,135400.0,11200.0,71150.0,50,573
661,341332980,0.3713006217285668,-3312.5,331250.0,154350.0,11000.0,16800.0,149100.0,50,576
662,416897674,0.370743670795974,-4757.825,475782.5,168582.5,107000.0,14000.0,186200.0,50,576
663,506490017,0.37018755528978003,-3131.3250000000003,313132.5,85632.5,134700.0,14400.0,78400.0,50,577
664,380861776,0.3696322739568454,-3142.0749999999994,314207.5,141307.5,59000.0,14400.0,99500.0,50,578
665,945545690,0.3690778255459101,-3947.250000000001,394725.0,151425.0,82200.0,12800.0,148300.0,50,578
666,724994618,0.3685242088075913,-1591.9999999999998,159200.0,102250.0,36700.0,14000.0,6250.0,50,581
667,624099116,0.3679714224943799,-1927.45,192745.0,111595.0,48400.0,12800.0,19950.0,50,582
668,415824063,0.36741946536063835,-3072.1499999999996,307215.0,112815.0,129600.0,13200.0,51600.0,50,582
669,285760810,0.3668683361625974,-2924.8250000000003,292482.5,137482.5,93000.0,13200.0,48800.0,50,582
670,693588723,0.3663180336583535,-2951.6500000000005,295165.0,126415.0,142000.0,13200.0,13550.0,50,582
671,597501794,0.365768556607866,-2682.025,268202.5,152452.5,63200.0,12000.0,40550.0,50,582
672,728027746,0.3652199037729542,-2848.3499999999995,284835.0,115535.0,147900.0,13600.0,7800.0,50,582
673,214947988,0.3646720739172948,-2720.9249999999993,272092.5,117492.5,79400.0,11600.0,63600.0,50,582
674,639251735,0.36412506580641885,-2301.375,230137.5,102837.5,114100.0,13200.0,0.0,50,582
675,270960763,0.36357887820770923,-3219.7,321970.0,120670.0,161200.0,12400.0,27700.0,50,582
676,376379445,0.3630335098903977,-2263.625,226362.5,111662.5,89600.0,14000.0,11100.0,50,582
677,606504750,0.3624889596255621,-4010.9,401090.0,146090.0,145100.0,12000.0,97900.0,50,582
678,285563946,0.3619452261861238,-3635.5249999999996,363552.5,126102.5,156300.0,12400.0,68750.0,50,582
679,394424032,0.3614023083468446,-3422.975,342297.5,108847.5,111700.0,15200.0,106550.0,50,582
680,927019463,0.36086020488432435,-2276.1500000000005,227615.0,108815.0,88000.0,13200.0,17600.0,50,582
681,565285167,0.3603189145769979,-3455.4,345540.0,115890.0,127800.0,11600.0,90250.0,50,582
682,139443780,0.3597784362051324,-2112.0,211200.0,108600.0,89400.0,13200.0,0.0,50,582
683,730491255,0.3592387685508247,-3374.5750000000007,337457.5,129557.5,112000.0,12800.0,83100.0,50,582
684,66174770,0.3586999103979985,-2767.3750000000005,276737.5,115137.5,50600.0,14800.0,96200.0,50,584
685,535056509,0.3581618605324015,-2319.425,231942.5,127042.5,66000.0,13200.0,25700.0,50,584
686,65618974,0.3576246177416029,-2828.625000000001,282862.5,104962.5,86000.0,13200.0,78700.0,50,584
687,923007226,0.35708818081499055,-4151.825000000001,415182.5,157882.5,128400.0,11600.0,117300.0,50,584
688,589368346,0.3565525485437681,-4171.6,417160.0,156360.0,105600.0,15200.0,140000.0,50,584
689,716749491,0.3560177197209525,-3385.6500000000005,338565.0,151765.0,98700.0,11200.0,76900.0,50,585
690,385422846,0.35548369314137107,-2501.6499999999996,250165.0,106615.0,125700.0,14000.0,3850.0,50,586
691,383982855,0.35495046760165905,-2141.6,214160.0,86460.0,112900.0,14800.0,0.0,50,586
692,942271501,0.35441804190025655,-3352.7500000000005,335275.0,112125.0,150700.0,11200.0,61250.0,50,587
693,758644169,0.3538864148374062,-4127.100000000001,412710.0,166810.0,66500.0,12400.0,167000.0,50,587
694,479285988,0.3533555852151501,-2406.9749999999995,240697.5,95697.5,131800.0,13200.0,0.0,50,587
695,169502848,0.3528255518373274,-3526.625,352662.5,135712.5,115200.0,12800.0,88950.0,50,587
696,702822181,0.3522963135095714,-3209.7750000000005,320977.5,137877.5,154900.0,11600.0,16600.0,50,588
697,358965283,0.35176786903930707,-2537.575,253757.5,114557.5,77500.0,12800.0,48900.0,50,589
698,955278330,0.3512402172357481,-5339.4000000000015,533940.0,179790.0,153500.0,14400.0,186250.0,50,590
699,778581745,0.3507133569098945,-2556.625,255662.5,109912.5,94100.0,12800.0,38850.0,50,590
700,307358274,0.3501872868745297,-3099.3750000000005,309937.5,113887.5,136700.0,13200.0,46150.0,50,590
701,55335718,0.3496620059442179,-2919.825,291982.5,91682.5,151900.0,12800.0,35600.0,50,591
702,549276970,0.3491375129353016,-4212.275000000001,421227.5,137627.5,142500.0,12400.0,128700.0,50,591
703,25190499,0.34861380666589864,-2522.3999999999996,252240.0,116590.0,92800.0,14000.0,28850.0,50,591
704,135007566,0.3480908859558998,-2998.3249999999985,299832.5,126532.5,120800.0,11200.0,41300.0,50,591
705,779514185,0.347568749626966,-2501.275,250127.5,115727.5,76900.0,15600.0,41900.0,50,591
706,325067741,0.3470473965025256,-2877.9249999999993,287792.5,88492.5,101400.0,14400.0,83500.0,50,592
707,526805644,0.3465268254077718,-2970.4000000000005,297040.0,129190.0,45600.0,13200.0,109050.0,50,592
708,148927133,0.34600703516966014,-2541.775,254177.5,104477.5,120200.0,11600.0,17900.0,50,593
709,172111613,0.34548802461690564,-1973.4000000000008,197340.0,102990.0,74500.0,14800.0,5050.0,50,593
710,240468516,0.3449697925799803,-2512.7749999999996,251277.5,108727.5,83900.0,12800.0,45850.0,50,593
711,127290879,0.34445233789111035,-3279.0499999999993,327905.0,132605.0,129500.0,12400.0,53400.0,50,593
712,708640214,0.34393565938427373,-3217.65,321765.0,87465.0,162300.0,13200.0,58800.0,50,594
713,624163604,0.34341975589519735,-2167.65,216765.0,129515.0,64000.0,12400.0,10850.0,50,594
714,488583600,0.3429046262613546,-2652.725,265272.5,135372.5,14000.0,13600.0,102300.0,50,594
715,429318140,0.3423902693219626,-3511.625,351162.5,145862.5,44300.0,13200.0,147800.0,50,594
716,74264369,0.34187668391797965,-2050.5750000000007,205057.5,121157.5,63100.0,12000.0,8800.0,50,594
717,248539212,0.3413638688921027,-2542.399999999999,254240.0,101040.0,140800.0,12400.0,0.0,50,594
718,159443113,0.34085182308876455,-2455.0,245500.0,130450.0,82000.0,12800.0,20250.0,50,595
719,193581712,0.34034054535413144,-2827.7499999999995,282775.0,97325.0,137000.0,14000.0,34450.0,50,598
720,788364173,0.3398300345361003,-3128.8250000000007,312882.5,148132.5,77700.0,12400.0,74650.0,50,599
721,427989216,0.33932028948429616,-1698.3999999999999,169840.0,78940.0,75700.0,15200.0,0.0,50,600
722,636122175,0.33881130905006973,-3467.3249999999994,346732.5,129182.5,202400.0,12800.0,2350.0,50,600
723,873138453,0.33830309208649467,-2894.0500000000006,289405.0,108755.0,130600.0,12400.0,37650.0,50,601
724,658537822,0.33779563744836494,-3989.0499999999997,398905.0,145055.0,178500.0,12000.0,63350.0,50,601
725,441972600,0.3372889439921924,-2292.4750000000004,229247.5,102547.5,113700.0,12800.0,200.0,50,601
726,474287798,0.33678301057620413,-3245.5999999999995,324560.0,129010.0,159800.0,12800.0,22950.0,50,601
727,557044515,0.33627783606033984,-3602.2999999999997,360230.0,90480.0,168600.0,14000.0,87150.0,50,601
728,54859735,0.3357734193062494,-2754.8749999999995,275487.5,118137.5,82100.0,12800.0,62450.0,50,601
729,832987925,0.33526975917729,-2674.0999999999995,267410.0,114210.0,140400.0,12800.0,0.0,50,601
730,778263019,0.3347668545385241,-3204.8750000000005,320487.5,113087.5,108700.0,12000.0,86700.0,50,601
731,554883530,0.33426470425671634,-2524.1,252410.0,119410.0,111700.0,12400.0,8900.0,50,601
732,370146912,0.33376330720033126,-3920.2000000000003,392020.0,136670.0,21900.0,15200.0,218250.0,50,601
733,56544489,0.33326266223953077,-2124.3500000000004,212435.0,98435.0,99200.0,14800.0,0.0,50,601
734,402997497,0.3327627682461715,-4518.525000000001,451852.5,146952.5,95000.0,12400.0,197500.0,50,601
735,219938586,0.3322636240938023,-2839.850000000001,283985.0,126035.0,78700.0,13600.0,65650.0,50,601
736,548272713,0.3317652286576616,-2599.6250000000014,259962.5,123412.5,102900.0,12000.0,21650.0,50,601
737,787181594,0.33126758081467517,-2257.85,225785.0,109935.0,57200.0,14400.0,44250.0,50,602
738,484823899,0.3307706794434532,-2703.2249999999985,270322.5,117222.5,92200.0,12400.0,48500.0,50,602
739,480071179,0.33027452342428804,-2404.9749999999995,240497.5,113697.5,114800.0,12000.0,0.0,50,602
740,251969198,0.32977911163915163,-1982.6499999999999,198265.0,68465.0,116600.0,13200.0,0.0,50,607
741,309355458,0.3292844429716929,-2155.0499999999993,215505.0,119605.0,74600.0,14400.0,6900.0,50,607
742,690938635,0.3287905163072354,-4446.750000000001,444675.0,166475.0,134700.0,12800.0,130700.0,50,607
743,625071436,0.32829733053277455,-2703.8749999999995,270387.5,125987.5,117500.0,12400.0,14500.0,50,609
744,345465429,0.3278048845369754,-2531.1999999999994,253120.0,112870.0,64200.0,13200.0,62850.0,50,610
745,365549236,0.32731317721017,-2948.6500000000005,294865.0,116465.0,119800.0,11200.0,47400.0,50,610
746,477917105,0.32682220744435475,-3531.1750000000006,353117.5,121217.5,191200.0,12400.0,28300.0,50,610
747,91655626,0.32633197413318826,-2232.2750000000005,223227.5,110677.5,63900.0,14000.0,34650.0,50,611
748,747082072,0.32584247617198847,-2871.5749999999994,287157.5,142607.5,100900.0,12000.0,31650.0,50,611
749,164219112,0.3253537124577305,-2815.0249999999996,281502.5,114152.5,106400.0,12400.0,48550.0,50,611
750,443789710,0.3248656818890439,-2546.2499999999995,254625.0,92475.0,144500.0,10800.0,6850.0,50,612
751,721718786,0.3243783833662104,-2769.6249999999995,276962.5,98462.5,166500.0,12000.0,0.0,50,612
752,823068585,0.3238918157911611,-3296.4,329640.0,124590.0,112000.0,13200.0,79850.0,50,613
753,562371076,0.3234059780674744,-2957.8249999999994,295782.5,91132.5,167200.0,13200.0,24250.0,50,613
754,337491998,0.3229208691003732,-3609.65,360965.0,121865.0,183300.0,11200.0,44600.0,50,613
755,958085518,0.3224364877967227,-2725.7,272570.0,115820.0,104100.0,13200.0,39450.0,50,613
756,421116653,0.3219528330650276,-2356.5999999999995,235660.0,110710.0,107700.0,11200.0,6050.0,50,613
757,488211580,0.32146990381543006,-2389.750000000001,238975.0,90625.0,108700.0,14000.0,25650.0,50,613
758,109157746,0.3209876989597069,-2262.8000000000006,226280.0,112080.0,80600.0,12400.0,21200.0,50,614
759,501768048,0.3205062174112674,-2295.775,229577.5,108527.5,103300.0,13200.0,4550.0,50,616
760,213046063,0.3200254580851505,-2461.875,246187.5,122037.5,72900.0,13600.0,37650.0,50,616
761,911413664,0.31954541989802276,-2419.6000000000004,241960.0,120610.0,107400.0,12800.0,1150.0,50,616
762,261771995,0.31906610176817574,-2623.2500000000005,262325.0,106575.0,141000.0,12400.0,2350.0,50,618
763,976096090,0.3185875026155235,-3583.075,358307.5,136907.5,149400.0,11600.0,60400.0,50,618
764,941074803,0.3181096213616002,-2547.9,254790.0,125290.0,105000.0,11600.0,12900.0,50,618
765,859788248,0.3176324569295578,-2589.8999999999996,258990.0,87490.0,159900.0,11600.0,0.0,50,618
766,5048557,0.3171560082441635,-2804.9749999999985,280497.5,121797.5,63500.0,12400.0,82800.0,50,619
767,486144232,0.3166802742317973,-2908.775,290877.5,131477.5,138700.0,12400.0,8300.0,50,619
768,3117726,0.3162052538204496,-2560.099999999999,256010.0,110360.0,92700.0,14000.0,38950.0,50,619
769,881361592,0.31573094593971895,-3003.750000000001,300375.0,131025.0,135100.0,12400.0,21850.0,50,619
770,430515110,0.3152573495208094,-3314.3500000000004,331435.0,127235.0,141500.0,13600.0,49100.0,50,619
771,58215231,0.3147844634965282,-2178.6,217860.0,115860.0,76300.0,13600.0,12100.0,50,619
772,16503435,0.3143122868012834,-3574.8499999999995,357485.0,118485.0,123100.0,13200.0,102700.0,50,619
773,978051044,0.3138408183710815,-2388.6999999999994,238870.0,112520.0,79800.0,12400.0,34150.0,50,619
774,41798240,0.3133700571435249,-2397.725000000001,239772.5,103322.5,118100.0,14000.0,4350.0,50,619
775,725315136,0.3129000020578096,-4506.299999999999,450630.0,120330.0,152000.0,13600.0,164700.0,50,619
776,961636315,0.3124306520547229,-2417.025,241702.5,98002.5,130900.0,12800.0,0.0,50,619
777,251611499,0.3119620060766409,-2617.825,261782.5,104482.5,141300.0,16000.0,0.0,50,619
778,856231570,0.3114940630675259,-2353.9249999999997,235392.5,96392.5,125800.0,13200.0,0.0,50,619
779,628873386,0.31102682197292464,-3474.1749999999993,347417.5,110267.5,181500.0,13200.0,42450.0,50,620
780,454865152,0.31056028173996525,-2580.1749999999997,258017.5,126467.5,84300.0,14400.0,32850.0,50,620
781,711397956,0.3100944413173553,-3262.1000000000013,326210.0,98010.0,204300.0,12000.0,11900.0,50,620
782,11709387,0.3096292996553793,-2554.55,255455.0,117705.0,95900.0,12400.0,29450.0,50,620
783,325965430,0.30916485570589625,-2079.75,207975.0,103975.0,91600.0,12400.0,0.0,50,622
784,850774845,0.30870110842233744,-2782.8249999999994,278282.5,89482.5,175600.0,13200.0,0.0,50,622
785,364248057,0.30823805675970395,-2924.000000000001,292400.0,153850.0,120000.0,12800.0,5750.0,50,622
786,73920244,0.3077756996745644,-2954.5999999999985,295460.0,134010.0,100800.0,12000.0,48650.0,50,622
787,708616607,0.3073140361250526,-2401.325,240132.5,105632.5,122900.0,11600.0,0.0,50,622
788,760027394,0.306853065070865,-2633.1000000000004,263310.0,108310.0,128900.0,12000.0,14100.0,50,622
789,732937277,0.3063927854732587,-2463.475,246347.5,115997.5,108800.0,13200.0,8350.0,50,622
790,876972922,0.30593319629504884,-2242.6250000000005,224262.5,101612.5,65700.0,14400.0,42550.0,50,622
791,343065796,0.30547429650060626,-2999.9750000000004,299997.5,100897.5,134500.0,12000.0,52600.0,50,622
792,411199570,0.30501608505585537,-3625.750000000001,362575.0,132625.0,81100.0,13600.0,135250.0,50,622
793,761000574,0.3045585609282716,-3041.999999999999,304200.0,101800.0,190400.0,12000.0,0.0,50,622
794,24094675,0.3041017230868792,-2270.6999999999994,227070.0,83870.0,129200.0,14000.0,0.0,50,623
795,834042066,0.30364557050224894,-2320.000000000001,232000.0,117100.0,72400.0,12400.0,30100.0,50,623
796,295541768,0.3031901021464956,-3842.9500000000003,384295.0,145595.0,112600.0,11200.0,114900.0,50,623
797,516564162,0.3027353169932759,-3301.3499999999995,330135.0,146185.0,115900.0,14000.0,54050.0,50,623
798,939447408,0.30228121401778596,-2298.3750000000005,229837.5,90037.5,126200.0,13600.0,0.0,50,624
799,800607423,0.3018277921967593,-3396.9250000000006,339692.5,107942.5,128400.0,14800.0,88550.0,50,625
800,686784979,0.3013750505084642,-2879.8999999999996,287990.0,147190.0,79600.0,11600.0,49600.0,50,625
801,711145181,0.3009229879327015,-3093.800000000001,309380.0,100680.0,191600.0,13600.0,3500.0,50,627
802,702128778,0.3004716034508025,-3657.700000000001,365770.0,120470.0,113400.0,12800.0,119100.0,50,627
803,393868087,0.3000208960456263,-1586.175,158617.5,94267.5,44400.0,13600.0,6350.0,50,627
804,547879945,0.2995708647015579,-2626.0250000000005,262602.5,99952.5,91100.0,12000.0,59550.0,50,630
805,398149234,0.2991215084045056,-3052.1749999999993,305217.5,135867.5,128700.0,12000.0,28650.0,50,630
806,891328091,0.29867282614189883,-2542.8249999999994,254282.5,146432.5,89100.0,12000.0,6750.0,50,630
807,319948962,0.298224816902686,-2871.0,287100.0,62800.0,210300.0,14000.0,0.0,50,630
808,546809032,0.297777479677332,-2134.825,213482.5,98282.5,59200.0,12800.0,43200.0,50,631
809,442569879,0.297330813457816,-3205.999999999998,320600.0,134850.0,141400.0,10400.0,33950.0,50,631
810,279652702,0.2968848172376293,-3074.8,307480.0,99380.0,194900.0,13200.0,0.0,50,631
811,184220525,0.29643949001177283,-2456.9000000000005,245690.0,122490.0,95600.0,12000.0,15600.0,50,632
812,161672666,0.2959948307767552,-3368.1499999999996,336815.0,157815.0,15200.0,12000.0,151800.0,50,632
813,611938783,0.2955508385305901,-2179.4000000000005,217940.0,111140.0,62600.0,14800.0,29400.0,50,632
814,197419515,0.29510751227279425,-2418.2999999999997,241830.0,108130.0,95600.0,12000.0,26100.0,50,633
815,666814550,0.29466485100438505,-2547.6,254760.0,101810.0,114100.0,13600.0,25250.0,50,633
816,503339240,0.2942228537278785,-1780.8749999999995,178087.5,97437.5,65600.0,13600.0,1450.0,50,634
817,462118666,0.2937815194472867,-1967.325,196732.5,108232.5,72500.0,16000.0,0.0,50,634
818,876756455,0.29334084716811576,-2745.775000000001,274577.5,94177.5,166800.0,13600.0,0.0,50,634
819,938080190,0.2929008358973636,-1237.35,123735.0,93835.0,17500.0,12400.0,0.0,50,636
820,68769207,0.29246148464351757,-3140.0500000000006,314005.0,105255.0,157900.0,11200.0,39650.0,50,636
821,779282605,0.2920227924165523,-1844.1499999999999,184415.0,108565.0,54700.0,12400.0,8750.0,50,636
822,599318863,0.2915847582279275,-3143.4,314340.0,86940.0,178300.0,12800.0,36300.0,50,640
823,779126561,0.29114738109058563,-2877.2999999999997,287730.0,117080.0,140900.0,14000.0,15750.0,50,640
824,657183644,0.2907106600189498,-2387.725,238772.5,104122.5,100900.0,12800.0,20950.0,50,640
825,12740629,0.29027459402892136,-2174.624999999999,217462.5,117312.5,60200.0,13600.0,26350.0,50,641
826,79402209,0.289839182137878,-4057.775000000001,405777.5,105927.5,114700.0,15200.0,169950.0,50,641
827,557521049,0.2894044233646712,-3436.8999999999996,343690.0,123490.0,184300.0,13200.0,22700.0,50,641
828,862911079,0.2889703167296242,-2517.95,251795.0,114745.0,85600.0,14400.0,37050.0,50,641
829,9641458,0.28853686125452976,-1754.55,175455.0,89905.0,52800.0,16000.0,16750.0,50,641
830,517103245,0.288104055962648,-2709.900000000001,270990.0,116540.0,111800.0,12400.0,30250.0,50,641
831,230110089,0.287671899878704,-2269.125,226912.5,101562.5,78500.0,12000.0,34850.0,50,641
832,852811199,0.28724039202888596,-2786.975000000001,278697.5,114397.5,82700.0,13200.0,68400.0,50,642
833,11586145,0.28680953144084265,-2085.8250000000003,208582.5,94982.5,101600.0,12000.0,0.0,50,642
834,383811984,0.2863793171436814,-3791.1249999999995,379112.5,138462.5,155700.0,11200.0,73750.0,50,642
835,979483990,0.2859497481679659,-1958.3499999999997,195835.0,95685.0,85100.0,11600.0,3450.0,50,642
836,975444355,0.285520823545714,-2010.6000000000001,201060.0,97160.0,74800.0,12400.0,16700.0,50,642
837,449092923,0.28509254231039544,-3213.4500000000007,321345.0,137945.0,22300.0,16800.0,144300.0,50,644
838,302965071,0.28466490349692986,-2213.15,221315.0,105265.0,89600.0,13200.0,13250.0,50,644
839,951912040,0.2842379061416845,-3419.625,341962.5,127012.5,149700.0,12800.0,52450.0,50,644
840,887402747,0.283811549282472,-2403.6499999999996,240365.0,109265.0,45700.0,12800.0,72600.0,50,647
841,555017678,0.2833858319585483,-2583.2000000000003,258320.0,114920.0,123100.0,12800.0,7500.0,50,648
842,795005969,0.2829607532106105,-4295.199999999999,429520.0,130270.0,188000.0,12000.0,99250.0,50,648
843,824977227,0.2825363120807946,-2665.275,266527.5,96577.5,150700.0,12800.0,6450.0,50,648
844,52055345,0.2821125076126734,-2654.5750000000007,265457.5,131407.5,75100.0,12400.0,46550.0,50,648
845,701205593,0.2816893388512544,-4477.95,447795.0,178845.0,202100.0,14400.0,52450.0,50,648
846,338407260,0.28126680484297756,-3133.0249999999996,313302.5,134852.5,89900.0,11600.0,76950.0,50,648
847,615885451,0.2808449046357131,-2414.7749999999996,241477.5,79677.5,149000.0,12800.0,0.0,50,648
848,792155279,0.2804236372787595,-2498.5999999999995,249860.0,113710.0,85500.0,13600.0,37050.0,50,648
849,989566589,0.2800030018228414,-3531.499999999999,353150.0,131350.0,157800.0,12400.0,51600.0,50,648
850,543859060,0.2795829973201071,-3158.8250000000003,315882.5,113382.5,159700.0,12400.0,30400.0,50,648
851,586018172,0.279163622824127,-1868.25,186825.0,106925.0,51100.0,15200.0,13600.0,50,652
852,147944341,0.2787448773898908,-2591.175,259117.5,113667.5,124300.0,13200.0,7950.0,50,652
853,367314105,0.27832676007380597,-2614.45,261445.0,135895.0,67800.0,12000.0,45750.0,50,652
854,201954124,0.27790926993369525,-1869.5250000000003,186952.5,89952.5,83000.0,14000.0,0.0,50,652
855,865945892,0.2774924060287947,-2054.2250000000004,205422.5,101522.5,90700.0,13200.0,0.0,50,652
856,340992124,0.27707616741975155,-2772.075,277207.5,97407.5,167800.0,12000.0,0.0,50,652
857,427850675,0.2766605531686219,-1828.3000000000002,182830.0,102230.0,24900.0,13600.0,42100.0,50,654
858,611182877,0.276245562338869,-2190.3000000000006,219030.0,96030.0,102700.0,12800.0,7500.0,50,655
859,711201319,0.2758311939953607,-2248.325,224832.5,111332.5,89600.0,11600.0,12300.0,50,655
860,339442873,0.27541744720436767,-2206.2749999999996,220627.5,106177.5,48700.0,12800.0,52950.0,50,658
861,444652473,0.27500432103356115,-2637.6999999999994,263770.0,100370.0,116100.0,14000.0,33300.0,50,658
862,62592157,0.2745918145520108,-2080.725,208072.5,72722.5,96100.0,14400.0,24850.0,50,658
863,315767844,0.27417992683018283,-3256.8250000000003,325682.5,112282.5,101700.0,13200.0,98500.0,50,658
864,726243466,0.27376865693993757,-4164.025,416402.5,149902.5,210500.0,12400.0,43600.0,50,658
865,482352746,0.2733580039545277,-4003.3,400330.0,77730.0,249900.0,13200.0,59500.0,50,659
866,249212928,0.2729479669485959,-1667.7250000000004,166772.5,97572.5,42900.0,14400.0,11900.0,50,659
867,967796472,0.27253854499817304,-2335.5000000000005,233550.0,77150.0,142000.0,14400.0,0.0,50,659
868,157205534,0.2721297371806758,-2391.0249999999996,239102.5,112002.5,108700.0,13200.0,5200.0,50,659
869,372122516,0.2717215425749048,-3143.775000000001,314377.5,114177.5,145700.0,12800.0,41700.0,50,659
870,189442170,0.27131396026104243,-2034.3500000000004,203435.0,94885.0,87600.0,12400.0,8550.0,50,659
871,234546926,0.2709069893206509,-2403.0000000000005,240300.0,81700.0,141400.0,13600.0,3600.0,50,659
872,613730954,0.2705006288366699,-3737.7750000000005,373777.5,132077.5,94100.0,17200.0,130400.0,50,659
873,444194612,0.2700948778934149,-2627.075,262707.5,122407.5,53800.0,15200.0,71300.0,50,665
874,98692815,0.2696897355765748,-2499.0999999999995,249910.0,94110.0,143000.0,12800.0,0.0,50,665
875,738572967,0.2692852009732099,-2368.2249999999995,236822.5,100222.5,123400.0,13200.0,0.0,50,665
876,579136713,0.2688812731717501,-2391.2,239120.0,116570.0,54900.0,14400.0,53250.0,50,666
877,600453889,0.2684779512619925,-2987.5000000000005,298750.0,114650.0,150000.0,14000.0,20100.0,50,666
878,401033728,0.2680752343350995,-3795.1249999999995,379512.5,149862.5,145800.0,12400.0,71450.0,50,666
879,810756933,0.26767312148359684,-3341.9,334190.0,114440.0,147400.0,13200.0,59150.0,50,666
880,105751657,0.2672716118013715,-2148.8,214880.0,124630.0,62600.0,13200.0,14450.0,50,666
881,94865662,0.26687070438366944,-2506.025,250602.5,114002.5,109100.0,15600.0,11900.0,50,666
882,768287382,0.26647039832709396,-2575.7749999999996,257577.5,104777.5,116600.0,14000.0,22200.0,50,666
883,809433121,0.2660706927296033,-2002.7750000000003,200277.5,98077.5,88600.0,13600.0,0.0,50,666
884,790412951,0.26567158669050894,-2227.6000000000004,222760.0,88510.0,72200.0,15200.0,46850.0,50,666
885,109466911,0.26527307931047317,-2154.8,215480.0,92630.0,102400.0,13600.0,6850.0,50,666
886,679993951,0.2648751696915075,-2764.649999999999,276465.0,100415.0,162600.0,12400.0,1050.0,50,666
887,938471333,0.26447785693697023,-2157.875,215787.5,106787.5,95800.0,13200.0,0.0,50,666
888,768136087,0.2640811401515648,-2767.25,276725.0,141025.0,62300.0,14800.0,58600.0,50,666
889,457812872,0.26368501844133746,-2531.65,253165.0,114415.0,89300.0,13200.0,36250.0,50,666
890,299979656,0.2632894909136755,-3287.174999999999,328717.5,100717.5,186700.0,12400.0,28900.0,50,666
891,594335821,0.262894556677305,-2724.675,272467.5,100667.5,155100.0,11600.0,5100.0,50,666
892,561238732,0.262500214842289,-2461.825,246182.5,84232.5,139200.0,12400.0,10350.0,50,666
893,544963659,0.2621064645200256,-3008.0999999999995,300810.0,125210.0,133300.0,12000.0,30300.0,50,666
894,216099841,0.2617133048232456,-2965.875,296587.5,79587.5,202500.0,13200.0,1300.0,50,666
895,952126054,0.26132073486601076,-2726.3500000000004,272635.0,140335.0,111500.0,14000.0,6800.0,50,666
896,231324955,0.2609287537637118,-3166.9749999999995,316697.5,139047.5,103000.0,12400.0,62250.0,50,666
897,698756058,0.2605373606330662,-2571.2999999999997,257130.0,112680.0,97900.0,11600.0,34950.0,50,666
898,66129277,0.2601465545921166,-2599.575000000001,259957.5,102457.5,88100.0,13200.0,56200.0,50,668
899,207711379,0.25975633476022847,-2526.2000000000007,252620.0,86520.0,139400.0,13600.0,13100.0,50,672
900,428761217,0.25936670025808817,-2224.6999999999994,222470.0,75070.0,134200.0,13200.0,0.0,50,672
901,688057159,0.258977650207701,-2289.7250000000004,228972.5,118372.5,70100.0,12000.0,28500.0,50,672
902,750377964,0.2585891837323895,-2407.7749999999996,240777.5,126277.5,51100.0,12400.0,51000.0,50,672
903,309693577,0.2582012999567909,-3072.6,307260.0,110010.0,98100.0,12800.0,86350.0,50,672
904,444069514,0.2578139980068557,-2491.0499999999997,249105.0,101605.0,134700.0,12800.0,0.0,50,672
905,645345291,0.25742727700984547,-2711.325,271132.5,95532.5,113900.0,13200.0,48500.0,50,674
906,136660104,0.2570411360943307,-2865.7999999999993,286580.0,128930.0,120200.0,12800.0,24650.0,50,674
907,440797955,0.2566555743901892,-2534.45,253445.0,109245.0,108400.0,12800.0,23000.0,50,674
908,631906760,0.25627059102860394,-2394.65,239465.0,114865.0,80800.0,12400.0,31400.0,50,674
909,423434226,0.2558861851420611,-2976.7999999999997,297680.0,83280.0,191900.0,11200.0,11300.0,50,674
910,907586014,0.255502355864348,-3293.3000000000006,329330.0,99030.0,215900.0,14400.0,0.0,50,674
911,904379332,0.25511910233055146,-2872.625,287262.5,79662.5,194000.0,13600.0,0.0,50,674
912,213163301,0.2547364236770556,-2740.0999999999995,274010.0,91010.0,169000.0,14000.0,0.0,50,674
913,767430536,0.25435431904154004,-2133.850000000001,213385.0,96785.0,103000.0,13600.0,0.0,50,674
914,933319481,0.25397278756297775,-2791.7749999999996,279177.5,76377.5,190000.0,12800.0,0.0,50,674
915,743548581,0.2535918283816333,-2554.8250000000003,255482.5,81082.5,160800.0,13600.0,0.0,50,674
916,417278558,0.25321144063906087,-3241.6749999999997,324167.5,115267.5,63600.0,14800.0,130500.0,50,675
917,486469109,0.2528316234781023,-2158.9500000000003,215895.0,76695.0,126000.0,13200.0,0.0,50,675
918,108614151,0.2524523760428851,-2854.575,285457.5,122007.5,73600.0,13600.0,76250.0,50,675
919,244492602,0.2520736974788208,-1909.3999999999999,190940.0,118040.0,59700.0,13200.0,0.0,50,676
920,25735243,0.2516955869326026,-2342.6000000000004,234260.0,108760.0,69200.0,13600.0,42700.0,50,676
921,710028920,0.25131804355220366,-2694.075,269407.5,95207.5,112300.0,12800.0,49100.0,50,676
922,952243573,0.25094106648687536,-2688.1749999999997,268817.5,139217.5,40100.0,11600.0,77900.0,50,676
923,716536010,0.2505646548871451,-2137.3750000000005,213737.5,89687.5,101600.0,14400.0,8050.0,50,677
924,334194194,0.25018880790481435,-2454.774999999999,245477.5,100827.5,79600.0,13600.0,51450.0,50,677
925,324569780,0.24981352469295715,-2075.9249999999997,207592.5,99842.5,87000.0,12800.0,7950.0,50,677
926,384397493,0.24943880440591773,-2508.6999999999994,250870.0,85120.0,127700.0,13200.0,24850.0,50,677
927,328568375,0.24906464619930888,-3148.6500000000005,314865.0,126715.0,107200.0,12800.0,68150.0,50,677
928,968951376,0.24869104923000993,-2034.4249999999988,203442.5,75042.5,114000.0,14400.0,0.0,50,677
929,219993619,0.24831801265616493,-2681.4999999999995,268150.0,114050.0,134800.0,11600.0,7700.0,50,677
930,740311406,0.2479455356371807,-2655.024999999999,265502.5,51202.5,199100.0,15200.0,0.0,50,680
931,710227729,0.24757361733372493,-2277.55,227755.0,89555.0,124600.0,13600.0,0.0,50,680
932,638001725,0.24720225690772435,-1821.8499999999997,182185.0,82585.0,85600.0,14000.0,0.0,50,680
933,144850260,0.24683145352236277,-3293.049999999999,329305.0,104855.0,180000.0,11600.0,32850.0,50,680
934,520654036,0.24646120634207924,-2141.9749999999995,214197.5,87297.5,114100.0,12800.0,0.0,50,680
935,734716243,0.24609151453256614,-2796.3499999999995,279635.0,99235.0,165000.0,13200.0,2200.0,50,680
936,730659654,0.24572237726076732,-2725.7749999999996,272577.5,112577.5,135300.0,13200.0,11500.0,50,681
937,227577753,0.24535379369487617,-3068.975,306897.5,105197.5,140000.0,12400.0,49300.0,50,681
938,361833806,0.24498576300433386,-2996.5,299650.0,108950.0,152600.0,12800.0,25300.0,50,681
939,911328358,0.24461828435982738,-3021.7000000000003,302170.0,79120.0,194000.0,12800.0,16250.0,50,681
940,705035422,0.24425135693328764,-2840.75,284075.0,110675.0,131000.0,14000.0,28400.0,50,681
941,15925479,0.24388497989788774,-2223.325,222332.5,90032.5,120700.0,11600.0,0.0,50,681
942,977366586,0.24351915242804092,-3003.8999999999996,300390.0,112140.0,162500.0,13200.0,12550.0,50,681
943,284418109,0.24315387369939886,-2866.75,286675.0,108725.0,119200.0,12800.0,45950.0,50,681
944,16826233,0.24278914288884978,-1483.6499999999996,148365.0,74065.0,58700.0,15600.0,0.0,50,682
945,95727627,0.24242495917451654,-3134.2,313420.0,122120.0,171800.0,13600.0,5900.0,50,682
946,510701957,0.2420613217357548,-2127.175,212717.5,91367.5,102800.0,14400.0,4150.0,50,682
947,341003833,0.24169822975315117,-2805.7500000000005,280575.0,115575.0,152600.0,12400.0,0.0,50,682
948,821633552,0.24133568240852146,-2838.7749999999996,283877.5,110177.5,159700.0,14000.0,0.0,50,682
949,189838207,0.2409736788849087,-2497.9,249790.0,107240.0,63300.0,14400.0,64850.0,50,682
950,256475344,0.24061221836658134,-2202.9999999999995,220300.0,97100.0,111200.0,12000.0,0.0,50,682
951,751828023,0.24025130003903147,-2494.350000000001,249435.0,82935.0,153700.0,12800.0,0.0,50,682
952,769382001,0.23989092308897295,-2677.124999999999,267712.5,116512.5,22600.0,14000.0,114600.0,50,683
953,819698933,0.2395310867043395,-2518.075,251807.5,87057.5,117800.0,12800.0,34150.0,50,684
954,849777511,0.23917179007428302,-2704.9749999999995,270497.5,132847.5,64700.0,14800.0,58150.0,50,684
955,294125762,0.23881303238917162,-2368.6999999999994,236870.0,79170.0,112800.0,13200.0,31700.0,50,684
956,284907590,0.23845481284058787,-2182.9249999999993,218292.5,106292.5,101200.0,10800.0,0.0,50,684
957,193872924,0.238097130621327,-2321.975,232197.5,90897.5,126900.0,14400.0,0.0,50,684
958,52370207,0.23773998492539503,-3003.4249999999993,300342.5,110392.5,115400.0,12800.0,61750.0,50,684
959,355665041,0.23738337494800696,-2008.1750000000004,200817.5,106217.5,82200.0,12400.0,0.0,50,684
960,116358710,0.23702729988558496,-2152.075,215207.5,104207.5,65500.0,12800.0,32700.0,50,685
961,27392462,0.2366717589357566,-2316.4750000000004,231647.5,86197.5,125500.0,13600.0,6350.0,50,685
962,38018803,0.23631675129735297,-2013.5749999999994,201357.5,89507.5,69700.0,13600.0,28550.0,50,686
963,832457490,0.23596227617040694,-1770.874999999999,177087.5,77987.5,85100.0,14000.0,0.0,50,686
964,603051996,0.23560833275615134,-2301.4749999999995,230147.5,96797.5,107900.0,12400.0,13050.0,50,686
965,440645558,0.23525492025701714,-2651.525000000001,265152.5,115652.5,73200.0,12000.0,64300.0,50,687
966,528906643,0.23490203787663164,-1970.6499999999999,197065.0,100115.0,82100.0,13200.0,1650.0,50,687
967,276672135,0.2345496848198167,-1603.4500000000005,160345.0,77545.0,66100.0,15200.0,1500.0,50,687
968,117869975,0.234197860292587,-3733.6250000000005,373362.5,133762.5,155200.0,12800.0,71600.0,50,687
969,244658620,0.23384656350214814,-3229.825,322982.5,130232.5,159500.0,13200.0,20050.0,50,687
970,272568559,0.23349579365689493,-1912.0499999999997,191205.0,100955.0,45800.0,13600.0,30850.0,50,688
971,131569248,0.2331455499664096,-2684.3250000000003,268432.5,83832.5,174200.0,10400.0,0.0,50,688
972,902136388,0.23279583164146,-2655.7,265570.0,73970.0,176800.0,14800.0,0.0,50,688
973,758133271,0.23244663789399783,-2121.25,212125.0,116525.0,67600.0,11600.0,16400.0,50,688
974,165463309,0.23209796793715684,-2020.975,202097.5,87397.5,101900.0,12800.0,0.0,50,688
975,112630456,0.23174982098525113,-1926.0000000000005,192600.0,95000.0,84000.0,13600.0,0.0,50,689
976,290631002,0.23140219625377326,-2864.5249999999996,286452.5,99152.5,152500.0,11600.0,23200.0,50,689
977,179764556,0.2310550929593926,-2568.4750000000004,256847.5,87997.5,149200.0,13200.0,6450.0,50,689
978,469994250,0.23070851031995354,-1515.4750000000004,151547.5,95047.5,42500.0,14000.0,0.0,50,690
979,610743843,0.23036244755447363,-2207.8750000000005,220787.5,77787.5,129400.0,13600.0,0.0,50,690
980,520873379,0.23001690388314194,-4148.325,414832.5,71382.5,248100.0,13200.0,82150.0,50,691
981,451570074,0.22967187852731724,-1244.6250000000002,124462.5,94562.5,15900.0,14000.0,0.0,50,691
982,208095383,0.22932737070952627,-2098.1000000000004,209810.0,87010.0,109600.0,13200.0,0.0,50,693
983,610607143,0.228983379653462,-2421.2000000000003,242120.0,82820.0,111600.0,14000.0,33700.0,50,694
984,471841039,0.2286399045839818,-2805.9999999999995,280600.0,92250.0,144700.0,12400.0,31250.0,50,695
985,211599097,0.22829694472710585,-2838.0499999999997,283805.0,87155.0,125400.0,12800.0,58450.0,50,695
986,387996315,0.2279544993100152,-1533.8500000000001,153385.0,104885.0,34100.0,14400.0,0.0,50,696
987,726687025,0.2276125675610502,-2175.2,217520.0,138320.0,15600.0,12800.0,50800.0,50,697
988,56013247,0.22727114870970863,-1961.5249999999999,196152.5,70652.5,111900.0,13600.0,0.0,50,697
989,802150689,0.22693024198664408,-2579.9500000000007,257995.0,78595.0,167000.0,12400.0,0.0,50,697
990,186535668,0.22658984662366413,-2642.050000000001,264205.0,92005.0,158600.0,13600.0,0.0,50,697
991,602378055,0.22624996185372864,-2101.0749999999994,210107.5,83507.5,113000.0,13600.0,0.0,50,697
992,815841939,0.22591058691094806,-2247.3749999999995,224737.5,117737.5,75700.0,14000.0,17300.0,50,697
993,822355384,0.22557172103058165,-2297.2000000000007,229720.0,114070.0,63400.0,13600.0,38650.0,50,697
994,861467249,0.2252333634490358,-2545.275,254527.5,92127.5,150000.0,12400.0,0.0,50,697
995,832084226,0.22489551340386227,-2383.4999999999986,238350.0,144550.0,62600.0,13200.0,18000.0,50,697
996,178894990,0.22455817013375648,-2030.7,203070.0,75170.0,113100.0,14800.0,0.0,50,697
997,636811456,0.22422133287855586,-2022.1000000000004,202210.0,96010.0,93400.0,12800.0,0.0,50,697
998,86156518,0.22388500087923804,-2314.05,231405.0,98905.0,116600.0,14400.0,1500.0,50,697
999,599260001,0.22354917337791919,-2519.35,251935.0,89735.0,148600.0,13600.0,0.0,50,697
1000,118077651,0.22321384961785232,-2345.0499999999997,234505.0,102605.0,117900.0,14000.0,0.0,50,697
1001,920464898,0.22287902884342556,-3206.0,320600.0,123850.0,154700.0,11200.0,30850.0,50,697
1002,39022803,0.22254471030016043,-2282.675,228267.5,59267.5,156600.0,12400.0,0.0,50,697
1003,398840318,0.22221089323471022,-3268.275000000001,326827.5,88977.5,187600.0,13200.0,37050.0,50,698
1004,2056699,0.22187757689485815,-1794.4250000000002,179442.5,77842.5,87200.0,14400.0,0.0,50,698
1005,950723749,0.22154476052951588,-2422.45,242245.0,104245.0,124800.0,13200.0,0.0,50,698
1006,140069163,0.22121244338872162,-3599.724999999999,359972.5,97822.5,178600.0,12000.0,71550.0,50,698
1007,815359337,0.22088062472363854,-2859.9249999999997,285992.5,93492.5,180500.0,12000.0,0.0,50,698
1008,151798863,0.2205493037865531,-2355.7000000000007,235570.0,77470.0,146500.0,11600.0,0.0,50,699
1009,330746884,0.22021847983087328,-2505.449999999999,250545.0,70445.0,166900.0,13200.0,0.0,50,699
1010,302026796,0.21988815211112697,-1809.7500000000002,180975.0,88125.0,67600.0,14400.0,10850.0,50,699
1011,391229295,0.2195583198829603,-2166.6749999999997,216667.5,95067.5,110000.0,11600.0,0.0,50,699
1012,420853446,0.21922898240313587,-2775.075,277507.5,102457.5,129600.0,12800.0,32650.0,50,699
1013,790384523,0.2189001389295312,-2641.6999999999994,264170.0,78920.0,137500.0,13600.0,34150.0,50,699
1014,34672081,0.21857178872113692,-3685.625,368562.5,139262.5,191100.0,14000.0,24200.0,50,699
1015,851790832,0.21824393103805523,-2319.625,231962.5,92412.5,93000.0,12000.0,34550.0,50,699
1016,851778653,0.21791656514149815,-2317.075,231707.5,84507.5,132800.0,14400.0,0.0,50,701
1017,870398019,0.21758969029378591,-1742.375,174237.5,83337.5,78100.0,12800.0,0.0,50,701
1018,42221680,0.21726330575834524,-3268.4250000000006,326842.5,98242.5,204300.0,10800.0,13500.0,50,701
1019,304003259,0.21693741079970774,-3128.45,312845.0,149245.0,62300.0,15600.0,85700.0,50,701
1020,461546835,0.2166120046835082,-2303.6499999999996,230365.0,110415.0,51200.0,14400.0,54350.0,50,703
1021,65084937,0.21628708667648294,-2455.0999999999995,245510.0,91310.0,128200.0,11600.0,14400.0,50,703
1022,139560822,0.21596265604646822,-2587.375,258737.5,89537.5,155200.0,14000.0,0.0,50,703
1023,416667702,0.21563871206239854,-2315.025,231502.5,91602.5,105500.0,11200.0,23200.0,50,703
1024,826998449,0.21531525399430496,-2551.8750000000005,255187.5,114287.5,128500.0,12400.0,0.0,50,703
1025,336904395,0.2149922811133135,-3069.925,306992.5,129942.5,156300.0,12000.0,8750.0,50,705
1026,640989264,0.21466979269164355,-2778.1999999999994,277820.0,84120.0,140200.0,13600.0,39900.0,50,705
1027,767135724,0.2143477880026061,-1947.9999999999998,194800.0,87100.0,96100.0,11600.0,0.0,50,705
1028,516408705,0.2140262663206022,-2393.425,239342.5,67392.5,152000.0,14000.0,5950.0,50,705
1029,610859238,0.21370522692112132,-3643.2000000000007,364320.0,120920.0,212600.0,12000.0,18800.0,50,705
1030,740888585,0.21338466908073964,-2688.2999999999997,268830.0,97830.0,159000.0,12000.0,0.0,50,705
1031,715311754,0.21306459207711853,-2928.3,292830.0,99230.0,155800.0,10400.0,27400.0,50,705
1032,888577758,0.21274499518900286,-2183.1250000000005,218312.5,88712.5,111700.0,12400.0,5500.0,50,706
1033,688098115,0.21242587769621937,-1360.4999999999998,136050.0,93150.0,28500.0,14400.0,0.0,50,706
1034,546170198,0.21210723887967506,-2623.35,262335.0,93335.0,88900.0,15200.0,64900.0,50,707
1035,507284293,0.21178907802135555,-1979.6250000000002,197962.5,87362.5,96600.0,14000.0,0.0,50,707
1036,21684715,0.21147139440432353,-2025.1750000000004,202517.5,87217.5,77800.0,14800.0,22700.0,50,707
1037,986176713,0.21115418731271704,-2799.825,279982.5,136532.5,100000.0,12800.0,30650.0,50,707
1038,140072373,0.21083745603174797,-2666.625,266662.5,142412.5,72000.0,13600.0,38650.0,50,707
1039,311549441,0.21052119984770037,-2848.5,284850.0,107850.0,88200.0,12800.0,76000.0,50,707
1040,575532721,0.21020541804792883,-3062.424999999999,306242.5,119192.5,132200.0,14000.0,40850.0,50,707
1041,354860824,0.20989010992085694,-1895.4250000000006,189542.5,83342.5,56200.0,14800.0,35200.0,50,709
1042,698262606,0.20957527475597568,-2967.675,296767.5,98217.5,175200.0,12400.0,10950.0,50,709
1043,801989777,0.2092609118438417,-2037.2999999999997,203730.0,86330.0,104600.0,12800.0,0.0,50,709
1044,556779065,0.20894702047607597,-2114.75,211475.0,69175.0,127100.0,15200.0,0.0,50,709
1045,232661140,0.20863359994536188,-1856.8000000000002,185680.0,101980.0,49200.0,12400.0,22100.0,50,713
1046,108939658,0.20832064954544385,-2246.825,224682.5,84282.5,128000.0,12400.0,0.0,50,713
1047,693393610,0.2080081685711257,-2073.6749999999993,207367.5,80167.5,113200.0,14000.0,0.0,50,714
1048,247164325,0.20769615631826902,-2481.025,248102.5,106502.5,128400.0,13200.0,0.0,50,714
1049,328203006,0.20738461208379164,-2160.725,216072.5,83572.5,84600.0,14800.0,33100.0,50,715
1050,744320768,0.20707353516566596,-1894.85,189485.0,67835.0,91600.0,15200.0,14850.0,50,715
1051,2176264,0.20676292486291747,-2859.100000000001,285910.0,105910.0,148100.0,12800.0,19100.0,50,715
1052,782660892,0.2064527804756231,-2352.525,235252.5,64252.5,156600.0,14400.0,0.0,50,716
1053,606437202,0.20614310130490968,-1748.3749999999993,174837.5,63287.5,93400.0,12800.0,5350.0,50,716
1054,863237184,0.20583388665295232,-2217.5999999999995,221760.0,104010.0,90800.0,14000.0,12950.0,50,716
1055,501014780,0.2055251358229729,-2407.125,240712.5,79412.5,147700.0,13600.0,0.0,50,716
1056,188961290,0.20521684811923846,-2031.8249999999996,203182.5,90032.5,96300.0,14400.0,2450.0,50,716
1057,151556029,0.2049090228470596,-2273.75,227375.0,83225.0,119300.0,12400.0,12450.0,50,716
1058,1815817,0.20460165931278904,-2303.0,230300.0,98000.0,78200.0,12800.0,41300.0,50,716
1059,823507403,0.20429475682381987,-2152.3499999999995,215235.0,104335.0,61300.0,13600.0,36000.0,50,716
1060,577388081,0.20398831468858414,-2915.375000000001,291537.5,97837.5,182900.0,10800.0,0.0,50,716
1061,278724180,0.20368233221655127,-2568.875,256887.5,101287.5,142800.0,12800.0,0.0,50,716
1062,390632176,0.20337680871822644,-2191.45,219145.0,94495.0,102200.0,13200.0,9250.0,50,719
1063,135772951,0.20307174350514912,-1928.925,192892.5,100492.5,81200.0,11200.0,0.0,50,719
1064,333056677,0.2027671358898914,-2258.4000000000005,225840.0,99440.0,107700.0,14000.0,4700.0,50,719
1065,66923169,0.20246298518605657,-2650.3499999999995,265035.0,73535.0,161000.0,13200.0,17300.0,50,719
1066,763065703,0.20215929070827748,-2361.949999999999,236195.0,74095.0,147700.0,14400.0,0.0,50,720
1067,445535311,0.20185605177221508,-2872.350000000001,287235.0,115885.0,100500.0,13600.0,57250.0,50,721
1068,698703177,0.20155326769455675,-2019.3499999999997,201935.0,59535.0,129200.0,13200.0,0.0,50,721
1069,354249276,0.20125093779301492,-2781.6749999999997,278167.5,77717.5,165600.0,12400.0,22450.0,50,721
1070,705924570,0.2009490613863254,-2562.8,256280.0,92430.0,148900.0,12400.0,2550.0,50,721
1071,822083174,0.20064763779424594,-2394.9000000000005,239490.0,131840.0,64000.0,14000.0,29650.0,50,721
1072,843134985,0.20034666633755457,-2857.9749999999995,285797.5,103497.5,170300.0,12000.0,0.0,50,721
1073,209469490,0.20004614633804826,-3722.525000000001,372252.5,104802.5,170300.0,12800.0,84350.0,50,721
1074,154610370,0.1997460771185412,-2874.2,287420.0,105920.0,121700.0,13600.0,46200.0,50,721
1075,10183399,0.1994464580028634,-2611.925,261192.5,57992.5,189200.0,14000.0,0.0,50,721
1076,956210663,0.19914728831585912,-1961.075,196107.5,89407.5,91100.0,15600.0,0.0,50,721
1077,597268666,0.19884856738338536,-2491.1249999999995,249112.5,54812.5,181500.0,12800.0,0.0,50,722
1078,954321836,0.1985502945323103,-2321.0999999999995,232110.0,66710.0,150700.0,14000.0,700.0,50,723
1079,22315825,0.19825246909051183,-2985.725,298572.5,108422.5,120700.0,11600.0,57850.0,50,723
1080,63796171,0.1979550903868761,-2143.75,214375.0,68475.0,131900.0,14000.0,0.0,50,724
1081,186849763,0.19765815775129578,-1689.5499999999997,168955.0,66955.0,89600.0,12400.0,0.0,50,724
1082,788218115,0.19736167051466885,-2883.625,288362.5,131612.5,66900.0,12400.0,77450.0,50,724
1083,96185479,0.19706562800889685,-2014.5500000000004,201455.0,99355.0,91300.0,10800.0,0.0,50,724
1084,247254082,0.19677002956688353,-2007.35,200735.0,75885.0,79300.0,13600.0,31950.0,50,724
1085,330987884,0.1964748745225332,-1815.85,181585.0,91785.0,78200.0,11600.0,0.0,50,724
1086,175273773,0.1961801622107494,-2812.099999999999,281210.0,119260.0,140700.0,13200.0,8050.0,50,724
1087,191318454,0.1958858919674333,-1489.4750000000001,148947.5,69647.5,65700.0,13600.0,0.0,50,724
1088,63705355,0.19559206312948216,-2128.2500000000005,212825.0,72525.0,127100.0,13200.0,0.0,50,725
1089,854987952,0.19529867503478796,-1900.675,190067.5,66867.5,110000.0,13200.0,0.0,50,726
1090,976598849,0.1950057270222358,-2017.7750000000003,201777.5,85477.5,102700.0,13600.0,0.0,50,726
1091,986881112,0.19471321843170245,-2054.024999999999,205402.5,83602.5,107400.0,14400.0,0.0,50,726
1092,128028025,0.1944211486040549,-1591.6750000000002,159167.5,71367.5,72600.0,15200.0,0.0,50,726
1093,994815580,0.19412951688114882,-1918.8499999999997,191885.0,83585.0,95500.0,12800.0,0.0,50,728
1094,350057660,0.19383832260582712,-2424.8999999999996,242490.0,79990.0,146900.0,13200.0,2400.0,50,728
1095,700256421,0.1935475651219184,-2302.8000000000006,230280.0,65880.0,150800.0,13600.0,0.0,50,728
1096,917253281,0.19325724377423553,-2659.0750000000003,265907.5,92357.5,160100.0,12400.0,1050.0,50,728
1097,305727756,0.1929673579085742,-2080.8999999999996,208090.0,75490.0,119800.0,12800.0,0.0,50,728
1098,915854071,0.19267790687171135,-2302.3250000000003,230232.5,85932.5,132700.0,11600.0,0.0,50,729
1099,167607343,0.1923888900114038,-2123.1,212310.0,54410.0,144700.0,13200.0,0.0,50,729
1100,822673466,0.1921003066763867,-3527.1749999999997,352717.5,141867.5,48000.0,14000.0,148850.0,50,733
1101,840698538,0.19181215621637213,-3100.025,310002.5,103102.5,195700.0,11200.0,0.0,50,733
1102,326448377,0.19152443798204757,-2253.7500000000005,225375.0,69375.0,142400.0,13600.0,0.0,50,733
1103,551675749,0.19123715132507452,-2651.9000000000005,265190.0,98690.0,147600.0,12000.0,6900.0,50,733
1104,283484251,0.1909502955980869,-3686.2499999999995,368625.0,111825.0,244800.0,12000.0,0.0,50,733
1105,383050236,0.19066387015468977,-2740.9,274090.0,60590.0,200700.0,12800.0,0.0,50,733
1106,129189161,0.19037787434945774,-3509.4500000000003,350945.0,135495.0,123300.0,12800.0,79350.0,50,733
1107,327082524,0.19009230753793357,-2219.15,221915.0,148765.0,49500.0,11600.0,12050.0,50,734
1108,757798257,0.18980716907662668,-2314.3749999999995,231437.5,102887.5,86300.0,12400.0,29850.0,50,734
1109,203616165,0.18952245832301173,-2412.425000000001,241242.5,75242.5,154400.0,11600.0,0.0,50,734
1110,582871921,0.18923817463552722,-2554.1500000000005,255415.0,81665.0,132700.0,12400.0,28650.0,50,735
1111,430949519,0.18895431737357393,-2198.075,219807.5,101607.5,105800.0,12400.0,0.0,50,735
1112,528306557,0.18867088589751357,-2255.225,225522.5,99622.5,93500.0,13600.0,18800.0,50,735
1113,449715743,0.18838787956866732,-2518.45,251845.0,77245.0,159100.0,12400.0,3100.0,50,735
1114,311603561,0.18810529774931434,-2426.2,242620.0,92670.0,120000.0,13600.0,16350.0,50,735
1115,932875384,0.1878231398026904,-2560.849999999999,256085.0,70785.0,172900.0,12400.0,0.0,50,736
1116,932662483,0.18754140509298636,-1698.0749999999998,169807.5,62207.5,93600.0,14000.0,0.0,50,737
1117,514421571,0.1872600929853469,-2353.4,235340.0,78690.0,123300.0,12800.0,20550.0,50,737
1118,698083304,0.18697920284586889,-2920.5750000000007,292057.5,58057.5,221200.0,12800.0,0.0,50,738
1119,230851841,0.1866987340416001,-1951.425,195142.5,65242.5,115500.0,14400.0,0.0,50,738
1120,232108621,0.1864186859405377,-1588.1500000000003,158815.0,62015.0,82400.0,14400.0,0.0,50,738
1121,826923076,0.1861390579116269,-1713.3499999999997,171335.0,47835.0,109500.0,14000.0,0.0,50,739
1122,627944440,0.1858598493247595,-2463.125,246312.5,78562.5,142000.0,10400.0,15350.0,50,739
1123,318060416,0.18558105955077236,-2605.125,260512.5,72112.5,177600.0,10800.0,0.0,50,739
1124,56586553,0.18530268796144622,-1545.9500000000005,154595.0,85545.0,54200.0,12000.0,2850.0,50,741
1125,102935485,0.18502473392950405,-2059.225,205922.5,69322.5,125000.0,11600.0,0.0,50,741
1126,545582444,0.1847471968286098,-1708.9,170890.0,82540.0,51700.0,14400.0,22250.0,50,742
1127,970713371,0.1844700760333669,-2167.45,216745.0,54145.0,149000.0,13600.0,0.0,50,742
1128,552743599,0.18419337091931687,-2168.7500000000005,216875.0,71175.0,134100.0,11600.0,0.0,50,743
1129,65972949,0.1839170808629379,-1801.45,180145.0,69145.0,98200.0,12800.0,0.0,50,743
1130,808752724,0.1836412052416435,-2007.4500000000007,200745.0,106245.0,81700.0,12800.0,0.0,50,743
1131,59932471,0.18336574343378106,-2972.5,297250.0,119950.0,162400.0,11200.0,3700.0,50,743
1132,513758378,0.1830906948186304,-2178.85,217885.0,84035.0,102900.0,13600.0,17350.0,50,743
1133,295265634,0.18281605877640247,-2520.3749999999995,252037.5,74187.5,112600.0,14400.0,50850.0,50,743
1134,979202889,0.18254183468823787,-2868.8750000000005,286887.5,101337.5,113100.0,13600.0,58850.0,50,743
1135,159456062,0.18226802193620553,-2339.0,233900.0,64900.0,159400.0,9600.0,0.0,50,744
1136,790263530,0.18199461990330124,-2466.7999999999997,246680.0,84180.0,150100.0,12400.0,0.0,50,744
1137,301123690,0.1817216279734463,-2830.1749999999997,283017.5,140117.5,128500.0,14400.0,0.0,50,744
1138,427103221,0.18144904553148614,-2811.1499999999996,281115.0,74965.0,176800.0,12000.0,17350.0,50,744
1139,75433513,0.1811768719631889,-1708.5999999999997,170860.0,80860.0,77600.0,12400.0,0.0,50,744
1140,918698798,0.18090510665524415,-3045.975,304597.5,89297.5,203100.0,12000.0,200.0,50,744
1141,602732269,0.1806337489952613,-2496.5750000000007,249657.5,66057.5,172000.0,11600.0,0.0,50,744
1142,672353562,0.1803627983717684,-3335.399999999999,333540.0,89640.0,211000.0,13600.0,19300.0,50,744
1143,334286596,0.18009225417421076,-3234.35,323435.0,61535.0,249100.0,12800.0,0.0,50,744
1144,229461611,0.17982211579294946,-1995.5250000000003,199552.5,79952.5,107600.0,12000.0,0.0,50,744
1145,737037089,0.17955238261926004,-1937.4499999999996,193745.0,76145.0,103600.0,14000.0,0.0,50,744
1146,832301052,0.17928305404533115,-2243.175,224317.5,88917.5,123400.0,12000.0,0.0,50,744
1147,6445695,0.17901412946426318,-1946.2999999999997,194630.0,80730.0,100700.0,13200.0,0.0,50,745
1148,164168497,0.1787456082700668,-2121.2999999999993,212130.0,70330.0,130200.0,11600.0,0.0,50,746
1149,89680805,0.1784774898576617,-2505.249999999999,250525.0,97275.0,103300.0,15200.0,34750.0,50,747
1150,231233004,0.17820977362287524,-2557.3,255730.0,96430.0,146500.0,12800.0,0.0,50,747
1151,714590770,0.17794245896244093,-3246.425,324642.5,86642.5,176900.0,12800.0,48300.0,50,748
1152,748940857,0.1776755452739973,-2811.875,281187.5,83687.5,186300.0,11200.0,0.0,50,748
1153,854780858,0.1774090319560863,-2085.1500000000005,208515.0,92015.0,89300.0,12400.0,14800.0,50,749
1154,397650159,0.17714291840815216,-2145.2999999999993,214530.0,108430.0,93300.0,12800.0,0.0,50,750
1155,925879437,0.17687720403053994,-2317.2749999999996,231727.5,82627.5,135900.0,13200.0,0.0,50,750
1156,500548320,0.17661188822449414,-2337.5499999999997,233755.0,54055.0,166100.0,13600.0,0.0,50,750
1157,689331232,0.1763469703921574,-2604.5250000000005,260452.5,79152.5,170900.0,10400.0,0.0,50,751
1158,762501467,0.17608244993656919,-2515.124999999999,251512.5,102212.5,135700.0,13600.0,0.0,50,751
1159,497682362,0.17581832626166435,-2785.9000000000005,278590.0,138840.0,120400.0,12800.0,6550.0,50,752
1160,2373597,0.17555459877227186,-1713.0249999999999,171302.5,126502.5,26400.0,12800.0,5600.0,50,752
1161,209532438,0.17529126687411348,-2309.05,230905.0,62205.0,156300.0,12400.0,0.0,50,752
1162,836433850,0.17502832997380233,-2152.6250000000005,215262.5,69062.5,131000.0,15200.0,0.0,50,754
1163,593007395,0.17476578747884164,-2970.0249999999996,297002.5,115302.5,169700.0,12000.0,0.0,50,754
1164,466525155,0.17450363879762337,-2801.35,280135.0,76335.0,189400.0,14400.0,0.0,50,754
1165,338522509,0.17424188333942695,-3098.6499999999996,309865.0,128465.0,117100.0,13600.0,50700.0,50,754
1166,951757291,0.1739805205144178,-2489.7,248970.0,88670.0,145100.0,15200.0,0.0,50,755
1167,935845730,0.1737195497336462,-2451.5000000000005,245150.0,75950.0,156000.0,13200.0,0.0,50,755
1168,886811676,0.17345897040904573,-1737.8499999999995,173785.0,69385.0,91200.0,13200.0,0.0,50,755
1169,119125128,0.17319878195343216,-3234.874999999999,323487.5,134387.5,146800.0,15200.0,27100.0,50,755
1170,175772243,0.17293898378050201,-2785.7749999999996,278577.5,121527.5,141000.0,13600.0,2450.0,50,755
1171,47757217,0.17267957530483127,-3310.4499999999994,331045.0,101445.0,217200.0,12400.0,0.0,50,755
1172,801645805,0.17242055594187403,-2158.05,215805.0,88305.0,115100.0,12400.0,0.0,50,755
1173,659099468,0.17216192510796122,-2206.475,220647.5,85047.5,122400.0,13200.0,0.0,50,755
1174,857878967,0.17190368222029928,-1909.1749999999995,190917.5,73217.5,103700.0,14000.0,0.0,50,755
1175,414495795,0.17164582669696885,-2097.975,209797.5,71247.5,109500.0,13600.0,15450.0,50,755
1176,91060725,0.1713883579569234,-2347.725,234772.5,68972.5,153000.0,12800.0,0.0,50,755
1177,53913551,0.17113127541998802,-3071.575,307157.5,107557.5,176900.0,12400.0,10300.0,50,755
1178,224439549,0.17087457850685805,-2171.625,217162.5,78162.5,125000.0,14000.0,0.0,50,755
1179,655510219,0.17061826663909777,-2466.9250000000006,246692.5,65792.5,168100.0,12800.0,0.0,50,755
1180,255475509,0.17036233923913913,-2763.75,276375.0,133225.0,119700.0,13200.0,10250.0,50,755
1181,991748226,0.17010679573028042,-2568.8500000000004,256885.0,104135.0,137300.0,12400.0,3050.0,50,755
1182,582236428,0.169851635536685,-2107.7,210770.0,71670.0,125100.0,14000.0,0.0,50,755
1183,618612768,0.16959685808338,-2502.475000000001,250247.5,101347.5,136500.0,12400.0,0.0,50,755
1184,628143663,0.16934246279625492,-1842.4499999999996,184245.0,72345.0,98300.0,13600.0,0.0,50,755
1185,261883452,0.16908844910206056,-2709.3250000000003,270932.5,56982.5,190400.0,15200.0,8350.0,50,755
1186,386059313,0.16883481642840747,-2297.175,229717.5,57617.5,160100.0,12000.0,0.0,50,755
1187,539966622,0.16858156420376488,-2704.724999999999,270472.5,93372.5,165500.0,11600.0,0.0,50,755
1188,815312746,0.16832869185745925,-2113.0500000000006,211305.0,100455.0,48300.0,12800.0,49750.0,50,756
1189,858912922,0.16807619881967306,-2523.849999999999,252385.0,87385.0,152200.0,12800.0,0.0,50,756
1190,726610306,0.16782408452144357,-2877.5749999999994,287757.5,89657.5,186100.0,12000.0,0.0,50,756
1191,56429629,0.16757234839466142,-2445.5000000000005,244550.0,73150.0,157000.0,14400.0,0.0,50,756
1192,427472554,0.16732098987206945,-2701.6249999999995,270162.5,109862.5,147100.0,13200.0,0.0,50,756
1193,483028378,0.16707000838726135,-2547.275,254727.5,106977.5,93800.0,14000.0,39950.0,50,756
1194,91599853,0.16681940337468046,-1927.9749999999997,192797.5,59397.5,118600.0,14800.0,0.0,50,756
1195,718179839,0.16656917426961845,-1956.0249999999999,195602.5,73402.5,109400.0,12800.0,0.0,50,756
1196,840083115,0.16631932050821405,-2112.6499999999996,211265.0,68865.0,129600.0,12800.0,0.0,50,758
1197,472250442,0.16606984152745174,-3085.9249999999997,308592.5,53092.5,242300.0,13200.0,0.0,50,758
1198,253358473,0.16582073676516057,-2099.925,209992.5,73492.5,123300.0,13200.0,0.0,50,758
1199,567903139,0.16557200566001284,-2621.3999999999996,262140.0,65740.0,184400.0,12000.0,0.0,50,758
1200,204793197,0.16532364765152283,-2846.024999999999,284602.5,88402.5,185400.0,10800.0,0.0,50,758
1201,873581073,0.16507566218004555,-1540.125,154012.5,80512.5,60300.0,13200.0,0.0,50,760
1202,100231334,0.16482804868677547,-1589.6999999999996,158970.0,62370.0,82600.0,14000.0,0.0,50,760
1203,767562618,0.16458080661374533,-3070.5750000000007,307057.5,137207.5,156300.0,13200.0,350.0,50,760
1204,740142570,0.1643339354038247,-2590.749999999999,259075.0,90875.0,156200.0,12000.0,0.0,50,760
1205,61460156,0.16408743450071897,-2136.4,213640.0,82040.0,117200.0,14400.0,0.0,50,760
1206,790769758,0.1638413033489679,-2165.8250000000007,216582.5,78482.5,124900.0,13200.0,0.0,50,760
1207,632770154,0.16359554139394447,-2362.05,236205.0,111005.0,112000.0,13200.0,0.0,50,760
1208,173248949,0.16335014808185355,-2001.1499999999999,200115.0,77315.0,108400.0,14400.0,0.0,50,760
1209,793636433,0.16310512285973078,-3092.1,309210.0,73910.0,223700.0,11600.0,0.0,50,760
1210,801241969,0.1628604651754412,-2843.6749999999993,284367.5,116267.5,156500.0,11600.0,0.0,50,760
1211,921088218,0.16261617447767804,-2502.7999999999997,250280.0,120280.0,51700.0,12000.0,66300.0,50,760
1212,631738017,0.16237225021596152,-1638.2499999999995,163825.0,85325.0,65300.0,13200.0,0.0,50,761
1213,280743598,0.16212869184063758,-1420.9999999999995,142100.0,66700.0,62200.0,13200.0,0.0,50,761
1214,720416024,0.16188549880287664,-2697.4500000000003,269745.0,91745.0,161700.0,12800.0,3500.0,50,761
1215,516783484,0.16164267055467232,-2478.5000000000005,247850.0,96650.0,108900.0,14400.0,27900.0,50,762
1216,598292144,0.16140020654884032,-2149.4999999999995,214950.0,81650.0,98200.0,12800.0,22300.0,50,762
1217,498933836,0.16115810623901708,-2469.5000000000005,246950.0,85050.0,150700.0,11200.0,0.0,50,762
1218,771384880,0.16091636907965856,-3756.475,375647.5,142247.5,85300.0,12800.0,135300.0,50,762
1219,888020767,0.1606749945260391,-2494.025,249402.5,94902.5,139700.0,14800.0,0.0,50,762
1220,265088442,0.16043398203425005,-1950.8499999999997,195085.0,69785.0,112900.0,12400.0,0.0,50,762
1221,643400985,0.16019333106119868,-2995.9,299590.0,162840.0,66900.0,12800.0,57050.0,50,763
1222,354812359,0.1599530410646069,-3191.8249999999994,319182.5,107082.5,199300.0,12800.0,0.0,50,763
1223,801940184,0.15971311150300999,-2844.1,284410.0,67510.0,203700.0,13200.0,0.0,50,763
1224,978492627,0.1594735418357555,-2065.7000000000003,206570.0,78970.0,116400.0,11200.0,0.0,50,763
1225,752897314,0.15923433152300187,-2493.5999999999995,249360.0,67060.0,168700.0,13600.0,0.0,50,764
1226,671812101,0.15899548002571737,-1855.5249999999999,185552.5,76652.5,95700.0,13200.0,0.0,50,764
1227,342686435,0.1587569868056788,-2677.725,267772.5,60372.5,194600.0,12800.0,0.0,50,764
1228,275167934,0.15851885132547028,-1893.1499999999992,189315.0,81415.0,96700.0,11200.0,0.0,50,764
1229,738687603,0.15828107304848207,-1481.325,148132.5,78032.5,57300.0,12800.0,0.0,50,764
1230,352866788,0.15804365143890936,-2322.075,232207.5,72707.5,147500.0,12000.0,0.0,50,764
1231,349171500,0.157806585961751,-1463.4999999999998,146350.0,63150.0,70400.0,12800.0,0.0,50,764
1232,554551423,0.1575698760828084,-2783.9000000000005,278390.0,70990.0,195800.0,11600.0,0.0,50,765
1233,749546958,0.1573335212686842,-3212.4000000000005,321240.0,105590.0,160100.0,13600.0,41950.0,50,765
1234,374550210,0.15709752098678118,-2826.1999999999994,282620.0,53120.0,217100.0,12400.0,0.0,50,765
1235,230760185,0.15686187470530102,-1725.0000000000005,172500.0,72900.0,84400.0,15200.0,0.0,50,765
1236,188692539,0.15662658189324308,-1628.6,162860.0,81460.0,67400.0,14000.0,0.0,50,767
1237,322842977,0.15639164202040323,-2769.875,276987.5,104937.5,126800.0,13600.0,31650.0,50,767
1238,251538940,0.15615705455737264,-1356.4500000000005,135645.0,57945.0,62500.0,15200.0,0.0,50,767
1239,698593095,0.1559228189755366,-2595.2999999999997,259530.0,66530.0,179000.0,14000.0,0.0,50,767
1240,803965924,0.1556889347470733,-1730.4750000000006,173047.5,68147.5,92100.0,12800.0,0.0,50,767
1241,848897360,0.1554554013449527,-1979.8250000000003,197982.5,68682.5,116500.0,12800.0,0.0,50,768
1242,463062673,0.15522221824293528,-3493.2249999999995,349322.5,119422.5,218700.0,11200.0,0.0,50,769
1243,736173536,0.15498938491557088,-2482.35,248235.0,52335.0,181100.0,14800.0,0.0,50,771
1244,198574527,0.15475690083819754,-2342.4,234240.0,87490.0,123600.0,12000.0,11150.0,50,771
1245,997518966,0.15452476548694025,-2775.7749999999996,277577.5,93227.5,138900.0,12000.0,33450.0,50,771
1246,183180826,0.15429297833870984,-2262.3250000000003,226232.5,43432.5,167200.0,15600.0,0.0,50,771
1247,417488205,0.15406153887120178,-3014.7000000000003,301470.0,66370.0,223500.0,11600.0,0.0,50,771
1248,994152547,0.153830446562895,-2942.0749999999994,294207.5,100757.5,159600.0,10800.0,23050.0,50,771
1249,28778815,0.15359970089305067,-2488.7999999999997,248880.0,94380.0,145700.0,8800.0,0.0,50,771
1250,94219470,0.1533693013417111,-1956.8749999999998,195687.5,73287.5,110000.0,12400.0,0.0,50,771
1251,407018067,0.15313924738969853,-1972.6499999999999,197265.0,66665.0,117400.0,13200.0,0.0,50,772
1252,516042987,0.152909538518614,-2662.975000000001,266297.5,119997.5,118900.0,12800.0,14600.0,50,772
1253,883462832,0.15268017421083607,-2280.350000000001,228035.0,121035.0,92200.0,14800.0,0.0,50,773
1254,236666243,0.15245115394951983,-2023.65,202365.0,73165.0,115200.0,14000.0,0.0,50,773
1255,261152254,0.15222247721859555,-2250.075,225007.5,100007.5,113000.0,12000.0,0.0,50,773
1256,8144283,0.15199414350276766,-2970.625,297062.5,124412.5,135400.0,12800.0,24450.0,50,773
1257,428704924,0.15176615228751353,-2398.9249999999997,239892.5,95042.5,105500.0,13200.0,26150.0,50,773
1258,32005679,0.15153850305908226,-3035.500000000001,303550.0,89450.0,196600.0,12400.0,5100.0,50,773
1259,335412938,0.15131119530449363,-2493.7499999999995,249375.0,70575.0,165200.0,13600.0,0.0,50,773
1260,924773159,0.1510842285115369,-2045.3749999999995,204537.5,80437.5,111700.0,12400.0,0.0,50,774
1261,945609656,0.15085760216876962,-2654.6,265460.0,54060.0,197400.0,14000.0,0.0,50,774
1262,125873474,0.15063131576551647,-2449.725,244972.5,58872.5,172500.0,13600.0,0.0,50,774
1263,722714508,0.1504053687918682,-2067.625,206762.5,58262.5,134500.0,14000.0,0.0,50,774
1264,670690083,0.1501797607386804,-1993.5499999999997,199355.0,78305.0,97500.0,13200.0,10350.0,50,774
1265,287984433,0.1499544910975724,-3263.0249999999987,326302.5,103452.5,207200.0,11200.0,4450.0,50,774
1266,600674481,0.14972955936092605,-3081.974999999999,308197.5,92997.5,204000.0,11200.0,0.0,50,774
1267,473644818,0.14950496502188468,-2613.2250000000004,261322.5,83822.5,165900.0,11600.0,0.0,50,774
1268,940210513,0.14928070757435186,-2090.4499999999994,209045.0,75945.0,120700.0,12400.0,0.0,50,774
1269,538488237,0.14905678651299034,-2052.9500000000003,205295.0,79495.0,114200.0,11600.0,0.0,50,774
1270,531895720,0.14883320133322087,-3208.050000000001,320805.0,126755.0,82700.0,12800.0,98550.0,50,774
1271,602206576,0.14860995153122103,-3456.525,345652.5,123952.5,210100.0,10000.0,1600.0,50,774
1272,639788008,0.14838703660392422,-3160.125,316012.5,96512.5,193900.0,12800.0,12800.0,50,774
1273,757637360,0.14816445604901834,-2462.4500000000003,246245.0,92295.0,122300.0,12800.0,18850.0,50,774
1274,220808595,0.14794220936494482,-2334.6250000000005,233462.5,73362.5,148900.0,11200.0,0.0,50,774
1275,616015293,0.1477202960508974,-3170.15,317015.0,103015.0,201600.0,12400.0,0.0,50,774
1276,475753852,0.14749871560682107,-2658.525000000001,265852.5,98702.5,141700.0,10800.0,14650.0,50,774
1277,880223361,0.14727746753341084,-2934.1000000000004,293410.0,115610.0,165800.0,12000.0,0.0,50,774
1278,427841138,0.14705655133211074,-2452.1250000000005,245212.5,102412.5,130000.0,12800.0,0.0,50,774
1279,781428694,0.14683596650511258,-2852.7250000000004,285272.5,92122.5,131300.0,12000.0,49850.0,50,774
1280,152048206,0.1466157125553549,-2396.6000000000004,239660.0,118360.0,107700.0,13600.0,0.0,50,775
1281,756240190,0.1463957889865219,-1796.4499999999998,179645.0,63345.0,103500.0,12800.0,0.0,50,777
1282,192071581,0.14617619530304213,-2591.5500000000006,259155.0,77955.0,168400.0,12800.0,0.0,50,777
1283,370793375,0.14595693101008758,-2462.524999999999,246252.5,92652.5,140400.0,13200.0,0.0,50,777
1284,649709318,0.14573799561357245,-2974.9999999999995,297500.0,89400.0,191700.0,11600.0,4800.0,50,777
1285,919935552,0.1455193886201521,-2590.750000000001,259075.0,118175.0,128500.0,12400.0,0.0,50,777
1286,247927276,0.14530110953722186,-2002.3999999999996,200240.0,71840.0,115600.0,12800.0,0.0,50,777
1287,642975930,0.14508315787291604,-1598.8499999999997,159885.0,82885.0,62200.0,14800.0,0.0,50,778
1288,189523097,0.14486553313610667,-2640.349999999999,264035.0,82935.0,168300.0,12800.0,0.0,50,778
1289,642644179,0.14464823483640252,-1687.7749999999994,168777.5,100477.5,53900.0,14400.0,0.0,50,778
1290,323151964,0.14443126248414792,-2329.875,232987.5,52987.5,166000.0,14000.0,0.0,50,778
1291,74533330,0.1442146155904217,-1988.75,198875.0,76075.0,108000.0,14800.0,0.0,50,778
1292,37318555,0.14399829366703606,-2335.075,233507.5,57207.5,161100.0,15200.0,0.0,50,778
1293,781340129,0.14378229622653552,-3188.1500000000005,318815.0,65115.0,204500.0,13200.0,36000.0,50,779
1294,555191252,0.14356662278219573,-2553.5499999999997,255355.0,83755.0,145800.0,11600.0,14200.0,50,780
1295,961916173,0.14335127284802243,-3030.975,303097.5,75497.5,215200.0,12400.0,0.0,50,780
1296,672349509,0.1431362459387504,-1734.7750000000003,173477.5,58177.5,100900.0,14400.0,0.0,50,780
1297,834767637,0.1429215415698423,-2237.2,223720.0,108720.0,104200.0,10800.0,0.0,50,780
1298,175400659,0.14270715925748753,-1781.3999999999999,178140.0,82840.0,83300.0,12000.0,0.0,50,780
1299,737074909,0.1424930985186013,-2424.8499999999995,242485.0,94685.0,132600.0,15200.0,0.0,50,780
1300,626301400,0.1422793588708234,-2681.2999999999993,268130.0,91030.0,61500.0,13600.0,102000.0,50,780
1301,433430077,0.14206593983251717,-2922.400000000001,292240.0,117940.0,153800.0,16400.0,4100.0,50,780
1302,909009428,0.1418528409227684,-2279.2499999999995,227925.0,98325.0,111700.0,15200.0,2700.0,50,781
1303,180191349,0.14164006166138426,-1833.175,183317.5,72817.5,99700.0,10800.0,0.0,50,781
1304,834422141,0.1414276015688922,-2765.2500000000005,276525.0,50525.0,212400.0,13600.0,0.0,50,781
1305,818440107,0.14121546016653885,-2884.499999999999,288450.0,119450.0,138300.0,16000.0,14700.0,50,781
1306,948687653,0.14100363697628907,-2174.775,217477.5,77077.5,126400.0,14000.0,0.0,50,782
1307,766238722,0.14079213152082465,-2205.65,220565.0,78865.0,128100.0,13600.0,0.0,50,782
1308,899210485,0.14058094332354343,-2248.0250000000005,224802.5,71102.5,141300.0,12400.0,0.0,50,782
1309,389393735,0.14037007190855813,-2098.9999999999995,209900.0,77000.0,118900.0,14000.0,0.0,50,782
1310,146650539,0.1401595168006953,-2707.4249999999997,270742.5,65742.5,190600.0,14400.0,0.0,50,782
1311,993630589,0.13994927752549427,-2567.999999999999,256800.0,79800.0,165400.0,11600.0,0.0,50,782
1312,883816391,0.13973935360920603,-2295.500000000001,229550.0,88650.0,128500.0,12400.0,0.0,50,782
1313,984906587,0.13952974457879222,-1980.5249999999996,198052.5,71952.5,113700.0,12400.0,0.0,50,782
1314,87104568,0.13932044996192403,-2412.4999999999986,241250.0,100650.0,127400.0,13200.0,0.0,50,782
1315,128342577,0.13911146928698115,-2527.5499999999993,252755.0,126205.0,83300.0,13200.0,30050.0,50,782
1316,836167398,0.1389028020830507,-1344.6749999999993,134467.5,81167.5,40500.0,12800.0,0.0,50,784
1317,748903122,0.13869444787992613,-1875.5500000000004,187555.0,92805.0,68200.0,12400.0,14150.0,50,784
1318,209880681,0.13848640620810626,-2446.8250000000003,244682.5,104482.5,50400.0,11600.0,78200.0,50,784
1319,570152048,0.13827867659879411,-1935.3999999999999,193540.0,99040.0,82900.0,11600.0,0.0,50,784
1320,168466345,0.13807125858389593,-2131.2250000000004,213122.5,70322.5,128400.0,14400.0,0.0,50,785
1321,195871196,0.1378641516960201,-1943.3499999999997,194335.0,111235.0,53600.0,14000.0,15500.0,50,790
1322,706807323,0.13765735546847607,-2038.9,203890.0,68890.0,121000.0,14000.0,0.0,50,790
1323,334911073,0.13745086943527338,-2330.1499999999996,233015.0,69315.0,150100.0,13600.0,0.0,50,790
1324,876665067,0.13724469313112048,-2400.9250000000006,240092.5,62942.5,162000.0,13200.0,1950.0,50,790
1325,369720075,0.13703882609142382,-2039.15,203915.0,85965.0,50800.0,14800.0,52350.0,50,793
1326,265435956,0.1368332678522867,-2363.5,236350.0,62750.0,159600.0,14000.0,0.0,50,793
1327,430725801,0.13662801795050827,-2893.4250000000006,289342.5,78742.5,155200.0,12400.0,43000.0,50,793
1328,87501631,0.13642307592358252,-1516.1500000000003,151615.0,63815.0,73400.0,14400.0,0.0,50,793
1329,411168330,0.13621844130969715,-2383.9750000000004,238397.5,48397.5,176000.0,14000.0,0.0,50,793
1330,454987669,0.1360141136477326,-3049.5000000000005,304950.0,89200.0,119300.0,15600.0,80850.0,50,793
1331,430879528,0.13581009247726103,-1710.3499999999997,171035.0,77085.0,79800.0,13200.0,950.0,50,794
1332,74824719,0.13560637733854514,-2228.575,222857.5,77857.5,132200.0,12800.0,0.0,50,794
1333,321934721,0.13540296777253732,-2254.775,225477.5,70977.5,141300.0,13200.0,0.0,50,794
1334,326803808,0.13519986332087852,-2191.5000000000005,219150.0,77550.0,128800.0,12800.0,0.0,50,794
1335,415622073,0.13499706352589722,-2228.65,222865.0,79115.0,125900.0,12400.0,5450.0,50,794
1336,387259536,0.13479456793060837,-1689.5249999999999,168952.5,80152.5,74400.0,14400.0,0.0,50,794
1337,722129352,0.13459237607871247,-3441.7,344170.0,113920.0,111300.0,10800.0,108150.0,50,794
1338,262836904,0.1343904875145944,-3683.8499999999995,368385.0,93785.0,213700.0,12800.0,48100.0,50,794
1339,716288727,0.13418890178332252,-2456.200000000001,245620.0,99870.0,129700.0,14000.0,2050.0,50,794
1340,744402040,0.13398761843064755,-2617.4999999999995,261750.0,92350.0,157400.0,12000.0,0.0,50,794
1341,483586719,0.13378663700300159,-1758.775,175877.5,97877.5,65200.0,12800.0,0.0,50,794
1342,332117305,0.1335859570474971,-2560.6,256060.0,138460.0,106000.0,11600.0,0.0,50,794
1343,628393390,0.13338557811192586,-2833.2999999999997,283330.0,82230.0,187100.0,14000.0,0.0,50,795
1344,367576444,0.133185499744758,-2270.725,227072.5,74072.5,140200.0,12800.0,0.0,50,795
1345,708236252,0.13298572149514087,-2418.9749999999995,241897.5,93347.5,125000.0,13200.0,10350.0,50,795
1346,951357373,0.13278624291289817,-2273.925,227392.5,108292.5,107100.0,12000.0,0.0,50,795
1347,617018248,0.13258706354852884,-2718.025,271802.5,95202.5,164600.0,12000.0,0.0,50,795
1348,672442300,0.13238818295320606,-1647.0500000000002,164705.0,99355.0,50300.0,14000.0,1050.0,50,795
1349,653286674,0.13218960067877625,-2572.224999999999,257222.5,83522.5,160500.0,13200.0,0.0,50,795
1350,829058374,0.1319913162777581,-1942.1249999999998,194212.5,72212.5,109600.0,12400.0,0.0,50,795
1351,508775971,0.13179332930334145,-3745.425000000001,374542.5,103642.5,194800.0,13600.0,62500.0,50,795
1352,956710565,0.13159563930938645,-2739.1749999999993,273917.5,90317.5,172800.0,10800.0,0.0,50,795
1353,637215753,0.13139824585042237,-2609.1749999999997,260917.5,89317.5,158800.0,12800.0,0.0,50,795
1354,132206074,0.13120114848164674,-1538.6750000000002,153867.5,56567.5,82900.0,14400.0,0.0,50,795
1355,213546710,0.13100434675892428,-2638.125,263812.5,90262.5,109100.0,12400.0,52050.0,50,796
1356,895993645,0.1308078402387859,-2957.999999999999,295800.0,106800.0,177400.0,11600.0,0.0,50,796
1357,576240112,0.13061162847842772,-1865.6749999999997,186567.5,79367.5,93600.0,13600.0,0.0,50,796
1358,851161039,0.1304157110357101,-3506.1249999999986,350612.5,78862.5,159800.0,12800.0,99150.0,50,796
1359,523903661,0.13022008746915653,-4400.525000000001,440052.5,156652.5,96500.0,17200.0,169700.0,50,797
1360,632110069,0.1300247573379528,-2518.325,251832.5,116432.5,121800.0,13600.0,0.0,50,797
1361,13620352,0.1298297202019459,-2435.0750000000003,243507.5,82707.5,148800.0,12000.0,0.0,50,797
1362,800429858,0.12963497562164297,-2061.175,206117.5,66817.5,126100.0,13200.0,0.0,50,797
1363,353310704,0.1294405231582105,-3553.8749999999995,355387.5,121287.5,169500.0,10400.0,54200.0,50,797
1364,886334994,0.1292463623734732,-3198.9750000000004,319897.5,64347.5,237600.0,11200.0,6750.0,50,797
1365,209001667,0.129052492829913,-2531.65,253165.0,82665.0,157700.0,12800.0,0.0,50,797
1366,537307173,0.12885891409066813,-2402.450000000001,240245.0,74245.0,155200.0,10800.0,0.0,50,797
1367,833291141,0.12866562571953213,-2225.6000000000004,222560.0,88160.0,122000.0,12400.0,0.0,50,797
1368,251227216,0.12847262728095285,-2923.1749999999997,292317.5,95017.5,182900.0,14400.0,0.0,50,797
1369,359441887,0.12827991834003144,-2030.0000000000007,203000.0,88550.0,39600.0,12800.0,62050.0,50,797
1370,164101727,0.1280874984625214,-3163.4500000000003,316345.0,131045.0,155900.0,13600.0,15800.0,50,797
1371,335751850,0.12789536721482764,-2063.7249999999995,206372.5,78172.5,115000.0,13200.0,0.0,50,797
1372,558099411,0.1277035241640054,-1921.8749999999993,192187.5,110087.5,68500.0,13600.0,0.0,50,797
1373,899258023,0.1275119688777594,-2373.2749999999996,237327.5,66827.5,157700.0,12800.0,0.0,50,798
1374,156442811,0.12732070092444275,-2233.85,223385.0,77285.0,133300.0,12800.0,0.0,50,798
1375,239008288,0.1271297198730561,-2553.4249999999993,255342.5,61642.5,181700.0,12000.0,0.0,50,798
1376,245330137,0.12693902529324652,-2864.400000000001,286440.0,105990.0,151500.0,13200.0,15750.0,50,798
1377,266692934,0.12674861675530666,-2223.5750000000003,222357.5,100607.5,82000.0,14400.0,25350.0,50,798
1378,294911898,0.1265584938301737,-2686.025,268602.5,119702.5,134100.0,14800.0,0.0,50,798
1379,709137859,0.12636865608942846,-2480.5499999999997,248055.0,66355.0,169700.0,12000.0,0.0,50,798
1380,891903164,0.12617910310529432,-3052.85,305285.0,46985.0,243500.0,14800.0,0.0,50,798
1381,6681257,0.12598983445063638,-2169.1249999999995,216912.5,105812.5,96700.0,14400.0,0.0,50,798
1382,748543059,0.12580084969896044,-2986.4749999999995,298647.5,60447.5,225800.0,12400.0,0.0,50,798
1383,581537588,0.125612148424412,-3690.7250000000004,369072.5,98472.5,95400.0,14400.0,160800.0,50,798
1384,218685724,0.1254237302017754,-1584.6249999999998,158462.5,83562.5,59900.0,14400.0,600.0,50,798
1385,406914908,0.12523559460647277,-2367.5,236750.0,58150.0,157300.0,14800.0,6500.0,50,798
1386,26567429,0.12504774121456305,-1924.2,192420.0,69920.0,110100.0,12400.0,0.0,50,798
1387,736617285,0.12486016960274121,-2281.6,228160.0,72060.0,144900.0,11200.0,0.0,50,798
1388,549077181,0.12467287934833711,-2455.4499999999994,245545.0,59145.0,172800.0,13600.0,0.0,50,798
1389,377919866,0.1244858700293146,-2584.025,258402.5,82202.5,163400.0,12800.0,0.0,50,798
1390,376274438,0.12429914122427065,-3287.75,328775.0,151925.0,136400.0,14000.0,26450.0,50,798
1391,778027873,0.12411269251243424,-2507.8999999999996,250790.0,64290.0,174900.0,11600.0,0.0,50,798
1392,105489158,0.1239265234736656,-2128.95,212895.0,67945.0,113800.0,13200.0,17950.0,50,798
1393,664725844,0.12374063368845512,-1811.0000000000007,181100.0,68300.0,101200.0,11600.0,0.0,50,798
1394,110672809,0.12355502273792245,-2763.9749999999995,276397.5,125947.5,25600.0,11600.0,113250.0,50,798
1395,126843027,0.12336969020381557,-2601.175,260117.5,151217.5,90000.0,14400.0,4500.0,50,798
1396,277712858,0.12318463566850985,-2685.3,268530.0,61330.0,194800.0,12400.0,0.0,50,798
1397,325883481,0.12299985871500708,-2833.225,283322.5,94422.5,176500.0,12400.0,0.0,50,798
1398,888717677,0.12281535892693458,-2416.2,241620.0,74120.0,153100.0,14400.0,0.0,50,798
1399,129623590,0.12263113588854418,-2337.475,233747.5,87347.5,133600.0,12800.0,0.0,50,798
1400,824517232,0.12244718918471137,-2378.1,237810.0,85960.0,125600.0,13200.0,13050.0,50,798
1401,829452012,0.12226351840093432,-2356.825,235682.5,84382.5,138900.0,12400.0,0.0,50,798
1402,361392699,0.12208012312333293,-1978.1000000000004,197810.0,70110.0,114100.0,13600.0,0.0,50,798
1403,56630607,0.12189700293864793,-2743.375,274337.5,73537.5,187200.0,13600.0,0.0,50,798
1404,945722762,0.12171415743423997,-2828.5499999999997,282855.0,84655.0,184600.0,13600.0,0.0,50,798
1405,312253954,0.12153158619808861,-2084.85,208485.0,63585.0,124800.0,14400.0,5700.0,50,800
1406,446941859,0.12134928881879149,-1897.1999999999998,189720.0,68820.0,87800.0,15600.0,17500.0,50,800
1407,537041451,0.12116726488556331,-2523.0499999999997,252305.0,106955.0,96700.0,13200.0,35450.0,50,801
1408,540127520,0.12098551398823497,-1467.675,146767.5,76667.5,57900.0,12000.0,200.0,50,801
1409,500583760,0.12080403571725262,-2662.5250000000005,266252.5,63452.5,189600.0,13200.0,0.0,50,801
1410,595977981,0.12062282966367675,-2450.475,245047.5,87047.5,146000.0,12000.0,0.0,50,801
1411,780374901,0.12044189541918124,-2379.575,237957.5,82257.5,142500.0,13200.0,0.0,50,801
1412,84435726,0.12026123257605248,-1760.4500000000003,176045.0,92545.0,71900.0,11600.0,0.0,50,801
1413,850867387,0.1200808407271884,-2651.4250000000006,265142.5,107642.5,118000.0,12800.0,26700.0,50,801
1414,256459963,0.11990071946609762,-1883.375,188337.5,87537.5,89200.0,11600.0,0.0,50,801
1415,551861002,0.11972086838689848,-2641.9750000000004,264197.5,95597.5,157400.0,11200.0,0.0,50,801
1416,326931255,0.11954128708431813,-3301.8250000000007,330182.5,148082.5,153900.0,12800.0,15400.0,50,801
1417,682197977,0.11936197515369167,-1626.8500000000004,162685.0,82685.0,66800.0,13200.0,0.0,50,801
1418,764763020,0.11918293219096114,-2303.15,230315.0,63315.0,154200.0,12800.0,0.0,50,801
1419,972044081,0.1190041577926747,-2972.8500000000004,297285.0,112885.0,173600.0,10800.0,0.0,50,801
1420,557872766,0.11882565155598569,-2441.1499999999996,244115.0,85015.0,145900.0,13200.0,0.0,50,801
1421,558097844,0.11864741307865172,-2746.25,274625.0,81125.0,179100.0,14400.0,0.0,50,801
1422,918206833,0.11846944195903375,-2177.7749999999996,217777.5,86577.5,118400.0,12800.0,0.0,50,801
1423,406157178,0.11829173779609521,-2830.2499999999995,283025.0,67025.0,202000.0,14000.0,0.0,50,801
1424,887923151,0.11811430018940107,-2371.5250000000005,237152.5,105002.5,117600.0,11200.0,3350.0,50,802
1425,467470032,0.11793712873911698,-2204.0499999999997,220405.0,112805.0,94000.0,13600.0,0.0,50,802
1426,343487642,0.1177602230460083,-2723.0,272300.0,89550.0,165600.0,13600.0,3550.0,50,802
1427,9718017,0.1175835827114393,-2552.5499999999997,255255.0,103855.0,138600.0,12800.0,0.0,50,802
1428,540507274,0.11740720733737214,-2606.7,260670.0,49470.0,199200.0,12000.0,0.0,50,802
1429,481735903,0.1172310965263661,-2306.1499999999996,230615.0,53015.0,164400.0,13200.0,0.0,50,802
1430,258394410,0.11705524988157655,-1958.8999999999996,195890.0,75890.0,67000.0,13200.0,39800.0,50,802
1431,365564547,0.11687966700675419,-2766.825,276682.5,62182.5,202100.0,12400.0,0.0,50,802
1432,661237671,0.11670434750624406,-2660.3499999999985,266035.0,82235.0,114900.0,12400.0,56500.0,50,802
1433,649867625,0.1165292909849847,-2956.649999999999,295665.0,90165.0,193500.0,12000.0,0.0,50,802
1434,339797475,0.11635449704850723,-2488.1250000000005,248812.5,58912.5,176700.0,13200.0,0.0,50,802
1435,901286794,0.11617996530293448,-2546.2249999999995,254622.5,102422.5,134900.0,11600.0,5700.0,50,802
1436,68640325,0.11600569535498008,-3230.400000000001,323040.0,110840.0,200200.0,12000.0,0.0,50,802
1437,438894490,0.11583168681194761,-2441.7999999999997,244180.0,62980.0,168800.0,12400.0,0.0,50,802
1438,940825388,0.1156579392817297,-2035.1999999999996,203520.0,76020.0,115900.0,11600.0,0.0,50,802
1439,926863957,0.1154844523728071,-1872.5500000000009,187255.0,76155.0,97900.0,13200.0,0.0,50,802
1440,686684145,0.1153112256942479,-2305.0499999999997,230505.0,52805.0,163700.0,14000.0,0.0,50,803
1441,899616550,0.11513825885570653,-1786.8000000000002,178680.0,63280.0,102200.0,13200.0,0.0,50,803
1442,323732077,0.11496555146742297,-2849.675,284967.5,55667.5,215700.0,13600.0,0.0,50,803
1443,830257511,0.11479310314022184,-2805.85,280585.0,107735.0,154500.0,12800.0,5550.0,50,804
1444,449785658,0.11462091348551151,-2572.850000000001,257285.0,94885.0,150000.0,12400.0,0.0,50,804
1445,451642732,0.11444898211528325,-2947.325,294732.5,108032.5,174300.0,12400.0,0.0,50,804
1446,517787376,0.11427730864211033,-2879.075,287907.5,80307.5,195600.0,12000.0,0.0,50,804
1447,614737096,0.11410589267914717,-1855.35,185535.0,49835.0,120900.0,14800.0,0.0,50,804
1448,175063899,0.11393473384012845,-2977.2999999999997,297730.0,85230.0,200900.0,11600.0,0.0,50,804
1449,841891081,0.11376383173936826,-3475.274999999999,347527.5,55427.5,279700.0,12400.0,0.0,50,804
1450,392776413,0.11359318599175922,-2606.575,260657.5,104807.5,141100.0,12000.0,2750.0,50,804
1451,932776997,0.11342279621277158,-2370.500000000001,237050.0,68650.0,156000.0,12400.0,0.0,50,804
1452,548609513,0.11325266201845244,-2565.9999999999995,256600.0,83000.0,121000.0,12800.0,39800.0,50,804
1453,67829098,0.11308278302542477,-2617.5500000000006,261755.0,93155.0,158000.0,10400.0,200.0,50,804
1454,370479115,0.11291315885088664,-2901.5499999999997,290155.0,100555.0,179200.0,10400.0,0.0,50,804
1455,916266936,0.11274378911261032,-2264.7500000000005,226475.0,92125.0,114900.0,13200.0,6250.0,50,805
1456,972836929,0.11257467342894141,-2309.3499999999995,230935.0,89335.0,129200.0,12400.0,0.0,50,805
1457,762459124,0.112405811418798,-1985.2749999999999,198527.5,89227.5,94800.0,12000.0,2500.0,50,805
1458,967230919,0.11223720270166981,-1509.8250000000005,150982.5,87082.5,50700.0,13200.0,0.0,50,805
1459,111117189,0.11206884689761731,-1910.475,191047.5,96047.5,82200.0,12800.0,0.0,50,805
1460,728578645,0.1119007436272709,-2902.4500000000003,290245.0,83945.0,193500.0,12800.0,0.0,50,805
1461,469962534,0.11173289251183,-2429.1,242910.0,56310.0,173000.0,13600.0,0.0,50,805
1462,657354729,0.11156529317306225,-2188.25,218825.0,83675.0,87700.0,13600.0,33850.0,50,805
1463,510156876,0.11139794523330267,-1915.9749999999995,191597.5,94697.5,85300.0,11600.0,0.0,50,805
1464,280448206,0.11123084831545271,-2673.05,267305.0,76055.0,152900.0,13600.0,24750.0,50,805
1465,896485725,0.11106400204297955,-3026.9000000000005,302690.0,97590.0,192700.0,12400.0,0.0,50,805
1466,193889931,0.11089740603991509,-1792.1,179210.0,58310.0,107300.0,13600.0,0.0,50,805
1467,70775254,0.11073105993085522,-2546.250000000001,254625.0,89225.0,152200.0,13200.0,0.0,50,805
1468,722705908,0.11056496334095894,-1881.6000000000001,188160.0,114860.0,59700.0,13600.0,0.0,50,805
1469,237926285,0.11039911589594752,-1282.5500000000002,128255.0,72655.0,40000.0,15600.0,0.0,50,805
1470,664890211,0.1102335172221036,-2600.1250000000014,260012.5,93712.5,136700.0,14000.0,15600.0,50,805
1471,275459750,0.11006816694627046,-2479.0500000000006,247905.0,77755.0,146500.0,12800.0,10850.0,50,805
1472,708852811,0.10990306469585107,-2164.3500000000004,216435.0,91735.0,109500.0,15200.0,0.0,50,805
1473,93495131,0.1097382100988073,-2610.0000000000005,261000.0,80700.0,122300.0,13600.0,44400.0,50,805
1474,817909727,0.10957360278365909,-2157.2999999999997,215730.0,56830.0,145300.0,13600.0,0.0,50,805
1475,175144593,0.1094092423794836,-2686.3750000000005,268637.5,84737.5,112000.0,14400.0,57500.0,50,805
1476,954819158,0.10924512851591438,-2295.05,229505.0,78805.0,136700.0,14000.0,0.0,50,805
1477,350165820,0.10908126082314051,-1470.825,147082.5,83782.5,47700.0,15600.0,0.0,50,805
1478,200424251,0.10891763893190581,-1972.1499999999999,197215.0,82515.0,101900.0,12800.0,0.0,50,805
1479,86241028,0.10875426247350796,-1955.4249999999993,195542.5,65742.5,116200.0,13600.0,0.0,50,805
1480,835044564,0.1085911310797977,-2477.800000000001,247780.0,100230.0,131800.0,11600.0,4150.0,50,805
1481,965431826,0.10842824438317801,-2804.4250000000006,280442.5,81642.5,186000.0,12800.0,0.0,50,805
1482,622604338,0.10826560201660325,-3319.6499999999987,331965.0,98115.0,204300.0,11200.0,18350.0,50,805
1483,456993646,0.10810320361357835,-2027.075,202707.5,103607.5,86300.0,12800.0,0.0,50,806
1484,584555792,0.10794104880815798,-1745.825,174582.5,83582.5,77000.0,14000.0,0.0,50,806
1485,883999197,0.10777913723494575,-2280.875,228087.5,59287.5,156000.0,12800.0,0.0,50,806
1486,834756218,0.10761746852909335,-2148.55,214855.0,65155.0,138100.0,11600.0,0.0,50,806
1487,874221487,0.10745604232629971,-1742.1000000000001,174210.0,48810.0,110600.0,14800.0,0.0,50,808
1488,256625323,0.10729485826281027,-2108.7249999999995,210872.5,100472.5,96200.0,10800.0,3400.0,50,808
1489,431255205,0.10713391597541606,-2389.8,238980.0,93680.0,78000.0,12800.0,54500.0,50,808
1490,960902589,0.10697321510145294,-2743.2250000000004,274322.5,89022.5,148800.0,12000.0,24500.0,50,808
1491,348411281,0.10681275527880077,-1955.9250000000002,195592.5,58292.5,122900.0,14400.0,0.0,50,808
1492,63855060,0.10665253614588258,-2089.15,208915.0,73715.0,124000.0,11200.0,0.0,50,808
1493,621230260,0.10649255734166375,-2603.15,260315.0,92215.0,158500.0,9600.0,0.0,50,808
1494,944249732,0.10633281850565127,-2238.5999999999995,223860.0,83060.0,126000.0,14800.0,0.0,50,808
1495,28494646,0.1061733192778928,-2753.8500000000004,275385.0,88585.0,173200.0,13600.0,0.0,50,808
1496,30267494,0.10601405929897596,-2724.475,272447.5,115897.5,132900.0,11600.0,12050.0,50,808
1497,285061758,0.10585503821002751,-3333.775,333377.5,50977.5,268400.0,14000.0,0.0,50,808
1498,443786545,0.10569625565271247,-2523.65,252365.0,96015.0,69600.0,14000.0,72750.0,50,813
1499,938315749,0.1055377112692334,-2177.8500000000004,217785.0,94685.0,111500.0,11600.0,0.0,50,814
1500,241444782,0.10537940470232957,-2255.6,225560.0,69460.0,143700.0,12400.0,0.0,50,814
1501,851568479,0.10522133559527608,-2312.5,231250.0,66150.0,151100.0,14000.0,0.0,50,815
1502,218948412,0.10506350359188317,-2378.0249999999996,237802.5,54402.5,171400.0,12000.0,0.0,50,815
1503,780413868,0.10490590833649535,-2132.2249999999995,213222.5,77822.5,120600.0,14800.0,0.0,50,815
1504,359628609,0.10474854947399062,-2169.9750000000004,216997.5,64797.5,138600.0,13600.0,0.0,50,815
1505,568037653,0.10459142664977963,-2404.725,240472.5,105572.5,120100.0,14800.0,0.0,50,815
1506,768337699,0.10443453950980497,-2534.6249999999995,253462.5,70162.5,171300.0,12000.0,0.0,50,815
1507,173812345,0.10427788770054026,-2182.8250000000007,218282.5,91682.5,113000.0,13600.0,0.0,50,815
1508,157667057,0.10412147086898946,-2487.425,248742.5,70342.5,167600.0,10800.0,0.0,50,815
1509,203209361,0.10396528866268598,-2491.2250000000004,249122.5,81322.5,156200.0,11600.0,0.0,50,816
1510,900270332,0.10380934072969196,-2420.9249999999993,242092.5,54392.5,175700.0,12000.0,0.0,50,816
1511,248360335,0.10365362671859743,-1878.3,187830.0,57830.0,117200.0,12800.0,0.0,50,816
1512,164839809,0.10349814627851954,-2001.6250000000002,200162.5,57662.5,127700.0,14800.0,0.0,50,817
1513,537019360,0.10334289905910177,-2183.5000000000005,218350.0,72350.0,133200.0,12800.0,0.0,50,817
1514,946843211,0.10318788471051311,-2070.2999999999993,207030.0,56430.0,137000.0,13600.0,0.0,50,817
1515,501633668,0.10303310288344734,-2658.6000000000004,265860.0,81760.0,170100.0,14000.0,0.0,50,817
1516,195097798,0.10287855322912218,-2391.8250000000007,239182.5,76132.5,120500.0,12000.0,30550.0,50,819
1517,84476012,0.1027242353992785,-2086.3999999999996,208640.0,90440.0,105000.0,13200.0,0.0,50,819
1518,323326212,0.10257014904617959,-2395.1249999999995,239512.5,72712.5,155200.0,11600.0,0.0,50,819
1519,970714620,0.10241629382261032,-2303.825,230382.5,83182.5,134800.0,12400.0,0.0,50,819
1520,841449058,0.1022626693818764,-2251.0750000000003,225107.5,106407.5,99300.0,12800.0,6600.0,50,819
1521,392121996,0.1021092753778036,-2425.95,242595.0,54795.0,175800.0,12000.0,0.0,50,819
1522,788623181,0.10195611146473689,-2537.6000000000004,253760.0,63560.0,177000.0,13200.0,0.0,50,819
1523,470032149,0.10180317729753979,-2496.7000000000007,249670.0,74070.0,163600.0,12000.0,0.0,50,819
1524,83702950,0.10165047253159348,-2802.4,280240.0,113340.0,154500.0,12400.0,0.0,50,819
1525,671207075,0.1014979968227961,-2345.1,234510.0,66910.0,154400.0,13200.0,0.0,50,819
1526,615786030,0.1013457498275619,-2112.225,211222.5,72822.5,125200.0,13200.0,0.0,50,819
1527,746405373,0.10119373120282057,-1982.4999999999995,198250.0,68450.0,114600.0,15200.0,0.0,50,819
1528,817925411,0.10104194060601634,-2774.0,277400.0,49600.0,215000.0,12800.0,0.0,50,819
1529,98352566,0.10089037769510732,-2052.2,205220.0,73820.0,88200.0,12800.0,30400.0,50,819
1530,560753379,0.10073904212856466,-2011.1499999999999,201115.0,70315.0,118400.0,12400.0,0.0,50,820
1531,15015116,0.10058793356537182,-2490.8499999999995,249085.0,78185.0,158900.0,12000.0,0.0,50,820
1532,250749245,0.10043705166502377,-2500.274999999999,250027.5,50327.5,186500.0,13200.0,0.0,50,820
1533,794645655,0.10028639608752624,-2331.6750000000006,233167.5,64967.5,157400.0,10800.0,0.0,50,820
1534,536517773,0.10013596649339496,-1481.9500000000003,148195.0,63495.0,71100.0,13600.0,0.0,50,820
1535,130842431,0.09998576254365486,-2525.9,252590.0,125640.0,58100.0,14400.0,54450.0,50,820
1536,73796509,0.09983578389983938,-2565.3500000000004,256535.0,68435.0,175700.0,12400.0,0.0,50,820
1537,622223125,0.09968603022398963,-2157.3500000000004,215735.0,75035.0,128700.0,12000.0,0.0,50,820
1538,428525337,0.09953650117865365,-2699.5249999999996,269952.5,116902.5,124300.0,14800.0,13950.0,50,820
1539,111337514,0.09938719642688568,-2542.0000000000005,254200.0,101100.0,139500.0,13600.0,0.0,50,820
1540,567032097,0.09923811563224536,-2762.1249999999995,276212.5,127912.5,121100.0,14000.0,13200.0,50,820
1541,765259461,0.09908925845879699,-2329.3499999999995,232935.0,113935.0,105800.0,13200.0,0.0,50,820
1542,38173691,0.09894062457110879,-2985.1,298510.0,151660.0,91600.0,15200.0,40050.0,50,820
1543,463808703,0.09879221363425213,-1443.45,144345.0,65445.0,64100.0,14800.0,0.0,50,820
1544,936136071,0.09864402531380076,-2506.7500000000005,250675.0,110375.0,127500.0,12800.0,0.0,50,820
1545,979471097,0.09849605927583006,-2014.6249999999998,201462.5,86162.5,99300.0,16000.0,0.0,50,820
1546,379505814,0.09834831518691632,-2258.1750000000006,225817.5,90417.5,122600.0,12800.0,0.0,50,820
1547,253957518,0.09820079271413595,-2311.9250000000006,231192.5,79742.5,136400.0,13600.0,1450.0,50,820
1548,657646447,0.09805349152506476,-2760.0000000000005,276000.0,60200.0,203400.0,12400.0,0.0,50,820
1549,609696328,0.09790641128777718,-2031.175,203117.5,112817.5,77900.0,12400.0,0.0,50,820
1550,431802423,0.09775955167084552,-2270.3750000000005,227037.5,101637.5,111800.0,13600.0,0.0,50,820
1551,498976616,0.09761291234333926,-3008.3249999999994,300832.5,62032.5,224400.0,14400.0,0.0,50,820
1552,945373456,0.09746649297482425,-2481.2000000000007,248120.0,53820.0,180700.0,13600.0,0.0,50,820
1553,956587009,0.09732029323536202,-2093.2499999999995,209325.0,60925.0,134400.0,14000.0,0.0,50,820
1554,952653665,0.09717431279550899,-2048.8500000000004,204885.0,99485.0,91000.0,14400.0,0.0,50,820
1555,259015680,0.09702855132631573,-2745.3250000000007,274532.5,65932.5,197000.0,11600.0,0.0,50,820
1556,589950733,0.09688300849932627,-2798.1500000000005,279815.0,78615.0,189200.0,12000.0,0.0,50,820
1557,96834716,0.09673768398657728,-1413.0250000000003,141302.5,67702.5,59600.0,14000.0,0.0,50,820
1558,522939019,0.09659257746059742,-2139.2,213920.0,80870.0,106500.0,13200.0,13350.0,50,820
1559,245396306,0.09644768859440653,-2222.925,222292.5,86792.5,122700.0,12800.0,0.0,50,820
1560,747870151,0.09630301706151492,-2799.575,279957.5,111307.5,135500.0,12400.0,20750.0,50,820
1561,455673072,0.09615856253592266,-2831.025,283102.5,136902.5,88500.0,13200.0,44500.0,50,820
1562,53839575,0.09601432469211878,-1612.0250000000003,161202.5,74102.5,73500.0,13600.0,0.0,50,820
1563,978258052,0.09587030320508061,-2320.65,232065.0,72765.0,148500.0,10800.0,0.0,50,820
1564,320927761,0.09572649775027299,-1978.3500000000004,197835.0,78035.0,104600.0,15200.0,0.0,50,820
1565,491956837,0.09558290800364759,-1870.8249999999996,187082.5,79382.5,94500.0,13200.0,0.0,50,820
1566,297200138,0.09543953364164212,-2795.0499999999997,279505.0,96705.0,166000.0,11600.0,5200.0,50,820
1567,158508834,0.09529637434117966,-1905.875,190587.5,107487.5,69500.0,13600.0,0.0,50,820
1568,469140754,0.0951534297796679,-2198.275,219827.5,64427.5,142600.0,12800.0,0.0,50,820
1569,759969382,0.0950106996349984,-2290.1,229010.0,61710.0,152900.0,14400.0,0.0,50,820
1570,218977608,0.09486818358554591,-1621.3000000000004,162130.0,92530.0,55200.0,14400.0,0.0,50,820
1571,397202728,0.0947258813101676,-2377.6249999999995,237762.5,80462.5,143700.0,13600.0,0.0,50,820
1572,301788706,0.09458379248820235,-2521.6000000000004,252160.0,117060.0,122000.0,12400.0,700.0,50,820
1573,103286699,0.09444191679947006,-2340.125,234012.5,95212.5,126800.0,12000.0,0.0,50,820
1574,394373848,0.09430025392427085,-2335.899999999999,233590.0,50090.0,169100.0,14400.0,0.0,50,820
1575,546904778,0.09415880354338445,-1986.6249999999993,198662.5,85662.5,102200.0,10800.0,0.0,50,820
1576,305032831,0.09401756533806938,-1707.825,170782.5,73582.5,83600.0,13600.0,0.0,50,820
1577,343626756,0.09387653899006228,-2594.6000000000004,259460.0,102960.0,144500.0,12000.0,0.0,50,820
1578,975312572,0.09373572418157719,-2507.4,250740.0,77540.0,161200.0,12000.0,0.0,50,821
1579,65904268,0.09359512059530482,-3117.6,311760.0,102560.0,196000.0,13200.0,0.0,50,821
1580,384252997,0.09345472791441187,-2563.375,256337.5,86737.5,157200.0,12400.0,0.0,50,821
1581,860616019,0.09331454582254026,-2150.0750000000003,215007.5,127907.5,62000.0,12800.0,12300.0,50,821
1582,509974085,0.09317457400380645,-1762.175,176217.5,79717.5,83700.0,12800.0,0.0,50,821
1583,261449124,0.09303481214280075,-1830.35,183035.0,109885.0,50000.0,13600.0,9550.0,50,823
1584,262640787,0.09289525992458655,-1775.1250000000002,177512.5,100512.5,47500.0,13600.0,15900.0,50,823
1585,955827547,0.09275591703469968,-2883.9500000000003,288395.0,94145.0,128900.0,14400.0,50950.0,50,823
1586,806306056,0.09261678315914763,-1941.6999999999996,194170.0,113620.0,48000.0,11600.0,20950.0,50,823
1587,723854523,0.09247785798440891,-1956.875,195687.5,81987.5,101300.0,12400.0,0.0,50,823
1588,501594653,0.0923391411974323,-2004.0249999999996,200402.5,94002.5,92000.0,14400.0,0.0,50,823
1589,93869117,0.09220063248563616,-2329.8249999999994,232982.5,101682.5,117700.0,13600.0,0.0,50,823
1590,928133517,0.09206233153690771,-2523.499999999999,252350.0,51450.0,187300.0,13600.0,0.0,50,823
1591,514481256,0.09192423803960235,-2751.3999999999996,275140.0,116590.0,134500.0,12000.0,12050.0,50,823
1592,390922482,0.09178635168254295,-1587.1999999999998,158720.0,62520.0,83000.0,13200.0,0.0,50,823
1593,958297355,0.09164867215501915,-2807.050000000001,280705.0,61305.0,207800.0,11600.0,0.0,50,823
1594,35176582,0.09151119914678663,-2459.2250000000004,245922.5,95122.5,139200.0,11600.0,0.0,50,823
1595,916812833,0.09137393234806646,-1642.6999999999994,164270.0,64170.0,86100.0,14000.0,0.0,50,823
1596,644111554,0.09123687144954436,-3587.1249999999995,358712.5,132562.5,169300.0,11200.0,45650.0,50,823
1597,464508060,0.09110001614237005,-2418.6,241860.0,129360.0,80300.0,13600.0,18600.0,50,823
1598,233268592,0.0909633661181565,-2652.6499999999996,265265.0,101865.0,151000.0,12400.0,0.0,50,823
1599,36111006,0.09082692106897927,-1624.9499999999998,162495.0,102745.0,45900.0,13600.0,250.0,50,827
1600,895098906,0.0906906806873758,-2756.8,275680.0,67380.0,173600.0,12400.0,22300.0,50,827
1601,214903680,0.09055464466634475,-1466.875,146687.5,78687.5,54000.0,14000.0,0.0,50,827
1602,573572352,0.09041881269934524,-1716.1499999999999,171615.0,70815.0,88000.0,12800.0,0.0,50,827
1603,228187607,0.09028318448029622,-2567.65,256765.0,106365.0,138400.0,12000.0,0.0,50,827
1604,531720852,0.09014775970357579,-2538.750000000001,253875.0,103675.0,118700.0,12400.0,19100.0,50,827
1605,710795678,0.09001253806402043,-2618.9750000000013,261897.5,50997.5,198500.0,12400.0,0.0,50,827
1606,964899486,0.0898775192569244,-2243.5750000000003,224357.5,66357.5,145200.0,12800.0,0.0,50,827
1607,250569982,0.08974270297803902,-1910.7,191070.0,89870.0,86400.0,14800.0,0.0,50,827
1608,702502306,0.08960808892357197,-2583.025,258302.5,77302.5,166600.0,14400.0,0.0,50,827
1609,910866084,0.08947367679018661,-2734.75,273475.0,62975.0,198500.0,12000.0,0.0,50,827
1610,980247760,0.08933946627500133,-2114.8750000000005,211487.5,48087.5,149400.0,14000.0,0.0,50,827
1611,774497084,0.08920545707558884,-2688.1,268810.0,109210.0,146400.0,13200.0,0.0,50,827
1612,341615067,0.08907164888997546,-2362.1499999999996,236215.0,110315.0,106900.0,12400.0,6600.0,50,827
1613,900034869,0.0889380414166405,-2544.5,254450.0,111750.0,131900.0,10800.0,0.0,50,827
1614,134226526,0.08880463435451554,-2438.4000000000005,243840.0,115440.0,114400.0,14000.0,0.0,50,827
1615,92996434,0.08867142740298377,-2008.0000000000005,200800.0,99600.0,87600.0,13600.0,0.0,50,827
1616,477320133,0.0885384202618793,-2795.4000000000005,279540.0,55340.0,211800.0,12400.0,0.0,50,827
1617,325092996,0.08840561263148648,-2388.4749999999995,238847.5,79847.5,145800.0,13200.0,0.0,50,827
1618,900745024,0.08827300421253925,-2640.2250000000004,264022.5,110822.5,140000.0,13200.0,0.0,50,827
1619,64700821,0.08814059470622045,-2228.725,222872.5,97672.5,112400.0,12800.0,0.0,50,827
1620,306539146,0.08800838381416112,-2230.5,223050.0,73950.0,138300.0,10800.0,0.0,50,827
1621,233612089,0.08787637123843989,-3134.8250000000003,313482.5,134682.5,156800.0,13600.0,8400.0,50,827
1622,769192772,0.08774455668158224,-2117.8750000000005,211787.5,96637.5,100900.0,13600.0,650.0,50,827
1623,188281614,0.08761293984655986,-2009.6750000000002,200967.5,109317.5,78200.0,12400.0,1050.0,50,827
1624,175880520,0.08748152043679003,-2359.275,235927.5,141127.5,59900.0,14400.0,20500.0,50,827
1625,959679673,0.08735029815613485,-2569.775,256977.5,99177.5,146600.0,11200.0,0.0,50,827
1626,349140799,0.08721927270890065,-3333.175,333317.5,150217.5,167100.0,16000.0,0.0,50,827
1627,685725034,0.0870884437998373,-2076.4750000000004,207647.5,84347.5,111300.0,12000.0,0.0,50,827
1628,460024896,0.08695781113413754,-3325.05,332505.0,141805.0,157000.0,10800.0,22900.0,50,827
1629,202735864,0.08682737441743635,-1819.95,181995.0,76995.0,75100.0,14000.0,15900.0,50,827
1630,549802348,0.0866971333558102,-2066.6499999999996,206665.0,105465.0,87200.0,14000.0,0.0,50,827
1631,712567452,0.08656708765577649,-1650.0750000000005,165007.5,87107.5,63100.0,14800.0,0.0,50,827
1632,357023925,0.08643723702429283,-2373.4499999999994,237345.0,105695.0,105000.0,13600.0,13050.0,50,827
1633,607594699,0.08630758116875639,-2683.8249999999994,268382.5,116382.5,126900.0,12400.0,12700.0,50,827
1634,658437896,0.08617811979700327,-2732.55,273255.0,57855.0,202200.0,13200.0,0.0,50,827
1635,291676912,0.08604885261730777,-2645.8500000000004,264585.0,117535.0,124900.0,12400.0,9750.0,50,827
1636,469944739,0.08591977933838181,-2219.025,221902.5,104602.5,104100.0,13200.0,0.0,50,827
1637,413821171,0.08579089966937424,-2926.275000000001,292627.5,141227.5,57200.0,14400.0,79800.0,50,827
1638,501504974,0.08566221331987019,-1996.075,199607.5,82657.5,92200.0,11600.0,13150.0,50,827
1639,681412744,0.08553371999989039,-2248.5000000000005,224850.0,82150.0,130300.0,12400.0,0.0,50,827
1640,776174773,0.08540541941989055,-2079.025,207902.5,60002.5,134700.0,13200.0,0.0,50,827
1641,284199085,0.08527731129076072,-2763.15,276315.0,105915.0,137200.0,13200.0,20000.0,50,827
1642,223087271,0.08514939532382458,-2579.7500000000005,257975.0,115475.0,128500.0,14000.0,0.0,50,827
1643,976845275,0.08502167123083886,-1543.2749999999999,154327.5,81827.5,58900.0,13600.0,0.0,50,828
1644,789223397,0.0848941387239926,-2564.7000000000003,256470.0,94370.0,148900.0,13200.0,0.0,50,828
1645,119965539,0.08476679751590661,-2498.35,249835.0,49535.0,186300.0,14000.0,0.0,50,828
1646,145994841,0.08463964731963276,-2411.775,241177.5,89877.5,138900.0,12400.0,0.0,50,828
1647,21963157,0.08451268784865332,-2380.7999999999997,238080.0,97880.0,129800.0,10400.0,0.0,50,828
1648,942962384,0.08438591881688035,-2695.375,269537.5,105137.5,152000.0,12400.0,0.0,50,828
1649,331972466,0.08425933993865503,-2735.1000000000004,273510.0,106010.0,155100.0,12400.0,0.0,50,828
1650,442454164,0.08413295092874705,-2543.625,254362.5,100962.5,139400.0,14000.0,0.0,50,828
1651,982133976,0.08400675150235393,-3024.0750000000003,302407.5,121757.5,156400.0,14000.0,10250.0,50,828
1652,726073235,0.0838807413751004,-2667.2000000000003,266720.0,75020.0,180100.0,11600.0,0.0,50,828
1653,856151666,0.08375492026303775,-2645.2999999999997,264530.0,125380.0,99000.0,12000.0,28150.0,50,828
1654,693406425,0.0836292878826432,-1907.4750000000001,190747.5,59597.5,85700.0,14000.0,31450.0,50,830
1655,966100981,0.08350384395081925,-2647.3749999999995,264737.5,48937.5,201800.0,14000.0,0.0,50,830
1656,721715143,0.08337858818489302,-2325.1499999999996,232515.0,136515.0,71500.0,15200.0,9300.0,50,830
1657,28972096,0.08325352030261568,-3540.424999999999,354042.5,79142.5,260000.0,14000.0,900.0,50,831
1658,863553518,0.08312864002216176,-3409.4000000000005,340940.0,70340.0,245000.0,11600.0,14000.0,50,831
1659,429609049,0.08300394706212852,-2018.175,201817.5,64717.5,124300.0,12800.0,0.0,50,831
1660,48999441,0.08287944114153534,-2555.3500000000004,255535.0,52635.0,190100.0,12800.0,0.0,50,831
1661,253136404,0.08275512197982304,-2140.0499999999997,214005.0,61905.0,140500.0,11600.0,0.0,50,832
1662,633233641,0.08263098929685331,-2515.3,251530.0,40930.0,198200.0,12400.0,0.0,50,832
1663,167119112,0.08250704281290804,-1850.1750000000002,185017.5,91517.5,79900.0,13600.0,0.0,50,832
1664,839875484,0.08238328224868868,-2273.2750000000005,227327.5,78927.5,135200.0,13200.0,0.0,50,832
1665,120027574,0.08225970732531565,-2343.7749999999996,234377.5,79977.5,140000.0,14400.0,0.0,50,832
1666,84989191,0.08213631776432768,-2704.9500000000007,270495.0,79995.0,177700.0,12800.0,0.0,50,832
1667,879147954,0.0820131132876812,-2952.05,295205.0,102455.0,178900.0,11200.0,2650.0,50,832
1668,801398961,0.08189009361774968,-2330.5499999999997,233055.0,72955.0,147700.0,12400.0,0.0,50,832
1669,654076025,0.08176725847732307,-2643.3499999999995,264335.0,93435.0,159300.0,11600.0,0.0,50,832
1670,799105838,0.08164460758960708,-2452.9249999999997,245292.5,101242.5,116600.0,11600.0,15850.0,50,832
1671,942135525,0.08152214067822268,-2702.425000000001,270242.5,51242.5,207000.0,12000.0,0.0,50,832
1672,513814460,0.08139985746720535,-2639.675,263967.5,74767.5,176000.0,13200.0,0.0,50,832
1673,916626732,0.08127775768100455,-2136.2749999999996,213627.5,144477.5,18700.0,15200.0,35250.0,50,836
1674,189229153,0.08115584104448305,-3044.8500000000004,304485.0,58485.0,232000.0,14000.0,0.0,50,836
1675,673109027,0.08103410728291632,-2738.4499999999994,273845.0,133745.0,127000.0,12400.0,700.0,50,836
1676,802079807,0.08091255612199195,-2821.8250000000007,282182.5,79582.5,189400.0,13200.0,0.0,50,836
1677,40269473,0.08079118728780897,-2063.875,206387.5,81987.5,110400.0,14000.0,0.0,50,837
1678,800985237,0.08067000050687727,-2443.1500000000005,244315.0,91715.0,140600.0,12000.0,0.0,50,837
1679,448846251,0.08054899550611695,-2904.025,290402.5,124252.5,137100.0,12800.0,16250.0,50,837
1680,384739761,0.08042817201285778,-1571.0999999999997,157110.0,79710.0,62600.0,14800.0,0.0,50,837
1681,452254272,0.0803075297548385,-3182.575000000001,318257.5,98457.5,206600.0,13200.0,0.0,50,837
1682,824252121,0.08018706846020625,-2860.5750000000003,286057.5,68257.5,204600.0,13200.0,0.0,50,837
1683,942041666,0.08006678785751595,-1866.6,186660.0,70660.0,103200.0,12800.0,0.0,50,837
1684,290764856,0.07994668767572968,-2796.375,279637.5,93837.5,145200.0,11600.0,29000.0,50,838
1685,919609810,0.07982676764421609,-2441.3,244130.0,63130.0,169800.0,11200.0,0.0,50,838
1686,226268906,0.07970702749274977,-2377.5499999999993,237755.0,92355.0,131800.0,13600.0,0.0,50,839
1687,551979200,0.07958746695151066,-2410.2749999999996,241027.5,122227.5,105600.0,13200.0,0.0,50,839
1688,233465896,0.0794680857510834,-2949.2250000000004,294922.5,106422.5,161300.0,13200.0,14000.0,50,839
1689,301213905,0.07934888362245678,-2770.7500000000005,277075.0,50675.0,213600.0,12800.0,0.0,50,840
1690,877714252,0.0792298602970231,-1629.0500000000002,162905.0,100905.0,49200.0,12800.0,0.0,50,841
1691,651523841,0.07911101550657756,-2229.8749999999995,222987.5,72887.5,138900.0,11200.0,0.0,50,841
1692,677723482,0.07899234898331771,-2823.1749999999997,282317.5,123117.5,145800.0,12000.0,1400.0,50,841
1693,645835924,0.07887386045984274,-3290.774999999999,329077.5,109977.5,179500.0,11200.0,28400.0,50,841
1694,222292717,0.07875554966915298,-2598.2249999999995,259822.5,80022.5,166600.0,13200.0,0.0,50,841
1695,255889581,0.07863741634464926,-2743.349999999999,274335.0,85335.0,176200.0,12800.0,0.0,50,841
1696,107940915,0.07851946022013229,-2395.2750000000005,239527.5,79627.5,149500.0,10400.0,0.0,50,841
1697,359782202,0.07840168102980209,-2209.575,220957.5,79557.5,105300.0,11600.0,24500.0,50,842
1698,782670784,0.07828407850825739,-2543.225,254322.5,54922.5,186600.0,12800.0,0.0,50,842
1699,531909206,0.078166652390495,-2159.425,215942.5,59042.5,143700.0,13200.0,0.0,50,842
1700,883205872,0.07804940241190926,-2167.7750000000005,216777.5,71477.5,132100.0,13200.0,0.0,50,842
1701,325579312,0.0779323283082914,-2016.0000000000005,201600.0,62800.0,124000.0,14800.0,0.0,50,843
1702,899965151,0.07781542981582897,-1844.5,184450.0,118450.0,52800.0,13200.0,0.0,50,843
1703,307518734,0.07769870667110522,-2326.9500000000007,232695.0,128945.0,72300.0,13600.0,17850.0,50,843
1704,368039795,0.07758215861109856,-2937.575,293757.5,125807.5,93700.0,14000.0,60250.0,50,843
1705,296879193,0.07746578537318191,-2278.9499999999994,227895.0,69495.0,143200.0,15200.0,0.0,50,843
1706,30656320,0.07734958669512214,-2554.3250000000007,255432.5,78432.5,118200.0,13600.0,45200.0,50,843
1707,491508761,0.07723356231507945,-2683.7749999999996,268377.5,51677.5,203500.0,13200.0,0.0,50,843
1708,258212720,0.07711771197160684,-2814.4249999999997,281442.5,70042.5,199000.0,12400.0,0.0,50,843
1709,158888064,0.07700203540364943,-3124.199999999999,312420.0,56320.0,243300.0,12800.0,0.0,50,843
1710,907380836,0.07688653235054396,-3003.125000000001,300312.5,103962.5,109700.0,14000.0,72650.0,50,843
1711,67204793,0.07677120255201815,-2266.2000000000003,226620.0,107120.0,107500.0,12000.0,0.0,50,843
1712,790416964,0.07665604574819013,-1839.1999999999996,183920.0,62020.0,107900.0,14000.0,0.0,50,843
1713,733016483,0.07654106167956784,-3401.05,340105.0,56805.0,270500.0,12800.0,0.0,50,843
1714,609277109,0.0764262500870485,-2600.0499999999997,260005.0,126305.0,120100.0,13600.0,0.0,50,843
1715,823278282,0.07631161071191793,-3182.8999999999996,318290.0,127990.0,133900.0,13600.0,42800.0,50,843
1716,366544312,0.07619714329585006,-2265.625,226562.5,74362.5,141400.0,10800.0,0.0,50,843
1717,321988202,0.07608284758090629,-2194.4249999999997,219442.5,101942.5,103100.0,14400.0,0.0,50,843
1718,399393810,0.07596872330953494,-2169.55,216955.0,119055.0,83900.0,14000.0,0.0,50,843
1719,108027668,0.07585477022457064,-3073.5,307350.0,76350.0,219800.0,11200.0,0.0,50,843
1720,654900049,0.0757409880692338,-3280.4749999999995,328047.5,114097.5,188300.0,12400.0,13250.0,50,843
1721,474301125,0.07562737658712995,-2446.325,244632.5,92132.5,139300.0,13200.0,0.0,50,843
1722,454989865,0.07551393552224926,-2155.2,215520.0,74920.0,127400.0,13200.0,0.0,50,843
1723,510101526,0.0754006646189659,-2984.524999999999,298452.5,48952.5,238300.0,11200.0,0.0,50,843
1724,877982629,0.07528756362203745,-2106.95,210695.0,85995.0,109500.0,15200.0,0.0,50,843
1725,611561349,0.0751746322766044,-1957.425,195742.5,88642.5,69600.0,15200.0,22300.0,50,844
1726,332571383,0.07506187032818949,-2595.7000000000003,259570.0,107470.0,139700.0,12400.0,0.0,50,844
1727,390621179,0.07494927752269721,-2005.675,200567.5,81667.5,105300.0,13600.0,0.0,50,845
1728,919844190,0.07483685360641318,-3035.0750000000003,303507.5,93807.5,198500.0,11200.0,0.0,50,845
1729,904110189,0.07472459832600356,-2832.1000000000004,283210.0,88910.0,181500.0,12800.0,0.0,50,845
1730,924925490,0.07461251142851456,-2043.3000000000002,204330.0,78230.0,113300.0,12800.0,0.0,50,845
1731,647419275,0.0745005926613718,-2392.025,239202.5,71302.5,155100.0,12800.0,0.0,50,845
1732,579645641,0.07438884177237974,-2853.4500000000007,285345.0,72345.0,202200.0,10800.0,0.0,50,845
1733,565121398,0.07427725850972118,-3237.9,323790.0,90640.0,129400.0,11600.0,92150.0,50,845
1734,917993796,0.0741658426219566,-2480.1749999999993,248017.5,74917.5,160300.0,12800.0,0.0,50,845
1735,872217427,0.07405459385802368,-2000.9749999999995,200097.5,82197.5,104300.0,13600.0,0.0,50,845
1736,859032940,0.07394351196723666,-1699.1750000000002,169917.5,71417.5,83300.0,15200.0,0.0,50,845
1737,927253489,0.07383259669928581,-2570.6749999999997,257067.5,78967.5,166100.0,12000.0,0.0,50,845
1738,19168580,0.07372184780423688,-2730.0,273000.0,129800.0,130800.0,12400.0,0.0,50,845
1739,443732595,0.07361126503253053,-2054.9000000000005,205490.0,83790.0,108500.0,13200.0,0.0,50,845
1740,580904320,0.07350084813498174,-1452.0999999999997,145210.0,120810.0,10000.0,14400.0,0.0,50,845
1741,836152421,0.07339059686277927,-2512.425,251242.5,104042.5,133600.0,13600.0,0.0,50,845
1742,256154302,0.0732805109674851,-2726.0249999999996,272602.5,95002.5,164000.0,13600.0,0.0,50,845
1743,664212585,0.07317059020103388,-3042.9249999999997,304292.5,106292.5,186000.0,12000.0,0.0,50,845
1744,438620447,0.07306083431573233,-2665.0750000000003,266507.5,106907.5,144800.0,14800.0,0.0,50,845
1745,230838767,0.07295124306425874,-2657.0,265700.0,94200.0,141900.0,12400.0,17200.0,50,845
1746,810268587,0.07284181619966235,-2493.6000000000004,249360.0,94660.0,143100.0,11600.0,0.0,50,845
1747,603031097,0.07273255347536285,-2051.8250000000007,205182.5,93682.5,97500.0,14000.0,0.0,50,845
1748,632292180,0.07262345464514981,-2275.125,227512.5,77912.5,136400.0,13200.0,0.0,50,845
1749,551224774,0.07251451946318209,-2146.0999999999995,214610.0,96810.0,103800.0,14000.0,0.0,50,845
1750,906334044,0.07240574768398732,-2224.65,222465.0,96165.0,103100.0,14400.0,8800.0,50,845
1751,126155949,0.07229713906246134,-2718.875,271887.5,123087.5,131000.0,12800.0,5000.0,50,845
1752,142083295,0.07218869335386766,-1254.1249999999998,125412.5,73012.5,36400.0,16000.0,0.0,50,845
1753,663290191,0.07208041031383686,-2388.725,238872.5,92972.5,133500.0,12400.0,0.0,50,845
1754,820699127,0.07197228969836611,-2886.2749999999996,288627.5,91827.5,177200.0,11600.0,8000.0,50,845
1755,736291903,0.07186433126381857,-3726.4750000000004,372647.5,97047.5,264000.0,11600.0,0.0,50,845
1756,366915944,0.07175653476692284,-1886.8,188680.0,86980.0,86900.0,14800.0,0.0,50,846
1757,643297280,0.07164889996477246,-2265.175,226517.5,88717.5,123800.0,14000.0,0.0,50,846
1758,377212282,0.07154142661482531,-2219.425,221942.5,94642.5,114500.0,12800.0,0.0,50,846
1759,163860231,0.07143411447490307,-2011.4249999999997,201142.5,95142.5,94000.0,12000.0,0.0,50,846
1760,152775907,0.07132696330319072,-2335.7750000000005,233577.5,108177.5,95800.0,13200.0,16400.0,50,847
1761,386719258,0.07121997285823593,-2251.4500000000003,225145.0,94495.0,107600.0,11200.0,11850.0,50,847
1762,3169068,0.07111314289894859,-2541.849999999999,254185.0,74485.0,165700.0,14000.0,0.0,50,847
1763,291953572,0.07100647318460017,-2804.0,280400.0,84400.0,184800.0,11200.0,0.0,50,847
1764,368939418,0.07089996347482327,-2346.199999999999,234620.0,90720.0,100100.0,13600.0,30200.0,50,847
1765,232935427,0.07079361352961104,-1999.8249999999996,199982.5,81282.5,105100.0,13600.0,0.0,50,847
1766,239228229,0.07068742310931662,-1919.275,191927.5,71727.5,106600.0,13600.0,0.0,50,847
1767,912367395,0.07058139197465266,-1118.85,111885.0,86885.0,10200.0,14800.0,0.0,50,849
1768,831702233,0.07047551988669068,-2101.0750000000007,210107.5,99157.5,86300.0,14800.0,9850.0,50,849
1769,732316666,0.07036980660686065,-2210.4749999999995,221047.5,83147.5,124300.0,13600.0,0.0,50,849
1770,379665511,0.07026425189695036,-2453.624999999999,245362.5,49262.5,182900.0,13200.0,0.0,50,849
1771,88678291,0.07015885551910495,-3135.35,313535.0,91235.0,210700.0,11600.0,0.0,50,849
1772,145471631,0.07005361723582629,-2628.999999999999,262900.0,53100.0,195400.0,14400.0,0.0,50,851
1773,534087825,0.06994853680997255,-2371.95,237195.0,99295.0,95700.0,12000.0,30200.0,50,851
1774,775236282,0.0698436140047576,-2491.55,249155.0,51455.0,184900.0,12800.0,0.0,50,851
1775,194235754,0.06973884858375046,-1419.8249999999996,141982.5,72882.5,56700.0,12400.0,0.0,50,852
1776,334804529,0.06963424031087484,-1832.175,183217.5,65717.5,103100.0,14400.0,0.0,50,852
1777,955036122,0.06952978895040852,-2231.6,223160.0,84560.0,125800.0,12800.0,0.0,50,853
1778,714568614,0.06942549426698291,-2169.4500000000007,216945.0,75845.0,129100.0,12000.0,0.0,50,853
1779,375557630,0.06932135602558244,-2304.3500000000004,230435.0,78035.0,136000.0,13200.0,3200.0,50,853
1780,80318794,0.06921737399154407,-2445.275,244527.5,106927.5,125200.0,12400.0,0.0,50,853
1781,770301251,0.06911354793055675,-2880.65,288065.0,112515.0,148700.0,12400.0,14450.0,50,853
1782,64269387,0.06900987760866092,-2173.724999999999,217372.5,62972.5,140800.0,13600.0,0.0,50,855
1783,260405084,0.06890636279224793,-1724.4749999999997,172447.5,66547.5,92300.0,13600.0,0.0,50,855
1784,640838963,0.06880300324805956,-2452.3500000000004,245235.0,116735.0,114500.0,14000.0,0.0,50,855
1785,835550835,0.06869979874318748,-3106.7249999999995,310672.5,95472.5,203200.0,12000.0,0.0,50,855
1786,962617649,0.0685967490450727,-1624.6,162460.0,77260.0,73600.0,11600.0,0.0,50,856
1787,669500591,0.06849385392150509,-2607.9,260790.0,103490.0,144500.0,12800.0,0.0,50,856
1788,116758705,0.06839111314062284,-2325.4,232540.0,71440.0,141800.0,14800.0,4500.0,50,856
1789,368632934,0.06828852647091191,-3014.9999999999995,301500.0,90100.0,199000.0,12400.0,0.0,50,856
1790,723898719,0.06818609368120554,-2674.3999999999987,267440.0,103490.0,82100.0,13200.0,68650.0,50,856
1791,764587680,0.06808381454068374,-1773.5499999999995,177355.0,110155.0,53200.0,14000.0,0.0,50,856
1792,917483874,0.06798168881887272,-1953.4,195340.0,75440.0,61200.0,14800.0,43900.0,50,856
1793,974058534,0.06787971628564442,-2994.75,299475.0,132875.0,132000.0,13200.0,21400.0,50,856
1794,77398667,0.06777789671121595,-2628.325,262832.5,92132.5,159500.0,11200.0,0.0,50,856
1795,93923224,0.06767622986614913,-3148.725,314872.5,105822.5,178000.0,11200.0,19850.0,50,856
1796,431040413,0.06757471552134992,-2950.25,295025.0,122525.0,157900.0,12800.0,1800.0,50,856
1797,722082108,0.06747335344806789,-2468.3000000000006,246830.0,105030.0,114000.0,12800.0,15000.0,50,856
1798,363596582,0.0673721434178958,-2624.65,262465.0,111915.0,94800.0,12000.0,43750.0,50,856
1799,267948186,0.06727108520276896,-2763.6000000000004,276360.0,107360.0,142300.0,12000.0,14700.0,50,856
1800,380406149,0.06717017857496481,-2971.1500000000005,297115.0,77715.0,205400.0,14000.0,0.0,50,856
1801,590324514,0.06706942330710236,-2846.0499999999993,284605.0,101455.0,153800.0,12000.0,17350.0,50,856
1802,132294437,0.06696881917214172,-2428.124999999999,242812.5,144762.5,68600.0,14400.0,15050.0,50,856
1803,776435886,0.06686836594338351,-2974.5,297450.0,101250.0,180400.0,15600.0,200.0,50,856
1804,991097504,0.06676806339446843,-3427.7249999999995,342772.5,79872.5,239500.0,11200.0,12200.0,50,856
1805,130436369,0.06666791129937673,-2636.6,263660.0,116460.0,134800.0,12400.0,0.0,50,856
1806,234767780,0.06656790943242767,-2125.7250000000004,212572.5,86472.5,113300.0,12800.0,0.0,50,856
1807,537185792,0.06646805756827903,-2334.2000000000007,233420.0,58620.0,159200.0,15600.0,0.0,50,856
1808,301896001,0.06636835548192661,-1610.1750000000002,161017.5,70917.5,76100.0,14000.0,0.0,50,857
1809,163713750,0.06626880294870373,-3203.975,320397.5,126697.5,171300.0,11600.0,10800.0,50,857
1810,920557250,0.06616939974428068,-2375.3999999999996,237540.0,102840.0,118100.0,14400.0,2200.0,50,857
1811,319023783,0.06607014564466426,-2661.9750000000004,266197.5,107797.5,146000.0,12400.0,0.0,50,857
1812,480870263,0.06597104042619727,-2765.925,276592.5,84892.5,178900.0,12800.0,0.0,50,857
1813,346533321,0.06587208386555797,-2159.525,215952.5,65552.5,136400.0,14000.0,0.0,50,857
1814,894639516,0.06577327573975963,-2028.7250000000001,202872.5,74372.5,114900.0,13600.0,0.0,50,857
1815,444072442,0.06567461582615,-2829.775,282977.5,80777.5,189000.0,13200.0,0.0,50,857
1816,997817299,0.06557610390241078,-1716.5499999999997,171655.0,79905.0,75600.0,14000.0,2150.0,50,857
1817,134861331,0.06547773974655717,-2138.55,213855.0,87205.0,112500.0,12400.0,1750.0,50,857
1818,218099689,0.06537952313693733,-2627.7749999999996,262777.5,84077.5,164700.0,14000.0,0.0,50,857
1819,258627503,0.06528145385223193,-2221.65,222165.0,94865.0,114500.0,12800.0,0.0,50,857
1820,960398898,0.06518353167145358,-2562.6249999999995,256262.5,67862.5,175200.0,13200.0,0.0,50,857
1821,184145483,0.0650857563739464,-2368.9999999999995,236900.0,73400.0,151900.0,11600.0,0.0,50,857
1822,450051112,0.06498812773938548,-2283.5500000000006,228355.0,62755.0,153600.0,12000.0,0.0,50,857
1823,223125288,0.0648906455477764,-2566.975,256697.5,62697.5,180400.0,13600.0,0.0,50,857
1824,993876318,0.06479330957945474,-2437.05,243705.0,86805.0,142900.0,14000.0,0.0,50,857
1825,508555980,0.06469611961508556,-2922.6499999999996,292265.0,119915.0,154500.0,12000.0,5850.0,50,857
1826,49763096,0.06459907543566294,-2639.5750000000003,263957.5,115807.5,131900.0,12800.0,3450.0,50,857
1827,785844829,0.06450217682250946,-2102.15,210215.0,74715.0,109000.0,12000.0,14500.0,50,857
1828,237078296,0.0644054235572757,-3163.1749999999997,316317.5,97417.5,136100.0,10000.0,72800.0,50,857
1829,980809073,0.0643088154219398,-2983.2,298320.0,54420.0,231900.0,12000.0,0.0,50,857
1830,277546185,0.06421235219880689,-2535.1749999999997,253517.5,97417.5,140300.0,12400.0,3400.0,50,857
1831,232535675,0.06411603367050868,-3004.2499999999986,300425.0,60275.0,218900.0,12400.0,8850.0,50,857
1832,423225220,0.06401985962000292,-1889.4499999999998,188945.0,97045.0,77900.0,14000.0,0.0,50,859
1833,440157241,0.06392382983057292,-2138.0250000000005,213802.5,74102.5,119800.0,12800.0,7100.0,50,859
1834,902410801,0.06382794408582707,-2380.85,238085.0,58585.0,164300.0,15200.0,0.0,50,859
1835,487303927,0.06373220216969833,-2413.3500000000004,241335.0,90435.0,138100.0,12800.0,0.0,50,859
1836,457137546,0.06363660386644378,-1956.9999999999995,195700.0,97600.0,80700.0,12800.0,4600.0,50,859
1837,747153761,0.06354114896064411,-1979.0,197900.0,67400.0,116900.0,13600.0,0.0,50,859
1838,465359577,0.06344583723720315,-3288.7999999999997,328880.0,84280.0,233400.0,11200.0,0.0,50,859
1839,43391212,0.06335066848134735,-1797.1999999999996,179720.0,79320.0,86800.0,13600.0,0.0,50,859
1840,127609487,0.06325564247862533,-3618.4249999999993,361842.5,110142.5,241700.0,10000.0,0.0,50,859
1841,750233475,0.0631607590149074,-2175.2750000000005,217527.5,106827.5,98200.0,10800.0,1700.0,50,859
1842,190858031,0.06306601787638505,-2552.25,255225.0,103825.0,129300.0,11600.0,10500.0,50,859
1843,357791041,0.06297141884957047,-2334.6250000000005,233462.5,125162.5,85000.0,14000.0,9300.0,50,859
1844,432923348,0.06287696172129612,-2400.5249999999996,240052.5,68452.5,158000.0,13600.0,0.0,50,859
1845,586466340,0.06278264627871417,-2470.075,247007.5,97857.5,118200.0,12400.0,18550.0,50,859
1846,139164809,0.06268847230929611,-1961.8750000000002,196187.5,95437.5,69600.0,12000.0,19150.0,50,859
1847,965179679,0.06259443960083218,-2291.8499999999995,229185.0,66985.0,147000.0,15200.0,0.0,50,859
1848,675664457,0.06250054794143094,-3236.149999999998,323615.0,140315.0,160800.0,13200.0,9300.0,50,859
1849,533080726,0.06240679711951879,-2223.875000000001,222387.5,105987.5,98400.0,13200.0,4800.0,50,859
1850,880691586,0.06231318692383952,-2027.9750000000001,202797.5,94547.5,90100.0,12000.0,6150.0,50,859
1851,567786920,0.062219717143453764,-2552.725,255272.5,85572.5,158500.0,11200.0,0.0,50,859
1852,251059656,0.062126387567738584,-2235.5249999999996,223552.5,66702.5,134400.0,14000.0,8450.0,50,859
1853,354504769,0.06203319798638698,-2856.999999999999,285700.0,90300.0,183000.0,12400.0,0.0,50,859
1854,590341768,0.0619401481894074,-2876.65,287665.0,106065.0,170400.0,11200.0,0.0,50,859
1855,647308873,0.06184723796712329,-2198.8999999999996,219890.0,71890.0,135600.0,12400.0,0.0,50,859
1856,397981304,0.06175446711017261,-2715.575,271557.5,109557.5,150800.0,11200.0,0.0,50,859
1857,916619117,0.06166183540950735,-2045.175,204517.5,92117.5,101200.0,11200.0,0.0,50,859
1858,527123349,0.06156934265639309,-2313.9999999999995,231400.0,78500.0,138900.0,14000.0,0.0,50,859
1859,110646949,0.061476988642408505,-3192.45,319245.0,55545.0,251700.0,12000.0,0.0,50,859
1860,819997856,0.0613847731594449,-2581.5249999999996,258152.5,78952.5,166400.0,12800.0,0.0,50,859
1861,458696324,0.061292695999705736,-1761.325,176132.5,81432.5,82300.0,12400.0,0.0,50,859
1862,460919841,0.06120075695570618,-1492.4500000000003,149245.0,71345.0,49200.0,14000.0,14700.0,50,860
1863,122333136,0.06110895582027263,-1403.7999999999997,140380.0,73980.0,52000.0,14400.0,0.0,50,860
1864,459807798,0.06101729238654222,-2753.4250000000006,275342.5,79842.5,184300.0,11200.0,0.0,50,860
1865,112735152,0.06092576644796241,-2111.2500000000005,211125.0,81725.0,115400.0,14000.0,0.0,50,860
1866,121303141,0.06083437779829047,-1887.6500000000005,188765.0,99065.0,76900.0,12800.0,0.0,50,863
1867,974480772,0.06074312623159304,-2622.2000000000003,262220.0,132120.0,99100.0,14000.0,17000.0,50,863
1868,476735820,0.06065201154224565,-2691.025,269102.5,129402.5,110700.0,15200.0,13800.0,50,863
1869,414471420,0.060561033524932285,-3110.2999999999993,311030.0,127430.0,150700.0,10800.0,22100.0,50,863
1870,879095492,0.06047019197464489,-2206.85,220685.0,48985.0,155700.0,16000.0,0.0,50,863
1871,441320892,0.06037948668668293,-2464.1500000000005,246415.0,61815.0,172200.0,12400.0,0.0,50,863
1872,560224823,0.06028891745665291,-2502.45,250245.0,77445.0,158800.0,14000.0,0.0,50,864
1873,570073082,0.060198484080467934,-1469.6750000000002,146967.5,75167.5,59800.0,12000.0,0.0,50,864
1874,974910112,0.06010818635434723,-2805.4500000000003,280545.0,88545.0,180400.0,11600.0,0.0,50,864
1875,100425080,0.06001802407481571,-1743.1750000000004,174317.5,82617.5,79700.0,12000.0,0.0,50,864
1876,817612396,0.059927997038703495,-2546.149999999999,254615.0,105465.0,113800.0,11600.0,23750.0,50,864
1877,644487396,0.05983810504314544,-1936.6250000000002,193662.5,118262.5,61800.0,13600.0,0.0,50,864
1878,656218191,0.05974834788558073,-2509.1749999999993,250917.5,114317.5,123800.0,12800.0,0.0,50,864
1879,323330903,0.05965872536375236,-2433.3500000000004,243335.0,74535.0,156000.0,12800.0,0.0,50,864
1880,210857439,0.05956923727570673,-2231.7,223170.0,64970.0,145400.0,12800.0,0.0,50,864
1881,197309740,0.05947988341979318,-2410.124999999999,241012.5,70812.5,157000.0,13200.0,0.0,50,864
1882,79936630,0.05939066359466349,-2390.4999999999995,239050.0,138050.0,55300.0,13600.0,32100.0,50,864
1883,622156994,0.059301577599271495,-2856.6499999999996,285665.0,138065.0,108900.0,12000.0,26700.0,50,864
1884,981486101,0.059212625232872594,-1640.6249999999998,164062.5,67062.5,84200.0,12800.0,0.0,50,864
1885,571504815,0.05912380629502329,-2368.4,236840.0,98640.0,125000.0,13200.0,0.0,50,864
1886,485361777,0.05903512058558076,-3327.6249999999995,332762.5,62762.5,257600.0,12400.0,0.0,50,864
1887,805978214,0.058946567904702395,-2765.225,276522.5,94722.5,170600.0,11200.0,0.0,50,864
1888,822216504,0.058858148052845345,-2374.5000000000005,237450.0,57050.0,168800.0,11600.0,0.0,50,864
1889,141969207,0.05876986083076608,-2682.4,268240.0,129640.0,99100.0,14800.0,24700.0,50,864
1890,424593369,0.058681706039519936,-2215.675,221567.5,91367.5,119800.0,10400.0,0.0,50,864
1891,786858415,0.05859368348046066,-2056.15,205615.0,68915.0,122700.0,14000.0,0.0,50,864
1892,295754589,0.05850579295523997,-3742.65,374265.0,136015.0,91400.0,16400.0,130450.0,50,864
1893,795926362,0.05841803426580711,-2196.45,219645.0,89295.0,116300.0,12000.0,2050.0,50,865
1894,40079133,0.05833040721440841,-3067.375,306737.5,58437.5,237100.0,11200.0,0.0,50,865
1895,369537459,0.0582429116035868,-2879.3750000000014,287937.5,116337.5,150000.0,10800.0,10800.0,50,865
1896,25263987,0.058155547236181424,-2085.7749999999996,208577.5,124577.5,70400.0,13600.0,0.0,50,865
1897,331421672,0.05806831391532716,-2237.375,223737.5,56737.5,153000.0,14000.0,0.0,50,865
1898,794419615,0.05798121144445417,-1888.6999999999998,188870.0,47470.0,128200.0,13200.0,0.0,50,865
1899,443967116,0.05789423962728749,-3215.2499999999995,321525.0,116525.0,181300.0,11600.0,12100.0,50,865
1900,221681320,0.05780739826784657,-2697.1250000000005,269712.5,58112.5,197200.0,14400.0,0.0,50,865
1901,8374569,0.057720687170444804,-1714.2250000000001,171422.5,99422.5,58000.0,14000.0,0.0,50,865
1902,746674506,0.05763410613968914,-2701.475000000001,270147.5,56847.5,201300.0,12000.0,0.0,50,865
1903,869665275,0.05754765498047961,-3104.0750000000003,310407.5,54707.5,242500.0,13200.0,0.0,50,865
1904,548845019,0.057461333498008894,-2638.3750000000005,263837.5,92987.5,116700.0,15200.0,38950.0,50,865
1905,157523405,0.057375141497761885,-2140.9249999999993,214092.5,132192.5,68700.0,13200.0,0.0,50,866
1906,765215303,0.05728907878551524,-2132.4250000000006,213242.5,80842.5,104900.0,11600.0,15900.0,50,866
1907,437190394,0.057203145167336975,-3164.3,316430.0,67430.0,234100.0,11600.0,3300.0,50,866
1908,319778687,0.057117340449585975,-3199.1249999999995,319912.5,74112.5,223600.0,11600.0,10600.0,50,866
1909,723184474,0.0570316644389116,-2148.325,214832.5,47632.5,154000.0,13200.0,0.0,50,866
1910,923903418,0.05694611694225323,-2622.0500000000006,262205.0,80005.0,162600.0,11200.0,8400.0,50,866
1911,86932305,0.05686069776683986,-2648.15,264815.0,114165.0,110100.0,10800.0,29750.0,50,866
1912,22900895,0.0567754067201896,-2916.175,291617.5,145867.5,100100.0,14800.0,30850.0,50,866
1913,638409967,0.05669024361010932,-2497.3249999999994,249732.5,86032.5,126700.0,13200.0,23800.0,50,866
1914,518910438,0.05660520824469416,-2741.1499999999996,274115.0,40215.0,221500.0,12400.0,0.0,50,866
1915,434134440,0.05652030043232712,-2548.0,254800.0,87400.0,156600.0,10800.0,0.0,50,866
1916,88814897,0.05643551998167863,-2922.425000000001,292242.5,59242.5,220200.0,12800.0,0.0,50,866
1917,244514367,0.056350866701706116,-2311.7750000000005,231177.5,103827.5,114300.0,11600.0,1450.0,50,866
1918,793196256,0.05626634040165356,-2085.6,208560.0,60060.0,136100.0,12400.0,0.0,50,866
1919,184663628,0.05618194089105109,-2881.325,288132.5,108432.5,166100.0,13600.0,0.0,50,866
1920,731323995,0.056097667979714515,-1961.6,196160.0,77160.0,105400.0,13600.0,0.0,50,866
1921,80788278,0.056013521477744944,-2258.0749999999994,225807.5,51507.5,159500.0,14800.0,0.0,50,866
1922,277299133,0.05592950119552833,-2856.225,285622.5,52272.5,209100.0,12400.0,11850.0,50,866
1923,672400723,0.05584560694373504,-2027.9999999999995,202800.0,69700.0,120700.0,12400.0,0.0,50,866
1924,330889127,0.05576183853331944,-2261.9750000000004,226197.5,91047.5,119200.0,12000.0,3950.0,50,866
1925,112170194,0.05567819577551946,-2633.35,263335.0,73835.0,176300.0,13200.0,0.0,50,866
1926,531717955,0.05559467848185618,-2741.4749999999995,274147.5,70597.5,190200.0,13200.0,150.0,50,866
1927,83099069,0.0555112864641334,-2363.575,236357.5,31757.5,189800.0,14800.0,0.0,50,867
1928,715924184,0.0554280195344372,-2773.925,277392.5,76392.5,189400.0,11600.0,0.0,50,867
1929,663068155,0.055344877505135545,-1842.5250000000003,184252.5,52752.5,116700.0,14800.0,0.0,50,867
1930,341493940,0.05526186018887785,-2576.3499999999995,257635.0,112785.0,106000.0,14400.0,24450.0,50,868
1931,614813042,0.055178967398594535,-1869.15,186915.0,108315.0,63800.0,14800.0,0.0,50,868
1932,222427684,0.05509619894749664,-2140.875,214087.5,59287.5,141600.0,13200.0,0.0,50,868
1933,937273479,0.055013554649075404,-2700.8749999999995,270087.5,76087.5,180000.0,10800.0,3200.0,50,868
1934,791695121,0.05493103431710179,-2714.325,271432.5,93732.5,99000.0,12000.0,66700.0,50,868
1935,875548139,0.054848637765626145,-2700.4499999999994,270045.0,121895.0,95000.0,12800.0,40350.0,50,868
1936,374039573,0.05476636480897771,-2132.9999999999995,213300.0,87600.0,112900.0,12800.0,0.0,50,868
1937,516960934,0.054684215261764244,-3135.8750000000005,313587.5,112937.5,172900.0,12400.0,15350.0,50,868
1938,101934228,0.0546021889388716,-2014.625,201462.5,72662.5,114800.0,14000.0,0.0,50,868
1939,709186455,0.054520285655463296,-2334.925,233492.5,90842.5,120700.0,13600.0,8350.0,50,868
1940,596291034,0.054438505226980106,-2255.425,225542.5,105592.5,88300.0,14000.0,17650.0,50,868
1941,392693311,0.05435684746913964,-2600.399999999999,260040.0,139340.0,89600.0,14000.0,17100.0,50,868
1942,558835398,0.05427531219793593,-2835.9,283590.0,123540.0,144200.0,11200.0,4650.0,50,868
1943,967735078,0.05419389922963903,-2537.2749999999996,253727.5,135377.5,51300.0,13600.0,53450.0,50,870
1944,710090638,0.05411260838079457,-3197.55,319755.0,106955.0,198500.0,13600.0,700.0,50,870
1945,102955335,0.05403143946822338,-2851.0750000000007,285107.5,91807.5,174400.0,12800.0,6100.0,50,870
1946,568533172,0.053950392309021045,-2564.925,256492.5,49792.5,195100.0,11600.0,0.0,50,870
1947,766382491,0.053869466720557514,-2997.475,299747.5,108447.5,125700.0,10000.0,55600.0,50,870
1948,971807556,0.053788662520476684,-2124.375,212437.5,68737.5,130500.0,13200.0,0.0,50,870
1949,866811586,0.053707979526695974,-2504.2999999999997,250430.0,94230.0,145000.0,11200.0,0.0,50,871
1950,508206968,0.05362741755740593,-1810.6000000000001,181060.0,70660.0,96000.0,14400.0,0.0,50,872
1951,62294493,0.05354697643106982,-1878.1750000000004,187817.5,96217.5,80000.0,11600.0,0.0,50,872
1952,606462676,0.05346665596642322,-2474.7750000000005,247477.5,58777.5,175500.0,13200.0,0.0,50,872
1953,894862971,0.05338645598247359,-1791.8750000000002,179187.5,71687.5,93900.0,13600.0,0.0,50,872
1954,107648334,0.05330637629849988,-2619.325,261932.5,105332.5,143000.0,13600.0,0.0,50,872
1955,270894391,0.05322641673405213,-2252.0750000000003,225207.5,70407.5,141600.0,13200.0,0.0,50,872
1956,398295469,0.05314657710895106,-2265.4750000000004,226547.5,109347.5,73000.0,12800.0,31400.0,50,872
1957,24839127,0.053066857243287635,-2355.4749999999995,235547.5,78497.5,132900.0,12000.0,12150.0,50,872
1958,601494323,0.05298725695742271,-2324.05,232405.0,95455.0,97200.0,12800.0,26950.0,50,873
1959,745365253,0.05290777607198657,-2090.8,209080.0,67180.0,127900.0,14000.0,0.0,50,873
1960,412578468,0.052828414407878596,-2619.1749999999993,261917.5,76717.5,172000.0,13200.0,0.0,50,875
1961,241433505,0.05274917178626678,-1960.4250000000004,196042.5,63842.5,118200.0,14000.0,0.0,50,875
1962,632178758,0.05267004802858738,-2701.900000000001,270190.0,104090.0,119300.0,12000.0,34800.0,50,875
1963,832072629,0.0525910429565445,-2324.8999999999996,232490.0,71590.0,148900.0,12000.0,0.0,50,875
1964,732692648,0.05251215639210969,-2284.8749999999995,228487.5,77187.5,138100.0,13200.0,0.0,50,875
1965,907586446,0.05243338815752153,-3129.1749999999997,312917.5,122267.5,125600.0,11600.0,53450.0,50,875
1966,997723149,0.05235473807528525,-3014.55,301455.0,119255.0,168200.0,14000.0,0.0,50,875
1967,888769760,0.052276205968172326,-3136.875,313687.5,92437.5,152600.0,14000.0,54650.0,50,875
1968,736730894,0.05219779165922007,-1898.0249999999996,189802.5,50302.5,126700.0,12800.0,0.0,50,875
1969,260857581,0.05211949497173124,-3124.0,312400.0,82850.0,188900.0,12400.0,28250.0,50,875
1970,396178102,0.052041315729273646,-2345.5499999999993,234555.0,93155.0,129800.0,11600.0,0.0,50,875
1971,56926379,0.05196325375567974,-3084.225,308422.5,114622.5,182600.0,11200.0,0.0,50,875
1972,829608758,0.05188530887504623,-2960.65,296065.0,61865.0,222200.0,12000.0,0.0,50,875
1973,547670061,0.051807480911733664,-1804.5500000000002,180455.0,83255.0,84000.0,13200.0,0.0,50,875
1974,781388956,0.051729769690366065,-1607.9499999999996,160795.0,72295.0,74900.0,13600.0,0.0,50,875
1975,785840952,0.05165217503583052,-2284.75,228475.0,78875.0,137200.0,12400.0,0.0,50,875
1976,139779164,0.05157469677327678,-2749.149999999999,274915.0,38215.0,223100.0,13600.0,0.0,50,875
1977,606274766,0.051497334728116864,-1938.3499999999995,193835.0,55535.0,125500.0,12800.0,0.0,50,875
1978,746580323,0.051420088726024694,-3088.1,308810.0,116510.0,179100.0,13200.0,0.0,50,875
1979,319761183,0.05134295859293566,-2985.6,298560.0,45560.0,239800.0,13200.0,0.0,50,875
1980,998635335,0.05126594415504626,-2198.65,219865.0,65315.0,119800.0,13600.0,21150.0,50,875
1981,469548722,0.051189045238813694,-2527.1749999999993,252717.5,52617.5,187700.0,12400.0,0.0,50,875
1982,653060811,0.05111226167095548,-1949.95,194995.0,70595.0,112400.0,12000.0,0.0,50,875
1983,370335453,0.051035593278449046,-2414.025,241402.5,103702.5,124100.0,13600.0,0.0,50,875
1984,33784512,0.05095903988853138,-2318.375,231837.5,129137.5,73100.0,12000.0,17600.0,50,875
1985,668928263,0.05088260132869858,-2213.4249999999997,221342.5,98942.5,102900.0,13200.0,6300.0,50,875
1986,662706226,0.050806277426705536,-1779.9999999999998,178000.0,116600.0,32200.0,12800.0,16400.0,50,875
1987,580310954,0.05073006801056548,-2256.1749999999997,225617.5,125317.5,87100.0,13200.0,0.0,50,875
1988,216175189,0.05065397290854964,-2339.3499999999995,233935.0,115135.0,87300.0,11200.0,20300.0,50,875
1989,655966979,0.050577991949186815,-1973.5,197350.0,74900.0,104100.0,14000.0,4350.0,50,875
1990,480320331,0.05050212496126304,-2412.275,241227.5,74277.5,123400.0,11600.0,31950.0,50,875
1991,233095468,0.050426371773821144,-1916.9,191690.0,60440.0,118400.0,12000.0,850.0,50,875
1992,359122212,0.05035073221616041,-1890.65,189065.0,66165.0,109300.0,13600.0,0.0,50,875
1993,218680419,0.050275206117836174,-1695.75,169575.0,68075.0,89900.0,11600.0,0.0,50,876
1994,184278965,0.050199793308659424,-2872.95,287295.0,72495.0,202800.0,12000.0,0.0,50,876
1995,893735149,0.05012449361869644,-3368.8750000000005,336887.5,135287.5,165000.0,13200.0,23400.0,50,877
1996,457368818,0.0500493068782684,-1990.2999999999995,199030.0,67230.0,119400.0,12400.0,0.0,50,877
1997,521701814,0.05,-2330.1249999999995,233012.5,97412.5,121200.0,14400.0,0.0,50,877
1998,127260134,0.05,-2924.3500000000004,292435.0,122535.0,155900.0,14000.0,0.0,50,877
1999,917770829,0.05,-1612.1250000000002,161212.5,63812.5,83400.0,14000.0,0.0,50,877
2000,175242492,0.05,-2695.025,269502.5,117352.5,139500.0,12400.0,250.0,50,877
2001,299871694,0.05,-1827.7500000000005,182775.0,62575.0,107000.0,13200.0,0.0,50,877
2002,791971386,0.05,-2325.9500000000003,232595.0,82995.0,137200.0,12400.0,0.0,50,877
2003,272377403,0.05,-2769.1,276910.0,89910.0,173000.0,14000.0,0.0,50,877
2004,167453137,0.05,-2228.275,222827.5,58327.5,149700.0,14800.0,0.0,50,877
2005,900491598,0.05,-2188.55,218855.0,79555.0,126500.0,12800.0,0.0,50,877
2006,672241349,0.05,-2312.575,231257.5,131807.5,78400.0,14000.0,7050.0,50,877
2007,456343162,0.05,-2655.9500000000003,265595.0,100095.0,151500.0,14000.0,0.0,50,877
2008,82481482,0.05,-2755.8000000000006,275580.0,82680.0,180100.0,12800.0,0.0,50,877
2009,793145178,0.05,-1817.375,181737.5,108437.5,60100.0,13200.0,0.0,50,878
2010,719234559,0.05,-2430.1249999999995,243012.5,59712.5,170500.0,12800.0,0.0,50,878
2011,922861288,0.05,-2805.3,280530.0,70630.0,196700.0,13200.0,0.0,50,878
2012,230256368,0.05,-2887.7999999999993,288780.0,102930.0,160100.0,13200.0,12550.0,50,878
2013,962403398,0.05,-3278.4000000000005,327840.0,107090.0,186900.0,11600.0,22250.0,50,878
2014,227118886,0.05,-3310.3,331030.0,156380.0,97600.0,13200.0,63850.0,50,879
2015,867079577,0.05,-2492.8499999999995,249285.0,68985.0,148900.0,13600.0,17800.0,50,879
2016,342180964,0.05,-2727.5000000000014,272750.0,152200.0,71800.0,13600.0,35150.0,50,879
2017,723284235,0.05,-1869.9999999999998,187000.0,67900.0,105900.0,13200.0,0.0,50,879
2018,811527691,0.05,-1667.1249999999998,166712.5,63212.5,89900.0,13600.0,0.0,50,879
2019,524069186,0.05,-2403.4500000000003,240345.0,91145.0,138400.0,10800.0,0.0,50,879
2020,288772424,0.05,-1987.125,198712.5,52112.5,134200.0,12400.0,0.0,50,879
2021,491482577,0.05,-1948.6000000000001,194860.0,77760.0,105100.0,12000.0,0.0,50,879
2022,290942661,0.05,-2098.5250000000005,209852.5,124452.5,71800.0,13600.0,0.0,50,879
2023,2344485,0.05,-2709.824999999999,270982.5,79682.5,179300.0,12000.0,0.0,50,879
2024,880143769,0.05,-2830.875,283087.5,92587.5,173900.0,13200.0,3400.0,50,879
2025,849397989,0.05,-2168.425,216842.5,54442.5,150000.0,12400.0,0.0,50,879
2026,95464386,0.05,-2671.1999999999994,267120.0,85620.0,158900.0,12000.0,10600.0,50,879
2027,130084041,0.05,-2581.4249999999993,258142.5,113592.5,125800.0,13600.0,5150.0,50,879
2028,745315149,0.05,-2359.375,235937.5,100637.5,121300.0,14000.0,0.0,50,879
2029,386482650,0.05,-3425.1750000000006,342517.5,119167.5,172100.0,10800.0,40450.0,50,879
2030,95362634,0.05,-2842.7499999999995,284275.0,62175.0,210500.0,11600.0,0.0,50,879
2031,190908574,0.05,-2321.8500000000004,232185.0,66085.0,152900.0,13200.0,0.0,50,879
2032,323282250,0.05,-2595.450000000001,259545.0,85845.0,159700.0,14000.0,0.0,50,879
2033,515576075,0.05,-2506.125,250612.5,54912.5,185300.0,10400.0,0.0,50,879
2034,522192062,0.05,-3741.374999999999,374137.5,145937.5,193100.0,14000.0,21100.0,50,879
2035,550315448,0.05,-1969.0000000000005,196900.0,62900.0,121600.0,12400.0,0.0,50,879
2036,924385362,0.05,-1994.0500000000002,199405.0,64605.0,122800.0,12000.0,0.0,50,879
2037,699793528,0.05,-1690.5000000000002,169050.0,65950.0,88700.0,14400.0,0.0,50,880
2038,122048124,0.05,-2707.0499999999993,270705.0,154555.0,73000.0,14000.0,29150.0,50,881
2039,864232374,0.05,-2160.325,216032.5,49432.5,155000.0,11600.0,0.0,50,881
2040,746482351,0.05,-2576.6749999999984,257667.5,74967.5,170700.0,12000.0,0.0,50,881
2041,311070115,0.05,-2402.899999999999,240290.0,133290.0,91600.0,12400.0,3000.0,50,881
2042,468803525,0.05,-2996.3000000000006,299630.0,107130.0,180900.0,11600.0,0.0,50,881
2043,162550309,0.05,-2098.5999999999995,209860.0,71560.0,123900.0,14400.0,0.0,50,881
2044,890096823,0.05,-2519.2999999999997,251930.0,84630.0,156100.0,11200.0,0.0,50,881
2045,960937250,0.05,-2133.625,213362.5,71262.5,129300.0,12800.0,0.0,50,881
2046,994876373,0.05,-2983.0,298300.0,96300.0,190800.0,11200.0,0.0,50,881
2047,707392913,0.05,-2847.5250000000005,284752.5,132252.5,140500.0,12000.0,0.0,50,881
2048,353215977,0.05,-2407.025,240702.5,93602.5,135100.0,12000.0,0.0,50,881
2049,293533120,0.05,-2469.575000000001,246957.5,88857.5,145300.0,12800.0,0.0,50,881
2050,770978988,0.05,-2968.775,296877.5,69777.5,216300.0,10800.0,0.0,50,881
2051,445337188,0.05,-2806.45,280645.0,76745.0,191900.0,12000.0,0.0,50,882
2052,480977315,0.05,-1813.9499999999998,181395.0,70595.0,99200.0,11600.0,0.0,50,883
2053,906407914,0.05,-3207.350000000001,320735.0,130335.0,177600.0,12800.0,0.0,50,883
2054,28854851,0.05,-2845.8250000000003,284582.5,70082.5,202900.0,11600.0,0.0,50,884
2055,114892354,0.05,-1418.5000000000002,141850.0,79850.0,48000.0,14000.0,0.0,50,884
2056,541122214,0.05,-3044.225,304422.5,139972.5,150200.0,13200.0,1050.0,50,884
2057,204449850,0.05,-3551.375000000001,355137.5,83937.5,258400.0,12800.0,0.0,50,884
2058,920981710,0.05,-2302.9500000000003,230295.0,68395.0,148700.0,13200.0,0.0,50,884
2059,329966664,0.05,-3462.0499999999993,346205.0,49705.0,282900.0,13600.0,0.0,50,884
2060,373777648,0.05,-2126.525,212652.5,87452.5,112000.0,13200.0,0.0,50,884
2061,170564502,0.05,-3549.275,354927.5,151877.5,166000.0,14000.0,23050.0,50,884
2062,980415664,0.05,-3001.7749999999996,300177.5,111827.5,166400.0,12000.0,9950.0,50,884
2063,266344855,0.05,-2448.2999999999997,244830.0,91580.0,126700.0,11600.0,14950.0,50,884
2064,28615169,0.05,-2930.0499999999993,293005.0,145805.0,122900.0,12400.0,11900.0,50,884
2065,166109166,0.05,-2699.8749999999986,269987.5,59587.5,198800.0,11600.0,0.0,50,884
2066,810284178,0.05,-2313.4250000000006,231342.5,100142.5,118800.0,12400.0,0.0,50,884
2067,94483113,0.05,-2816.6250000000005,281662.5,73162.5,191600.0,12800.0,4100.0,50,884
2068,303339235,0.05,-2743.3250000000003,274332.5,71932.5,182200.0,11600.0,8600.0,50,884
2069,89261653,0.05,-2878.5500000000006,287855.0,106805.0,146300.0,11600.0,23150.0,50,884
2070,204143216,0.05,-2252.8999999999996,225290.0,110040.0,98400.0,12800.0,4050.0,50,884
2071,69134574,0.05,-2671.124999999999,267112.5,110012.5,145500.0,11600.0,0.0,50,884
2072,13352849,0.05,-2040.05,204005.0,129955.0,49300.0,12800.0,11950.0,50,884
2073,439611444,0.05,-2715.3,271530.0,55330.0,204600.0,11600.0,0.0,50,884
2074,210455569,0.05,-3171.625,317162.5,62062.5,241700.0,12000.0,1400.0,50,884
2075,549418833,0.05,-1958.475,195847.5,70147.5,114100.0,11600.0,0.0,50,884
2076,408455664,0.05,-3191.8,319180.0,113130.0,179800.0,12800.0,13450.0,50,884
2077,58958596,0.05,-2510.0499999999997,251005.0,106805.0,131400.0,12800.0,0.0,50,884
2078,60014624,0.05,-2370.275,237027.5,47127.5,176300.0,13600.0,0.0,50,884
2079,936316215,0.05,-2467.8250000000003,246782.5,88532.5,138900.0,10800.0,8550.0,50,884
2080,775463330,0.05,-2101.6,210160.0,67060.0,131900.0,11200.0,0.0,50,884
2081,578706390,0.05,-2683.599999999999,268360.0,137560.0,91300.0,12800.0,26700.0,50,884
2082,105998319,0.05,-2479.0750000000007,247907.5,103007.5,124300.0,12400.0,8200.0,50,884
2083,913809683,0.05,-2034.4750000000006,203447.5,51747.5,138900.0,12800.0,0.0,50,884
2084,754385679,0.05,-2548.3,254830.0,126380.0,92700.0,14400.0,21350.0,50,884
2085,873773822,0.05,-3253.4499999999994,325345.0,94245.0,197600.0,11600.0,21900.0,50,884
2086,836542804,0.05,-2744.8999999999996,274490.0,103640.0,156300.0,13200.0,1350.0,50,884
2087,989920814,0.05,-2210.0499999999997,221005.0,97205.0,113000.0,10800.0,0.0,50,884
2088,589811295,0.05,-2482.2999999999997,248230.0,114180.0,96700.0,12000.0,25350.0,50,884
2089,591636641,0.05,-2187.3750000000005,218737.5,101387.5,98000.0,12800.0,6550.0,50,884
2090,852955382,0.05,-2226.125,222612.5,93762.5,102500.0,12000.0,14350.0,50,884
2091,863594992,0.05,-1868.6749999999997,186867.5,74267.5,99000.0,13600.0,0.0,50,884
2092,465906340,0.05,-1994.2999999999997,199430.0,124130.0,49900.0,14800.0,10600.0,50,884
2093,278968512,0.05,-3548.8,354880.0,35580.0,306500.0,12800.0,0.0,50,884
2094,600917235,0.05,-1932.1249999999998,193212.5,71512.5,108900.0,12800.0,0.0,50,884
2095,179429856,0.05,-2074.4499999999994,207445.0,96345.0,92800.0,12800.0,5500.0,50,884
2096,181913780,0.05,-1480.2,148020.0,81020.0,53000.0,14000.0,0.0,50,884
2097,756939910,0.05,-2185.0499999999997,218505.0,52405.0,153700.0,12400.0,0.0,50,884
2098,839816176,0.05,-2155.9249999999997,215592.5,100792.5,101200.0,13600.0,0.0,50,884
2099,271417469,0.05,-2216.0999999999995,221610.0,83810.0,125400.0,12400.0,0.0,50,884
2100,623626903,0.05,-2416.7999999999993,241680.0,69180.0,158900.0,13600.0,0.0,50,884
2101,65313589,0.05,-2734.7749999999996,273477.5,61777.5,200100.0,11600.0,0.0,50,884
2102,783394934,0.05,-2660.475,266047.5,84447.5,169200.0,12400.0,0.0,50,884
2103,701768526,0.05,-2532.250000000001,253225.0,85525.0,140000.0,12400.0,15300.0,50,884
2104,200048120,0.05,-2980.4249999999997,298042.5,117042.5,168200.0,12800.0,0.0,50,884
2105,841879406,0.05,-2271.4500000000007,227145.0,94345.0,121200.0,11600.0,0.0,50,884
2106,638119265,0.05,-2278.6749999999997,227867.5,67067.5,146800.0,14000.0,0.0,50,884
2107,657551337,0.05,-2263.6750000000006,226367.5,115067.5,87400.0,14400.0,9500.0,50,884
2108,527870714,0.05,-1994.525,199452.5,105102.5,82100.0,11600.0,650.0,50,884
2109,364084905,0.05,-2136.825,213682.5,51482.5,147000.0,15200.0,0.0,50,884
2110,747631342,0.05,-2001.9000000000003,200190.0,114090.0,73300.0,12800.0,0.0,50,884
2111,244201779,0.05,-2850.7250000000004,285072.5,138622.5,112800.0,12400.0,21250.0,50,884
2112,700006263,0.05,-2859.0749999999994,285907.5,109907.5,164400.0,11600.0,0.0,50,884
2113,19822176,0.05,-3070.900000000001,307090.0,128440.0,148900.0,13200.0,16550.0,50,884
2114,265637977,0.05,-2134.7500000000005,213475.0,96075.0,93200.0,14000.0,10200.0,50,884
2115,678752520,0.05,-2485.525,248552.5,104702.5,111600.0,11600.0,20650.0,50,884
2116,450700049,0.05,-2058.1499999999996,205815.0,70115.0,120100.0,15600.0,0.0,50,884
2117,793008874,0.05,-2347.9000000000005,234790.0,126990.0,93400.0,14400.0,0.0,50,884
2118,831301199,0.05,-3287.2249999999995,328722.5,123072.5,166400.0,11600.0,27650.0,50,884
2119,474281509,0.05,-2052.4999999999995,205250.0,98050.0,91100.0,14000.0,2100.0,50,884
2120,257859972,0.05,-1633.6500000000003,163365.0,85365.0,63600.0,14400.0,0.0,50,884
2121,100189355,0.05,-2426.4250000000006,242642.5,121942.5,95000.0,14800.0,10900.0,50,884
2122,885029473,0.05,-2554.4000000000005,255440.0,114490.0,127600.0,11600.0,1750.0,50,884
2123,587197276,0.05,-2416.2999999999993,241630.0,98480.0,117200.0,13200.0,12750.0,50,884
2124,777960912,0.05,-2078.725,207872.5,52272.5,141200.0,14400.0,0.0,50,884
2125,192406650,0.05,-3085.999999999999,308600.0,108850.0,168000.0,14400.0,17350.0,50,884
2126,542783882,0.05,-2992.4250000000006,299242.5,121042.5,131600.0,15200.0,31400.0,50,884
2127,216793936,0.05,-2333.199999999999,233320.0,77070.0,141400.0,12400.0,2450.0,50,884
2128,459668307,0.05,-3031.4000000000005,303140.0,135690.0,137400.0,12000.0,18050.0,50,884
2129,509531371,0.05,-2360.9,236090.0,87590.0,133700.0,14800.0,0.0,50,884
2130,367646658,0.05,-2370.7249999999995,237072.5,88622.5,103200.0,11600.0,33650.0,50,885
2131,760342162,0.05,-2163.7750000000005,216377.5,102077.5,88700.0,14800.0,10800.0,50,885
2132,504901887,0.05,-1937.4250000000002,193742.5,81742.5,98400.0,13600.0,0.0,50,885
2133,374149008,0.05,-2639.2499999999995,263925.0,134625.0,98000.0,13200.0,18100.0,50,885
2134,230164599,0.05,-2519.75,251975.0,120825.0,108700.0,13200.0,9250.0,50,885
2135,882251233,0.05,-3289.1250000000005,328912.5,109212.5,203600.0,13600.0,2500.0,50,885
2136,899904979,0.05,-2254.8,225480.0,80080.0,133800.0,11600.0,0.0,50,885
2137,453962502,0.05,-1954.6500000000003,195465.0,102665.0,80000.0,12800.0,0.0,50,885
2138,400181806,0.05,-2542.0750000000003,254207.5,51607.5,189400.0,13200.0,0.0,50,885
2139,28548146,0.05,-2911.6749999999993,291167.5,97267.5,155900.0,12000.0,26000.0,50,885
2140,863031685,0.05,-2227.075,222707.5,67757.5,138200.0,13200.0,3550.0,50,885
2141,555963336,0.05,-1815.975,181597.5,68897.5,99100.0,13600.0,0.0,50,885
2142,848909293,0.05,-1765.8750000000002,176587.5,89387.5,59000.0,12400.0,15800.0,50,885
2143,346589329,0.05,-1448.0749999999998,144807.5,87907.5,42100.0,14800.0,0.0,50,886
2144,302878452,0.05,-1412.2749999999999,141227.5,90127.5,39500.0,11600.0,0.0,50,886
2145,138420,0.05,-2285.3250000000003,228532.5,94632.5,118700.0,15200.0,0.0,50,886
2146,677943284,0.05,-2036.7250000000004,203672.5,82372.5,106900.0,14400.0,0.0,50,886
2147,6303099,0.05,-2395.3750000000005,239537.5,104437.5,121900.0,13200.0,0.0,50,886
2148,55331233,0.05,-2803.6,280360.0,106660.0,155900.0,11600.0,6200.0,50,886
2149,8163092,0.05,-2930.7499999999995,293075.0,153175.0,101500.0,12400.0,26000.0,50,886
2150,976668406,0.05,-2940.275,294027.5,127977.5,137600.0,13600.0,14850.0,50,886
2151,603017916,0.05,-3035.325,303532.5,104732.5,187200.0,11600.0,0.0,50,886
2152,17442130,0.05,-1702.5250000000008,170252.5,59452.5,96800.0,14000.0,0.0,50,886
2153,518942699,0.05,-1802.725,180272.5,87772.5,77300.0,15200.0,0.0,50,886
2154,335444637,0.05,-2840.8,284080.0,128780.0,113800.0,11600.0,29900.0,50,886
2155,754966437,0.05,-2198.3750000000005,219837.5,103337.5,102900.0,13600.0,0.0,50,886
2156,956368864,0.05,-1579.8999999999996,157990.0,90890.0,38900.0,14000.0,14200.0,50,886
2157,718953003,0.05,-2990.1999999999994,299020.0,40320.0,245500.0,13200.0,0.0,50,886
2158,677249779,0.05,-2211.35,221135.0,95135.0,114800.0,11200.0,0.0,50,886
2159,214005603,0.05,-1792.5749999999998,179257.5,60157.5,105500.0,13600.0,0.0,50,886
2160,770778331,0.05,-3294.175,329417.5,92167.5,192900.0,14800.0,29550.0,50,886
2161,750782318,0.05,-1729.5500000000002,172955.0,106555.0,53600.0,12800.0,0.0,50,886
2162,494842283,0.05,-2996.4499999999994,299645.0,107895.0,144900.0,12000.0,34850.0,50,886
2163,886017094,0.05,-1903.775,190377.5,90477.5,87900.0,12000.0,0.0,50,886
2164,167896056,0.05,-1804.8499999999997,180485.0,81885.0,83800.0,14800.0,0.0,50,886
2165,563019755,0.05,-2874.1499999999996,287415.0,74515.0,187500.0,15600.0,9800.0,50,886
2166,85539664,0.05,-2402.05,240205.0,116005.0,102000.0,11200.0,11000.0,50,886
2167,911772445,0.05,-2698.649999999999,269865.0,75615.0,171000.0,13200.0,10050.0,50,886
2168,387460699,0.05,-2089.4499999999994,208945.0,69345.0,127200.0,12400.0,0.0,50,886
2169,436986598,0.05,-2182.3,218230.0,102430.0,102600.0,13200.0,0.0,50,886
2170,492684316,0.05,-1690.9499999999998,169095.0,112645.0,28000.0,14000.0,14450.0,50,889
2171,66068184,0.05,-2551.65,255165.0,112565.0,131400.0,11200.0,0.0,50,889
2172,881876875,0.05,-2819.4249999999997,281942.5,98042.5,158500.0,12800.0,12600.0,50,889
2173,891302122,0.05,-2864.7000000000003,286470.0,130020.0,125000.0,12400.0,19050.0,50,889
2174,997425342,0.05,-2407.05,240705.0,103455.0,112000.0,14000.0,11250.0,50,889
2175,470308363,0.05,-2542.4,254240.0,72640.0,161400.0,10800.0,9400.0,50,889
2176,309766175,0.05,-1897.6250000000002,189762.5,111462.5,53300.0,13200.0,11800.0,50,894
2177,393306491,0.05,-2149.0499999999997,214905.0,72405.0,130100.0,12400.0,0.0,50,895
2178,991500973,0.05,-2894.3250000000003,289432.5,117932.5,132000.0,12800.0,26700.0,50,895
2179,313387688,0.05,-2204.9499999999994,220495.0,100645.0,105000.0,14000.0,850.0,50,895
2180,416587911,0.05,-2112.5249999999996,211252.5,100452.5,98000.0,12800.0,0.0,50,895
2181,84526872,0.05,-2270.0749999999994,227007.5,47507.5,165900.0,13600.0,0.0,50,895
2182,932897769,0.05,-2044.9750000000006,204497.5,54397.5,136900.0,13200.0,0.0,50,895
2183,549013656,0.05,-2218.0500000000006,221805.0,91105.0,112600.0,13200.0,4900.0,50,895
2184,486531523,0.05,-2396.875,239687.5,107487.5,120200.0,12000.0,0.0,50,895
2185,350651094,0.05,-1947.0500000000006,194705.0,100655.0,74400.0,14400.0,5250.0,50,895
2186,372226219,0.05,-2374.3999999999996,237440.0,60840.0,162200.0,14400.0,0.0,50,895
2187,78169082,0.05,-2316.4249999999997,231642.5,114792.5,61900.0,13200.0,41750.0,50,895
2188,765016218,0.05,-1635.1249999999993,163512.5,96212.5,54100.0,13200.0,0.0,50,895
2189,670512987,0.05,-2021.0249999999999,202102.5,104002.5,85300.0,12800.0,0.0,50,895
2190,790044224,0.05,-1657.3500000000001,165735.0,77735.0,74400.0,13600.0,0.0,50,895
2191,634623420,0.05,-1995.6999999999998,199570.0,98170.0,88200.0,13200.0,0.0,50,895
2192,277654529,0.05,-2146.675,214667.5,71867.5,131200.0,11600.0,0.0,50,895
2193,31130782,0.05,-2259.625,225962.5,80112.5,129200.0,14400.0,2250.0,50,895
2194,375847508,0.05,-2263.775,226377.5,114877.5,97900.0,13600.0,0.0,50,895
2195,505866063,0.05,-3475.899999999999,347590.0,119040.0,182300.0,12000.0,34250.0,50,895
2196,871446151,0.05,-2599.725000000001,259972.5,82872.5,163900.0,13200.0,0.0,50,895
2197,150052820,0.05,-2470.35,247035.0,114335.0,118700.0,14000.0,0.0,50,895
2198,458587827,0.05,-1540.2999999999995,154030.0,102930.0,35900.0,12000.0,3200.0,50,895
2199,735882017,0.05,-2080.275,208027.5,57627.5,135600.0,14800.0,0.0,50,895
2200,6374540,0.05,-2111.2500000000005,211125.0,65225.0,132700.0,13200.0,0.0,50,895
2201,159303382,0.05,-1648.0,164800.0,74400.0,79200.0,11200.0,0.0,50,895
2202,845856696,0.05,-2969.45,296945.0,120145.0,164400.0,12400.0,0.0,50,895
2203,618192639,0.05,-2872.3250000000003,287232.5,48132.5,224700.0,14400.0,0.0,50,895
2204,551187632,0.05,-2760.125,276012.5,74712.5,188100.0,13200.0,0.0,50,895
2205,430462055,0.05,-2315.3250000000007,231532.5,106332.5,103500.0,12400.0,9300.0,50,895
2206,571198298,0.05,-3284.85,328485.0,124635.0,144700.0,14000.0,45150.0,50,896
2207,912721950,0.05,-1910.1249999999995,191012.5,82812.5,97000.0,11200.0,0.0,50,896
2208,8486179,0.05,-2613.1749999999997,261317.5,114817.5,127300.0,12400.0,6800.0,50,896
2209,313297206,0.05,-1741.4000000000005,174140.0,94940.0,64800.0,14400.0,0.0,50,896
2210,556991866,0.05,-2501.7499999999995,250175.0,120675.0,117100.0,12400.0,0.0,50,896
2211,152364763,0.05,-2070.2500000000005,207025.0,66825.0,127000.0,13200.0,0.0,50,896
2212,769557908,0.05,-1901.2749999999999,190127.5,77827.5,99500.0,12800.0,0.0,50,896
2213,473934162,0.05,-2096.650000000001,209665.0,66165.0,131100.0,12400.0,0.0,50,896
2214,417174940,0.05,-2996.3,299630.0,86980.0,187400.0,12800.0,12450.0,50,896
2215,404578327,0.05,-1949.4999999999995,194950.0,63250.0,100300.0,14400.0,17000.0,50,896
2216,971081013,0.05,-2900.5750000000003,290057.5,85907.5,147600.0,14000.0,42550.0,50,896
2217,916328297,0.05,-2513.075,251307.5,85107.5,153400.0,12800.0,0.0,50,896
2218,507145461,0.05,-1689.4750000000004,168947.5,75047.5,81100.0,12800.0,0.0,50,896
2219,945146497,0.05,-2580.4500000000003,258045.0,107045.0,136400.0,11600.0,3000.0,50,896
2220,378868666,0.05,-1899.7249999999997,189972.5,83572.5,94400.0,12000.0,0.0,50,897
2221,959532080,0.05,-2223.65,222365.0,111665.0,92400.0,14400.0,3900.0,50,897
2222,91109734,0.05,-2854.524999999999,285452.5,111702.5,114500.0,12000.0,47250.0,50,897
2223,56754748,0.05,-1900.9999999999998,190100.0,107200.0,68500.0,14400.0,0.0,50,897
2224,580711396,0.05,-2989.999999999999,299000.0,110350.0,164600.0,9600.0,14450.0,50,897
2225,148408525,0.05,-1922.35,192235.0,60435.0,117000.0,14800.0,0.0,50,897
2226,295838726,0.05,-2426.6749999999997,242667.5,97467.5,134000.0,11200.0,0.0,50,897
2227,477053842,0.05,-2869.625,286962.5,128662.5,144100.0,12000.0,2200.0,50,897
2228,781790145,0.05,-2394.95,239495.0,103395.0,121400.0,12400.0,2300.0,50,897
2229,486633244,0.05,-2824.674999999999,282467.5,54967.5,215100.0,12400.0,0.0,50,897
2230,519462809,0.05,-2481.8250000000003,248182.5,107982.5,126200.0,14000.0,0.0,50,897
2231,829459492,0.05,-2204.2249999999995,220422.5,99322.5,110300.0,10800.0,0.0,50,897
2232,72633806,0.05,-3096.6500000000005,309665.0,96765.0,199700.0,13200.0,0.0,50,897
2233,715992978,0.05,-3385.0749999999994,338507.5,121807.5,199900.0,12000.0,4800.0,50,897
2234,897362227,0.05,-2432.475,243247.5,82147.5,147900.0,13200.0,0.0,50,897
2235,863107950,0.05,-2595.75,259575.0,106275.0,140500.0,12800.0,0.0,50,897
2236,31330777,0.05,-2145.7500000000005,214575.0,55775.0,145600.0,13200.0,0.0,50,897
2237,240298169,0.05,-2323.575,232357.5,95957.5,124400.0,12000.0,0.0,50,897
2238,943421601,0.05,-1839.0249999999999,183902.5,60602.5,110100.0,13200.0,0.0,50,897
2239,867835760,0.05,-2510.3000000000006,251030.0,100930.0,101900.0,15600.0,32600.0,50,897
2240,477118049,0.05,-2303.6,230360.0,61660.0,155900.0,12800.0,0.0,50,897
2241,628176801,0.05,-2888.850000000001,288885.0,92535.0,168900.0,10800.0,16650.0,50,897
2242,886612473,0.05,-1819.5500000000004,181955.0,68055.0,101500.0,12400.0,0.0,50,897
2243,620587338,0.05,-3313.3250000000003,331332.5,114132.5,152000.0,12400.0,52800.0,50,898
2244,110838353,0.05,-1593.4999999999998,159350.0,71850.0,73500.0,14000.0,0.0,50,900
2245,615578099,0.05,-2812.225,281222.5,95022.5,175400.0,10800.0,0.0,50,900
2246,665897426,0.05,-2044.5749999999998,204457.5,113557.5,79300.0,11600.0,0.0,50,900
2247,808134685,0.05,-3005.9249999999997,300592.5,88892.5,185500.0,12400.0,13800.0,50,900
2248,180744685,0.05,-3009.7000000000003,300970.0,65670.0,167000.0,14400.0,53900.0,50,900
2249,638697713,0.05,-2757.9,275790.0,87690.0,176100.0,12000.0,0.0,50,900
2250,477156527,0.05,-1813.6000000000006,181360.0,74460.0,94900.0,12000.0,0.0,50,900
2251,377644667,0.05,-2544.175,254417.5,75217.5,144800.0,13600.0,20800.0,50,900
2252,259886858,0.05,-2431.025,243102.5,94152.5,133200.0,12000.0,3750.0,50,900
2253,971170497,0.05,-2018.425,201842.5,80942.5,107700.0,13200.0,0.0,50,900
2254,566588858,0.05,-3041.6500000000005,304165.0,114715.0,147700.0,12000.0,29750.0,50,900
2255,52245408,0.05,-1572.0250000000003,157202.5,65802.5,77000.0,14400.0,0.0,50,900
2256,918899800,0.05,-1995.9749999999995,199597.5,72797.5,112400.0,14400.0,0.0,50,900
2257,895856117,0.05,-2227.7000000000007,222770.0,72070.0,137900.0,12800.0,0.0,50,900
2258,645942556,0.05,-2777.4749999999995,277747.5,63547.5,198600.0,15600.0,0.0,50,900
2259,710294739,0.05,-2654.625,265462.5,128962.5,87200.0,13600.0,35700.0,50,900
2260,864563627,0.05,-1852.0750000000005,185207.5,64107.5,109100.0,12000.0,0.0,50,900
2261,235172455,0.05,-2938.475,293847.5,91847.5,188400.0,13600.0,0.0,50,900
2262,828042412,0.05,-2732.5999999999995,273260.0,94260.0,165800.0,13200.0,0.0,50,900
2263,27168470,0.05,-2477.975,247797.5,87447.5,137600.0,12800.0,9950.0,50,900
2264,284943243,0.05,-2342.1499999999996,234215.0,60615.0,162000.0,11600.0,0.0,50,900
2265,416010941,0.05,-2103.95,210395.0,88895.0,108700.0,12800.0,0.0,50,900
2266,7419926,0.05,-1912.8500000000006,191285.0,134485.0,30200.0,14000.0,12600.0,50,900
2267,394539375,0.05,-2145.524999999999,214552.5,90202.5,108600.0,12800.0,2950.0,50,900
2268,675545919,0.05,-3142.2,314220.0,156420.0,94000.0,14800.0,49000.0,50,900
2269,527101202,0.05,-1820.5750000000005,182057.5,71357.5,97900.0,12800.0,0.0,50,900
2270,300980456,0.05,-2747.5500000000006,274755.0,79355.0,120200.0,13200.0,62000.0,50,900
2271,193040773,0.05,-1764.0249999999994,176402.5,81302.5,82700.0,12400.0,0.0,50,900
2272,180864740,0.05,-2260.75,226075.0,79475.0,134200.0,12400.0,0.0,50,900
2273,264726494,0.05,-2084.2250000000004,208422.5,59922.5,134100.0,14400.0,0.0,50,900
2274,628277186,0.05,-1925.6249999999998,192562.5,99662.5,81300.0,11600.0,0.0,50,900
2275,802356680,0.05,-2652.7499999999995,265275.0,76075.0,178000.0,11200.0,0.0,50,900
2276,10505370,0.05,-2548.475,254847.5,76847.5,167200.0,10800.0,0.0,50,900
2277,135517576,0.05,-2009.6499999999996,200965.0,79265.0,103300.0,10800.0,7600.0,50,900
2278,983517076,0.05,-2554.95,255495.0,132795.0,111500.0,11200.0,0.0,50,900
2279,743569595,0.05,-3091.9500000000003,309195.0,76345.0,207200.0,11600.0,14050.0,50,900
2280,316235849,0.05,-2947.7249999999995,294772.5,74872.5,205900.0,14000.0,0.0,50,900
2281,914086878,0.05,-2267.85,226785.0,47685.0,165500.0,13600.0,0.0,50,900
2282,780845067,0.05,-2014.975,201497.5,88797.5,100300.0,12400.0,0.0,50,901
2283,862446516,0.05,-2062.7999999999997,206280.0,82330.0,106100.0,12000.0,5850.0,50,901
2284,880215889,0.05,-2747.875,274787.5,104587.5,157800.0,12400.0,0.0,50,901
2285,94205278,0.05,-1558.4000000000003,155840.0,85940.0,53900.0,16000.0,0.0,50,901
2286,303267932,0.05,-2236.375,223637.5,65437.5,145400.0,12800.0,0.0,50,901
2287,630922606,0.05,-2360.8999999999996,236090.0,92790.0,131700.0,11600.0,0.0,50,901
2288,224877078,0.05,-3036.8500000000004,303685.0,87085.0,202200.0,14400.0,0.0,50,901
2289,394372024,0.05,-2957.5500000000006,295755.0,81805.0,153900.0,11200.0,48850.0,50,901
2290,22303626,0.05,-2047.9,204790.0,87790.0,105000.0,12000.0,0.0,50,901
2291,789676294,0.05,-2289.7999999999997,228980.0,132180.0,80300.0,12000.0,4500.0,50,902
2292,273299926,0.05,-2653.9000000000005,265390.0,125290.0,128900.0,11200.0,0.0,50,902
2293,933505038,0.05,-3328.0499999999997,332805.0,97705.0,223500.0,11600.0,0.0,50,902
2294,743175458,0.05,-1920.1250000000002,192012.5,90612.5,61400.0,11600.0,28400.0,50,902
2295,82211788,0.05,-2762.125,276212.5,116262.5,138400.0,10800.0,10750.0,50,902
2296,190556595,0.05,-2438.6749999999993,243867.5,128467.5,88900.0,12400.0,14100.0,50,902
2297,736692434,0.05,-2235.6499999999996,223565.0,134165.0,48000.0,15200.0,26200.0,50,902
2298,336006455,0.05,-2765.225,276522.5,109272.5,121700.0,12000.0,33550.0,50,902
2299,269373917,0.05,-2526.35,252635.0,67035.0,172400.0,13200.0,0.0,50,902
2300,194785078,0.05,-1585.5,158550.0,69450.0,72700.0,13600.0,2800.0,50,902
2301,555853299,0.05,-2314.05,231405.0,121905.0,97100.0,12400.0,0.0,50,902
2302,229206231,0.05,-2230.9499999999994,223095.0,89945.0,112800.0,12000.0,8350.0,50,902
2303,158420117,0.05,-2038.7250000000006,203872.5,116572.5,71200.0,13600.0,2500.0,50,902
2304,611234760,0.05,-2341.2,234120.0,78270.0,128200.0,12000.0,15650.0,50,903
2305,371842950,0.05,-3082.95,308295.0,120945.0,151300.0,12400.0,23650.0,50,903
2306,575770692,0.05,-1861.95,186195.0,84445.0,69000.0,14000.0,18750.0,50,903
2307,212096250,0.05,-3217.1000000000013,321710.0,100410.0,178200.0,10000.0,33100.0,50,903
2308,706632586,0.05,-2918.7000000000003,291870.0,145520.0,69400.0,11200.0,65750.0,50,903
2309,545176472,0.05,-2283.8250000000007,228382.5,51782.5,164200.0,12400.0,0.0,50,903
2310,623145046,0.05,-3195.7999999999997,319580.0,122030.0,87200.0,14800.0,95550.0,50,904
2311,893736464,0.05,-2637.9999999999995,263800.0,82500.0,170500.0,10800.0,0.0,50,904
2312,36467373,0.05,-2082.025,208202.5,58652.5,133800.0,14400.0,1350.0,50,904
2313,564332516,0.05,-2633.3750000000014,263337.5,117637.5,123900.0,12400.0,9400.0,50,904
2314,853193121,0.05,-2660.1249999999995,266012.5,129562.5,79600.0,12400.0,44450.0,50,904
2315,4278491,0.05,-2152.55,215255.0,79755.0,124300.0,11200.0,0.0,50,904
2316,320622596,0.05,-2376.975000000001,237697.5,95047.5,108500.0,12400.0,21750.0,50,904
2317,113939,0.05,-2357.5,235750.0,106550.0,116800.0,12400.0,0.0,50,905
2318,269593552,0.05,-2405.599999999999,240560.0,80160.0,136100.0,12400.0,11900.0,50,905
2319,851441870,0.05,-3004.75,300475.0,66275.0,219200.0,12400.0,2600.0,50,905
2320,528950390,0.05,-1803.6500000000003,180365.0,52665.0,112500.0,15200.0,0.0,50,905
2321,954294105,0.05,-2399.5250000000005,239952.5,59852.5,167700.0,12400.0,0.0,50,905
2322,117562993,0.05,-2952.95,295295.0,100545.0,133600.0,13200.0,47950.0,50,905
2323,319821126,0.05,-2287.75,228775.0,71975.0,121700.0,12800.0,22300.0,50,905
2324,641407103,0.05,-3128.7499999999995,312875.0,116275.0,128600.0,10800.0,57200.0,50,905
2325,412093120,0.05,-2563.6249999999995,256362.5,123662.5,112500.0,12400.0,7800.0,50,905
2326,531105052,0.05,-1910.7749999999999,191077.5,106327.5,69300.0,13600.0,1850.0,50,905
2327,702942609,0.05,-1844.525,184452.5,65452.5,105000.0,14000.0,0.0,50,905
2328,572169957,0.05,-2222.9,222290.0,129690.0,80600.0,11200.0,800.0,50,905
2329,662174078,0.05,-3550.3500000000004,355035.0,80235.0,200300.0,12400.0,62100.0,50,905
2330,175691484,0.05,-1624.2250000000001,162422.5,99722.5,48300.0,14400.0,0.0,50,905
2331,349094031,0.05,-2220.05,222005.0,69005.0,127700.0,14000.0,11300.0,50,905
2332,740159551,0.05,-2670.725,267072.5,77972.5,176300.0,12800.0,0.0,50,905
2333,390118318,0.05,-3165.0,316500.0,125500.0,103500.0,12800.0,74700.0,50,905
2334,592127389,0.05,-1704.0499999999997,170405.0,63705.0,91900.0,14800.0,0.0,50,905
2335,263691481,0.05,-2953.4249999999997,295342.5,100242.5,184300.0,10800.0,0.0,50,905
2336,290872339,0.05,-2198.8750000000005,219887.5,93287.5,66700.0,14800.0,45100.0,50,905
2337,755840144,0.05,-2278.749999999999,227875.0,112475.0,103800.0,11600.0,0.0,50,905
2338,987957672,0.05,-2379.05,237905.0,140855.0,77700.0,12400.0,6950.0,50,905
2339,281969512,0.05,-2606.8999999999996,260690.0,97040.0,150700.0,11600.0,1350.0,50,905
2340,82823145,0.05,-2508.7,250870.0,116470.0,122800.0,11600.0,0.0,50,905
2341,423190924,0.05,-2600.249999999999,260025.0,124625.0,110700.0,11200.0,13500.0,50,905
2342,718136864,0.05,-2480.9249999999993,248092.5,48792.5,185300.0,14000.0,0.0,50,905
2343,230938688,0.05,-3636.75,363675.0,105925.0,220800.0,12400.0,24550.0,50,905
2344,224213797,0.05,-3229.8999999999996,322990.0,106090.0,206500.0,10400.0,0.0,50,905
2345,56688249,0.05,-2351.6499999999996,235165.0,58565.0,163800.0,12800.0,0.0,50,905
2346,315111777,0.05,-2198.0250000000005,219802.5,102052.5,59000.0,13600.0,45150.0,50,905
2347,919070241,0.05,-1614.075,161407.5,89307.5,58000.0,13200.0,900.0,50,905
2348,428549997,0.05,-2478.3500000000004,247835.0,97135.0,138300.0,12400.0,0.0,50,905
2349,439104114,0.05,-2934.55,293455.0,108955.0,134800.0,12400.0,37300.0,50,905
2350,853205640,0.05,-2739.25,273925.0,126525.0,136600.0,10800.0,0.0,50,905
2351,749946502,0.05,-2278.8750000000005,227887.5,105437.5,106700.0,13600.0,2150.0,50,905
2352,48000924,0.05,-2556.325,255632.5,88532.5,155500.0,11600.0,0.0,50,905
2353,123065071,0.05,-2061.45,206145.0,85345.0,107600.0,13200.0,0.0,50,905
2354,812371477,0.05,-2260.0249999999996,226002.5,112702.5,99300.0,14000.0,0.0,50,905
2355,979171222,0.05,-1898.45,189845.0,99045.0,73000.0,13200.0,4600.0,50,905
2356,112891727,0.05,-2979.3500000000004,297935.0,99535.0,108800.0,13200.0,76400.0,50,905
2357,300170496,0.05,-2133.875,213387.5,89687.5,110200.0,12400.0,1100.0,50,905
2358,540905150,0.05,-2707.0499999999993,270705.0,139255.0,47000.0,14400.0,70050.0,50,906
2359,668616000,0.05,-2128.2249999999995,212822.5,116972.5,79600.0,13600.0,2650.0,50,906
2360,424994999,0.05,-2405.6,240560.0,131660.0,69100.0,12400.0,27400.0,50,906
2361,684186924,0.05,-2738.699999999999,273870.0,115770.0,81200.0,11200.0,65700.0,50,906
2362,868546549,0.05,-2590.5499999999997,259055.0,129855.0,58200.0,13200.0,57800.0,50,906
2363,580102615,0.05,-2040.9000000000003,204090.0,118540.0,52900.0,14800.0,17850.0,50,906
2364,935591169,0.05,-2139.6000000000004,213960.0,87660.0,114700.0,11600.0,0.0,50,906
2365,289217466,0.05,-2375.0249999999996,237502.5,110252.5,112900.0,13600.0,750.0,50,906
2366,486234104,0.05,-2093.7,209370.0,110170.0,84600.0,12800.0,1800.0,50,906
2367,316770968,0.05,-3254.9999999999995,325500.0,124800.0,152500.0,13600.0,34600.0,50,906
2368,327334653,0.05,-2120.525,212052.5,90852.5,103100.0,12800.0,5300.0,50,906
2369,236348276,0.05,-2483.5249999999987,248352.5,124452.5,96800.0,12800.0,14300.0,50,906
2370,82986262,0.05,-2061.4250000000006,206142.5,101142.5,93800.0,11200.0,0.0,50,906
2371,113551764,0.05,-2505.524999999999,250552.5,97952.5,114000.0,10400.0,28200.0,50,906
2372,506082791,0.05,-2315.325,231532.5,77632.5,140700.0,13200.0,0.0,50,906
2373,193037560,0.05,-2132.65,213265.0,108565.0,88200.0,11600.0,4900.0,50,906
2374,336670970,0.05,-2727.95,272795.0,66495.0,193500.0,12800.0,0.0,50,907
2375,427151480,0.05,-2641.775,264177.5,147977.5,91600.0,12400.0,12200.0,50,907
2376,473708554,0.05,-2625.5,262550.0,67650.0,181700.0,13200.0,0.0,50,907
2377,833745919,0.05,-2350.7999999999997,235080.0,113580.0,104800.0,13600.0,3100.0,50,907
2378,470833880,0.05,-2458.425,245842.5,69042.5,163600.0,13200.0,0.0,50,907
2379,473149197,0.05,-2090.0499999999997,209005.0,64305.0,131100.0,13600.0,0.0,50,907
2380,828194096,0.05,-1722.7500000000002,172275.0,65475.0,91200.0,15600.0,0.0,50,907
2381,149478771,0.05,-1433.7749999999999,143377.5,87677.5,42500.0,13200.0,0.0,50,907
2382,129303457,0.05,-1993.3499999999997,199335.0,95335.0,92400.0,11600.0,0.0,50,907
2383,480442206,0.05,-2687.9500000000003,268795.0,70395.0,186000.0,12400.0,0.0,50,907
2384,497812181,0.05,-2346.6,234660.0,73860.0,145400.0,11600.0,3800.0,50,907
2385,192549536,0.05,-3116.8750000000005,311687.5,145737.5,123300.0,13600.0,29050.0,50,907
2386,510303803,0.05,-1786.2250000000001,178622.5,95222.5,70200.0,13200.0,0.0,50,907
2387,351352088,0.05,-2975.024999999999,297502.5,82952.5,151000.0,14800.0,48750.0,50,907
2388,93181786,0.05,-3384.675,338467.5,84417.5,232000.0,12800.0,9250.0,50,907
2389,643012009,0.05,-2030.15,203015.0,59815.0,130400.0,12800.0,0.0,50,907
2390,972444513,0.05,-3008.9000000000005,300890.0,84090.0,206000.0,10800.0,0.0,50,907
2391,377546782,0.05,-2090.1250000000005,209012.5,96812.5,101000.0,11200.0,0.0,50,907
2392,86744149,0.05,-2542.6249999999995,254262.5,96012.5,89000.0,11600.0,57650.0,50,907
2393,641606699,0.05,-2159.45,215945.0,118495.0,82400.0,13200.0,1850.0,50,907
2394,812511603,0.05,-2085.0,208500.0,81400.0,113500.0,13600.0,0.0,50,908
2395,90661979,0.05,-1936.7749999999996,193677.5,91927.5,77400.0,14800.0,9550.0,50,908
2396,772021261,0.05,-1966.075,196607.5,69007.5,112000.0,15600.0,0.0,50,908
2397,838871827,0.05,-1353.8,135380.0,73380.0,48800.0,13200.0,0.0,50,908
2398,494087697,0.05,-2107.525,210752.5,112452.5,86700.0,11600.0,0.0,50,908
2399,348086550,0.05,-2464.3250000000007,246432.5,81532.5,151700.0,13200.0,0.0,50,908
2400,549672765,0.05,-2318.85,231885.0,99285.0,119800.0,12800.0,0.0,50,908
2401,828858868,0.05,-2729.35,272935.0,50435.0,209300.0,13200.0,0.0,50,908
2402,925168865,0.05,-2771.7749999999996,277177.5,76977.5,186600.0,13600.0,0.0,50,908
2403,454195291,0.05,-1561.65,156165.0,68465.0,72900.0,14800.0,0.0,50,908
2404,1362167,0.05,-2263.649999999999,226365.0,122565.0,89400.0,14400.0,0.0,50,908
2405,981752208,0.05,-1769.0999999999995,176910.0,58710.0,105400.0,12800.0,0.0,50,908
2406,726370837,0.05,-2155.9500000000003,215595.0,83895.0,118900.0,12800.0,0.0,50,908
2407,137636541,0.05,-2462.699999999999,246270.0,88920.0,126000.0,11600.0,19750.0,50,909
2408,656017474,0.05,-2034.675,203467.5,79017.5,102000.0,12800.0,9650.0,50,909
2409,991082615,0.05,-2155.2999999999993,215530.0,98230.0,105700.0,11600.0,0.0,50,909
2410,935289443,0.05,-2849.6,284960.0,140910.0,72900.0,15200.0,55950.0,50,909
2411,239234573,0.05,-1937.2750000000005,193727.5,111227.5,69300.0,13200.0,0.0,50,909
2412,562660106,0.05,-2216.45,221645.0,76995.0,119200.0,14400.0,11050.0,50,909
2413,916080530,0.05,-2697.0250000000005,269702.5,146302.5,104400.0,12800.0,6200.0,50,909
2414,611267406,0.05,-2767.774999999999,276777.5,96027.5,130800.0,12400.0,37550.0,50,909
2415,623853,0.05,-1772.5750000000003,177257.5,91757.5,73100.0,12400.0,0.0,50,909
2416,759544607,0.05,-2746.1249999999995,274612.5,96912.5,166900.0,10800.0,0.0,50,909
2417,899696272,0.05,-2110.9500000000003,211095.0,103495.0,94400.0,13200.0,0.0,50,909
2418,878770794,0.05,-2574.2,257420.0,57920.0,187100.0,12400.0,0.0,50,909
2419,711327572,0.05,-1997.3500000000001,199735.0,84535.0,102000.0,13200.0,0.0,50,909
2420,226828290,0.05,-2045.4000000000003,204540.0,100090.0,82900.0,14400.0,7150.0,50,909
2421,207844070,0.05,-1932.5749999999996,193257.5,82407.5,85300.0,12000.0,13550.0,50,910
2422,941203677,0.05,-2334.9250000000006,233492.5,73292.5,148200.0,12000.0,0.0,50,910
2423,810329491,0.05,-2100.5750000000003,210057.5,50957.5,146700.0,12400.0,0.0,50,910
2424,578106378,0.05,-2037.6999999999998,203770.0,136570.0,47800.0,14400.0,5000.0,50,910
2425,33218619,0.05,-2448.075,244807.5,74707.5,156900.0,13200.0,0.0,50,910
2426,258974932,0.05,-2681.55,268155.0,102405.0,132300.0,12000.0,21450.0,50,910
2427,44069783,0.05,-2087.525,208752.5,69352.5,125400.0,14000.0,0.0,50,910
2428,590413672,0.05,-2734.7249999999995,273472.5,81372.5,162300.0,14000.0,15800.0,50,910
2429,591690743,0.05,-2445.275,244527.5,47527.5,184600.0,12400.0,0.0,50,910
2430,520026434,0.05,-2290.1000000000004,229010.0,123610.0,92200.0,13200.0,0.0,50,910
2431,863197891,0.05,-3093.4000000000005,309340.0,154540.0,105000.0,13200.0,36600.0,50,911
2432,664664042,0.05,-2204.3999999999996,220440.0,65540.0,142100.0,12800.0,0.0,50,911
2433,868085124,0.05,-2351.4749999999995,235147.5,47847.5,172900.0,14400.0,0.0,50,911
2434,275146844,0.05,-2305.550000000001,230555.0,90755.0,111200.0,12000.0,16600.0,50,911
2435,114388501,0.05,-2134.575,213457.5,77657.5,121800.0,14000.0,0.0,50,911
2436,391675503,0.05,-1593.1250000000002,159312.5,98212.5,48700.0,12400.0,0.0,50,911
2437,504020603,0.05,-3337.0000000000014,333700.0,129950.0,183500.0,15200.0,5050.0,50,911
2438,130065096,0.05,-2151.25,215125.0,107575.0,81600.0,13200.0,12750.0,50,911
2439,834501861,0.05,-1979.7999999999997,197980.0,63080.0,122500.0,12400.0,0.0,50,911
2440,40261482,0.05,-2579.6250000000005,257962.5,137012.5,81300.0,14000.0,25650.0,50,911
2441,245962140,0.05,-1930.4750000000001,193047.5,76247.5,102800.0,14000.0,0.0,50,911
2442,487378791,0.05,-2738.7250000000004,273872.5,111672.5,146900.0,12400.0,2900.0,50,911
2443,230883070,0.05,-2336.1500000000005,233615.0,47515.0,173700.0,12400.0,0.0,50,911
2444,275598404,0.05,-2294.5500000000006,229455.0,84455.0,133000.0,12000.0,0.0,50,911
2445,437961447,0.05,-1938.7250000000008,193872.5,96772.5,68500.0,14400.0,14200.0,50,911
2446,541342017,0.05,-1956.6,195660.0,88460.0,95200.0,12000.0,0.0,50,911
2447,793351929,0.05,-2497.075,249707.5,82207.5,153500.0,14000.0,0.0,50,911
2448,297594491,0.05,-2036.05,203605.0,70605.0,119800.0,13200.0,0.0,50,911
2449,507126366,0.05,-2784.5500000000006,278455.0,58555.0,207100.0,12800.0,0.0,50,911
2450,150918085,0.05,-3351.675,335167.5,111167.5,201500.0,11600.0,10900.0,50,911
2451,150873924,0.05,-1837.2250000000001,183722.5,108022.5,60900.0,14800.0,0.0,50,911
2452,904968431,0.05,-2128.4500000000003,212845.0,88145.0,109900.0,14800.0,0.0,50,911
2453,855094546,0.05,-2372.100000000001,237210.0,96210.0,126600.0,14400.0,0.0,50,911
2454,958545218,0.05,-3306.249999999999,330625.0,110075.0,199700.0,10800.0,10050.0,50,911
2455,765863474,0.05,-2531.4750000000004,253147.5,78247.5,162100.0,12800.0,0.0,50,911
2456,661947916,0.05,-2660.9249999999997,266092.5,85492.5,152000.0,13200.0,15400.0,50,911
2457,999131555,0.05,-3023.100000000001,302310.0,67510.0,222800.0,12000.0,0.0,50,911
2458,442062872,0.05,-2291.8999999999996,229190.0,138790.0,41800.0,12400.0,36200.0,50,911
2459,110389049,0.05,-2628.675,262867.5,133117.5,105100.0,13600.0,11050.0,50,911
2460,520626202,0.05,-3080.5999999999995,308060.0,124310.0,160500.0,15200.0,8050.0,50,912
2461,230734928,0.05,-2308.5499999999997,230855.0,93055.0,125800.0,12000.0,0.0,50,912
2462,912188465,0.05,-2530.0249999999996,253002.5,76402.5,161800.0,12000.0,2800.0,50,912
2463,363582575,0.05,-3427.850000000002,342785.0,138735.0,104700.0,13600.0,85750.0,50,912
2464,415173607,0.05,-2870.8,287080.0,78780.0,196300.0,12000.0,0.0,50,912
2465,58209843,0.05,-3160.975,316097.5,139447.5,119300.0,12800.0,44550.0,50,913
2466,514269161,0.05,-2034.525,203452.5,96602.5,80400.0,12000.0,14450.0,50,913
2467,627281985,0.05,-1917.4000000000003,191740.0,95940.0,76800.0,12800.0,6200.0,50,913
2468,872231815,0.05,-2566.4250000000006,256642.5,143442.5,76400.0,14800.0,22000.0,50,913
2469,44313899,0.05,-2396.9499999999994,239695.0,117445.0,104200.0,13200.0,4850.0,50,913
2470,190615789,0.05,-3271.075,327107.5,68307.5,247600.0,11200.0,0.0,50,913
2471,778861699,0.05,-2707.500000000001,270750.0,98150.0,158600.0,14000.0,0.0,50,913
2472,624384207,0.05,-2230.1499999999996,223015.0,47115.0,161500.0,14400.0,0.0,50,913
2473,416644661,0.05,-1817.4500000000005,181745.0,98645.0,52500.0,14000.0,16600.0,50,913
2474,461745719,0.05,-2387.975,238797.5,58997.5,166600.0,13200.0,0.0,50,913
2475,160172783,0.05,-2678.4999999999995,267850.0,68650.0,168700.0,12800.0,17700.0,50,913
2476,802131889,0.05,-2881.100000000001,288110.0,84610.0,188300.0,12800.0,2400.0,50,913
2477,797940015,0.05,-2035.5999999999992,203560.0,75310.0,111900.0,14400.0,1950.0,50,913
2478,802775101,0.05,-2013.7250000000004,201372.5,83972.5,104200.0,13200.0,0.0,50,913
2479,914618719,0.05,-2774.0249999999996,277402.5,104002.5,161400.0,12000.0,0.0,50,913
2480,933032961,0.05,-1976.7500000000002,197675.0,76275.0,108200.0,13200.0,0.0,50,913
2481,71384272,0.05,-2798.9000000000005,279890.0,88790.0,142200.0,12800.0,36100.0,50,913
2482,117835172,0.05,-2382.7000000000003,238270.0,84170.0,133400.0,13600.0,7100.0,50,913
2483,36771572,0.05,-3376.9249999999984,337692.5,114342.5,122200.0,11200.0,89950.0,50,913
2484,27842551,0.05,-2280.1000000000004,228010.0,66610.0,147800.0,13600.0,0.0,50,913
2485,523517602,0.05,-1369.1500000000003,136915.0,78715.0,43000.0,15200.0,0.0,50,913
2486,587332894,0.05,-3278.7249999999995,327872.5,105722.5,141800.0,14400.0,65950.0,50,913
2487,839924524,0.05,-3437.1499999999996,343715.0,129915.0,203400.0,10400.0,0.0,50,913
2488,385474739,0.05,-2949.2499999999995,294925.0,84725.0,200200.0,10000.0,0.0,50,913
2489,124601718,0.05,-2022.5249999999999,202252.5,92152.5,96500.0,13600.0,0.0,50,913
2490,514536353,0.05,-1844.6000000000001,184460.0,62860.0,107600.0,14000.0,0.0,50,913
2491,932608989,0.05,-3717.8499999999995,371785.0,150285.0,101800.0,13200.0,106500.0,50,914
2492,859790226,0.05,-2334.775,233477.5,60277.5,160000.0,13200.0,0.0,50,914
2493,498851513,0.05,-2742.725,274272.5,131472.5,110000.0,15200.0,17600.0,50,914
2494,164160262,0.05,-1637.7,163770.0,104970.0,44800.0,14000.0,0.0,50,914
2495,243011775,0.05,-2890.5250000000005,289052.5,144752.5,102400.0,10400.0,31500.0,50,914
2496,520751619,0.05,-2371.4500000000003,237145.0,62545.0,160200.0,14400.0,0.0,50,914
2497,515612029,0.05,-3203.924999999999,320392.5,142542.5,146100.0,11200.0,20550.0,50,914
2498,808733547,0.05,-2188.7749999999996,218877.5,65977.5,139700.0,13200.0,0.0,50,914
2499,993522987,0.05,-1872.3250000000005,187232.5,101732.5,71500.0,14000.0,0.0,50,914
2500,633761570,0.05,-2265.125000000001,226512.5,100512.5,87900.0,12000.0,26100.0,50,914
2501,469641772,0.05,-2216.2499999999995,221625.0,69425.0,138200.0,14000.0,0.0,50,914
2502,441047105,0.05,-3193.1749999999993,319317.5,93967.5,213300.0,11200.0,850.0,50,914
2503,422464474,0.05,-2367.149999999999,236715.0,110115.0,109000.0,14000.0,3600.0,50,914
2504,766960257,0.05,-2314.7249999999995,231472.5,79822.5,121500.0,12800.0,17350.0,50,914
2505,740633653,0.05,-2322.9249999999997,232292.5,75892.5,122100.0,13200.0,21100.0,50,914
2506,743089515,0.05,-2349.2249999999995,234922.5,113722.5,106800.0,14400.0,0.0,50,914
2507,340555837,0.05,-2996.4,299640.0,65540.0,221300.0,12800.0,0.0,50,914
2508,226249080,0.05,-2117.775,211777.5,105577.5,93000.0,12800.0,400.0,50,914
2509,644315979,0.05,-3632.9749999999995,363297.5,99347.5,208000.0,12800.0,43150.0,50,914
2510,214473539,0.05,-2553.3999999999996,255340.0,138040.0,104100.0,13200.0,0.0,50,914
2511,612279900,0.05,-1627.925,162792.5,80392.5,68400.0,14000.0,0.0,50,914
2512,640296261,0.05,-2546.475,254647.5,62247.5,179600.0,12800.0,0.0,50,914
2513,213745885,0.05,-2030.6999999999998,203070.0,109370.0,82500.0,11200.0,0.0,50,914
2514,762598682,0.05,-3030.5999999999995,303060.0,111510.0,173900.0,12800.0,4850.0,50,914
2515,599906227,0.05,-2659.1750000000006,265917.5,76117.5,178200.0,11600.0,0.0,50,914
2516,704285983,0.05,-2465.5500000000006,246555.0,94755.0,131800.0,11200.0,8800.0,50,914
2517,898925682,0.05,-2961.3000000000006,296130.0,150330.0,88300.0,16000.0,41500.0,50,914
2518,573083212,0.05,-1526.9499999999998,152695.0,87945.0,41800.0,14400.0,8550.0,50,914
2519,317771216,0.05,-1826.8249999999998,182682.5,91432.5,70200.0,14800.0,6250.0,50,914
2520,723987575,0.05,-2402.1500000000005,240215.0,85715.0,136300.0,11200.0,7000.0,50,914
2521,980581094,0.05,-3260.899999999999,326090.0,110890.0,192100.0,12800.0,10300.0,50,914
2522,269423483,0.05,-3310.4500000000003,331045.0,147795.0,108400.0,11600.0,63250.0,50,914
2523,878436198,0.05,-2449.949999999999,244995.0,111145.0,86200.0,13200.0,34450.0,50,914
2524,920882845,0.05,-2731.675,273167.5,79667.5,179900.0,13600.0,0.0,50,914
2525,724305240,0.05,-3011.424999999999,301142.5,133542.5,133300.0,12800.0,21500.0,50,914
2526,322737790,0.05,-2576.1,257610.0,91910.0,152500.0,13200.0,0.0,50,914
2527,220964932,0.05,-2335.325,233532.5,97382.5,87900.0,13200.0,35050.0,50,914
2528,257214667,0.05,-2618.2499999999995,261825.0,142925.0,86600.0,15200.0,17100.0,50,914
2529,823170593,0.05,-2238.2000000000003,223820.0,80320.0,129100.0,14400.0,0.0,50,914
2530,785860414,0.05,-1978.9499999999994,197895.0,84095.0,101800.0,12000.0,0.0,50,914
2531,194907070,0.05,-2604.8250000000003,260482.5,139282.5,85300.0,12800.0,23100.0,50,914
2532,497716364,0.05,-2640.7,264070.0,75970.0,148700.0,12800.0,26600.0,50,914
2533,583628080,0.05,-1248.475,124847.5,67747.5,43100.0,14000.0,0.0,50,914
2534,651008376,0.05,-2341.4,234140.0,98340.0,96800.0,13600.0,25400.0,50,914
2535,834096992,0.05,-2197.5250000000005,219752.5,82852.5,122900.0,14000.0,0.0,50,914
2536,617279333,0.05,-3156.0000000000005,315600.0,135900.0,61000.0,14800.0,103900.0,50,914
2537,193947171,0.05,-2523.800000000001,252380.0,79080.0,160100.0,13200.0,0.0,50,914
2538,836046460,0.05,-2296.725,229672.5,103422.5,103800.0,11600.0,10850.0,50,914
2539,320280762,0.05,-3065.2999999999997,306530.0,88730.0,192600.0,13200.0,12000.0,50,914
2540,850199360,0.05,-2247.25,224725.0,102625.0,102800.0,13600.0,5700.0,50,914
2541,945007510,0.05,-3377.575,337757.5,99957.5,225000.0,12800.0,0.0,50,914
2542,730521092,0.05,-2653.925,265392.5,96192.5,156800.0,12400.0,0.0,50,914
2543,164208960,0.05,-1621.2749999999999,162127.5,66227.5,83100.0,12800.0,0.0,50,914
2544,158869797,0.05,-2306.0750000000003,230607.5,106407.5,110200.0,14000.0,0.0,50,914
2545,142399684,0.05,-2489.175,248917.5,77717.5,159200.0,12000.0,0.0,50,914
2546,277295570,0.05,-2525.4,252540.0,101540.0,103200.0,13600.0,34200.0,50,915
2547,864856652,0.05,-2272.0250000000005,227202.5,105602.5,94500.0,13600.0,13500.0,50,915
2548,793638338,0.05,-2245.05,224505.0,87505.0,122600.0,14400.0,0.0,50,915
2549,45834540,0.05,-2215.1249999999995,221512.5,70212.5,138500.0,12800.0,0.0,50,915
2550,195423148,0.05,-1931.85,193185.0,66885.0,112700.0,13600.0,0.0,50,915
2551,801141374,0.05,-2022.6250000000002,202262.5,65562.5,122300.0,14400.0,0.0,50,915
2552,126624993,0.05,-1909.1499999999999,190915.0,94415.0,84100.0,12400.0,0.0,50,915
2553,916775004,0.05,-2752.5499999999997,275255.0,132005.0,117600.0,11600.0,14050.0,50,915
2554,560664767,0.05,-2859.4249999999993,285942.5,55842.5,217300.0,12800.0,0.0,50,915
2555,773377970,0.05,-1944.8249999999994,194482.5,112582.5,65100.0,14800.0,2000.0,50,915
2556,727629097,0.05,-2712.85,271285.0,75085.0,182600.0,13600.0,0.0,50,915
2557,867704248,0.05,-2497.3750000000005,249737.5,105437.5,132700.0,11600.0,0.0,50,915
2558,778282378,0.05,-2715.0499999999997,271505.0,59805.0,198900.0,12800.0,0.0,50,915
2559,482937846,0.05,-2871.1500000000015,287115.0,111115.0,146700.0,10400.0,18900.0,50,915
2560,669318039,0.05,-2645.4500000000003,264545.0,80745.0,171000.0,12800.0,0.0,50,915
2561,825645668,0.05,-2346.9000000000005,234690.0,99890.0,121200.0,13600.0,0.0,50,915
2562,298606480,0.05,-2476.8,247680.0,84280.0,151400.0,12000.0,0.0,50,915
2563,873638305,0.05,-2563.0750000000007,256307.5,96257.5,134400.0,12000.0,13650.0,50,915
2564,824850116,0.05,-2487.5000000000005,248750.0,130100.0,93400.0,10400.0,14850.0,50,915
2565,486702676,0.05,-2424.65,242465.0,115515.0,100300.0,10800.0,15850.0,50,915
2566,120085240,0.05,-3614.45,361445.0,113595.0,188400.0,12800.0,46650.0,50,915
2567,204801128,0.05,-1672.3249999999998,167232.5,99332.5,55100.0,12800.0,0.0,50,915
2568,742601207,0.05,-1727.9999999999998,172800.0,106900.0,53100.0,12800.0,0.0,50,915
2569,942270579,0.05,-2273.3750000000005,227337.5,78387.5,116200.0,12800.0,19950.0,50,915
2570,647252772,0.05,-2911.875,291187.5,111137.5,141200.0,11600.0,27250.0,50,915
2571,933172261,0.05,-1328.275,132827.5,67227.5,54000.0,11600.0,0.0,50,915
2572,108603982,0.05,-1815.1250000000002,181512.5,85712.5,82600.0,13200.0,0.0,50,915
2573,542962233,0.05,-2427.65,242765.0,74365.0,157600.0,10800.0,0.0,50,915
2574,675152924,0.05,-2332.5500000000006,233255.0,87905.0,132200.0,12400.0,750.0,50,915
2575,961981396,0.05,-2146.0,214600.0,67700.0,130600.0,14000.0,2300.0,50,915
2576,689830283,0.05,-2489.625,248962.5,106262.5,129900.0,12800.0,0.0,50,915
2577,455199584,0.05,-2288.575,228857.5,94657.5,122600.0,11600.0,0.0,50,915
2578,532744064,0.05,-2631.4500000000003,263145.0,140595.0,102100.0,12000.0,8450.0,50,915
2579,44463982,0.05,-2208.15,220815.0,91465.0,110000.0,12400.0,6950.0,50,915
2580,669100026,0.05,-2358.45,235845.0,101195.0,116600.0,13200.0,4850.0,50,915
2581,579392024,0.05,-2409.0499999999997,240905.0,95855.0,108100.0,12400.0,24550.0,50,915
2582,926654860,0.05,-2937.5750000000003,293757.5,87257.5,153900.0,12400.0,40200.0,50,915
2583,724654444,0.05,-3220.6249999999995,322062.5,81062.5,223900.0,11200.0,5900.0,50,915
2584,214901878,0.05,-3151.5750000000003,315157.5,75207.5,200800.0,12400.0,26750.0,50,915
2585,329007540,0.05,-2127.6,212760.0,133910.0,50900.0,14000.0,13950.0,50,915
2586,583211885,0.05,-2080.2249999999995,208022.5,125572.5,70600.0,11200.0,650.0,50,915
2587,499221221,0.05,-2635.5499999999984,263555.0,74255.0,177700.0,11600.0,0.0,50,915
2588,510259432,0.05,-2315.5749999999994,231557.5,95557.5,103300.0,14400.0,18300.0,50,915
2589,898081104,0.05,-2420.475000000001,242047.5,82347.5,131000.0,12800.0,15900.0,50,915
2590,65554684,0.05,-2001.8500000000006,200185.0,83135.0,96500.0,12400.0,8150.0,50,915
2591,311402247,0.05,-1442.7249999999997,144272.5,90172.5,40500.0,13600.0,0.0,50,916
2592,801091696,0.05,-2126.8749999999995,212687.5,66287.5,132400.0,14000.0,0.0,50,916
2593,794530046,0.05,-3107.5499999999997,310755.0,84555.0,151600.0,14400.0,60200.0,50,917
2594,579493505,0.05,-2416.875,241687.5,102687.5,99000.0,12400.0,27600.0,50,917
2595,67159996,0.05,-2563.1249999999995,256312.5,83912.5,149700.0,14000.0,8700.0,50,917
2596,839244093,0.05,-2288.6500000000005,228865.0,78965.0,135500.0,14400.0,0.0,50,917
2597,649505855,0.05,-2408.3250000000003,240832.5,96532.5,80300.0,13600.0,50400.0,50,917
2598,983512241,0.05,-2079.1749999999997,207917.5,72217.5,122500.0,13200.0,0.0,50,917
2599,660429448,0.05,-1718.4250000000002,171842.5,111342.5,47700.0,12800.0,0.0,50,917
2600,787053245,0.05,-2122.749999999999,212275.0,69275.0,129400.0,13600.0,0.0,50,917
2601,536587039,0.05,-2057.2250000000004,205722.5,87922.5,106200.0,11600.0,0.0,50,917
2602,534155266,0.05,-2584.3,258430.0,107930.0,137300.0,13200.0,0.0,50,917
2603,642385869,0.05,-2167.1999999999994,216720.0,62120.0,141800.0,12800.0,0.0,50,917
2604,554321815,0.05,-4145.950000000001,414595.0,72745.0,282800.0,11200.0,47850.0,50,917
2605,351084963,0.05,-1838.8,183880.0,79980.0,89900.0,14000.0,0.0,50,917
2606,965348077,0.05,-2361.2000000000007,236120.0,101970.0,62400.0,11200.0,60550.0,50,917
2607,26191542,0.05,-1953.8250000000003,195382.5,76682.5,107100.0,11600.0,0.0,50,917
2608,369854320,0.05,-2597.2000000000003,259720.0,123620.0,122900.0,13200.0,0.0,50,917
2609,669473043,0.05,-2554.9749999999995,255497.5,73297.5,168200.0,14000.0,0.0,50,917
2610,927045157,0.05,-3073.4250000000006,307342.5,110592.5,136200.0,12000.0,48550.0,50,917
2611,922195633,0.05,-2192.125,219212.5,78212.5,125100.0,13200.0,2700.0,50,917
2612,277711361,0.05,-2425.5250000000005,242552.5,106602.5,101500.0,12800.0,21650.0,50,917
2613,407835612,0.05,-2890.649999999999,289065.0,153115.0,103500.0,14000.0,18450.0,50,917
2614,983395773,0.05,-1711.4999999999995,171150.0,66950.0,86900.0,12400.0,4900.0,50,917
2615,103545672,0.05,-2608.775,260877.5,65177.5,183700.0,12000.0,0.0,50,917
2616,641704175,0.05,-2847.5249999999996,284752.5,95452.5,176200.0,10000.0,3100.0,50,917
2617,653744374,0.05,-2215.775,221577.5,59477.5,148500.0,13600.0,0.0,50,917
2618,841750829,0.05,-2140.4249999999997,214042.5,61342.5,126000.0,13200.0,13500.0,50,917
2619,147992013,0.05,-1503.125,150312.5,82912.5,54200.0,13200.0,0.0,50,917
2620,834782246,0.05,-2590.7750000000005,259077.5,101077.5,145600.0,12400.0,0.0,50,917
2621,490834017,0.05,-3716.0999999999995,371610.0,136010.0,185600.0,11200.0,38800.0,50,917
2622,583134490,0.05,-2833.4749999999995,283347.5,124597.5,145700.0,12800.0,250.0,50,917
2623,100747465,0.05,-3401.4999999999995,340150.0,102000.0,197800.0,10400.0,29950.0,50,917
2624,466313542,0.05,-2892.25,289225.0,90275.0,183500.0,13200.0,2250.0,50,917
2625,554199595,0.05,-2724.225,272422.5,61622.5,198000.0,12800.0,0.0,50,917
2626,881416872,0.05,-2364.425,236442.5,145742.5,34800.0,16400.0,39500.0,50,917
2627,99534068,0.05,-1977.5,197750.0,69150.0,113800.0,14800.0,0.0,50,918
2628,824985433,0.05,-3376.9249999999993,337692.5,51092.5,273000.0,13600.0,0.0,50,918
2629,733435979,0.05,-2494.5500000000006,249455.0,67455.0,148000.0,14000.0,20000.0,50,918
2630,139693090,0.05,-2600.5750000000007,260057.5,77357.5,164300.0,14400.0,4000.0,50,918
2631,726542467,0.05,-2490.6,249060.0,104910.0,116100.0,12400.0,15650.0,50,918
2632,292562562,0.05,-2929.45,292945.0,138295.0,141800.0,12400.0,450.0,50,918
2633,479213514,0.05,-2550.0749999999994,255007.5,112507.5,124100.0,11600.0,6800.0,50,918
2634,717612803,0.05,-3429.525,342952.5,67602.5,258400.0,10400.0,6550.0,50,918
2635,175308280,0.05,-2347.2000000000003,234720.0,57520.0,164000.0,13200.0,0.0,50,918
2636,448734831,0.05,-1610.9750000000001,161097.5,68397.5,80300.0,12400.0,0.0,50,918
2637,345895671,0.05,-2546.025,254602.5,66802.5,174200.0,13600.0,0.0,50,918
2638,347408719,0.05,-2121.1249999999995,212112.5,92512.5,107600.0,12000.0,0.0,50,918
2639,932154577,0.05,-2452.8250000000003,245282.5,122632.5,102500.0,12400.0,7750.0,50,918
2640,764409430,0.05,-2847.8749999999995,284787.5,115637.5,127300.0,13600.0,28250.0,50,918
2641,630368838,0.05,-3508.0749999999994,350807.5,164557.5,122100.0,14400.0,49750.0,50,918
2642,365182057,0.05,-2123.575,212357.5,101257.5,97900.0,13200.0,0.0,50,918
2643,257582978,0.05,-2868.625000000001,286862.5,79712.5,154100.0,13200.0,39850.0,50,918
2644,667126174,0.05,-2148.4999999999995,214850.0,69850.0,131400.0,13600.0,0.0,50,918
2645,33814458,0.05,-3232.024999999999,323202.5,85502.5,222900.0,14800.0,0.0,50,918
2646,267120742,0.05,-2711.2999999999997,271130.0,99530.0,133500.0,10800.0,27300.0,50,919
2647,719050199,0.05,-2571.35,257135.0,116735.0,127200.0,13200.0,0.0,50,919
2648,50866243,0.05,-2174.1749999999997,217417.5,95917.5,108300.0,13200.0,0.0,50,919
2649,32043889,0.05,-1851.5500000000004,185155.0,97705.0,72300.0,12800.0,2350.0,50,919
2650,387274196,0.05,-2804.9249999999984,280492.5,100242.5,135700.0,12800.0,31750.0,50,919
2651,587925662,0.05,-3028.075000000001,302807.5,114457.5,160200.0,11600.0,16550.0,50,919
2652,469863467,0.05,-2135.4249999999997,213542.5,112842.5,84800.0,11200.0,4700.0,50,919
2653,739738278,0.05,-2601.2750000000005,260127.5,121527.5,115300.0,11600.0,11700.0,50,919
2654,489405362,0.05,-3471.4750000000004,347147.5,110947.5,149300.0,11200.0,75700.0,50,919
2655,507862124,0.05,-2549.3749999999995,254937.5,85237.5,153400.0,13600.0,2700.0,50,919
2656,116062966,0.05,-2602.9749999999995,260297.5,74697.5,174800.0,10800.0,0.0,50,919
2657,947316950,0.05,-3135.0,313500.0,119400.0,144400.0,12400.0,37300.0,50,919
2658,57273379,0.05,-1898.975,189897.5,92697.5,83200.0,14000.0,0.0,50,919
2659,171638091,0.05,-2774.9,277490.0,89840.0,160800.0,12400.0,14450.0,50,919
2660,492196469,0.05,-1535.1750000000002,153517.5,70017.5,71900.0,11600.0,0.0,50,919
2661,658417576,0.05,-2812.7999999999997,281280.0,111480.0,144200.0,12800.0,12800.0,50,919
2662,463025349,0.05,-3057.9749999999995,305797.5,96447.5,187800.0,12400.0,9150.0,50,919
2663,652007980,0.05,-3551.6000000000004,355160.0,147010.0,126000.0,13200.0,68950.0,50,920
2664,313073585,0.05,-2104.325,210432.5,72732.5,120700.0,13600.0,3400.0,50,920
2665,698094008,0.05,-1695.725,169572.5,90122.5,59600.0,13200.0,6650.0,50,920
2666,657171574,0.05,-1584.9750000000004,158497.5,62197.5,79300.0,13200.0,3800.0,50,920
2667,763699578,0.05,-2561.7000000000007,256170.0,85670.0,157700.0,12800.0,0.0,50,920
2668,239433673,0.05,-2619.9000000000005,261990.0,53490.0,193300.0,15200.0,0.0,50,920
2669,673274719,0.05,-3095.3,309530.0,127630.0,124600.0,14400.0,42900.0,50,920
2670,7494785,0.05,-1915.9249999999997,191592.5,63192.5,115200.0,13200.0,0.0,50,920
2671,270927799,0.05,-2828.0250000000005,282802.5,72902.5,184600.0,12400.0,12900.0,50,920
2672,347435022,0.05,-1550.925,155092.5,67692.5,73400.0,14000.0,0.0,50,920
2673,381594625,0.05,-2743.0249999999996,274302.5,96552.5,161200.0,12400.0,4150.0,50,920
2674,613390476,0.05,-2352.850000000001,235285.0,126135.0,22000.0,14400.0,72750.0,50,920
2675,883098128,0.05,-2600.725,260072.5,100372.5,117000.0,11600.0,31100.0,50,920
2676,222736558,0.05,-2522.4750000000004,252247.5,89147.5,151500.0,11600.0,0.0,50,920
2677,785650115,0.05,-3053.575,305357.5,85207.5,207500.0,12000.0,650.0,50,920
2678,313225871,0.05,-3440.4250000000006,344042.5,95742.5,174300.0,12800.0,61200.0,50,920
2679,958187101,0.05,-2902.7750000000005,290277.5,71477.5,200600.0,12800.0,5400.0,50,920
2680,641326110,0.05,-2579.0249999999996,257902.5,120452.5,108400.0,11600.0,17450.0,50,920
2681,972408246,0.05,-2313.5499999999997,231355.0,104355.0,114200.0,12800.0,0.0,50,920
2682,519623697,0.05,-1838.425,183842.5,90742.5,78300.0,14800.0,0.0,50,920
2683,116204237,0.05,-3940.024999999999,394002.5,135402.5,166700.0,12800.0,79100.0,50,920
2684,148307906,0.05,-3268.825,326882.5,128882.5,129100.0,11600.0,57300.0,50,920
2685,83755459,0.05,-2405.125000000001,240512.5,102012.5,107900.0,14400.0,16200.0,50,920
2686,542672185,0.05,-2382.15,238215.0,82615.0,142400.0,13200.0,0.0,50,920
2687,999415339,0.05,-2827.275,282727.5,99827.5,172500.0,10400.0,0.0,50,920
2688,682579688,0.05,-3974.9250000000006,397492.5,153692.5,120100.0,15200.0,108500.0,50,920
2689,577117307,0.05,-2481.4249999999997,248142.5,76142.5,158800.0,13200.0,0.0,50,920
2690,310342439,0.05,-2079.725,207972.5,92722.5,99500.0,13200.0,2550.0,50,920
2691,360976775,0.05,-2660.2250000000004,266022.5,91872.5,80900.0,12000.0,81250.0,50,920
2692,935337615,0.05,-2216.4750000000004,221647.5,123947.5,85300.0,12400.0,0.0,50,920
2693,886584689,0.05,-2786.9749999999995,278697.5,111797.5,61500.0,13200.0,92200.0,50,920
2694,623584356,0.05,-1915.9750000000004,191597.5,75997.5,101600.0,14000.0,0.0,50,920
2695,426554348,0.05,-2573.25,257325.0,81225.0,126500.0,12800.0,36800.0,50,920
2696,218197435,0.05,-3380.7999999999997,338080.0,96180.0,153500.0,14800.0,73600.0,50,920
2697,69178654,0.05,-2535.5750000000003,253557.5,78307.5,149700.0,13600.0,11950.0,50,920
2698,732109284,0.05,-2837.9500000000003,283795.0,127395.0,128700.0,11200.0,16500.0,50,920
2699,704572361,0.05,-2389.050000000001,238905.0,68105.0,158000.0,12800.0,0.0,50,920
2700,334850081,0.05,-3349.2749999999996,334927.5,89527.5,156300.0,12800.0,76300.0,50,920
2701,55813975,0.05,-2692.7000000000003,269270.0,84020.0,160000.0,11600.0,13650.0,50,920
2702,429209238,0.05,-2664.5499999999997,266455.0,69655.0,176700.0,13600.0,6500.0,50,920
2703,840249931,0.05,-3298.624999999999,329862.5,85412.5,199200.0,12000.0,33250.0,50,920
2704,252035772,0.05,-2241.325,224132.5,65432.5,144700.0,14000.0,0.0,50,920
2705,454976743,0.05,-2080.35,208035.0,111335.0,85100.0,11600.0,0.0,50,920
2706,350909890,0.05,-1736.7500000000005,173675.0,77675.0,82000.0,14000.0,0.0,50,920
2707,648660291,0.05,-2158.3250000000003,215832.5,104732.5,97900.0,13200.0,0.0,50,920
2708,961443647,0.05,-2125.35,212535.0,67085.0,117400.0,12800.0,15250.0,50,921
2709,530400967,0.05,-2595.675,259567.5,135717.5,109200.0,11200.0,3450.0,50,921
2710,568832528,0.05,-2197.7249999999995,219772.5,52272.5,153100.0,14400.0,0.0,50,921
2711,799582247,0.05,-2774.7000000000007,277470.0,88270.0,176000.0,13200.0,0.0,50,921
2712,158563878,0.05,-1854.6499999999999,185465.0,94665.0,74400.0,12800.0,3600.0,50,921
2713,999858916,0.05,-2918.125,291812.5,110812.5,97900.0,14800.0,68300.0,50,921
2714,838120927,0.05,-2342.925,234292.5,96192.5,125700.0,12400.0,0.0,50,921
2715,131094509,0.05,-2173.925,217392.5,124492.5,44600.0,15200.0,33100.0,50,923
2716,468571471,0.05,-2935.325,293532.5,151932.5,65400.0,14000.0,62200.0,50,923
2717,416657180,0.05,-2696.7249999999995,269672.5,88472.5,169600.0,11600.0,0.0,50,923
2718,168266640,0.05,-2293.1250000000005,229312.5,70462.5,123800.0,12800.0,22250.0,50,923
2719,332941468,0.05,-2946.8000000000006,294680.0,127630.0,98200.0,13600.0,55250.0,50,923
2720,682261341,0.05,-2354.0000000000005,235400.0,104700.0,67700.0,13200.0,49800.0,50,925
2721,34876193,0.05,-1997.175,199717.5,122717.5,59400.0,15200.0,2400.0,50,925
2722,212310734,0.05,-1998.325,199832.5,79732.5,107700.0,12400.0,0.0,50,925
2723,892439320,0.05,-2451.275,245127.5,98577.5,111800.0,14000.0,20750.0,50,925
2724,820384442,0.05,-2407.6000000000004,240760.0,83960.0,144000.0,12800.0,0.0,50,925
2725,225083032,0.05,-2233.3749999999995,223337.5,94837.5,115700.0,12800.0,0.0,50,925
2726,922892973,0.05,-2065.075,206507.5,75207.5,119700.0,11600.0,0.0,50,925
2727,616176720,0.05,-1981.0000000000005,198100.0,71050.0,111800.0,11600.0,3650.0,50,925
2728,502331539,0.05,-2491.125,249112.5,99312.5,131000.0,11200.0,7600.0,50,925
2729,805991773,0.05,-2482.475,248247.5,100647.5,118700.0,14400.0,14500.0,50,925
2730,938605793,0.05,-1694.5500000000004,169455.0,109205.0,36600.0,14000.0,9650.0,50,925
2731,121889363,0.05,-2806.1,280610.0,59710.0,208900.0,12000.0,0.0,50,925
2732,202253671,0.05,-2267.625,226762.5,69362.5,145800.0,11600.0,0.0,50,925
2733,211954656,0.05,-2471.8000000000006,247180.0,116580.0,117000.0,13600.0,0.0,50,925
2734,22669452,0.05,-2768.7499999999995,276875.0,107675.0,137600.0,12800.0,18800.0,50,925
2735,600193042,0.05,-2136.25,213625.0,105325.0,96300.0,12000.0,0.0,50,925
2736,504141471,0.05,-2345.8250000000003,234582.5,88082.5,133700.0,12800.0,0.0,50,925
2737,105119820,0.05,-2383.9500000000003,238395.0,94895.0,129500.0,14000.0,0.0,50,925
2738,565960181,0.05,-2569.6499999999987,256965.0,83265.0,144900.0,12400.0,16400.0,50,925
2739,323651239,0.05,-2225.325,222532.5,96232.5,112700.0,13600.0,0.0,50,925
2740,316043054,0.05,-2309.475000000001,230947.5,62747.5,155400.0,12800.0,0.0,50,925
2741,587907772,0.05,-2637.9999999999995,263800.0,83650.0,114500.0,11600.0,54050.0,50,925
2742,512199896,0.05,-2149.1749999999997,214917.5,100817.5,100100.0,14000.0,0.0,50,925
2743,574526105,0.05,-2750.225,275022.5,98322.5,165500.0,11200.0,0.0,50,925
2744,719077335,0.05,-3190.675,319067.5,86767.5,167700.0,11200.0,53400.0,50,925
2745,871848676,0.05,-3057.575,305757.5,99657.5,193700.0,12400.0,0.0,50,925
2746,103632112,0.05,-2870.1249999999995,287012.5,72812.5,201800.0,12400.0,0.0,50,925
2747,765678705,0.05,-2374.35,237435.0,115835.0,107600.0,14000.0,0.0,50,925
2748,325544604,0.05,-2069.675,206967.5,82667.5,109900.0,14400.0,0.0,50,925
2749,335074513,0.05,-2723.2000000000003,272320.0,71020.0,186500.0,14800.0,0.0,50,925
2750,760374257,0.05,-2402.3250000000003,240232.5,96332.5,122300.0,14000.0,7600.0,50,925
2751,611782497,0.05,-2951.825,295182.5,74982.5,208600.0,11600.0,0.0,50,925
2752,243528566,0.05,-2252.0750000000003,225207.5,100707.5,112500.0,12000.0,0.0,50,925
2753,714858544,0.05,-1923.1749999999997,192317.5,56017.5,123500.0,12800.0,0.0,50,925
2754,491290122,0.05,-2392.1749999999993,239217.5,93067.5,130300.0,12000.0,3850.0,50,925
2755,333704339,0.05,-3146.625,314662.5,124162.5,165500.0,12800.0,12200.0,50,925
2756,2507374,0.05,-1971.8749999999998,197187.5,100787.5,85200.0,11200.0,0.0,50,925
2757,383832748,0.05,-1583.5249999999996,158352.5,75552.5,68000.0,14800.0,0.0,50,925
2758,440250380,0.05,-2610.6999999999994,261070.0,74470.0,174200.0,12400.0,0.0,50,925
2759,478906455,0.05,-2489.9500000000003,248995.0,102995.0,132400.0,13600.0,0.0,50,925
2760,65399426,0.05,-2392.2000000000003,239220.0,117620.0,108000.0,13600.0,0.0,50,925
2761,831980836,0.05,-1622.5749999999996,162257.5,75207.5,53300.0,14400.0,19350.0,50,925
2762,65633038,0.05,-2447.9249999999993,244792.5,66092.5,159500.0,13200.0,6000.0,50,925
2763,961697328,0.05,-2235.7500000000005,223575.0,56375.0,154400.0,12800.0,0.0,50,925
2764,362890173,0.05,-1660.5,166050.0,76350.0,76900.0,12800.0,0.0,50,925
2765,345102349,0.05,-2066.4250000000006,206642.5,61542.5,131900.0,13200.0,0.0,50,925
2766,842595441,0.05,-2262.7999999999997,226280.0,77780.0,133300.0,15200.0,0.0,50,925
2767,418633552,0.05,-2624.35,262435.0,82085.0,166300.0,11200.0,2850.0,50,925
2768,905931323,0.05,-2431.700000000001,243170.0,62570.0,155500.0,12800.0,12300.0,50,925
2769,764999825,0.05,-2021.8500000000004,202185.0,125185.0,63800.0,13200.0,0.0,50,925
2770,148713008,0.05,-3604.100000000001,360410.0,96260.0,252400.0,10400.0,1350.0,50,925
2771,53996475,0.05,-2849.7249999999995,284972.5,132672.5,134100.0,12400.0,5800.0,50,925
2772,396801359,0.05,-2304.775,230477.5,97127.5,113500.0,11600.0,8250.0,50,925
2773,506753541,0.05,-2148.225,214822.5,99322.5,100700.0,13600.0,1200.0,50,925
2774,466687928,0.05,-2964.275,296427.5,86977.5,187700.0,11600.0,10150.0,50,925
2775,689293661,0.05,-2706.7999999999997,270680.0,76130.0,166400.0,15600.0,12550.0,50,925
2776,32672652,0.05,-3173.1749999999997,317317.5,45117.5,259400.0,12800.0,0.0,50,925
2777,739030290,0.05,-2122.4999999999995,212250.0,77450.0,122000.0,12800.0,0.0,50,925
2778,842863725,0.05,-3851.7,385170.0,160220.0,162000.0,11200.0,51750.0,50,925
2779,614002460,0.05,-2047.9999999999998,204800.0,71300.0,120700.0,12800.0,0.0,50,925
2780,666161907,0.05,-2748.15,274815.0,64715.0,199300.0,10800.0,0.0,50,925
2781,345400773,0.05,-1806.8999999999999,180690.0,45890.0,120000.0,14800.0,0.0,50,925
2782,27121652,0.05,-2352.9,235290.0,118990.0,101700.0,14400.0,200.0,50,925
2783,620883463,0.05,-1676.375,167637.5,68237.5,86600.0,12800.0,0.0,50,925
2784,375413627,0.05,-2450.7250000000004,245072.5,55672.5,177400.0,12000.0,0.0,50,925
2785,800873437,0.05,-2367.9500000000003,236795.0,55195.0,169200.0,12400.0,0.0,50,925
2786,397976659,0.05,-2356.725,235672.5,61572.5,161700.0,12400.0,0.0,50,925
2787,293571242,0.05,-2376.0499999999997,237605.0,78405.0,132200.0,13200.0,13800.0,50,925
2788,661462704,0.05,-2238.0999999999995,223810.0,64410.0,146600.0,12800.0,0.0,50,925
2789,482688952,0.05,-1990.4249999999997,199042.5,50442.5,136200.0,12400.0,0.0,50,925
2790,39928957,0.05,-3639.2500000000005,363925.0,45525.0,306000.0,12400.0,0.0,50,925
2791,157916182,0.05,-2659.9500000000007,265995.0,60595.0,193400.0,12000.0,0.0,50,925
2792,296438220,0.05,-2481.6249999999995,248162.5,51662.5,184100.0,12400.0,0.0,50,925
2793,240695586,0.05,-2262.7,226270.0,82420.0,124400.0,12800.0,6650.0,50,925
2794,255618474,0.05,-3136.4249999999997,313642.5,123492.5,166800.0,11600.0,11750.0,50,925
2795,906932030,0.05,-2702.7999999999993,270280.0,141230.0,111600.0,13600.0,3850.0,50,925
2796,982772004,0.05,-2623.55,262355.0,64605.0,186100.0,10800.0,850.0,50,925
2797,929215821,0.05,-1792.025,179202.5,106252.5,25400.0,13600.0,33950.0,50,925
2798,822126222,0.05,-1660.1249999999998,166012.5,58712.5,93700.0,13600.0,0.0,50,925
2799,384299329,0.05,-2863.5750000000003,286357.5,84357.5,189200.0,12800.0,0.0,50,925
2800,972376028,0.05,-2831.6749999999997,283167.5,106267.5,165700.0,11200.0,0.0,50,925
2801,249650793,0.05,-2066.75,206675.0,94775.0,98300.0,13600.0,0.0,50,925
2802,8691540,0.05,-1791.5249999999996,179152.5,55152.5,109200.0,14800.0,0.0,50,925
2803,406154592,0.05,-2129.575,212957.5,72257.5,129500.0,11200.0,0.0,50,925
2804,407397016,0.05,-2063.0249999999996,206302.5,65202.5,126700.0,14400.0,0.0,50,925
2805,997021984,0.05,-2242.5250000000005,224252.5,71352.5,140100.0,12800.0,0.0,50,925
2806,126714937,0.05,-2509.625,250962.5,81362.5,146400.0,12000.0,11200.0,50,925
2807,174348834,0.05,-3426.349999999999,342635.0,104435.0,226600.0,11600.0,0.0,50,925
2808,459299214,0.05,-1919.7749999999999,191977.5,74477.5,104700.0,12800.0,0.0,50,925
2809,84157663,0.05,-2211.699999999999,221170.0,45470.0,161300.0,14400.0,0.0,50,925
2810,37360645,0.05,-3492.700000000001,349270.0,49370.0,286700.0,13200.0,0.0,50,925
2811,456339806,0.05,-2314.875,231487.5,67187.5,152300.0,12000.0,0.0,50,925
2812,651400185,0.05,-2952.4750000000004,295247.5,85447.5,197000.0,12800.0,0.0,50,925
2813,166049646,0.05,-2107.7749999999996,210777.5,111577.5,87600.0,11600.0,0.0,50,925
2814,213601827,0.05,-2377.9,237790.0,81790.0,142800.0,13200.0,0.0,50,925
2815,725842768,0.05,-3107.2999999999993,310730.0,121330.0,177000.0,12400.0,0.0,50,925
2816,557182396,0.05,-2714.3750000000005,271437.5,55337.5,204900.0,11200.0,0.0,50,925
2817,292954403,0.05,-3005.325,300532.5,100332.5,188200.0,12000.0,0.0,50,925
2818,12760476,0.05,-1581.6749999999997,158167.5,64367.5,81000.0,12800.0,0.0,50,926
2819,125429743,0.05,-2757.9750000000013,275797.5,84597.5,177200.0,14000.0,0.0,50,926
2820,765597970,0.05,-1773.1250000000002,177312.5,105112.5,60200.0,12000.0,0.0,50,926
2821,697769912,0.05,-3075.3999999999996,307540.0,63740.0,231800.0,12000.0,0.0,50,926
2822,649071135,0.05,-2749.4500000000003,274945.0,129895.0,115600.0,13200.0,16250.0,50,926
2823,427204414,0.05,-2465.024999999999,246502.5,140502.5,46100.0,15200.0,44700.0,50,927
2824,578294715,0.05,-2421.524999999999,242152.5,91952.5,139000.0,11200.0,0.0,50,927
2825,13264323,0.05,-2234.8750000000005,223487.5,48987.5,158500.0,16000.0,0.0,50,928
2826,198729326,0.05,-2428.7000000000003,242870.0,90420.0,111300.0,10800.0,30350.0,50,928
2827,786003252,0.05,-1626.3,162630.0,53730.0,94500.0,14400.0,0.0,50,928
2828,302809765,0.05,-2525.7000000000003,252570.0,97570.0,144200.0,10800.0,0.0,50,928
2829,259994325,0.05,-2155.6500000000005,215565.0,91565.0,110000.0,14000.0,0.0,50,928
2830,116842268,0.05,-3131.7000000000003,313170.0,136070.0,165900.0,11200.0,0.0,50,928
2831,64872464,0.05,-2499.2000000000003,249920.0,62620.0,173700.0,13600.0,0.0,50,928
2832,438329065,0.05,-1960.9,196090.0,70890.0,110800.0,14400.0,0.0,50,928
2833,577293408,0.05,-2461.975,246197.5,40997.5,193200.0,12000.0,0.0,50,928
2834,902259644,0.05,-1752.375,175237.5,86637.5,74600.0,14000.0,0.0,50,928
2835,630410316,0.05,-2844.1499999999996,284415.0,47115.0,224100.0,13200.0,0.0,50,928
2836,268424600,0.05,-2105.7750000000005,210577.5,57277.5,139300.0,14000.0,0.0,50,928
2837,500168584,0.05,-2036.6,203660.0,65260.0,126000.0,12400.0,0.0,50,928
2838,455873677,0.05,-2442.4249999999993,244242.5,72142.5,160500.0,11600.0,0.0,50,928
2839,161509138,0.05,-1725.2,172520.0,77420.0,81100.0,14000.0,0.0,50,928
2840,934682726,0.05,-2471.575,247157.5,86057.5,149900.0,11200.0,0.0,50,928
2841,352701491,0.05,-2287.125,228712.5,65912.5,149600.0,13200.0,0.0,50,928
2842,205003638,0.05,-2401.4750000000004,240147.5,86447.5,139700.0,14000.0,0.0,50,928
2843,119936502,0.05,-2670.075,267007.5,95207.5,159600.0,12000.0,200.0,50,928
2844,203752971,0.05,-2183.725,218372.5,57172.5,148400.0,12800.0,0.0,50,928
2845,472770208,0.05,-2018.9499999999994,201895.0,98295.0,92000.0,11600.0,0.0,50,928
2846,920873844,0.05,-2138.225,213822.5,68522.5,127600.0,12800.0,4900.0,50,928
2847,549629735,0.05,-2478.35,247835.0,51835.0,182400.0,13600.0,0.0,50,928
2848,702184849,0.05,-1941.5749999999998,194157.5,110057.5,72100.0,12000.0,0.0,50,928
2849,748996509,0.05,-3007.725,300772.5,48372.5,239600.0,12800.0,0.0,50,928
2850,241894175,0.05,-2375.1999999999994,237520.0,88220.0,138900.0,10400.0,0.0,50,928
2851,439066894,0.05,-2300.45,230045.0,80345.0,125700.0,12800.0,11200.0,50,928
2852,9714374,0.05,-2401.0750000000003,240107.5,69407.5,156700.0,14000.0,0.0,50,928
2853,549916323,0.05,-2249.9,224990.0,111390.0,100800.0,12800.0,0.0,50,928
2854,766457127,0.05,-2046.6999999999996,204670.0,75070.0,116800.0,12800.0,0.0,50,928
2855,771156028,0.05,-2183.375,218337.5,82037.5,122700.0,13600.0,0.0,50,928
2856,693857748,0.05,-2803.9499999999994,280395.0,99095.0,166700.0,11200.0,3400.0,50,928
2857,424593601,0.05,-2956.625000000001,295662.5,92262.5,191000.0,12400.0,0.0,50,928
2858,577354457,0.05,-2333.7250000000004,233372.5,94772.5,125400.0,13200.0,0.0,50,928
2859,177258998,0.05,-2003.05,200305.0,63505.0,124800.0,12000.0,0.0,50,928
2860,132459639,0.05,-2527.6249999999995,252762.5,81862.5,158100.0,12800.0,0.0,50,928
2861,810394038,0.05,-2463.7999999999997,246380.0,82580.0,149800.0,14000.0,0.0,50,928
2862,853330687,0.05,-2242.975,224297.5,82097.5,129000.0,13200.0,0.0,50,928
2863,966836991,0.05,-2232.899999999999,223290.0,74990.0,135100.0,13200.0,0.0,50,928
2864,290638192,0.05,-2890.8500000000004,289085.0,101785.0,166000.0,12000.0,9300.0,50,928
2865,949673864,0.05,-2294.825,229482.5,77082.5,140800.0,11600.0,0.0,50,928
2866,693140515,0.05,-2686.774999999999,268677.5,128327.5,111700.0,12800.0,15850.0,50,928
2867,671156290,0.05,-2123.275,212327.5,76427.5,124700.0,11200.0,0.0,50,928
2868,387195307,0.05,-3285.3249999999994,328532.5,79832.5,151500.0,13200.0,84000.0,50,928
2869,57779397,0.05,-1850.2749999999999,185027.5,76027.5,93400.0,15600.0,0.0,50,928
2870,180428321,0.05,-3037.275,303727.5,109727.5,182400.0,11600.0,0.0,50,929
2871,701447941,0.05,-2570.1250000000005,257012.5,112812.5,129800.0,14400.0,0.0,50,929
2872,29045159,0.05,-2509.7999999999997,250980.0,88080.0,149700.0,13200.0,0.0,50,929
2873,773353681,0.05,-3273.4750000000004,327347.5,113397.5,185100.0,11200.0,17650.0,50,929
2874,767122794,0.05,-1810.1750000000002,181017.5,64717.5,103100.0,13200.0,0.0,50,929
2875,296531427,0.05,-2030.3000000000002,203030.0,113180.0,37400.0,12800.0,39650.0,50,930
2876,967950144,0.05,-2590.1499999999996,259015.0,89915.0,156700.0,12400.0,0.0,50,930
2877,708544302,0.05,-2561.9249999999997,256192.5,72142.5,147700.0,14000.0,22350.0,50,930
2878,92753931,0.05,-2857.200000000001,285720.0,118070.0,150000.0,13200.0,4450.0,50,930
2879,442597585,0.05,-2310.55,231055.0,79755.0,138500.0,12800.0,0.0,50,930
2880,412390322,0.05,-2017.7249999999997,201772.5,97372.5,92400.0,12000.0,0.0,50,930
2881,466867163,0.05,-1504.0249999999996,150402.5,75802.5,62200.0,12400.0,0.0,50,930
2882,546407564,0.05,-2323.1,232310.0,106210.0,107900.0,11200.0,7000.0,50,930
2883,731777240,0.05,-1836.3750000000002,183637.5,103637.5,67200.0,12800.0,0.0,50,930
2884,444364950,0.05,-2111.225000000001,211122.5,104722.5,94800.0,11600.0,0.0,50,930
2885,300972268,0.05,-2662.1250000000005,266212.5,86912.5,168100.0,11200.0,0.0,50,930
2886,877911174,0.05,-1649.8499999999997,164985.0,108585.0,41600.0,14800.0,0.0,50,930
2887,346236344,0.05,-1590.55,159055.0,78755.0,65500.0,14800.0,0.0,50,930
2888,548980281,0.05,-1907.5749999999998,190757.5,68157.5,109000.0,13600.0,0.0,50,930
2889,677382475,0.05,-2880.5499999999993,288055.0,84705.0,180300.0,10400.0,12650.0,50,930
2890,646095788,0.05,-2162.0250000000005,216202.5,54802.5,147000.0,14400.0,0.0,50,930
2891,186234108,0.05,-1914.425,191442.5,95192.5,79200.0,13200.0,3850.0,50,930
2892,288743720,0.05,-2924.425000000001,292442.5,96292.5,173300.0,12400.0,10450.0,50,930
2893,867470697,0.05,-2341.15,234115.0,86515.0,134800.0,12800.0,0.0,50,930
2894,867788746,0.05,-2246.6499999999996,224665.0,114715.0,95200.0,12400.0,2350.0,50,930
2895,33525076,0.05,-2359.8249999999994,235982.5,82182.5,143000.0,10800.0,0.0,50,930
2896,777562222,0.05,-1896.1500000000005,189615.0,94715.0,83300.0,11600.0,0.0,50,930
2897,803120537,0.05,-2385.95,238595.0,104495.0,122500.0,11600.0,0.0,50,930
2898,624862198,0.05,-2135.975,213597.5,88097.5,114300.0,11200.0,0.0,50,930
2899,964303312,0.05,-2792.7250000000004,279272.5,102472.5,141300.0,13200.0,22300.0,50,930
2900,134507116,0.05,-2706.85,270685.0,99585.0,154200.0,11600.0,5300.0,50,930
2901,239517016,0.05,-1897.475,189747.5,88247.5,88300.0,13200.0,0.0,50,930
2902,200718787,0.05,-2740.1500000000005,274015.0,68915.0,191100.0,14000.0,0.0,50,930
2903,496758653,0.05,-2424.3499999999995,242435.0,77135.0,151300.0,14000.0,0.0,50,930
2904,438542808,0.05,-1948.375,194837.5,100037.5,82800.0,12000.0,0.0,50,930
2905,32818879,0.05,-2644.349999999999,264435.0,88935.0,164300.0,11200.0,0.0,50,930
2906,938474134,0.05,-2718.8749999999995,271887.5,70087.5,187400.0,14400.0,0.0,50,930
2907,249911821,0.05,-2734.0249999999996,273402.5,104102.5,156500.0,12800.0,0.0,50,930
2908,756526562,0.05,-1916.4,191640.0,89240.0,89600.0,12800.0,0.0,50,930
2909,840159127,0.05,-1873.4500000000005,187345.0,114795.0,44600.0,15200.0,12750.0,50,930
2910,91400961,0.05,-3119.725,311972.5,109422.5,173700.0,14000.0,14850.0,50,930
2911,837620986,0.05,-2511.2250000000004,251122.5,104022.5,91100.0,13600.0,42400.0,50,930
2912,632718382,0.05,-3728.5499999999993,372855.0,47455.0,312200.0,13200.0,0.0,50,930
2913,687013207,0.05,-1875.5999999999997,187560.0,74560.0,100200.0,12800.0,0.0,50,930
2914,405178439,0.05,-2585.825,258582.5,71082.5,175900.0,11600.0,0.0,50,930
2915,825001973,0.05,-1981.7249999999997,198172.5,101372.5,84800.0,12000.0,0.0,50,930
2916,175222307,0.05,-2252.3,225230.0,71630.0,140000.0,13600.0,0.0,50,930
2917,585503979,0.05,-1421.4000000000003,142140.0,69040.0,58300.0,14800.0,0.0,50,930
2918,194161390,0.05,-1806.9999999999993,180700.0,89300.0,79000.0,12400.0,0.0,50,930
2919,503161963,0.05,-2468.8500000000004,246885.0,86885.0,147600.0,12400.0,0.0,50,930
2920,601075108,0.05,-2683.5749999999994,268357.5,125957.5,131200.0,11200.0,0.0,50,930
2921,614452029,0.05,-2692.7000000000003,269270.0,73470.0,184200.0,11600.0,0.0,50,930
2922,256162970,0.05,-1958.1000000000001,195810.0,95010.0,89600.0,11200.0,0.0,50,930
2923,358425836,0.05,-1729.1750000000002,172917.5,88717.5,71400.0,12800.0,0.0,50,930
2924,472582770,0.05,-2462.575,246257.5,103657.5,124600.0,12400.0,5600.0,50,930
2925,730290010,0.05,-1908.6999999999998,190870.0,128270.0,47800.0,14800.0,0.0,50,930
2926,300533499,0.05,-2082.1499999999996,208215.0,60315.0,135900.0,12000.0,0.0,50,930
2927,214272293,0.05,-1881.2999999999997,188130.0,99330.0,76800.0,12000.0,0.0,50,931
2928,88415635,0.05,-3006.475,300647.5,88247.5,200400.0,12000.0,0.0,50,931
2929,432971622,0.05,-2350.874999999999,235087.5,85087.5,138800.0,11200.0,0.0,50,931
2930,945350908,0.05,-1885.95,188595.0,99295.0,77300.0,12000.0,0.0,50,931
2931,407521426,0.05,-2269.4500000000003,226945.0,69045.0,145100.0,12800.0,0.0,50,931
2932,638572088,0.05,-2190.3,219030.0,88880.0,110800.0,12000.0,7350.0,50,931
2933,689203845,0.05,-2241.5,224150.0,84150.0,128000.0,12000.0,0.0,50,931
2934,574102770,0.05,-2048.9,204890.0,66740.0,114200.0,14000.0,9950.0,50,931
2935,374424034,0.05,-1307.4500000000003,130745.0,90445.0,25500.0,14800.0,0.0,50,931
2936,161327739,0.05,-1777.45,177745.0,72545.0,92800.0,12400.0,0.0,50,932
2937,317722055,0.05,-2089.875,208987.5,86687.5,111100.0,11200.0,0.0,50,932
2938,198104574,0.05,-3165.5999999999995,316560.0,44960.0,258800.0,12800.0,0.0,50,932
2939,145777661,0.05,-3564.9999999999995,356500.0,76350.0,263000.0,12400.0,4750.0,50,932
2940,598389701,0.05,-2052.0750000000003,205207.5,90807.5,103600.0,10800.0,0.0,50,932
2941,145851500,0.05,-1978.975,197897.5,70897.5,115800.0,11200.0,0.0,50,932
2942,284772375,0.05,-2286.8250000000003,228682.5,78282.5,139600.0,10800.0,0.0,50,932
2943,458349817,0.05,-2748.249999999999,274825.0,79725.0,182300.0,12800.0,0.0,50,932
2944,816086165,0.05,-1580.525,158052.5,118452.5,25200.0,14400.0,0.0,50,932
2945,572688112,0.05,-1970.1000000000006,197010.0,65810.0,117600.0,13600.0,0.0,50,932
2946,978711242,0.05,-2991.05,299105.0,108205.0,178100.0,12800.0,0.0,50,932
2947,960866324,0.05,-2447.4249999999997,244742.5,103542.5,124800.0,9600.0,6800.0,50,932
2948,930297254,0.05,-1667.0749999999998,166707.5,78607.5,75300.0,12800.0,0.0,50,932
2949,637079448,0.05,-2422.1749999999993,242217.5,100517.5,94200.0,14800.0,32700.0,50,932
2950,879094493,0.05,-3421.0750000000003,342107.5,88357.5,236900.0,10400.0,6450.0,50,932
2951,819640129,0.05,-3154.625000000001,315462.5,84962.5,220500.0,10000.0,0.0,50,932
2952,969759777,0.05,-1602.125,160212.5,65412.5,79200.0,15600.0,0.0,50,933
2953,208140077,0.05,-2271.7000000000003,227170.0,92870.0,120500.0,12000.0,1800.0,50,933
2954,205055135,0.05,-2725.850000000001,272585.0,74985.0,184400.0,13200.0,0.0,50,933
2955,168254984,0.05,-2408.825,240882.5,74932.5,152500.0,12800.0,650.0,50,933
2956,437932856,0.05,-2214.7000000000003,221470.0,129470.0,71700.0,13600.0,6700.0,50,933
2957,629697638,0.05,-2472.7999999999997,247280.0,93580.0,141700.0,12000.0,0.0,50,933
2958,960969729,0.05,-2081.85,208185.0,44485.0,149700.0,14000.0,0.0,50,933
2959,26158735,0.05,-2425.6499999999996,242565.0,65015.0,147500.0,15600.0,14450.0,50,933
2960,314714174,0.05,-2211.325,221132.5,55932.5,151200.0,14000.0,0.0,50,933
2961,265967469,0.05,-2544.15,254415.0,80815.0,124900.0,12000.0,36700.0,50,933
2962,635736718,0.05,-3088.5,308850.0,79700.0,192100.0,13600.0,23450.0,50,933
2963,969520626,0.05,-2355.6749999999997,235567.5,113617.5,76800.0,14800.0,30350.0,50,933
2964,420602796,0.05,-2967.25,296725.0,102675.0,170900.0,11200.0,11950.0,50,933
2965,29929115,0.05,-1999.7499999999998,199975.0,85675.0,102300.0,12000.0,0.0,50,933
2966,569264392,0.05,-2422.325,242232.5,71932.5,156700.0,13600.0,0.0,50,933
2967,335368468,0.05,-1755.8750000000005,175587.5,74187.5,89400.0,12000.0,0.0,50,933
2968,342285936,0.05,-1811.1249999999995,181112.5,79512.5,87600.0,14000.0,0.0,50,933
2969,962535222,0.05,-2944.9749999999985,294497.5,105447.5,152500.0,10400.0,26150.0,50,933
2970,893710132,0.05,-2059.6000000000004,205960.0,75560.0,118000.0,12400.0,0.0,50,933
2971,575197197,0.05,-2462.925,246292.5,108042.5,98100.0,12800.0,27350.0,50,933
2972,90011312,0.05,-1872.4000000000003,187240.0,56540.0,115900.0,14800.0,0.0,50,933
2973,15623000,0.05,-2737.7750000000005,273777.5,104377.5,156600.0,12800.0,0.0,50,933
2974,448881428,0.05,-2261.6250000000005,226162.5,71462.5,140700.0,14000.0,0.0,50,933
2975,851937933,0.05,-2056.7,205670.0,116270.0,76600.0,12800.0,0.0,50,933
2976,364325081,0.05,-2845.225,284522.5,70122.5,204000.0,10400.0,0.0,50,933
2977,962658503,0.05,-2681.249999999999,268125.0,70625.0,184700.0,12800.0,0.0,50,933
2978,683509926,0.05,-2640.1500000000005,264015.0,54415.0,196000.0,13600.0,0.0,50,933
2979,599905140,0.05,-1994.075,199407.5,53107.5,132700.0,13600.0,0.0,50,933
2980,969594063,0.05,-2533.85,253385.0,105685.0,132700.0,11600.0,3400.0,50,933
2981,838674858,0.05,-2147.55,214755.0,65355.0,136200.0,13200.0,0.0,50,933
2982,919762162,0.05,-3079.9500000000003,307995.0,136595.0,83900.0,15600.0,71900.0,50,934
2983,223741602,0.05,-2809.2999999999997,280930.0,103180.0,159600.0,10000.0,8150.0,50,934
2984,703360241,0.05,-2155.5,215550.0,95250.0,102800.0,10400.0,7100.0,50,934
2985,139156549,0.05,-2676.2500000000005,267625.0,77275.0,162300.0,10400.0,17650.0,50,934
2986,527423908,0.05,-1955.7499999999995,195575.0,60075.0,121900.0,13600.0,0.0,50,934
2987,157947499,0.05,-2506.25,250625.0,57025.0,180400.0,13200.0,0.0,50,934
2988,276640563,0.05,-1514.4,151440.0,81540.0,55500.0,14400.0,0.0,50,935
2989,146210485,0.05,-2168.1,216810.0,105910.0,97700.0,13200.0,0.0,50,935
2990,80752399,0.05,-1335.1250000000005,133512.5,79812.5,41700.0,12000.0,0.0,50,935
2991,820893727,0.05,-3949.7000000000003,394970.0,82870.0,231300.0,12800.0,68000.0,50,935
2992,129136129,0.05,-2642.950000000001,264295.0,107245.0,122300.0,14000.0,20750.0,50,935
2993,546781188,0.05,-2055.5749999999994,205557.5,96257.5,97300.0,12000.0,0.0,50,935
2994,763840268,0.05,-2311.9,231190.0,73990.0,146000.0,11200.0,0.0,50,935
2995,576110986,0.05,-2238.825,223882.5,103582.5,105900.0,14400.0,0.0,50,935
2996,188221092,0.05,-2467.9,246790.0,104190.0,112200.0,12400.0,18000.0,50,935
2997,742938603,0.05,-1506.1,150610.0,89510.0,48300.0,12800.0,0.0,50,935
2998,277153154,0.05,-2874.7250000000004,287472.5,84372.5,188300.0,14800.0,0.0,50,935
2999,297587049,0.05,-1663.4250000000002,166342.5,63742.5,88200.0,14400.0,0.0,50,935
3000,264798667,0.05,-2682.5249999999996,268252.5,77152.5,180700.0,10400.0,0.0,50,935
