episode,episode_cost,episode_reward,epsilon,states_seen
1,810805.0,-8108.049999999999,1.0,28
2,878665.0,-8786.65,0.9992,42
3,626810.0,-6268.1,0.99840064,66
4,1028232.5,-10282.325,0.9976019194879999,74
5,776560.0,-7765.600000000001,0.9968038379524095,80
6,826405.0,-8264.05,0.9960063948820475,90
7,836935.0,-8369.349999999999,0.9952095897661418,98
8,919087.5,-9190.875,0.9944134220943289,113
9,782820.0,-7828.2000000000035,0.9936178913566535,113
10,1069917.5,-10699.175,0.9928229970435681,125
11,1090632.5,-10906.324999999999,0.9920287386459332,128
12,677547.5,-6775.474999999999,0.9912351156550164,130
13,936270.0,-9362.699999999999,0.9904421275624924,132
14,873360.0,-8733.6,0.9896497738604424,142
15,1093765.0,-10937.649999999996,0.9888580540413541,147
16,746540.0,-7465.4000000000015,0.988066967598121,152
17,932552.5,-9325.525,0.9872765140240425,161
18,1214347.5,-12143.475000000002,0.9864866928128232,164
19,762510.0,-7625.100000000002,0.9856975034585729,168
20,862150.0,-8621.499999999998,0.984908945455806,174
21,732805.0,-7328.049999999999,0.9841210182994413,177
22,708627.5,-7086.275,0.9833337214848017,179
23,967145.0,-9671.450000000003,0.9825470545076138,187
24,1130160.0,-11301.599999999999,0.9817610168640077,188
25,928250.0,-9282.500000000002,0.9809756080505165,190
26,822820.0,-8228.2,0.980190827564076,191
27,660702.5,-6607.025000000001,0.9794066749020248,198
28,924960.0,-9249.6,0.9786231495621032,205
29,937040.0,-9370.4,0.9778402510424534,208
30,1143572.5,-11435.725,0.9770579788416195,209
31,950012.5,-9500.125000000002,0.9762763324585462,210
32,955515.0,-9555.15,0.9754953113925793,211
33,750280.0,-7502.800000000003,0.9747149151434652,222
34,1181152.5,-11811.525,0.9739351432113504,233
35,1006242.5,-10062.425,0.9731559950967813,235
36,917537.5,-9175.375000000002,0.9723774703007039,238
37,935542.5,-9355.425000000001,0.9715995683244633,240
38,869352.5,-8693.524999999998,0.9708222886698037,241
39,1110890.0,-11108.9,0.9700456308388679,241
40,1064440.0,-10644.400000000001,0.9692695943341968,248
41,998670.0,-9986.699999999997,0.9684941786587294,248
42,1094872.5,-10948.725,0.9677193833158024,252
43,895610.0,-8956.1,0.9669452078091497,256
44,879685.0,-8796.85,0.9661716516429024,257
45,871012.5,-8710.125,0.9653987143215881,260
46,1016062.5,-10160.624999999998,0.9646263953501308,271
47,963220.0,-9632.2,0.9638546942338507,271
48,674765.0,-6747.650000000001,0.9630836104784636,274
49,742247.5,-7422.474999999999,0.9623131435900808,282
50,1006972.5,-10069.724999999999,0.9615432930752087,283
51,1082452.5,-10824.525000000003,0.9607740584407485,284
52,820480.0,-8204.800000000003,0.9600054391939958,284
53,733625.0,-7336.250000000002,0.9592374348426406,288
54,1093560.0,-10935.600000000002,0.9584700448947664,289
55,924302.5,-9243.025,0.9577032688588506,293
56,935765.0,-9357.649999999998,0.9569371062437635,295
57,931252.5,-9312.525000000001,0.9561715565587685,295
58,822745.0,-8227.45,0.9554066193135214,298
59,785422.5,-7854.225,0.9546422940180707,298
60,761502.5,-7615.025000000001,0.9538785801828562,299
61,1091575.0,-10915.75,0.9531154773187099,299
62,902802.5,-9028.024999999998,0.9523529849368549,303
63,1078767.5,-10787.675,0.9515911025489054,303
64,959870.0,-9598.7,0.9508298296668662,303
65,880570.0,-8805.7,0.9500691658031327,303
66,716827.5,-7168.275000000001,0.9493091104704902,306
67,922037.5,-9220.374999999998,0.9485496631821138,306
68,925532.5,-9255.325000000003,0.9477908234515681,307
69,786092.5,-7860.924999999998,0.9470325907928068,307
70,953895.0,-9538.949999999997,0.9462749647201725,307
71,886240.0,-8862.400000000001,0.9455179447483963,307
72,666560.0,-6665.600000000001,0.9447615303925976,312
73,786812.5,-7868.125000000001,0.9440057211682835,312
74,864487.5,-8644.875,0.9432505165913488,312
75,834015.0,-8340.15,0.9424959161780757,313
76,953260.0,-9532.600000000002,0.9417419194451332,313
77,716052.5,-7160.5250000000015,0.940988525909577,315
78,953087.5,-9530.875,0.9402357350888494,323
79,919595.0,-9195.95,0.9394835465007783,324
80,931677.5,-9316.775,0.9387319596635776,326
81,1035302.5,-10353.025000000001,0.9379809740958467,328
82,1164537.5,-11645.375000000004,0.93723058931657,329
83,853207.5,-8532.075,0.9364808048451168,330
84,927097.5,-9270.974999999999,0.9357316202012407,331
85,813580.0,-8135.8,0.9349830349050796,331
86,779612.5,-7796.124999999998,0.9342350484771555,332
87,737190.0,-7371.900000000001,0.9334876604383738,335
88,812455.0,-8124.55,0.9327408703100231,335
89,854912.5,-8549.125,0.931994677613775,335
90,867865.0,-8678.65,0.931249081871684,335
91,1172770.0,-11727.699999999999,0.9305040826061867,335
92,795960.0,-7959.600000000002,0.9297596793401017,335
93,924247.5,-9242.475,0.9290158715966296,337
94,894732.5,-8947.325,0.9282726588993523,342
95,1101235.0,-11012.350000000004,0.9275300407722328,343
96,1121122.5,-11211.225,0.926788016739615,345
97,725612.5,-7256.124999999998,0.9260465863262233,346
98,782572.5,-7825.7249999999985,0.9253057490571622,346
99,910665.0,-9106.65,0.9245655044579165,346
100,1032597.5,-10325.975,0.9238258520543502,347
101,896052.5,-8960.525000000001,0.9230867913727067,348
102,750642.5,-7506.424999999999,0.9223483219396085,348
103,899805.0,-8998.05,0.9216104432820568,351
104,933975.0,-9339.75,0.920873154927431,352
105,980085.0,-9800.850000000004,0.9201364564034891,355
106,941695.0,-9416.95,0.9194003472383663,356
107,949375.0,-9493.75,0.9186648269605756,356
108,1256730.0,-12567.299999999994,0.9179298950990071,358
109,824097.5,-8240.975,0.917195551182928,358
110,1062715.0,-10627.149999999998,0.9164617947419816,361
111,936662.5,-9366.625000000002,0.915728625306188,362
112,1002947.5,-10029.475,0.914996042405943,362
113,835852.5,-8358.525,0.9142640455720182,362
114,856775.0,-8567.75,0.9135326343355606,362
115,1060635.0,-10606.349999999999,0.9128018082280922,362
116,940932.5,-9409.325,0.9120715667815097,362
117,890407.5,-8904.074999999999,0.9113419095280845,362
118,1197145.0,-11971.449999999999,0.910612836000462,362
119,927425.0,-9274.250000000002,0.9098843457316615,363
120,1012592.5,-10125.925,0.9091564382550762,363
121,694172.5,-6941.725,0.9084291131044722,367
122,782592.5,-7825.925000000001,0.9077023698139886,368
123,963492.5,-9634.924999999996,0.9069762079181374,368
124,1075665.0,-10756.650000000003,0.9062506269518028,369
125,886512.5,-8865.125,0.9055256264502414,369
126,807955.0,-8079.55,0.9048012059490812,370
127,1002340.0,-10023.4,0.9040773649843219,371
128,952035.0,-9520.349999999997,0.9033541030923344,372
129,930945.0,-9309.449999999999,0.9026314198098605,372
130,1005352.5,-10053.525,0.9019093146740126,376
131,707265.0,-7072.649999999999,0.9011877872222733,376
132,818575.0,-8185.750000000001,0.9004668369924955,376
133,923220.0,-9232.2,0.8997464635229016,376
134,777747.5,-7777.475000000001,0.8990266663520832,376
135,833087.5,-8330.875,0.8983074450190015,376
136,1320880.0,-13208.800000000001,0.8975887990629863,376
137,1105235.0,-11052.349999999997,0.8968707280237359,376
138,607742.5,-6077.424999999998,0.8961532314413169,377
139,818215.0,-8182.149999999999,0.8954363088561638,377
140,691795.0,-6917.949999999999,0.8947199598090788,385
141,754890.0,-7548.900000000002,0.8940041838412315,386
142,936072.5,-9360.725000000002,0.8932889804941585,386
143,973395.0,-9733.949999999997,0.8925743493097632,388
144,849312.5,-8493.124999999998,0.8918602898303154,388
145,721315.0,-7213.149999999998,0.8911468015984512,388
146,945712.5,-9457.125,0.8904338841571724,389
147,831187.5,-8311.875,0.8897215370498467,389
148,940610.0,-9406.1,0.8890097598202068,391
149,722902.5,-7229.0250000000015,0.8882985520123506,391
150,1103845.0,-11038.450000000003,0.8875879131707407,391
151,974660.0,-9746.6,0.8868778428402041,393
152,746047.5,-7460.474999999999,0.886168340565932,393
153,566915.0,-5669.15,0.8854594058934792,399
154,848325.0,-8483.250000000002,0.8847510383687643,400
155,704125.0,-7041.25,0.8840432375380693,402
156,1309940.0,-13099.400000000003,0.8833360029480388,402
157,895305.0,-8953.050000000001,0.8826293341456803,402
158,1058007.5,-10580.074999999997,0.8819232306783638,402
159,990187.5,-9901.875000000002,0.8812176920938211,402
160,890170.0,-8901.7,0.880512717940146,402
161,816322.5,-8163.225,0.8798083077657938,402
162,1242922.5,-12429.224999999999,0.8791044611195811,404
163,851347.5,-8513.475000000002,0.8784011775506854,405
164,1091245.0,-10912.449999999997,0.8776984566086448,405
165,1120082.5,-11200.824999999999,0.8769962978433579,405
166,967147.5,-9671.474999999997,0.8762947008050832,405
167,1344352.5,-13443.525000000001,0.8755936650444391,408
168,938950.0,-9389.5,0.8748931901124035,408
169,866337.5,-8663.375,0.8741932755603136,409
170,894760.0,-8947.6,0.8734939209398653,410
171,817485.0,-8174.849999999998,0.8727951258031135,411
172,964002.5,-9640.025,0.872096889702471,411
173,1152970.0,-11529.699999999999,0.871399212190709,412
174,929207.5,-9292.075,0.8707020928209565,412
175,985995.0,-9859.95,0.8700055311466997,413
176,920245.0,-9202.450000000003,0.8693095267217823,413
177,952870.0,-9528.700000000003,0.8686140791004049,413
178,898705.0,-8987.05,0.8679191878371245,413
179,636165.0,-6361.65,0.8672248524868548,418
180,1190870.0,-11908.699999999999,0.8665310726048653,421
181,1114210.0,-11142.100000000002,0.8658378477467814,421
182,875820.0,-8758.200000000003,0.865145177468584,423
183,1106882.5,-11068.824999999999,0.8644530613266092,423
184,698840.0,-6988.4000000000015,0.8637614988775478,424
185,917455.0,-9174.55,0.8630704896784458,424
186,676957.5,-6769.574999999999,0.862380033286703,424
187,802062.5,-8020.625000000001,0.8616901292600736,424
188,943750.0,-9437.5,0.8610007771566656,424
189,892007.5,-8920.074999999999,0.8603119765349402,424
190,875555.0,-8755.55,0.8596237269537123,424
191,707912.5,-7079.125000000002,0.8589360279721493,424
192,1000347.5,-10003.474999999999,0.8582488791497715,424
193,1094005.0,-10940.05,0.8575622800464517,425
194,823595.0,-8235.949999999999,0.8568762302224145,427
195,868065.0,-8680.649999999998,0.8561907292382366,427
196,871962.5,-8719.625,0.855505776654846,427
197,706757.5,-7067.575,0.854821372033522,427
198,964662.5,-9646.624999999996,0.8541375149358952,427
199,1125082.5,-11250.825,0.8534542049239464,427
200,823880.0,-8238.8,0.8527714415600073,427
201,876945.0,-8769.45,0.8520892244067593,428
202,729382.5,-7293.824999999999,0.8514075530272338,428
203,860862.5,-8608.624999999998,0.850726426984812,429
204,1017812.5,-10178.125000000004,0.8500458458432242,432
205,776730.0,-7767.299999999998,0.8493658091665496,432
206,974195.0,-9741.949999999999,0.8486863165192163,432
207,1044852.5,-10448.525000000001,0.8480073674660009,432
208,939890.0,-9398.9,0.8473289615720281,433
209,1090672.5,-10906.725000000002,0.8466510984027704,434
210,842282.5,-8422.824999999999,0.8459737775240482,435
211,854015.0,-8540.15,0.845296998502029,435
212,824430.0,-8244.300000000001,0.8446207609032274,435
213,1181152.5,-11811.524999999998,0.8439450642945048,439
214,669505.0,-6695.05,0.8432699082430691,444
215,938432.5,-9384.324999999999,0.8425952923164747,444
216,974520.0,-9745.199999999999,0.8419212160826215,444
217,732197.5,-7321.974999999999,0.8412476791097554,445
218,827187.5,-8271.875,0.8405746809664676,446
219,861000.0,-8610.0,0.8399022212216944,446
220,686287.5,-6862.874999999999,0.839230299444717,446
221,559502.5,-5595.025,0.8385589152051612,446
222,919442.5,-9194.425,0.8378880680729971,446
223,746247.5,-7462.474999999999,0.8372177576185387,450
224,972812.5,-9728.124999999998,0.8365479834124439,451
225,851080.0,-8510.799999999997,0.8358787450257139,451
226,954595.0,-9545.949999999999,0.8352100420296933,451
227,1079300.0,-10792.999999999998,0.8345418739960695,451
228,807592.5,-8075.924999999997,0.8338742404968726,457
229,867995.0,-8679.949999999997,0.8332071411044751,457
230,881220.0,-8812.2,0.8325405753915915,457
231,902747.5,-9027.475,0.8318745429312783,458
232,1045485.0,-10454.85,0.8312090432969332,458
233,1314940.0,-13149.400000000001,0.8305440760622956,459
234,956515.0,-9565.150000000001,0.8298796408014458,459
235,798027.5,-7980.275000000001,0.8292157370888047,459
236,876127.5,-8761.274999999998,0.8285523644991336,459
237,1236677.5,-12366.775,0.8278895226075342,460
238,840600.0,-8406.000000000002,0.8272272109894482,460
239,725840.0,-7258.4,0.8265654292206566,461
240,835647.5,-8356.475000000002,0.82590417687728,462
241,1062682.5,-10626.824999999999,0.8252434535357782,462
242,894787.5,-8947.875,0.8245832587729496,462
243,815290.0,-8152.899999999999,0.8239235921659313,462
244,908350.0,-9083.500000000002,0.8232644532921984,463
245,915625.0,-9156.25,0.8226058417295646,463
246,1130810.0,-11308.100000000002,0.821947757056181,463
247,949457.5,-9494.574999999999,0.821290198850536,463
248,714287.5,-7142.875,0.8206331666914556,463
249,1138207.5,-11382.075,0.8199766601581024,463
250,812447.5,-8124.475,0.819320678829976,463
251,797955.0,-7979.55,0.818665222286912,463
252,1108680.0,-11086.799999999997,0.8180102901090824,463
253,1035307.5,-10353.075000000004,0.8173558818769951,464
254,622757.5,-6227.575000000001,0.8167019971714935,467
255,1325720.0,-13257.199999999999,0.8160486355737563,467
256,624675.0,-6246.75,0.8153957966652973,468
257,1188190.0,-11881.899999999998,0.814743480027965,468
258,1035850.0,-10358.500000000004,0.8140916852439426,470
259,838852.5,-8388.525,0.8134404118957475,470
260,1054955.0,-10549.550000000001,0.8127896595662308,471
261,1243027.5,-12430.274999999998,0.8121394278385778,471
262,912542.5,-9125.424999999997,0.811489716296307,471
263,820340.0,-8203.399999999998,0.8108405245232699,471
264,785332.5,-7853.324999999999,0.8101918521036513,471
265,935205.0,-9352.05,0.8095436986219684,475
266,759432.5,-7594.324999999998,0.8088960636630708,476
267,972915.0,-9729.149999999998,0.8082489468121403,476
268,860947.5,-8609.475000000002,0.8076023476546906,477
269,1011182.5,-10111.824999999999,0.8069562657765669,477
270,1042877.5,-10428.775000000001,0.8063107007639456,477
271,841560.0,-8415.600000000002,0.8056656522033344,477
272,1077142.5,-10771.424999999997,0.8050211196815718,477
273,1095627.5,-10956.274999999998,0.8043771027858265,477
274,869122.5,-8691.225,0.8037336011035978,477
275,1149270.0,-11492.7,0.8030906142227149,477
276,934687.5,-9346.874999999996,0.8024481417313367,477
277,1041767.5,-10417.675,0.8018061832179516,477
278,1281570.0,-12815.7,0.8011647382713772,478
279,1113635.0,-11136.350000000002,0.8005238064807602,478
280,868595.0,-8685.949999999999,0.7998833874355755,479
281,856252.5,-8562.525,0.799243480725627,482
282,1020390.0,-10203.900000000001,0.7986040859410465,482
283,998635.0,-9986.35,0.7979652026722936,482
284,925110.0,-9251.100000000002,0.7973268305101558,483
285,749300.0,-7493.000000000002,0.7966889690457477,483
286,939670.0,-9396.700000000003,0.796051617870511,484
287,1022437.5,-10224.375000000004,0.7954147765762146,485
288,1144772.5,-11447.724999999999,0.7947784447549536,485
289,775072.5,-7750.724999999999,0.7941426219991496,485
290,910457.5,-9104.574999999999,0.7935073079015503,485
291,766702.5,-7667.025,0.7928725020552291,485
292,851710.0,-8517.1,0.7922382040535849,487
293,729757.5,-7297.575000000003,0.791604413490342,487
294,847770.0,-8477.699999999999,0.7909711299595498,487
295,738882.5,-7388.825000000001,0.7903383530555821,487
296,733572.5,-7335.725000000001,0.7897060823731376,488
297,736860.0,-7368.599999999999,0.789074317507239,489
298,935570.0,-9355.699999999999,0.7884430580532332,489
299,856872.5,-8568.725,0.7878123036067907,490
300,773392.5,-7733.925000000002,0.7871820537639053,490
301,752197.5,-7521.974999999999,0.7865523081208942,490
302,646512.5,-6465.124999999999,0.7859230662743975,491
303,638625.0,-6386.25,0.7852943278213779,491
304,1006282.5,-10062.825,0.7846660923591208,491
305,852710.0,-8527.100000000002,0.7840383594852335,491
306,751625.0,-7516.250000000002,0.7834111287976453,491
307,1115710.0,-11157.1,0.7827843998946071,491
308,978162.5,-9781.625,0.7821581723746914,491
309,1039162.5,-10391.625000000002,0.7815324458367917,494
310,833437.5,-8334.374999999998,0.7809072198801222,494
311,1023025.0,-10230.249999999998,0.7802824941042181,494
312,935780.0,-9357.8,0.7796582681089347,494
313,718600.0,-7186.000000000001,0.7790345414944475,494
314,688570.0,-6885.699999999999,0.778411313861252,494
315,860140.0,-8601.400000000001,0.7777885848101629,494
316,783085.0,-7830.8499999999985,0.7771663539423147,494
317,735707.5,-7357.075,0.7765446208591609,494
318,984752.5,-9847.525000000003,0.7759233851624735,495
319,796075.0,-7960.749999999998,0.7753026464543435,495
320,1052325.0,-10523.250000000002,0.77468240433718,495
321,923970.0,-9239.699999999999,0.7740626584137102,495
322,928075.0,-9280.749999999996,0.7734434082869792,495
323,833560.0,-8335.599999999997,0.7728246535603496,495
324,804817.5,-8048.175,0.7722063938375012,495
325,848857.5,-8488.575000000003,0.7715886287224312,495
326,882105.0,-8821.049999999997,0.7709713578194533,495
327,1020132.5,-10201.324999999997,0.7703545807331976,495
328,909332.5,-9093.325,0.7697382970686111,496
329,977675.0,-9776.750000000002,0.7691225064309561,496
330,749770.0,-7497.7,0.7685072084258113,498
331,865752.5,-8657.525,0.7678924026590707,498
332,942190.0,-9421.899999999998,0.7672780887369434,498
333,911742.5,-9117.425000000003,0.7666642662659537,498
334,796290.0,-7962.9,0.766050934852941,498
335,904740.0,-9047.400000000001,0.7654380941050586,498
336,895512.5,-8955.125000000002,0.7648257436297745,498
337,925340.0,-9253.4,0.7642138830348707,498
338,983755.0,-9837.550000000001,0.7636025119284428,498
339,866482.5,-8664.824999999999,0.7629916299189,498
340,658632.5,-6586.325,0.7623812366149649,501
341,1360387.5,-13603.875,0.7617713316256729,501
342,701785.0,-7017.8499999999985,0.7611619145603723,501
343,721442.5,-7214.424999999999,0.760552985028724,501
344,765017.5,-7650.174999999999,0.759944542640701,503
345,983310.0,-9833.100000000002,0.7593365870065885,503
346,794610.0,-7946.0999999999985,0.7587291177369831,503
347,1113910.0,-11139.100000000002,0.7581221344427935,503
348,1147127.5,-11471.275,0.7575156367352393,503
349,963282.5,-9632.825000000003,0.7569096242258511,504
350,1255707.5,-12557.075000000003,0.7563040965264703,505
351,1008452.5,-10084.525,0.7556990532492491,505
352,882135.0,-8821.349999999997,0.7550944940066497,506
353,823630.0,-8236.3,0.7544904184114444,506
354,988547.5,-9885.475000000002,0.7538868260767152,507
355,679327.5,-6793.274999999998,0.7532837166158538,508
356,1007260.0,-10072.6,0.7526810896425611,508
357,909257.5,-9092.574999999999,0.752078944770847,508
358,1044522.5,-10445.224999999999,0.7514772816150304,508
359,777140.0,-7771.4000000000015,0.7508760997897383,511
360,870267.5,-8702.675000000001,0.7502753989099066,511
361,702927.5,-7029.275000000002,0.7496751785907786,511
362,818415.0,-8184.1500000000015,0.7490754384479059,511
363,1366682.5,-13666.824999999997,0.7484761780971476,512
364,1230135.0,-12301.35,0.7478773971546698,512
365,885275.0,-8852.749999999998,0.7472790952369461,513
366,1160545.0,-11605.450000000003,0.7466812719607565,514
367,870655.0,-8706.549999999997,0.7460839269431879,514
368,1134395.0,-11343.950000000003,0.7454870598016333,514
369,1200210.0,-12002.1,0.744890670153792,514
370,888522.5,-8885.224999999997,0.744294757617669,514
371,1172637.5,-11726.375,0.7436993218115748,514
372,802527.5,-8025.275,0.7431043623541256,514
373,768775.0,-7687.75,0.7425098788642422,514
374,935712.5,-9357.125000000002,0.7419158709611509,514
375,738895.0,-7388.950000000001,0.7413223382643819,514
376,682105.0,-6821.049999999997,0.7407292803937704,515
377,1125880.0,-11258.800000000003,0.7401366969694554,515
378,956437.5,-9564.375000000002,0.7395445876118798,515
379,757082.5,-7570.825000000002,0.7389529519417902,518
380,739845.0,-7398.45,0.7383617895802368,520
381,851397.5,-8513.975,0.7377711001485726,520
382,822897.5,-8228.974999999999,0.7371808832684538,520
383,1007565.0,-10075.65,0.736591138561839,520
384,785587.5,-7855.875,0.7360018656509895,520
385,830180.0,-8301.799999999997,0.7354130641584686,520
386,787032.5,-7870.324999999999,0.7348247337071419,521
387,882295.0,-8822.949999999999,0.7342368739201761,521
388,873147.5,-8731.475,0.7336494844210399,521
389,931072.5,-9310.724999999997,0.7330625648335031,521
390,975872.5,-9758.724999999999,0.7324761147816362,522
391,799932.5,-7999.325,0.7318901338898108,522
392,854055.0,-8540.55,0.731304621782699,522
393,1072262.5,-10722.625000000002,0.7307195780852728,522
394,865202.5,-8652.025,0.7301350024228045,522
395,757232.5,-7572.325,0.7295508944208662,522
396,532797.5,-5327.974999999999,0.7289672537053294,523
397,900430.0,-9004.300000000001,0.7283840799023652,523
398,670992.5,-6709.924999999999,0.7278013726384432,523
399,1002705.0,-10027.050000000001,0.7272191315403325,523
400,1115257.5,-11152.575000000003,0.7266373562351002,524
401,744085.0,-7440.850000000001,0.7260560463501121,524
402,843980.0,-8439.800000000001,0.725475201513032,524
403,799915.0,-7999.149999999998,0.7248948213518216,524
404,1126925.0,-11269.25,0.7243149054947401,526
405,926640.0,-9266.399999999998,0.7237354535703443,526
406,1112435.0,-11124.349999999999,0.723156465207488,526
407,740807.5,-7408.074999999998,0.7225779400353219,526
408,794605.0,-7946.0499999999965,0.7219998776832937,526
409,947307.5,-9473.075,0.721422277781147,526
410,795792.5,-7957.924999999999,0.7208451399589221,526
411,1043440.0,-10434.399999999998,0.720268463846955,526
412,815697.5,-8156.975,0.7196922490758774,527
413,1140037.5,-11400.375000000002,0.7191164952766167,527
414,1471267.5,-14712.675000000003,0.7185412020803954,528
415,1046172.5,-10461.724999999999,0.717966369118731,528
416,527967.5,-5279.674999999998,0.7173919960234361,531
417,831177.5,-8311.775000000001,0.7168180824266173,531
418,1060822.5,-10608.224999999999,0.716244627960676,532
419,992560.0,-9925.599999999999,0.7156716322583074,532
420,828207.5,-8282.075,0.7150990949525008,532
421,816185.0,-8161.849999999999,0.7145270156765388,532
422,764077.5,-7640.775000000001,0.7139553940639976,532
423,844802.5,-8448.024999999998,0.7133842297487464,532
424,853375.0,-8533.75,0.7128135223649473,532
425,974630.0,-9746.3,0.7122432715470554,532
426,1092972.5,-10929.725000000008,0.7116734769298177,532
427,1037090.0,-10370.9,0.7111041381482739,532
428,882202.5,-8822.025000000001,0.7105352548377553,532
429,856660.0,-8566.599999999999,0.709966826633885,532
430,911382.5,-9113.825,0.7093988531725779,532
431,1285055.0,-12850.550000000001,0.7088313340900398,533
432,953277.5,-9532.775000000001,0.7082642690227678,534
433,1152240.0,-11522.400000000001,0.7076976576075497,534
434,872660.0,-8726.6,0.7071314994814636,534
435,957437.5,-9574.375000000004,0.7065657942818784,534
436,770755.0,-7707.549999999999,0.7060005416464529,534
437,730105.0,-7301.05,0.7054357412131357,534
438,938902.5,-9389.025,0.7048713926201652,534
439,939287.5,-9392.875000000004,0.7043074955060691,534
440,708692.5,-7086.925000000001,0.7037440495096642,534
441,848737.5,-8487.375000000002,0.7031810542700564,535
442,956457.5,-9564.575,0.7026185094266403,535
443,727527.5,-7275.275000000001,0.702056414619099,535
444,663312.5,-6633.125,0.7014947694874036,537
445,900095.0,-9000.949999999999,0.7009335736718137,537
446,776760.0,-7767.599999999999,0.7003728268128763,539
447,811750.0,-8117.499999999998,0.699812528551426,539
448,950082.5,-9500.825000000003,0.6992526785285847,539
449,1020895.0,-10208.949999999999,0.6986932763857618,539
450,656922.5,-6569.225000000003,0.6981343217646532,539
451,1155262.5,-11552.625000000004,0.6975758143072415,539
452,841785.0,-8417.849999999999,0.6970177536557957,539
453,1029105.0,-10291.050000000003,0.696460139452871,540
454,997632.5,-9976.325000000003,0.6959029713413086,540
455,959037.5,-9590.375000000002,0.6953462489642356,540
456,1052880.0,-10528.799999999997,0.6947899719650642,540
457,584870.0,-5848.7,0.6942341399874922,541
458,758387.5,-7583.874999999997,0.6936787526755022,541
459,957155.0,-9571.55,0.6931238096733617,541
460,899862.5,-8998.625000000002,0.692569310625623,541
461,851882.5,-8518.825,0.6920152551771225,541
462,1044872.5,-10448.725,0.6914616429729807,542
463,707787.5,-7077.875,0.6909084736586023,542
464,835660.0,-8356.6,0.6903557468796754,542
465,1018447.5,-10184.474999999999,0.6898034622821716,542
466,773037.5,-7730.375,0.6892516195123458,542
467,848645.0,-8486.45,0.6887002182167359,542
468,694430.0,-6944.299999999999,0.6881492580421624,542
469,694395.0,-6943.950000000003,0.6875987386357287,542
470,869265.0,-8692.650000000001,0.6870486596448201,542
471,1083392.5,-10833.924999999997,0.6864990207171042,542
472,739855.0,-7398.549999999998,0.6859498215005305,543
473,899102.5,-8991.025,0.68540106164333,543
474,914837.5,-9148.375000000002,0.6848527407940154,544
475,965510.0,-9655.099999999999,0.6843048586013801,545
476,729762.5,-7297.624999999999,0.683757414714499,547
477,899080.0,-8990.8,0.6832104087827274,547
478,863702.5,-8637.025000000001,0.6826638404557013,547
479,784995.0,-7849.949999999997,0.6821177093833367,548
480,1004680.0,-10046.8,0.68157201521583,548
481,839290.0,-8392.9,0.6810267576036573,548
482,1096137.5,-10961.375000000002,0.6804819361975744,548
483,951332.5,-9513.325,0.6799375506486163,548
484,907592.5,-9075.925,0.6793936006080974,548
485,1220805.0,-12208.049999999997,0.6788500857276109,548
486,626040.0,-6260.4000000000015,0.6783070056590288,548
487,754092.5,-7540.925,0.6777643600545016,548
488,1258850.0,-12588.499999999996,0.677222148566458,548
489,967667.5,-9676.675000000003,0.6766803708476048,548
490,818202.5,-8182.025,0.6761390265509267,548
491,809230.0,-8092.3,0.6755981153296859,548
492,877597.5,-8775.974999999999,0.6750576368374221,548
493,1081685.0,-10816.850000000002,0.6745175907279521,548
494,872682.5,-8726.824999999997,0.6739779766553697,548
495,938367.5,-9383.675000000001,0.6734387942740454,549
496,760862.5,-7608.624999999999,0.6729000432386262,549
497,961342.5,-9613.425,0.6723617232040353,550
498,1086572.5,-10865.725000000002,0.6718238338254721,551
499,950937.5,-9509.374999999998,0.6712863747584117,551
500,1114770.0,-11147.699999999999,0.6707493456586049,551
501,1178922.5,-11789.225,0.670212746182078,551
502,941975.0,-9419.75,0.6696765759851324,551
503,643080.0,-6430.800000000002,0.6691408347243443,551
504,988325.0,-9883.25,0.6686055220565648,551
505,717615.0,-7176.1500000000015,0.6680706376389195,551
506,890080.0,-8900.8,0.6675361811288083,551
507,988835.0,-9888.35,0.6670021521839052,551
508,765842.5,-7658.424999999999,0.6664685504621581,552
509,909787.5,-9097.875,0.6659353756217884,552
510,748237.5,-7482.375000000001,0.665402627321291,552
511,804997.5,-8049.975000000001,0.6648703052194339,552
512,890250.0,-8902.499999999998,0.6643384089752583,552
513,925135.0,-9251.35,0.6638069382480781,552
514,975087.5,-9750.875,0.6632758926974797,552
515,981997.5,-9819.975000000002,0.6627452719833217,553
516,1066700.0,-10666.999999999998,0.662215075765735,553
517,862665.0,-8626.65,0.6616853037051225,553
518,1105915.0,-11059.150000000001,0.6611559554621583,553
519,813622.5,-8136.225000000001,0.6606270306977886,553
520,1091185.0,-10911.849999999999,0.6600985290732304,556
521,971690.0,-9716.899999999998,0.6595704502499719,556
522,815322.5,-8153.224999999998,0.6590427938897718,556
523,706780.0,-7067.799999999998,0.65851555965466,557
524,940720.0,-9407.200000000003,0.6579887472069362,557
525,782072.5,-7820.725000000001,0.6574623562091707,557
526,824510.0,-8245.1,0.6569363863242034,557
527,867927.5,-8679.274999999998,0.656410837215144,557
528,813175.0,-8131.750000000001,0.6558857085453719,557
529,843920.0,-8439.2,0.6553609999785356,557
530,1083577.5,-10835.775,0.6548367111785527,557
531,1135610.0,-11356.1,0.6543128418096098,558
532,970287.5,-9702.875,0.6537893915361621,558
533,1156620.0,-11566.199999999995,0.6532663600229331,558
534,927317.5,-9273.175,0.6527437469349148,558
535,659220.0,-6592.199999999999,0.6522215519373669,558
536,921655.0,-9216.550000000001,0.651699774695817,558
537,916880.0,-9168.8,0.6511784148760603,558
538,937385.0,-9373.85,0.6506574721441595,558
539,1066345.0,-10663.45,0.6501369461664441,558
540,714635.0,-7146.35,0.649616836609511,558
541,862707.5,-8627.075,0.6490971431402234,558
542,1098610.0,-10986.100000000002,0.6485778654257112,558
543,1009065.0,-10090.65,0.6480590031333706,558
544,713065.0,-7130.6500000000015,0.6475405559308639,558
545,842450.0,-8424.5,0.6470225234861192,558
546,953187.5,-9531.874999999998,0.6465049054673303,558
547,574635.0,-5746.35,0.6459877015429564,558
548,944875.0,-9448.749999999998,0.645470911381722,558
549,1079762.5,-10797.625,0.6449545346526165,558
550,841187.5,-8411.875,0.6444385710248944,558
551,874732.5,-8747.324999999997,0.6439230201680745,559
552,1334015.0,-13340.150000000003,0.64340788175194,559
553,802660.0,-8026.5999999999985,0.6428931554465384,559
554,1025902.5,-10259.025,0.6423788409221811,559
555,792140.0,-7921.400000000001,0.6418649378494433,559
556,836517.5,-8365.174999999997,0.6413514458991637,559
557,998645.0,-9986.45,0.6408383647424444,559
558,728600.0,-7285.999999999999,0.6403256940506504,561
559,779217.5,-7792.175,0.6398134334954099,561
560,971917.5,-9719.175000000001,0.6393015827486135,561
561,885412.5,-8854.124999999996,0.6387901414824145,561
562,665507.5,-6655.075000000002,0.6382791093692286,561
563,816680.0,-8166.800000000001,0.6377684860817332,561
564,861155.0,-8611.550000000001,0.6372582712928678,561
565,1195245.0,-11952.45,0.6367484646758336,563
566,846640.0,-8466.400000000001,0.6362390659040928,563
567,904462.5,-9044.625000000004,0.6357300746513695,564
568,895842.5,-8958.425,0.6352214905916485,564
569,801510.0,-8015.099999999999,0.6347133133991751,565
570,530192.5,-5301.925,0.6342055427484558,565
571,927957.5,-9279.575,0.633698178314257,565
572,1014607.5,-10146.075000000003,0.6331912197716056,565
573,1101655.0,-11016.55,0.6326846667957884,566
574,1056720.0,-10567.200000000004,0.6321785190623518,566
575,822437.5,-8224.375,0.6316727762471019,566
576,645560.0,-6455.600000000004,0.6311674380261042,566
577,997032.5,-9970.324999999999,0.6306625040756833,567
578,665645.0,-6656.450000000001,0.6301579740724227,567
579,952622.5,-9526.225000000002,0.6296538476931647,567
580,872862.5,-8728.625,0.6291501246150102,567
581,846442.5,-8464.425000000001,0.6286468045153182,567
582,630175.0,-6301.750000000001,0.6281438870717059,567
583,904787.5,-9047.875,0.6276413719620485,567
584,953890.0,-9538.9,0.6271392588644789,567
585,766657.5,-7666.575000000001,0.6266375474573873,567
586,760495.0,-7604.95,0.6261362374194214,568
587,781112.5,-7811.125,0.6256353284294858,568
588,786995.0,-7869.949999999998,0.6251348201667422,568
589,1012962.5,-10129.625000000002,0.6246347123106087,568
590,1091035.0,-10910.35,0.6241350045407602,568
591,899095.0,-8990.949999999999,0.6236356965371276,568
592,893417.5,-8934.175,0.6231367879798979,568
593,1041442.5,-10414.424999999997,0.6226382785495139,568
594,1005515.0,-10055.149999999998,0.6221401679266743,568
595,680302.5,-6803.025,0.6216424557923329,568
596,1069525.0,-10695.250000000002,0.621145141827699,568
597,774272.5,-7742.724999999999,0.6206482257142368,568
598,934347.5,-9343.475000000002,0.6201517071336654,568
599,743557.5,-7435.575000000002,0.6196555857679584,568
600,829280.0,-8292.800000000003,0.6191598612993441,568
601,671680.0,-6716.799999999999,0.6186645334103046,568
602,1207235.0,-12072.349999999997,0.6181696017835763,568
603,1341060.0,-13410.599999999997,0.6176750661021494,568
604,925845.0,-9258.449999999999,0.6171809260492677,568
605,837120.0,-8371.2,0.6166871813084283,568
606,717125.0,-7171.25,0.6161938315633815,568
607,927265.0,-9272.650000000001,0.6157008764981308,568
608,1055650.0,-10556.500000000002,0.6152083157969322,568
609,752177.5,-7521.774999999999,0.6147161491442947,569
610,780182.5,-7801.825000000002,0.6142243762249793,569
611,927442.5,-9274.425,0.6137329967239993,569
612,826760.0,-8267.599999999997,0.6132420103266201,569
613,647425.0,-6474.249999999999,0.6127514167183588,569
614,996600.0,-9965.999999999998,0.612261215584984,570
615,746187.5,-7461.874999999999,0.611771406612516,572
616,1056280.0,-10562.799999999997,0.611281989487226,572
617,921485.0,-9214.849999999999,0.6107929638956362,572
618,831255.0,-8312.55,0.6103043295245196,572
619,896882.5,-8968.825,0.6098160860609,572
620,806895.0,-8068.95,0.6093282331920512,572
621,888245.0,-8882.449999999999,0.6088407706054976,572
622,685087.5,-6850.875,0.6083536979890132,572
623,838020.0,-8380.199999999999,0.6078670150306219,574
624,1015472.5,-10154.724999999999,0.6073807214185974,574
625,754307.5,-7543.075000000001,0.6068948168414625,574
626,718182.5,-7181.825,0.6064093009879893,574
627,871510.0,-8715.1,0.6059241735471989,574
628,819062.5,-8190.625,0.6054394342083611,574
629,1002480.0,-10024.8,0.6049550826609944,574
630,874400.0,-8744.0,0.6044711185948656,574
631,735477.5,-7354.775,0.6039875416999897,574
632,912147.5,-9121.475,0.6035043516666296,574
633,821992.5,-8219.924999999996,0.6030215481852963,574
634,940857.5,-9408.575000000003,0.602539130946748,574
635,922040.0,-9220.4,0.6020570996419906,574
636,555457.5,-5554.575000000001,0.601575453962277,574
637,994065.0,-9940.649999999998,0.6010941935991071,574
638,861752.5,-8617.524999999998,0.6006133182442278,574
639,895520.0,-8955.199999999997,0.6001328275896324,574
640,656117.5,-6561.175,0.5996527213275606,574
641,730702.5,-7307.0250000000015,0.5991729991504986,574
642,680412.5,-6804.124999999999,0.5986936607511781,574
643,923937.5,-9239.374999999996,0.5982147058225772,574
644,622385.0,-6223.85,0.5977361340579191,574
645,859152.5,-8591.524999999998,0.5972579451506728,574
646,964267.5,-9642.675000000001,0.5967801387945522,574
647,945737.5,-9457.375000000002,0.5963027146835165,574
648,931885.0,-9318.85,0.5958256725117697,574
649,967887.5,-9678.875,0.5953490119737602,574
650,967530.0,-9675.300000000001,0.5948727327641812,574
651,972425.0,-9724.25,0.5943968345779698,574
652,1103467.5,-11034.675000000001,0.5939213171103074,574
653,1180247.5,-11802.475000000004,0.5934461800566191,575
654,1053015.0,-10530.149999999998,0.5929714231125738,575
655,767937.5,-7679.375000000001,0.5924970459740837,575
656,1252792.5,-12527.925,0.5920230483373045,575
657,1099500.0,-10994.999999999998,0.5915494298986346,575
658,863615.0,-8636.150000000003,0.5910761903547157,577
659,850305.0,-8503.050000000001,0.5906033294024319,578
660,810337.5,-8103.375000000003,0.5901308467389099,578
661,697750.0,-6977.5,0.5896587420615188,578
662,788830.0,-7888.300000000001,0.5891870150678695,578
663,874305.0,-8743.050000000001,0.5887156654558152,578
664,743457.5,-7434.574999999999,0.5882446929234506,581
665,960000.0,-9600.000000000002,0.5877740971691119,581
666,768365.0,-7683.6500000000015,0.5873038778913766,581
667,945335.0,-9453.349999999997,0.5868340347890635,581
668,774567.5,-7745.674999999999,0.5863645675612322,581
669,1246255.0,-12462.550000000003,0.5858954759071833,581
670,888455.0,-8884.550000000001,0.5854267595264575,581
671,963502.5,-9635.025,0.5849584181188363,581
672,821132.5,-8211.325,0.5844904513843412,581
673,851817.5,-8518.175,0.5840228590232337,581
674,809805.0,-8098.05,0.5835556407360151,581
675,851177.5,-8511.775,0.5830887962234262,581
676,607250.0,-6072.499999999997,0.5826223251864475,581
677,721917.5,-7219.174999999999,0.5821562273262983,581
678,740452.5,-7404.524999999999,0.5816905023444373,581
679,912667.5,-9126.675000000003,0.5812251499425617,581
680,864027.5,-8640.275000000001,0.5807601698226076,581
681,960180.0,-9601.800000000001,0.5802955616867495,581
682,929667.5,-9296.675000000001,0.5798313252374,581
683,1022402.5,-10224.025000000001,0.5793674601772101,581
684,645400.0,-6454.0,0.5789039662090683,582
685,632547.5,-6325.475,0.578440843036101,583
686,1037385.0,-10373.849999999997,0.5779780903616721,583
687,768197.5,-7681.975000000001,0.5775157078893828,583
688,958640.0,-9586.400000000001,0.5770536953230713,583
689,776397.5,-7763.974999999998,0.5765920523668128,583
690,707235.0,-7072.35,0.5761307787249194,583
691,1077317.5,-10773.175000000001,0.5756698741019394,583
692,895197.5,-8951.975,0.5752093382026578,583
693,887952.5,-8879.525,0.5747491707320957,583
694,881722.5,-8817.225,0.5742893713955101,583
695,885852.5,-8858.524999999998,0.5738299398983936,583
696,756367.5,-7563.675000000001,0.5733708759464748,583
697,1022637.5,-10226.375000000004,0.5729121792457177,583
698,706542.5,-7065.424999999998,0.5724538495023211,583
699,1041047.5,-10410.474999999999,0.5719958864227193,583
700,585192.5,-5851.925000000001,0.5715382897135811,583
701,1122392.5,-11223.924999999997,0.5710810590818103,584
702,1276667.5,-12766.675,0.5706241942345448,584
703,872077.5,-8720.775,0.5701676948791572,584
704,914125.0,-9141.250000000002,0.5697115607232539,584
705,869345.0,-8693.45,0.5692557914746753,584
706,945185.0,-9451.85,0.5688003868414956,584
707,858695.0,-8586.949999999999,0.5683453465320224,584
708,937252.5,-9372.525,0.5678906702547968,584
709,821680.0,-8216.799999999997,0.5674363577185929,584
710,774260.0,-7742.599999999999,0.566982408632418,584
711,1140610.0,-11406.099999999997,0.5665288227055121,584
712,763092.5,-7630.924999999999,0.5660755996473477,586
713,813617.5,-8136.174999999997,0.5656227391676297,586
714,1132370.0,-11323.699999999999,0.5651702409762956,587
715,683772.5,-6837.725,0.5647181047835146,587
716,690917.5,-6909.175000000001,0.5642663302996878,588
717,1021525.0,-10215.250000000002,0.563814917235448,588
718,861522.5,-8615.225000000002,0.5633638653016596,588
719,893667.5,-8936.675,0.5629131742094182,588
720,1009590.0,-10095.900000000001,0.5624628436700507,588
721,802815.0,-8028.150000000002,0.5620128733951146,588
722,911450.0,-9114.499999999998,0.5615632630963985,588
723,873387.5,-8733.875,0.5611140124859213,588
724,710432.5,-7104.324999999998,0.5606651212759326,590
725,915025.0,-9150.250000000004,0.5602165891789118,590
726,756407.5,-7564.075000000001,0.5597684159075687,590
727,764455.0,-7644.55,0.5593206011748426,590
728,874890.0,-8748.900000000001,0.5588731446939027,591
729,965045.0,-9650.450000000003,0.5584260461781476,591
730,758920.0,-7589.199999999999,0.5579793053412051,591
731,584162.5,-5841.624999999997,0.5575329218969322,595
732,1024910.0,-10249.100000000002,0.5570868955594146,595
733,707212.5,-7072.125,0.5566412260429671,595
734,1306070.0,-13060.699999999997,0.5561959130621327,595
735,825517.5,-8255.175,0.5557509563316829,595
736,1121532.5,-11215.325000000003,0.5553063555666176,595
737,846885.0,-8468.850000000002,0.5548621104821643,595
738,819730.0,-8197.3,0.5544182207937786,595
739,864357.5,-8643.575,0.5539746862171435,595
740,1386480.0,-13864.8,0.5535315064681698,596
741,1163930.0,-11639.300000000003,0.5530886812629953,596
742,761440.0,-7614.400000000001,0.5526462103179849,596
743,1157837.5,-11578.375,0.5522040933497305,596
744,1099332.5,-10993.325,0.5517623300750507,596
745,873667.5,-8736.675,0.5513209202109907,596
746,1020127.5,-10201.274999999996,0.5508798634748219,597
747,925462.5,-9254.625000000004,0.550439159584042,597
748,731542.5,-7315.425000000001,0.5499988082563747,597
749,966442.5,-9664.425000000001,0.5495588092097696,597
750,916075.0,-9160.749999999998,0.5491191621624018,597
751,831757.5,-8317.574999999999,0.5486798668326718,597
752,944692.5,-9446.925,0.5482409229392057,597
753,612172.5,-6121.725000000001,0.5478023302008543,597
754,1011455.0,-10114.550000000001,0.5473640883366936,597
755,762262.5,-7622.625000000001,0.5469261970660242,597
756,899472.5,-8994.725000000002,0.5464886561083714,597
757,1217207.5,-12172.075000000003,0.5460514651834847,597
758,749152.5,-7491.525000000001,0.5456146240113379,599
759,650317.5,-6503.174999999999,0.5451781323121287,599
760,724945.0,-7249.450000000001,0.5447419898062791,599
761,1026192.5,-10261.925000000003,0.544306196214434,599
762,1440197.5,-14401.974999999997,0.5438707512574624,600
763,924860.0,-9248.600000000002,0.5434356546564565,600
764,822587.5,-8225.875000000002,0.5430009061327313,600
765,792147.5,-7921.475000000001,0.5425665054078251,600
766,678545.0,-6785.45,0.5421324522034988,600
767,946650.0,-9466.5,0.541698746241736,600
768,702752.5,-7027.525000000001,0.5412653872447426,600
769,1082252.5,-10822.525000000005,0.5408323749349468,600
770,710832.5,-7108.324999999999,0.5403997090349989,601
771,1130755.0,-11307.550000000001,0.5399673892677709,601
772,1113875.0,-11138.749999999998,0.5395354153563566,601
773,663022.5,-6630.225000000001,0.5391037870240716,601
774,1050787.5,-10507.875000000002,0.5386725039944523,601
775,907135.0,-9071.35,0.5382415659912567,601
776,1220357.5,-12203.574999999999,0.5378109727384637,602
777,963620.0,-9636.200000000003,0.5373807239602729,602
778,817490.0,-8174.9,0.5369508193811047,602
779,823925.0,-8239.250000000002,0.5365212587255997,602
780,876157.5,-8761.575,0.5360920417186192,602
781,779377.5,-7793.775,0.5356631680852443,603
782,651965.0,-6519.649999999999,0.535234637550776,604
783,786350.0,-7863.500000000002,0.5348064498407354,604
784,942062.5,-9420.625,0.5343786046808628,604
785,828157.5,-8281.575,0.5339511017971181,604
786,785050.0,-7850.499999999998,0.5335239409156805,604
787,727850.0,-7278.499999999996,0.5330971217629479,604
788,801277.5,-8012.7750000000015,0.5326706440655375,604
789,1169642.5,-11696.425,0.5322445075502851,604
790,1202327.5,-12023.275000000001,0.5318187119442448,605
791,902367.5,-9023.675,0.5313932569746894,605
792,873860.0,-8738.599999999999,0.5309681423691096,605
793,892572.5,-8925.724999999999,0.5305433678552143,605
794,751740.0,-7517.400000000002,0.5301189331609301,605
795,672850.0,-6728.5,0.5296948380144013,605
796,938345.0,-9383.450000000003,0.5292710821439898,605
797,928860.0,-9288.600000000002,0.5288476652782745,605
798,1133042.5,-11330.425,0.5284245871460519,605
799,940402.5,-9404.025,0.528001847476335,605
800,1242980.0,-12429.8,0.5275794459983539,607
801,689542.5,-6895.424999999999,0.5271573824415552,607
802,664972.5,-6649.725000000002,0.526735656535602,607
803,804397.5,-8043.974999999999,0.5263142680103735,607
804,821532.5,-8215.324999999999,0.5258932165959652,607
805,570277.5,-5702.775000000001,0.5254725020226885,607
806,999680.0,-9996.8,0.5250521240210703,607
807,758192.5,-7581.924999999999,0.5246320823218534,607
808,827882.5,-8278.824999999999,0.524212376655996,607
809,1020945.0,-10209.450000000003,0.5237930067546711,607
810,712272.5,-7122.725000000001,0.5233739723492674,607
811,810150.0,-8101.5,0.522955273171388,607
812,1098347.5,-10983.475000000002,0.5225369089528509,607
813,993992.5,-9939.925000000001,0.5221188794256886,607
814,804155.0,-8041.549999999997,0.521701184322148,607
815,707812.5,-7078.125000000001,0.5212838233746903,607
816,855537.5,-8555.375000000002,0.5208667963159905,607
817,860845.0,-8608.449999999999,0.5204501028789378,607
818,751625.0,-7516.25,0.5200337427966346,607
819,720197.5,-7201.975000000001,0.5196177158023972,607
820,919467.5,-9194.674999999997,0.5192020216297553,607
821,955845.0,-9558.449999999997,0.5187866600124514,607
822,986392.5,-9863.925,0.5183716306844415,607
823,981222.5,-9812.224999999999,0.5179569333798939,607
824,1189690.0,-11896.900000000003,0.51754256783319,607
825,752150.0,-7521.500000000002,0.5171285337789234,607
826,964100.0,-9641.0,0.5167148309519003,607
827,636207.5,-6362.075000000001,0.5163014590871388,607
828,763225.0,-7632.250000000001,0.5158884179198691,607
829,717107.5,-7171.075,0.5154757071855331,607
830,919565.0,-9195.650000000003,0.5150633266197847,607
831,683147.5,-6831.475000000002,0.5146512759584889,607
832,822840.0,-8228.400000000001,0.5142395549377221,607
833,795922.5,-7959.225000000002,0.5138281632937719,607
834,669027.5,-6690.275000000001,0.5134171007631368,609
835,655950.0,-6559.499999999999,0.5130063670825263,609
836,625377.5,-6253.775,0.5125959619888603,609
837,969502.5,-9695.025000000001,0.5121858852192691,609
838,684500.0,-6845.000000000001,0.5117761365110937,609
839,690670.0,-6906.700000000002,0.5113667156018847,615
840,804810.0,-8048.1,0.5109576222294032,615
841,761062.5,-7610.625000000002,0.5105488561316197,615
842,766662.5,-7666.625000000001,0.5101404170467144,615
843,990902.5,-9909.025000000001,0.5097323047130771,615
844,897250.0,-8972.5,0.5093245188693066,615
845,1004945.0,-10049.45,0.5089170592542112,615
846,1140442.5,-11404.424999999997,0.5085099256068077,615
847,735570.0,-7355.699999999999,0.5081031176663223,615
848,819825.0,-8198.250000000002,0.5076966351721892,615
849,1154285.0,-11542.85,0.5072904778640515,615
850,863797.5,-8637.974999999999,0.5068846454817602,615
851,1000707.5,-10007.074999999997,0.5064791377653748,615
852,880307.5,-8803.075000000003,0.5060739544551625,615
853,866887.5,-8668.875,0.5056690952915983,615
854,866605.0,-8666.050000000001,0.505264560015365,615
855,904632.5,-9046.325,0.5048603483673527,615
856,789450.0,-7894.500000000002,0.5044564600886589,615
857,619945.0,-6199.449999999998,0.5040528949205879,615
858,976835.0,-9768.350000000002,0.5036496526046514,615
859,842955.0,-8429.550000000001,0.5032467328825677,615
860,751437.5,-7514.375,0.5028441354962616,616
861,1002512.5,-10025.124999999998,0.5024418601878646,616
862,1089535.0,-10895.35,0.5020399066997143,616
863,739852.5,-7398.525000000002,0.5016382747743545,616
864,721985.0,-7219.850000000001,0.501236964154535,616
865,786037.5,-7860.375,0.5008359745832114,616
866,812255.0,-8122.55,0.5004353058035448,617
867,759490.0,-7594.899999999999,0.5000349575589019,618
868,789330.0,-7893.299999999999,0.49963492959285477,618
869,942730.0,-9427.3,0.4992352216491805,618
870,695152.5,-6951.524999999999,0.4988358334718611,618
871,1115980.0,-11159.8,0.4984367648050836,618
872,838007.5,-8380.074999999999,0.4980380153932395,618
873,904367.5,-9043.675,0.4976395849809249,620
874,622107.5,-6221.075000000003,0.49724147331294016,620
875,769212.5,-7692.125000000001,0.4968436801342898,620
876,968547.5,-9685.474999999997,0.49644620519018234,620
877,791930.0,-7919.300000000001,0.4960490482260302,620
878,738497.5,-7384.975000000001,0.4956522089874493,620
879,556805.0,-5568.05,0.49525568722025937,620
880,1131155.0,-11311.549999999997,0.49485948267048313,620
881,806280.0,-8062.799999999999,0.49446359508434673,620
882,881205.0,-8812.050000000003,0.4940680242082792,620
883,844195.0,-8441.95,0.4936727697889126,621
884,831965.0,-8319.649999999998,0.49327783157308147,621
885,780297.5,-7802.9749999999985,0.492883209307823,621
886,706832.5,-7068.325,0.4924889027403767,621
887,846365.0,-8463.65,0.4920949116181844,621
888,788265.0,-7882.649999999999,0.49170123568888985,621
889,740770.0,-7407.699999999999,0.4913078747003387,621
890,754387.5,-7543.875,0.49091482840057843,621
891,899420.0,-8994.199999999997,0.49052209653785794,621
892,1133212.5,-11332.125000000002,0.49012967886062764,621
893,1214530.0,-12145.299999999996,0.4897375751175391,622
894,888530.0,-8885.300000000003,0.4893457850574451,622
895,883482.5,-8834.824999999999,0.48895430842939913,622
896,658295.0,-6582.949999999999,0.48856314498265563,622
897,855557.5,-8555.574999999999,0.4881722944666695,622
898,796537.5,-7965.375000000001,0.48778175663109613,622
899,804132.5,-8041.324999999997,0.48739153122579126,622
900,754345.0,-7543.450000000001,0.4870016180008106,622
901,766910.0,-7669.0999999999985,0.48661201670640997,622
902,817440.0,-8174.399999999998,0.4862227270930448,622
903,777297.5,-7772.974999999999,0.4858337489113704,622
904,719555.0,-7195.55,0.4854450819122413,623
905,1013542.5,-10135.425,0.4850567258467115,623
906,1063625.0,-10636.249999999998,0.4846686804660341,623
907,681475.0,-6814.750000000001,0.4842809455216613,623
908,867802.5,-8678.025,0.48389352076524395,623
909,836200.0,-8362.0,0.48350640594863176,623
910,763472.5,-7634.725,0.48311960082387284,623
911,772492.5,-7724.924999999997,0.4827331051432137,623
912,974492.5,-9744.925000000001,0.4823469186590991,623
913,746672.5,-7466.725000000001,0.4819610411241718,623
914,1072750.0,-10727.499999999998,0.48157547229127246,623
915,820235.0,-8202.35,0.4811902119134394,623
916,1293455.0,-12934.550000000001,0.48080525974390864,623
917,829057.5,-8290.575,0.4804206155361135,623
918,961000.0,-9610.000000000002,0.48003627904368457,623
919,809452.5,-8094.524999999999,0.4796522500204496,623
920,665282.5,-6652.825000000001,0.4792685282204332,623
921,1030095.0,-10300.949999999999,0.47888511339785683,623
922,825720.0,-8257.199999999999,0.47850200530713854,623
923,665260.0,-6652.600000000001,0.47811920370289285,623
924,665735.0,-6657.3499999999985,0.47773670833993054,623
925,721627.5,-7216.275000000001,0.4773545189732586,625
926,950442.5,-9504.425000000001,0.47697263535808,625
927,701737.5,-7017.374999999999,0.4765910572497935,625
928,1297397.5,-12973.974999999997,0.47620978440399364,625
929,742215.0,-7422.1500000000015,0.4758288165764704,625
930,662692.5,-6626.925000000002,0.47544815352320924,625
931,920197.5,-9201.974999999999,0.47506779500039065,625
932,970000.0,-9700.0,0.4746877407643903,625
933,845905.0,-8459.05,0.47430799057177875,625
934,976100.0,-9760.999999999998,0.4739285441793213,625
935,800697.5,-8006.974999999996,0.4735494013439778,626
936,733527.5,-7335.275000000001,0.4731705618229026,626
937,1085397.5,-10853.974999999997,0.4727920253734443,626
938,910407.5,-9104.074999999999,0.4724137917531455,626
939,674877.5,-6748.775000000001,0.472035860719743,626
940,761340.0,-7613.4000000000015,0.4716582320311672,626
941,619085.0,-6190.85,0.47128090544554224,626
942,948795.0,-9487.949999999999,0.4709038807211858,626
943,586700.0,-5866.999999999999,0.4705271576166088,626
944,856582.5,-8565.824999999997,0.4701507358905155,626
945,1025820.0,-10258.2,0.46977461530180303,626
946,1079360.0,-10793.599999999997,0.4693987956095616,627
947,1030405.0,-10304.050000000003,0.46902327657307397,627
948,1107772.5,-11077.724999999999,0.4686480579518155,627
949,891500.0,-8915.0,0.4682731395054541,627
950,860350.0,-8603.500000000002,0.4678985209938497,627
951,777325.0,-7773.250000000001,0.4675242021770546,629
952,930187.5,-9301.875000000002,0.46715018281531295,629
953,1085082.5,-10850.824999999995,0.4667764626690607,629
954,693825.0,-6938.25,0.4664030414989254,630
955,935310.0,-9353.100000000002,0.4660299190657263,630
956,825565.0,-8255.65,0.4656570951304737,630
957,691922.5,-6919.2249999999985,0.4652845694543693,630
958,981170.0,-9811.7,0.4649123417988058,630
959,967670.0,-9676.7,0.46454041192536677,630
960,957810.0,-9578.099999999997,0.4641687795958265,630
961,822077.5,-8220.774999999998,0.46379744457214983,630
962,941632.5,-9416.325000000003,0.4634264066164921,630
963,945672.5,-9456.725000000002,0.46305566549119886,630
964,1110992.5,-11109.924999999997,0.4626852209588059,630
965,996617.5,-9966.174999999997,0.4623150727820388,631
966,857185.0,-8571.849999999999,0.46194522072381317,631
967,803737.5,-8037.374999999999,0.4615756645472341,631
968,973265.0,-9732.650000000001,0.4612064040155963,631
969,772075.0,-7720.75,0.4608374388923838,631
970,863270.0,-8632.699999999999,0.4604687689412699,631
971,1000267.5,-10002.675,0.4601003939261169,631
972,970202.5,-9702.025000000001,0.459732313610976,631
973,976540.0,-9765.399999999998,0.4593645277600872,631
974,940955.0,-9409.550000000001,0.4589970361378791,631
975,861852.5,-8618.525,0.4586298385089688,631
976,675522.5,-6755.225,0.45826293463816165,632
977,680547.5,-6805.4749999999985,0.45789632429045113,632
978,867370.0,-8673.7,0.4575300072310188,632
979,819440.0,-8194.4,0.45716398322523394,632
980,1077132.5,-10771.324999999999,0.45679825203865376,632
981,725507.5,-7255.0750000000035,0.45643281343702286,632
982,717007.5,-7170.075,0.45606766718627323,632
983,883192.5,-8831.925000000001,0.4557028130525242,632
984,836802.5,-8368.025000000001,0.4553382508020822,632
985,915257.5,-9152.575,0.4549739802014405,633
986,932262.5,-9322.625000000002,0.45461000101727933,633
987,626650.0,-6266.5,0.4542463130164655,633
988,684315.0,-6843.149999999999,0.45388291596605235,633
989,683202.5,-6832.025000000001,0.4535198096332795,633
990,1131522.5,-11315.225,0.45315699378557284,633
991,564400.0,-5644.0,0.45279446819054436,633
992,1119955.0,-11199.549999999996,0.4524322326159919,633
993,1042782.5,-10427.825,0.45207028682989914,633
994,892870.0,-8928.7,0.4517086306004352,633
995,1024390.0,-10243.899999999996,0.45134726369595485,633
996,997485.0,-9974.849999999999,0.45098618588499806,633
997,668515.0,-6685.150000000001,0.45062539693629006,633
998,1087662.5,-10876.625000000002,0.45026489661874103,633
999,779087.5,-7790.874999999998,0.449904684701446,633
1000,970505.0,-9705.05,0.44954476095368484,633
1001,1099452.5,-10994.524999999998,0.44918512514492187,633
1002,925347.5,-9253.475,0.4488257770448059,633
1003,672695.0,-6726.950000000002,0.44846671642317004,633
1004,822482.5,-8224.824999999999,0.4481079430500315,633
1005,1089065.0,-10890.650000000001,0.44774945669559146,633
1006,741285.0,-7412.85,0.447391257130235,633
1007,1053200.0,-10532.000000000002,0.4470333441245308,633
1008,995662.5,-9956.625000000002,0.4466757174492311,633
1009,1181615.0,-11816.15,0.4463183768752717,633
1010,1140650.0,-11406.499999999998,0.4459613221737715,633
1011,752252.5,-7522.525,0.4456045531160325,633
1012,897150.0,-8971.500000000002,0.4452480694735396,633
1013,725480.0,-7254.799999999999,0.4448918710179608,633
1014,851732.5,-8517.324999999999,0.44453595752114644,633
1015,757190.0,-7571.899999999999,0.4441803287551295,633
1016,697965.0,-6979.6500000000015,0.44382498449212543,633
1017,1210700.0,-12107.000000000002,0.4434699245045317,633
1018,1044555.0,-10445.550000000001,0.44311514856492806,633
1019,660885.0,-6608.850000000001,0.4427606564460761,636
1020,937905.0,-9379.050000000001,0.4424064479209192,636
1021,646800.0,-6468.000000000001,0.44205252276258244,636
1022,1006600.0,-10066.0,0.44169888074437236,636
1023,936370.0,-9363.699999999999,0.44134552163977686,636
1024,876540.0,-8765.400000000001,0.44099244522246506,636
1025,1119202.5,-11192.025,0.44063965126628707,636
1026,774612.5,-7746.124999999998,0.44028713954527404,636
1027,774660.0,-7746.600000000002,0.4399349098336378,637
1028,708440.0,-7084.4,0.4395829619057709,637
1029,781605.0,-7816.05,0.4392312955362463,637
1030,790815.0,-7908.150000000002,0.4388799104998173,637
1031,606990.0,-6069.900000000001,0.4385288065714174,637
1032,748332.5,-7483.325,0.4381779835261603,637
1033,952722.5,-9527.225000000004,0.43782744113933936,637
1034,782252.5,-7822.525000000001,0.43747717918642787,637
1035,643020.0,-6430.2,0.4371271974430787,638
1036,606560.0,-6065.599999999999,0.43677749568512425,638
1037,620850.0,-6208.5,0.43642807368857617,638
1038,918755.0,-9187.55,0.4360789312296253,638
1039,634007.5,-6340.074999999998,0.4357300680846416,638
1040,1018620.0,-10186.200000000003,0.43538148403017385,638
1041,994307.5,-9943.075000000003,0.4350331788429497,638
1042,975132.5,-9751.325,0.4346851522998753,639
1043,1123997.5,-11239.975000000002,0.4343374041780354,639
1044,978535.0,-9785.35,0.43398993425469296,639
1045,827197.5,-8271.975,0.43364274230728916,639
1046,947597.5,-9475.975000000002,0.4332958281134433,640
1047,752485.0,-7524.85,0.43294919145095256,641
1048,830465.0,-8304.65,0.43260283209779177,641
1049,1088255.0,-10882.550000000005,0.43225674983211354,641
1050,1209360.0,-12093.599999999999,0.4319109444322478,641
1051,954855.0,-9548.55,0.431565415676702,641
1052,733360.0,-7333.600000000001,0.43122016334416063,641
1053,727370.0,-7273.699999999999,0.4308751872134853,641
1054,998715.0,-9987.149999999998,0.4305304870637145,641
1055,860037.5,-8600.375,0.4301860626740635,641
1056,871797.5,-8717.975,0.4298419138239242,641
1057,975565.0,-9755.650000000003,0.4294980402928651,641
1058,1123642.5,-11236.425000000001,0.4291544418606308,641
1059,761865.0,-7618.650000000001,0.42881111830714225,641
1060,968915.0,-9689.150000000001,0.42846806941249654,641
1061,797030.0,-7970.300000000001,0.42812529495696655,642
1062,745807.5,-7458.075000000001,0.42778279472100095,642
1063,877002.5,-8770.025,0.42744056848522416,642
1064,772100.0,-7721.000000000002,0.427098616030436,642
1065,663787.5,-6637.875,0.4267569371376116,642
1066,698400.0,-6984.0,0.4264155315879015,642
1067,780975.0,-7809.750000000002,0.4260743991626312,642
1068,839937.5,-8399.375000000002,0.4257335396433011,642
1069,833432.5,-8334.324999999999,0.4253929528115864,642
1070,675152.5,-6751.524999999999,0.4250526384493371,642
1071,702567.5,-7025.675,0.4247125963385776,642
1072,919190.0,-9191.9,0.42437282626150674,642
1073,802765.0,-8027.6500000000015,0.42403332800049753,642
1074,718237.5,-7182.375,0.42369410133809715,642
1075,855707.5,-8557.075,0.4233551460570267,642
1076,851045.0,-8510.45,0.42301646194018105,642
1077,743510.0,-7435.099999999999,0.4226780487706289,643
1078,961710.0,-9617.099999999999,0.4223399063316124,643
1079,738112.5,-7381.125000000001,0.4220020344065471,645
1080,888980.0,-8889.800000000001,0.4216644327790218,645
1081,728537.5,-7285.375000000004,0.4213271012327986,645
1082,833037.5,-8330.375,0.42099003955181236,645
1083,845997.5,-8459.974999999999,0.4206532475201709,645
1084,641037.5,-6410.375,0.42031672492215477,645
1085,805647.5,-8056.474999999999,0.419980471542217,645
1086,928407.5,-9284.074999999999,0.41964448716498326,646
1087,1023855.0,-10238.550000000001,0.41930877157525126,646
1088,836830.0,-8368.3,0.418973324557991,646
1089,1002797.5,-10027.975000000002,0.41863814589834464,646
1090,784877.5,-7848.774999999999,0.41830323538162595,646
1091,737767.5,-7377.675000000002,0.41796859279332066,646
1092,1134657.5,-11346.574999999999,0.417634217919086,646
1093,894697.5,-8946.975,0.41730011054475075,646
1094,901120.0,-9011.199999999999,0.41696627045631496,646
1095,1013782.5,-10137.824999999999,0.4166326974399499,646
1096,813072.5,-8130.725000000001,0.41629939128199794,646
1097,1032980.0,-10329.8,0.41596635176897234,646
1098,792385.0,-7923.850000000002,0.4156335786875572,646
1099,895097.5,-8950.975000000002,0.4153010718246071,646
1100,898407.5,-8984.075000000003,0.41496883096714743,646
1101,1051707.5,-10517.075,0.4146368559023737,646
1102,1039752.5,-10397.525000000001,0.4143051464176518,646
1103,844952.5,-8449.525,0.41397370230051767,646
1104,574460.0,-5744.599999999999,0.41364252333867724,646
1105,719105.0,-7191.049999999998,0.41331160932000627,646
1106,710937.5,-7109.375,0.41298096003255025,646
1107,805897.5,-8058.975,0.4126505752645242,646
1108,1153940.0,-11539.400000000003,0.41232045480431256,647
1109,759252.5,-7592.524999999998,0.4119905984404691,647
1110,732815.0,-7328.15,0.41166100596171673,647
1111,598875.0,-5988.75,0.41133167715694735,647
1112,1069417.5,-10694.175,0.4110026118152218,647
1113,729850.0,-7298.500000000001,0.4106738097257696,647
1114,622387.5,-6223.875,0.410345270677989,648
1115,837215.0,-8372.149999999998,0.41001699446144657,648
1116,708795.0,-7087.950000000001,0.4096889808658774,649
1117,499447.5,-4994.474999999999,0.4093612296811847,649
1118,790742.5,-7907.425000000002,0.40903374069743975,649
1119,996570.0,-9965.699999999997,0.4087065137048818,649
1120,935877.5,-9358.775000000001,0.4083795484939179,649
1121,701832.5,-7018.324999999999,0.4080528448551227,649
1122,776417.5,-7764.174999999999,0.4077264025792386,649
1123,676250.0,-6762.500000000002,0.4074002214571752,649
1124,871987.5,-8719.875,0.40707430128000943,649
1125,846175.0,-8461.75,0.4067486418389854,649
1126,1105700.0,-11057.000000000002,0.4064232429255142,649
1127,717042.5,-7170.425000000002,0.40609810433117377,649
1128,613782.5,-6137.825,0.4057732258477088,649
1129,808827.5,-8088.275,0.40544860726703064,649
1130,633350.0,-6333.5,0.405124248381217,649
1131,1110065.0,-11100.650000000003,0.40480014898251204,649
1132,979327.5,-9793.274999999998,0.40447630886332603,649
1133,1267150.0,-12671.499999999998,0.40415272781623535,649
1134,876817.5,-8768.175,0.40382940563398234,649
1135,753747.5,-7537.4749999999985,0.40350634210947517,650
1136,1130930.0,-11309.300000000001,0.4031835370357876,650
1137,551965.0,-5519.65,0.40286099020615895,651
1138,758900.0,-7589.0,0.402538701413994,651
1139,613105.0,-6131.049999999998,0.4022166704528628,652
1140,593127.5,-5931.275000000001,0.4018948971165005,652
1141,1015867.5,-10158.675,0.4015733811988073,652
1142,747465.0,-7474.6500000000015,0.40125212249384823,652
1143,931532.5,-9315.325000000003,0.40093112079585314,654
1144,1004335.0,-10043.349999999999,0.40061037589921644,654
1145,979040.0,-9790.400000000001,0.40028988759849704,654
1146,854722.5,-8547.225,0.39996965568841825,654
1147,906552.5,-9065.524999999996,0.3996496799638675,654
1148,846810.0,-8468.100000000002,0.3993299602198964,654
1149,736430.0,-7364.299999999997,0.39901049625172047,655
1150,863610.0,-8636.1,0.3986912878547191,655
1151,765755.0,-7657.55,0.3983723348244353,655
1152,913185.0,-9131.850000000002,0.39805363695657575,655
1153,782887.5,-7828.875000000001,0.39773519404701047,655
1154,1253352.5,-12533.525,0.39741700589177287,655
1155,807115.0,-8071.149999999999,0.39709907228705943,655
1156,793740.0,-7937.399999999999,0.39678139302922977,655
1157,923355.0,-9233.550000000001,0.39646396791480637,655
1158,1073225.0,-10732.25,0.39614679674047454,655
1159,982055.0,-9820.550000000001,0.39582987930308217,655
1160,912912.5,-9129.125000000002,0.3955132153996397,655
1161,654657.5,-6546.575,0.39519680482731995,655
1162,994222.5,-9942.225000000002,0.39488064738345807,655
1163,693527.5,-6935.275000000001,0.3945647428655513,655
1164,808732.5,-8087.325000000002,0.3942490910712589,655
1165,802585.0,-8025.85,0.3939336917984019,655
1166,970147.5,-9701.474999999999,0.39361854484496317,655
1167,809640.0,-8096.4000000000015,0.3933036500090872,655
1168,800362.5,-8003.625,0.3929890070890799,655
1169,933275.0,-9332.750000000004,0.39267461588340863,655
1170,777732.5,-7777.325,0.3923604761907019,655
1171,751205.0,-7512.05,0.3920465878097493,655
1172,842222.5,-8422.224999999999,0.3917329505395015,655
1173,971307.5,-9713.075000000003,0.3914195641790699,655
1174,915147.5,-9151.475,0.39110642852772665,655
1175,857300.0,-8573.0,0.39079354338490446,655
1176,806487.5,-8064.874999999999,0.3904809085501965,655
1177,1050390.0,-10503.9,0.3901685238233564,655
1178,1017945.0,-10179.450000000003,0.3898563890042977,655
1179,846547.5,-8465.474999999999,0.38954450389309425,655
1180,766197.5,-7661.9749999999985,0.38923286828997977,655
1181,700872.5,-7008.724999999999,0.38892148199534776,656
1182,734875.0,-7348.749999999999,0.3886103448097515,656
1183,835097.5,-8350.975,0.3882994565339037,656
1184,849780.0,-8497.799999999997,0.38798881696867654,657
1185,821605.0,-8216.050000000001,0.3876784259151016,657
1186,927865.0,-9278.65,0.3873682831743695,657
1187,675975.0,-6759.75,0.38705838854783,657
1188,918537.5,-9185.375000000004,0.3867487418369917,658
1189,676190.0,-6761.9,0.3864393428435221,658
1190,977957.5,-9779.575000000004,0.38613019136924726,658
1191,695605.0,-6956.050000000001,0.38582128721615183,658
1192,722110.0,-7221.1,0.3855126301863789,658
1193,743747.5,-7437.475000000001,0.38520422008222976,658
1194,760432.5,-7604.325,0.38489605670616395,658
1195,654805.0,-6548.05,0.384588139860799,658
1196,941040.0,-9410.4,0.38428046934891036,658
1197,552882.5,-5528.824999999998,0.3839730449734312,658
1198,957077.5,-9570.775000000001,0.38366586653745244,659
1199,965212.5,-9652.125000000002,0.3833589338442225,660
1200,767582.5,-7675.824999999999,0.3830522466971471,660
1201,827952.5,-8279.525000000001,0.3827458048997894,660
1202,934577.5,-9345.775,0.38243960825586953,660
1203,572807.5,-5728.075000000001,0.38213365656926485,660
1204,873657.5,-8736.575000000004,0.3818279496440094,660
1205,812465.0,-8124.650000000002,0.38152248728429417,660
1206,1295177.5,-12951.774999999996,0.3812172692944667,660
1207,1058522.5,-10585.224999999999,0.3809122954790311,660
1208,830867.5,-8308.675000000001,0.38060756564264786,660
1209,699927.5,-6999.275000000001,0.3803030795901337,660
1210,717827.5,-7178.2750000000015,0.3799988371264616,660
1211,830222.5,-8302.224999999999,0.3796948380567604,660
1212,655472.5,-6554.725000000001,0.379391082186315,660
1213,971397.5,-9713.975,0.379087569320566,660
1214,947455.0,-9474.550000000003,0.37878429926510954,660
1215,865705.0,-8657.050000000003,0.37848127182569746,660
1216,920365.0,-9203.65,0.3781784868082369,661
1217,853317.5,-8533.175,0.3778759440187903,661
1218,1167997.5,-11679.975000000002,0.3775736432635753,661
1219,857900.0,-8579.0,0.3772715843489644,661
1220,677552.5,-6775.525,0.3769697670814852,662
1221,680430.0,-6804.299999999999,0.37666819126782003,662
1222,829357.5,-8293.574999999999,0.37636685671480574,662
1223,863080.0,-8630.8,0.3760657632294339,662
1224,898147.5,-8981.474999999999,0.37576491061885037,662
1225,799170.0,-7991.700000000001,0.3754642986903553,662
1226,1079495.0,-10794.95,0.375163927251403,663
1227,722282.5,-7222.825000000001,0.3748637961096019,663
1228,731330.0,-7313.299999999998,0.3745639050727142,663
1229,1334935.0,-13349.349999999997,0.37426425394865603,663
1230,719520.0,-7195.199999999999,0.3739648425454971,663
1231,1031575.0,-10315.749999999998,0.3736656706714607,663
1232,843122.5,-8431.224999999997,0.37336673813492355,663
1233,973967.5,-9739.675,0.37306804474441563,663
1234,916022.5,-9160.225000000002,0.3727695903086201,663
1235,1088397.5,-10883.975,0.3724713746363732,663
1236,1261275.0,-12612.75,0.37217339753666406,663
1237,741322.5,-7413.225000000003,0.3718756588186347,663
1238,814522.5,-8145.225,0.3715781582915798,663
1239,943057.5,-9430.574999999999,0.37128089576494655,663
1240,821922.5,-8219.225,0.3709838710483346,663
1241,744342.5,-7443.424999999998,0.3706870839514959,663
1242,823450.0,-8234.500000000002,0.3703905342843347,663
1243,849445.0,-8494.45,0.3700942218569072,663
1244,580025.0,-5800.25,0.36979814647942166,663
1245,581810.0,-5818.1,0.3695023079622381,663
1246,707897.5,-7078.974999999999,0.3692067061158683,663
1247,724827.5,-7248.2750000000015,0.3689113407509756,663
1248,894735.0,-8947.35,0.3686162116783748,663
1249,1000987.5,-10009.875,0.3683213187090321,663
1250,1002500.0,-10025.000000000004,0.3680266616540649,663
1251,738965.0,-7389.65,0.3677322403247416,663
1252,1057140.0,-10571.4,0.3674380545324818,663
1253,820462.5,-8204.625,0.3671441040888558,663
1254,779752.5,-7797.525,0.3668503888055847,663
1255,763290.0,-7632.899999999998,0.3665569084945402,663
1256,966105.0,-9661.05,0.36626366296774454,664
1257,1015472.5,-10154.725000000002,0.36597065203737034,664
1258,831940.0,-8319.4,0.36567787551574044,664
1259,868842.5,-8688.424999999997,0.36538533321532785,664
1260,606360.0,-6063.6,0.36509302494875556,669
1261,685912.5,-6859.125000000001,0.3648009505287966,669
1262,1010830.0,-10108.300000000003,0.36450910976837353,669
1263,956435.0,-9564.349999999999,0.36421750248055884,669
1264,699035.0,-6990.350000000002,0.36392612847857436,669
1265,733082.5,-7330.824999999999,0.3636349875757915,669
1266,805545.0,-8055.449999999998,0.36334407958573084,669
1267,921735.0,-9217.349999999999,0.36305340432206223,669
1268,564390.0,-5643.9,0.36276296159860455,669
1269,730872.5,-7308.725000000003,0.36247275122932565,669
1270,814885.0,-8148.85,0.3621827730283422,669
1271,671827.5,-6718.275000000001,0.36189302680991947,669
1272,891992.5,-8919.924999999997,0.36160351238847155,670
1273,649907.5,-6499.075000000001,0.36131422957856074,670
1274,799485.0,-7994.85,0.3610251781948979,670
1275,726070.0,-7260.700000000001,0.36073635805234194,671
1276,1018507.5,-10185.074999999999,0.3604477689659001,671
1277,1040250.0,-10402.5,0.3601594107507274,671
1278,823197.5,-8231.975,0.3598712832221268,671
1279,817237.5,-8172.375000000001,0.3595833861955491,671
1280,912382.5,-9123.824999999999,0.3592957194865926,671
1281,857572.5,-8575.724999999999,0.35900828291100334,671
1282,887505.0,-8875.050000000001,0.35872107628467453,672
1283,732847.5,-7328.475000000002,0.3584340994236468,672
1284,663335.0,-6633.35,0.35814735214410787,672
1285,1375380.0,-13753.799999999997,0.35786083426239257,672
1286,819650.0,-8196.5,0.35757454559498264,672
1287,971352.5,-9713.525,0.35728848595850665,672
1288,854007.5,-8540.075,0.35700265516973984,672
1289,924290.0,-9242.900000000001,0.356717053045604,672
1290,852550.0,-8525.5,0.35643167940316756,672
1291,1165292.5,-11652.925000000001,0.356146534059645,672
1292,753032.5,-7530.324999999999,0.3558616168323973,674
1293,764497.5,-7644.974999999998,0.3555769275389314,674
1294,760707.5,-7607.074999999998,0.35529246599690023,674
1295,903672.5,-9036.724999999997,0.3550082320241027,674
1296,801952.5,-8019.525000000002,0.3547242254384834,674
1297,827172.5,-8271.724999999999,0.35444044605813263,674
1298,868612.5,-8686.124999999998,0.3541568937012861,674
1299,749260.0,-7492.6,0.3538735681863251,674
1300,955537.5,-9555.375000000002,0.353590469331776,674
1301,818240.0,-8182.4,0.3533075969563106,674
1302,987260.0,-9872.600000000002,0.3530249508787455,674
1303,857267.5,-8572.675000000003,0.35274253091804253,674
1304,1143782.5,-11437.824999999999,0.3524603368933081,674
1305,819792.5,-8197.924999999997,0.3521783686237934,674
1306,863057.5,-8630.575,0.35189662592889437,674
1307,754347.5,-7543.4749999999985,0.35161510862815126,674
1308,680427.5,-6804.275,0.35133381654124873,675
1309,770690.0,-7706.9000000000015,0.35105274948801574,675
1310,704570.0,-7045.699999999998,0.35077190728842533,677
1311,1313742.5,-13137.425000000003,0.3504912897625946,678
1312,601597.5,-6015.9749999999985,0.3502108967307845,678
1313,706757.5,-7067.575,0.34993072801339986,678
1314,896105.0,-8961.049999999997,0.34965078343098915,683
1315,814910.0,-8149.099999999998,0.34937106280424435,683
1316,935187.5,-9351.874999999998,0.3490915659540009,683
1317,1161652.5,-11616.525,0.3488122927012377,683
1318,1194545.0,-11945.45,0.3485332428670767,683
1319,831527.5,-8315.275000000001,0.34825441627278303,683
1320,995440.0,-9954.400000000001,0.3479758127397648,683
1321,1067145.0,-10671.449999999999,0.347697432089573,683
1322,596375.0,-5963.749999999998,0.34741927414390134,683
1323,797880.0,-7978.799999999999,0.3471413387245862,683
1324,959320.0,-9593.2,0.3468636256536065,683
1325,1231290.0,-12312.900000000001,0.34658613475308364,683
1326,821277.5,-8212.775000000001,0.34630886584528114,684
1327,743485.0,-7434.85,0.3460318187526049,685
1328,1195597.5,-11955.975,0.34575499329760284,685
1329,1110550.0,-11105.499999999998,0.34547838930296476,685
1330,1144025.0,-11440.25,0.3452020065915224,686
1331,765195.0,-7651.949999999998,0.3449258449862492,686
1332,725170.0,-7251.7,0.34464990431026016,686
1333,940447.5,-9404.474999999999,0.34437418438681194,686
1334,861390.0,-8613.9,0.34409868503930247,686
1335,599982.5,-5999.825000000001,0.343823406091271,686
1336,890065.0,-8900.649999999998,0.34354834736639794,686
1337,624207.5,-6242.075,0.3432735086885048,686
1338,828212.5,-8282.125000000002,0.342998889881554,686
1339,835247.5,-8352.475000000002,0.3427244907696488,686
1340,902250.0,-9022.5,0.34245031117703306,686
1341,801980.0,-8019.799999999999,0.34217635092809146,686
1342,866855.0,-8668.550000000003,0.341902609847349,686
1343,869807.5,-8698.074999999999,0.3416290877594711,686
1344,511522.5,-5115.224999999999,0.3413557844892635,686
1345,746915.0,-7469.1500000000015,0.3410826998616721,686
1346,976052.5,-9760.525000000001,0.34080983370178275,687
1347,1078342.5,-10783.424999999997,0.34053718583482134,687
1348,724450.0,-7244.499999999999,0.3402647560861535,687
1349,925500.0,-9254.999999999998,0.33999254428128456,687
1350,639162.5,-6391.624999999999,0.3397205502458595,687
1351,747790.0,-7477.899999999999,0.3394487738056628,687
1352,1065397.5,-10653.974999999999,0.3391772147866183,687
1353,1040507.5,-10405.074999999997,0.33890587301478897,687
1354,1125092.5,-11250.925,0.33863474831637713,687
1355,945747.5,-9457.474999999999,0.338363840517724,687
1356,726657.5,-7266.575000000001,0.3380931494453098,687
1357,822250.0,-8222.5,0.3378226749257536,687
1358,917957.5,-9179.574999999999,0.33755241678581294,687
1359,612232.5,-6122.325000000001,0.33728237485238427,687
1360,1100760.0,-11007.6,0.3370125489525024,687
1361,705652.5,-7056.525,0.3367429389133404,687
1362,673977.5,-6739.774999999999,0.33647354456220974,687
1363,730882.5,-7308.825,0.33620436572656,687
1364,831342.5,-8313.425,0.3359354022339787,687
1365,831900.0,-8319.000000000004,0.3356666539121915,687
1366,947405.0,-9474.050000000001,0.33539812058906177,687
1367,932620.0,-9326.2,0.3351298020925905,688
1368,969692.5,-9696.925,0.33486169825091644,688
1369,730615.0,-7306.15,0.3345938088923157,688
1370,734642.5,-7346.425000000002,0.3343261338452019,688
1371,707427.5,-7074.2750000000015,0.3340586729381257,688
1372,746990.0,-7469.899999999999,0.3337914259997752,688
1373,568047.5,-5680.475,0.33352439285897534,688
1374,910467.5,-9104.675000000001,0.33325757334468814,689
1375,820972.5,-8209.724999999999,0.3329909672860124,689
1376,946245.0,-9462.45,0.33272457451218357,690
1377,821607.5,-8216.075,0.33245839485257384,690
1378,647695.0,-6476.949999999998,0.33219242813669175,690
1379,796440.0,-7964.4000000000015,0.33192667419418237,690
1380,996877.5,-9968.775000000003,0.331661132854827,690
1381,822857.5,-8228.575,0.3313958039485431,690
1382,811042.5,-8110.425,0.33113068730538425,690
1383,914082.5,-9140.825,0.33086578275553996,690
1384,744892.5,-7448.924999999998,0.33060109012933553,690
1385,716947.5,-7169.475000000002,0.3303366092572321,690
1386,978042.5,-9780.424999999997,0.33007233996982627,690
1387,564672.5,-5646.725,0.3298082820978504,690
1388,930982.5,-9309.824999999999,0.3295444354721721,690
1389,991497.5,-9914.975,0.32928079992379433,690
1390,681117.5,-6811.175,0.3290173752838553,690
1391,660905.0,-6609.05,0.3287541613836282,690
1392,797142.5,-7971.425000000002,0.3284911580545213,690
1393,521637.5,-5216.374999999998,0.3282283651280777,690
1394,636860.0,-6368.599999999998,0.32796578243597524,690
1395,726512.5,-7265.125000000001,0.32770340981002644,690
1396,734967.5,-7349.675000000001,0.3274412470821784,691
1397,960312.5,-9603.125,0.3271792940845127,691
1398,687402.5,-6874.0250000000015,0.32691755064924505,693
1399,630982.5,-6309.825000000001,0.3266560166087256,693
1400,680967.5,-6809.675,0.3263946917954386,693
1401,697927.5,-6979.274999999999,0.32613357604200227,693
1402,707102.5,-7071.025,0.32587266918116864,693
1403,865242.5,-8652.425,0.3256119710458237,693
1404,776727.5,-7767.2750000000015,0.325351481468987,693
1405,910727.5,-9107.275,0.32509120028381183,693
1406,895785.0,-8957.85,0.32483112732358477,693
1407,894155.0,-8941.55,0.3245712624217259,693
1408,737245.0,-7372.450000000003,0.3243116054117885,693
1409,1134842.5,-11348.425000000001,0.3240521561274591,694
1410,1183177.5,-11831.775000000001,0.3237929144025571,695
1411,924452.5,-9244.524999999998,0.323533880071035,695
1412,870117.5,-8701.175000000003,0.32327505296697817,695
1413,668685.0,-6686.85,0.3230164329246046,695
1414,764630.0,-7646.299999999999,0.3227580197782649,695
1415,632890.0,-6328.900000000001,0.32249981336244227,695
1416,824707.5,-8247.075,0.3222418135117523,695
1417,685762.5,-6857.625,0.3219840200609429,695
1418,918197.5,-9181.975,0.32172643284489416,697
1419,670357.5,-6703.575,0.3214690516986182,697
1420,1292200.0,-12921.999999999998,0.32121187645725935,698
1421,554482.5,-5544.824999999998,0.3209549069560935,698
1422,766535.0,-7665.35,0.3206981430305286,698
1423,627495.0,-6274.950000000001,0.3204415845161042,699
1424,935390.0,-9353.900000000001,0.32018523124849135,699
1425,803312.5,-8033.124999999999,0.31992908306349255,699
1426,650215.0,-6502.149999999999,0.31967313979704176,699
1427,963772.5,-9637.724999999999,0.31941740128520413,699
1428,810567.5,-8105.675,0.31916186736417596,699
1429,826860.0,-8268.6,0.3189065378702846,699
1430,1079905.0,-10799.050000000001,0.31865141263998836,699
1431,850542.5,-8505.425,0.31839649150987637,699
1432,668110.0,-6681.1,0.31814177431666846,699
1433,1050392.5,-10503.925000000001,0.31788726089721514,699
1434,718460.0,-7184.599999999999,0.3176329510884974,700
1435,787215.0,-7872.150000000001,0.31737884472762656,700
1436,849560.0,-8495.6,0.31712494165184446,700
1437,874372.5,-8743.725000000002,0.316871241698523,700
1438,921485.0,-9214.85,0.3166177447051642,700
1439,927215.0,-9272.150000000003,0.31636445050940004,700
1440,971292.5,-9712.924999999996,0.3161113589489925,700
1441,815437.5,-8154.375000000001,0.3158584698618333,700
1442,943817.5,-9438.175,0.31560578308594384,700
1443,1029550.0,-10295.499999999998,0.3153532984594751,700
1444,698735.0,-6987.349999999999,0.3151010158207075,700
1445,729430.0,-7294.3,0.3148489350080509,700
1446,1141752.5,-11417.525,0.31459705586004444,700
1447,742160.0,-7421.600000000003,0.3143453782153564,700
1448,993225.0,-9932.25,0.31409390191278413,702
1449,797337.5,-7973.375,0.3138426267912539,702
1450,1201867.5,-12018.675,0.3135915526898209,702
1451,734422.5,-7344.224999999998,0.3133406794476691,702
1452,782040.0,-7820.4,0.31309000690411093,702
1453,963797.5,-9637.975,0.3128395348985876,702
1454,861180.0,-8611.8,0.31258926327066877,702
1455,984637.5,-9846.375,0.3123391918600522,702
1456,551562.5,-5515.625,0.3120893205065642,702
1457,863565.0,-8635.650000000001,0.31183964905015893,702
1458,642305.0,-6423.05,0.3115901773309188,702
1459,645445.0,-6454.449999999998,0.31134090518905405,702
1460,989960.0,-9899.599999999999,0.3110918324649028,702
1461,785202.5,-7852.024999999999,0.3108429589989309,702
1462,971432.5,-9714.325,0.3105942846317317,702
1463,1004850.0,-10048.500000000002,0.3103458092040263,703
1464,654960.0,-6549.600000000001,0.3100975325566631,703
1465,917285.0,-9172.85,0.3098494545306178,703
1466,1019305.0,-10193.050000000001,0.3096015749669933,703
1467,768472.5,-7684.725000000002,0.3093538937070197,703
1468,997752.5,-9977.524999999998,0.30910641059205407,703
1469,909672.5,-9096.725,0.3088591254635804,703
1470,752100.0,-7520.999999999999,0.30861203816320953,703
1471,773982.5,-7739.825000000001,0.30836514853267893,703
1472,812307.5,-8123.075,0.30811845641385277,704
1473,950262.5,-9502.625,0.30787196164872166,704
1474,856410.0,-8564.099999999999,0.30762566407940267,704
1475,1018470.0,-10184.7,0.30737956354813917,704
1476,975360.0,-9753.6,0.3071336598973006,705
1477,1047777.5,-10477.774999999998,0.30688795296938276,705
1478,957040.0,-9570.4,0.30664244260700724,705
1479,680470.0,-6804.700000000002,0.3063971286529216,705
1480,679712.5,-6797.125000000002,0.3061520109499993,705
1481,901215.0,-9012.149999999998,0.3059070893412393,705
1482,645102.5,-6451.025,0.3056623636697663,705
1483,974672.5,-9746.725,0.30541783377883047,705
1484,857152.5,-8571.525000000001,0.3051734995118074,705
1485,763800.0,-7638.0,0.30492936071219795,705
1486,736907.5,-7369.074999999999,0.3046854172236282,705
1487,1097295.0,-10972.95,0.30444166888984925,705
1488,920622.5,-9206.225000000002,0.30419811555473736,705
1489,640947.5,-6409.475,0.3039547570622936,705
1490,749155.0,-7491.5499999999965,0.30371159325664376,705
1491,922637.5,-9226.375,0.30346862398203844,705
1492,766927.5,-7669.2750000000015,0.3032258490828528,705
1493,971480.0,-9714.799999999997,0.3029832684035865,705
1494,731320.0,-7313.199999999998,0.30274088178886366,705
1495,835422.5,-8354.224999999999,0.3024986890834326,705
1496,725602.5,-7256.024999999999,0.30225669013216583,705
1497,1226390.0,-12263.900000000003,0.3020148847800601,705
1498,830660.0,-8306.599999999999,0.30177327287223604,705
1499,743905.0,-7439.049999999998,0.30153185425393825,705
1500,816852.5,-8168.525000000002,0.3012906287705351,705
1501,955217.5,-9552.174999999997,0.30104959626751865,705
1502,887550.0,-8875.499999999998,0.3008087565905046,705
1503,816227.5,-8162.275000000001,0.30056810958523217,705
1504,831300.0,-8312.999999999998,0.300327655097564,705
1505,1063210.0,-10632.100000000002,0.3000873929734859,705
1506,825410.0,-8254.1,0.2998473230591071,705
1507,729647.5,-7296.475,0.2996074452006598,705
1508,817875.0,-8178.749999999999,0.29936775924449927,705
1509,845642.5,-8456.424999999997,0.29912826503710366,705
1510,775082.5,-7750.824999999998,0.29888896242507396,705
1511,828525.0,-8285.249999999998,0.2986498512551339,705
1512,670447.5,-6704.4749999999985,0.2984109313741298,705
1513,996847.5,-9968.474999999997,0.29817220262903044,705
1514,999712.5,-9997.125,0.2979336648669272,705
1515,782680.0,-7826.799999999999,0.2976953179350336,705
1516,871622.5,-8716.225000000002,0.2974571616806856,705
1517,1286667.5,-12866.675,0.29721919595134105,705
1518,815477.5,-8154.774999999999,0.29698142059458,705
1519,1067222.5,-10672.225000000004,0.29674383545810434,705
1520,850105.0,-8501.05,0.29650644038973784,706
1521,853430.0,-8534.300000000001,0.29626923523742604,706
1522,617625.0,-6176.25,0.2960322198492361,706
1523,1097727.5,-10977.274999999998,0.2957953940733567,706
1524,696140.0,-6961.400000000001,0.29555875775809803,706
1525,777220.0,-7772.199999999997,0.2953223107518915,706
1526,821215.0,-8212.150000000001,0.29508605290329,706
1527,717920.0,-7179.200000000001,0.29484998406096735,706
1528,1094667.5,-10946.675,0.2946141040737186,706
1529,808525.0,-8085.249999999998,0.2943784127904596,710
1530,798370.0,-7983.700000000001,0.29414291006022725,710
1531,846692.5,-8466.925000000001,0.29390759573217906,710
1532,791287.5,-7912.874999999999,0.2936724696555933,710
1533,704212.5,-7042.125,0.2934375316798688,710
1534,943315.0,-9433.15,0.2932027816545249,710
1535,1122520.0,-11225.199999999999,0.29296821942920126,710
1536,608400.0,-6083.999999999999,0.2927338448536579,710
1537,772002.5,-7720.025,0.292499657777775,710
1538,946305.0,-9463.050000000001,0.29226565805155275,710
1539,697370.0,-6973.699999999998,0.2920318455251115,710
1540,568197.5,-5681.9749999999985,0.29179822004869144,710
1541,815642.5,-8156.424999999999,0.29156478147265247,710
1542,926437.5,-9264.375,0.29133152964747433,710
1543,1146397.5,-11463.975,0.29109846442375636,710
1544,915502.5,-9155.024999999998,0.2908655856522174,710
1545,941540.0,-9415.400000000001,0.2906328931836956,710
1546,745045.0,-7450.450000000001,0.29040038686914865,710
1547,833662.5,-8336.624999999998,0.2901680665596533,710
1548,698952.5,-6989.525,0.2899359321064056,710
1549,703195.0,-7031.949999999999,0.2897039833607205,710
1550,631300.0,-6313.0,0.2894722201740319,710
1551,968577.5,-9685.775000000001,0.28924064239789266,710
1552,668070.0,-6680.699999999998,0.28900924988397436,710
1553,681092.5,-6810.925,0.2887780424840672,710
1554,756435.0,-7564.3499999999985,0.2885470200500799,711
1555,886585.0,-8865.849999999997,0.28831618243403984,711
1556,849997.5,-8499.975000000002,0.2880855294880926,711
1557,713522.5,-7135.224999999999,0.2878550610645021,711
1558,1193737.5,-11937.375,0.2876247770156505,711
1559,779887.5,-7798.875000000003,0.28739467719403794,714
1560,824752.5,-8247.525000000001,0.2871647614522827,714
1561,850230.0,-8502.299999999997,0.28693502964312084,714
1562,635962.5,-6359.625000000001,0.28670548161940634,714
1563,979517.5,-9795.175000000003,0.2864761172341108,714
1564,748927.5,-7489.275000000001,0.2862469363403235,714
1565,583737.5,-5837.375000000001,0.28601793879125126,714
1566,756280.0,-7562.800000000002,0.28578912444021826,714
1567,775760.0,-7757.600000000003,0.28556049314066606,714
1568,889027.5,-8890.275000000001,0.28533204474615353,714
1569,1139450.0,-11394.500000000002,0.2851037791103566,715
1570,784825.0,-7848.250000000001,0.2848756960870683,715
1571,890620.0,-8906.199999999999,0.28464779553019864,715
1572,711650.0,-7116.500000000001,0.2844200772937745,715
1573,763895.0,-7638.950000000001,0.2841925412319395,715
1574,638937.5,-6389.375000000001,0.2839651871989539,715
1575,1010885.0,-10108.85,0.28373801504919477,716
1576,685407.5,-6854.074999999999,0.2835110246371554,716
1577,861422.5,-8614.225,0.2832842158174457,716
1578,893922.5,-8939.224999999997,0.28305758844479173,716
1579,706355.0,-7063.55,0.2828311423740359,716
1580,880605.0,-8806.05,0.2826048774601367,716
1581,884732.5,-8847.325000000003,0.2823787935581686,716
1582,541467.5,-5414.675,0.28215289052332204,716
1583,894395.0,-8943.95,0.28192716821090336,716
1584,679710.0,-6797.099999999998,0.2817016264763346,716
1585,1008990.0,-10089.899999999998,0.28147626517515356,716
1586,698557.5,-6985.575,0.2812510841630134,716
1587,847957.5,-8479.575,0.281026083295683,716
1588,765195.0,-7651.950000000001,0.28080126242904646,716
1589,847777.5,-8477.775000000001,0.2805766214191032,716
1590,915632.5,-9156.325,0.28035216012196795,716
1591,810105.0,-8101.049999999999,0.2801278783938704,716
1592,780602.5,-7806.024999999999,0.2799037760911553,716
1593,799315.0,-7993.1500000000015,0.27967985307028237,716
1594,1026495.0,-10264.949999999999,0.27945610918782615,716
1595,791285.0,-7912.8499999999985,0.2792325443004759,716
1596,848135.0,-8481.35,0.27900915826503553,716
1597,750637.5,-7506.375000000001,0.2787859509384235,716
1598,785830.0,-7858.3,0.27856292217767276,716
1599,609600.0,-6096.000000000002,0.2783400718399306,716
1600,738507.5,-7385.075,0.27811739978245864,716
1601,664240.0,-6642.399999999999,0.27789490586263266,716
1602,708930.0,-7089.300000000001,0.2776725899379425,716
1603,989402.5,-9894.025,0.27745045186599215,716
1604,776475.0,-7764.750000000002,0.27722849150449935,717
1605,837225.0,-8372.25,0.27700670871129573,717
1606,957705.0,-9577.050000000001,0.2767851033443267,717
1607,817717.5,-8177.175000000001,0.27656367526165127,717
1608,709460.0,-7094.6,0.27634242432144196,717
1609,862300.0,-8623.000000000004,0.2761213503819848,717
1610,788980.0,-7889.799999999999,0.2759004533016792,717
1611,700975.0,-7009.75,0.27567973293903786,717
1612,1021782.5,-10217.825000000003,0.27545918915268663,717
1613,690727.5,-6907.275,0.2752388218013645,717
1614,1036372.5,-10363.724999999999,0.2750186307439234,717
1615,906365.0,-9063.650000000001,0.27479861583932824,717
1616,999847.5,-9998.474999999999,0.2745787769466568,717
1617,964337.5,-9643.374999999998,0.27435911392509943,717
1618,869320.0,-8693.2,0.27413962663395935,717
1619,867372.5,-8673.725,0.2739203149326522,717
1620,804042.5,-8040.425000000001,0.27370117868070604,717
1621,765027.5,-7650.275,0.2734822177377615,718
1622,936740.0,-9367.4,0.2732634319635713,718
1623,860960.0,-8609.599999999999,0.2730448212180004,718
1624,775590.0,-7755.900000000001,0.272826385361026,718
1625,839327.5,-8393.275000000001,0.27260812425273717,718
1626,1023795.0,-10237.95,0.272390037753335,718
1627,1002220.0,-10022.199999999999,0.2721721257231323,718
1628,926735.0,-9267.35,0.2719543880225538,718
1629,887610.0,-8876.100000000002,0.2717368245121357,718
1630,898227.5,-8982.275,0.271519435052526,718
1631,761735.0,-7617.350000000001,0.27130221950448397,718
1632,1091567.5,-10915.675000000003,0.27108517772888036,718
1633,906222.5,-9062.225000000002,0.2708683095866972,718
1634,811285.0,-8112.850000000001,0.27065161493902784,718
1635,640445.0,-6404.450000000001,0.27043509364707663,718
1636,925417.5,-9254.175,0.27021874557215897,718
1637,605705.0,-6057.049999999998,0.27000257057570126,718
1638,914895.0,-9148.949999999999,0.2697865685192407,718
1639,843732.5,-8437.324999999999,0.2695707392644253,718
1640,828692.5,-8286.925,0.2693550826730138,718
1641,862667.5,-8626.675,0.26913959860687536,718
1642,886960.0,-8869.599999999995,0.26892428692798986,718
1643,628150.0,-6281.5,0.2687091474984475,718
1644,929160.0,-9291.6,0.26849418018044874,718
1645,1043035.0,-10430.349999999999,0.26827938483630437,718
1646,747182.5,-7471.824999999999,0.2680647613284353,718
1647,835830.0,-8358.300000000001,0.26785030951937255,718
1648,848335.0,-8483.349999999999,0.26763602927175706,718
1649,653690.0,-6536.9,0.2674219204483396,718
1650,732335.0,-7323.350000000002,0.26720798291198095,719
1651,705085.0,-7050.849999999999,0.26699421652565136,719
1652,791967.5,-7919.674999999997,0.26678062115243084,719
1653,895300.0,-8953.0,0.2665671966555089,719
1654,684662.5,-6846.624999999999,0.2663539428981845,719
1655,933040.0,-9330.400000000001,0.2661408597438659,719
1656,902325.0,-9023.25,0.2659279470560708,719
1657,930885.0,-9308.849999999997,0.26571520469842597,719
1658,652497.5,-6524.975,0.2655026325346672,719
1659,675452.5,-6754.525,0.2652902304286395,719
1660,815392.5,-8153.925000000001,0.26507799824429656,719
1661,809460.0,-8094.6,0.2648659358457011,719
1662,715692.5,-7156.925,0.26465404309702456,719
1663,811465.0,-8114.649999999999,0.26444231986254696,719
1664,911745.0,-9117.45,0.2642307660066569,719
1665,736400.0,-7363.999999999999,0.26401938139385156,719
1666,1154010.0,-11540.1,0.26380816588873646,719
1667,711067.5,-7110.674999999999,0.2635971193560255,719
1668,678752.5,-6787.525000000001,0.26338624166054064,719
1669,703552.5,-7035.525000000001,0.2631755326672122,719
1670,1097502.5,-10975.024999999998,0.26296499224107844,719
1671,778912.5,-7789.125000000001,0.2627546202472856,719
1672,755032.5,-7550.325000000001,0.26254441655108773,719
1673,779795.0,-7797.949999999998,0.26233438101784684,719
1674,851717.5,-8517.175,0.26212451351303256,719
1675,799255.0,-7992.549999999999,0.26191481390222215,719
1676,882385.0,-8823.849999999999,0.2617052820511004,719
1677,572645.0,-5726.450000000001,0.2614959178254595,719
1678,814395.0,-8143.95,0.2612867210911991,719
1679,595472.5,-5954.724999999999,0.26107769171432615,719
1680,728565.0,-7285.6500000000015,0.2608688295609547,719
1681,682665.0,-6826.6500000000015,0.2606601344973059,719
1682,733415.0,-7334.15,0.26045160638970805,719
1683,999677.5,-9996.775000000001,0.2602432451045963,719
1684,772445.0,-7724.449999999999,0.2600350505085126,719
1685,807095.0,-8070.95,0.2598270224681058,719
1686,839697.5,-8396.975000000002,0.2596191608501313,719
1687,1007910.0,-10079.1,0.2594114655214512,719
1688,814010.0,-8140.0999999999985,0.25920393634903405,719
1689,942267.5,-9422.675,0.25899657319995484,719
1690,647312.5,-6473.125000000001,0.2587893759413949,719
1691,1054115.0,-10541.149999999998,0.25858234444064176,719
1692,978925.0,-9789.25,0.25837547856508924,719
1693,908550.0,-9085.499999999998,0.25816877818223716,719
1694,841690.0,-8416.9,0.25796224315969135,719
1695,822775.0,-8227.75,0.2577558733651636,719
1696,783937.5,-7839.374999999997,0.25754966866647144,719
1697,786262.5,-7862.625000000001,0.2573436289315383,719
1698,654420.0,-6544.200000000001,0.25713775402839306,719
1699,739492.5,-7394.924999999999,0.2569320438251703,720
1700,890762.5,-8907.625000000002,0.2567264981901102,720
1701,778102.5,-7781.024999999999,0.2565211169915581,720
1702,613177.5,-6131.774999999999,0.25631590009796484,720
1703,494482.5,-4944.825000000002,0.2561108473778865,720
1704,826775.0,-8267.749999999998,0.25590595869998417,720
1705,659740.0,-6597.400000000001,0.2557012339330242,720
1706,758895.0,-7588.950000000002,0.25549667294587775,720
1707,747062.5,-7470.625,0.25529227560752105,720
1708,868982.5,-8689.825000000003,0.25508804178703504,720
1709,665385.0,-6653.850000000001,0.2548839713536054,720
1710,990542.5,-9905.425,0.2546800641765225,721
1711,1079515.0,-10795.150000000001,0.2544763201251813,721
1712,783562.5,-7835.625000000001,0.25427273906908116,721
1713,951057.5,-9510.574999999999,0.2540693208778259,721
1714,903135.0,-9031.350000000004,0.25386606542112367,721
1715,1207712.5,-12077.124999999998,0.2536629725687868,721
1716,757210.0,-7572.1,0.25346004219073176,721
1717,935570.0,-9355.7,0.2532572741569792,721
1718,940945.0,-9409.449999999999,0.2530546683376536,722
1719,862100.0,-8621.0,0.25285222460298346,722
1720,699665.0,-6996.6500000000015,0.25264994282330105,723
1721,884525.0,-8845.250000000002,0.2524478228690424,723
1722,686145.0,-6861.450000000001,0.25224586461074716,723
1723,823532.5,-8235.324999999997,0.25204406791905853,723
1724,627742.5,-6277.424999999999,0.2518424326647233,723
1725,664290.0,-6642.899999999999,0.2516409587185915,723
1726,811282.5,-8112.825000000001,0.2514396459516166,723
1727,833147.5,-8331.474999999999,0.25123849423485534,723
1728,1006015.0,-10060.150000000001,0.25103750343946746,723
1729,949200.0,-9492.0,0.2508366734367159,723
1730,883715.0,-8837.15,0.2506360040979665,723
1731,815322.5,-8153.225,0.2504354952946881,723
1732,673247.5,-6732.475000000002,0.25023514689845233,723
1733,695790.0,-6957.9000000000015,0.25003495878093357,723
1734,913012.5,-9130.124999999998,0.2498349308139088,723
1735,518642.5,-5186.424999999999,0.24963506286925768,724
1736,836890.0,-8368.900000000001,0.24943535481896228,724
1737,930557.5,-9305.575,0.2492358065351071,724
1738,764790.0,-7647.899999999998,0.249036417889879,724
1739,766910.0,-7669.100000000001,0.2488371887555671,724
1740,896772.5,-8967.725,0.24863811900456265,724
1741,711902.5,-7119.0250000000015,0.248439208509359,724
1742,842890.0,-8428.900000000001,0.2482404571425515,724
1743,1265350.0,-12653.5,0.24804186477683746,724
1744,867022.5,-8670.224999999999,0.24784343128501599,724
1745,831767.5,-8317.675,0.24764515653998798,724
1746,819707.5,-8197.074999999999,0.247447040414756,724
1747,780012.5,-7800.125,0.2472490827824242,724
1748,901965.0,-9019.65,0.24705128351619823,724
1749,683380.0,-6833.8,0.24685364248938527,724
1750,1034840.0,-10348.4,0.24665615957539375,724
1751,826000.0,-8260.0,0.24645883464773344,724
1752,1046180.0,-10461.799999999997,0.24626166758001525,724
1753,748745.0,-7487.450000000003,0.24606465824595122,724
1754,1133480.0,-11334.8,0.24586780651935447,724
1755,742015.0,-7420.15,0.245671112274139,724
1756,1009217.5,-10092.175000000003,0.24547457538431966,724
1757,904662.5,-9046.625,0.2452781957240122,724
1758,836867.5,-8368.675,0.24508197316743296,724
1759,900187.5,-9001.875000000002,0.24488590758889903,724
1760,861215.0,-8612.15,0.2446899988628279,724
1761,896462.5,-8964.625000000004,0.24449424686373764,724
1762,734355.0,-7343.55,0.24429865146624663,724
1763,576355.0,-5763.550000000001,0.24410321254507364,724
1764,843080.0,-8430.8,0.24390792997503757,724
1765,976097.5,-9760.975,0.24371280363105755,724
1766,827347.5,-8273.474999999997,0.2435178333881527,724
1767,1190265.0,-11902.649999999998,0.24332301912144216,724
1768,808712.5,-8087.124999999998,0.243128360706145,724
1769,737760.0,-7377.600000000002,0.24293385801758008,724
1770,602622.5,-6026.224999999999,0.242739510931166,724
1771,693422.5,-6934.225000000001,0.24254531932242107,724
1772,1186867.5,-11868.675,0.24235128306696313,724
1773,699822.5,-6998.224999999999,0.24215740204050956,724
1774,1095312.5,-10953.125000000002,0.24196367611887715,724
1775,1118270.0,-11182.699999999997,0.24177010517798203,724
1776,1050282.5,-10502.824999999999,0.24157668909383964,726
1777,821730.0,-8217.300000000003,0.24138342774256458,726
1778,735110.0,-7351.099999999999,0.24119032100037052,726
1779,708685.0,-7086.850000000001,0.24099736874357022,726
1780,835232.5,-8352.324999999999,0.24080457084857537,728
1781,1170195.0,-11701.950000000003,0.2406119271918965,728
1782,1204085.0,-12040.849999999999,0.24041943765014298,728
1783,1160195.0,-11601.949999999999,0.24022710210002285,728
1784,799182.5,-7991.824999999999,0.24003492041834282,728
1785,718400.0,-7184.000000000001,0.23984289248200813,728
1786,672040.0,-6720.399999999999,0.2396510181680225,728
1787,791227.5,-7912.275,0.2394592973534881,728
1788,679792.5,-6797.925,0.2392677299156053,728
1789,694575.0,-6945.75,0.23907631573167282,728
1790,990510.0,-9905.099999999999,0.23888505467908747,728
1791,902587.5,-9025.875,0.23869394663534418,728
1792,798115.0,-7981.150000000001,0.23850299147803591,728
1793,755735.0,-7557.3499999999985,0.2383121890848535,728
1794,1269427.5,-12694.274999999996,0.2381215393335856,728
1795,756695.0,-7566.949999999999,0.2379310421021187,728
1796,995010.0,-9950.099999999999,0.23774069726843702,728
1797,524277.5,-5242.774999999999,0.23755050471062228,728
1798,664557.5,-6645.575000000001,0.23736046430685379,728
1799,837980.0,-8379.8,0.2371705759354083,728
1800,978450.0,-9784.499999999998,0.23698083947465998,728
1801,1010500.0,-10105.000000000004,0.23679125480308025,728
1802,856810.0,-8568.1,0.23660182179923778,728
1803,881520.0,-8815.199999999999,0.23641254034179837,728
1804,888515.0,-8885.149999999998,0.23622341030952493,728
1805,1093480.0,-10934.800000000003,0.2360344315812773,728
1806,967782.5,-9677.824999999999,0.23584560403601226,728
1807,548062.5,-5480.625000000002,0.23565692755278345,728
1808,515867.5,-5158.675,0.2354684020107412,728
1809,714550.0,-7145.500000000003,0.2352800272891326,728
1810,963260.0,-9632.599999999999,0.2350918032673013,728
1811,772767.5,-7727.675,0.23490372982468746,728
1812,727680.0,-7276.799999999999,0.2347158068408277,728
1813,903155.0,-9031.55,0.23452803419535503,728
1814,727790.0,-7277.9000000000015,0.23434041176799875,728
1815,1182462.5,-11824.624999999998,0.23415293943858434,728
1816,1251462.5,-12514.625000000005,0.23396561708703348,729
1817,638705.0,-6387.049999999999,0.23377844459336386,729
1818,714780.0,-7147.8,0.23359142183768916,729
1819,857910.0,-8579.1,0.233404548700219,729
1820,1300817.5,-13008.174999999996,0.23321782506125882,729
1821,687800.0,-6878.000000000003,0.23303125080120982,729
1822,608405.0,-6084.050000000001,0.23284482580056884,729
1823,731902.5,-7319.024999999999,0.23265854993992838,729
1824,683825.0,-6838.249999999998,0.23247242309997643,730
1825,837015.0,-8370.15,0.23228644516149644,731
1826,877567.5,-8775.675000000001,0.23210061600536724,731
1827,831047.5,-8310.475,0.23191493551256295,731
1828,784885.0,-7848.8499999999985,0.2317294035641529,731
1829,911432.5,-9114.325,0.23154402004130156,731
1830,1127715.0,-11277.150000000001,0.2313587848252685,731
1831,582315.0,-5823.15,0.2311736977974083,731
1832,1215465.0,-12154.650000000001,0.23098875883917036,732
1833,977772.5,-9777.725,0.23080396783209903,732
1834,864370.0,-8643.700000000003,0.23061932465783333,732
1835,734705.0,-7347.05,0.23043482919810707,732
1836,864777.5,-8647.774999999998,0.23025048133474857,732
1837,1079770.0,-10797.699999999999,0.23006628094968076,732
1838,988007.5,-9880.075,0.22988222792492102,732
1839,884120.0,-8841.199999999999,0.22969832214258107,732
1840,852872.5,-8528.725,0.22951456348486698,732
1841,918937.5,-9189.375000000002,0.2293309518340791,732
1842,783417.5,-7834.174999999999,0.22914748707261182,732
1843,802232.5,-8022.325,0.22896416908295372,732
1844,644117.5,-6441.175000000001,0.22878099774768734,732
1845,781135.0,-7811.349999999998,0.2285979729494892,733
1846,941670.0,-9416.7,0.2284150945711296,733
1847,826617.5,-8266.175000000001,0.22823236249547268,733
1848,1082772.5,-10827.724999999999,0.2280497766054763,733
1849,723292.5,-7232.925000000001,0.2278673367841919,733
1850,763667.5,-7636.675,0.22768504291476455,738
1851,758925.0,-7589.25,0.22750289488043274,738
1852,896965.0,-8969.65,0.2273208925645284,738
1853,698527.5,-6985.2750000000015,0.22713903585047676,738
1854,632307.5,-6323.074999999999,0.22695732462179638,738
1855,657195.0,-6571.949999999999,0.22677575876209893,738
1856,749562.5,-7495.625000000001,0.22659433815508925,740
1857,758140.0,-7581.400000000001,0.22641306268456518,740
1858,644055.0,-6440.549999999998,0.2262319322344175,740
1859,684040.0,-6840.399999999999,0.22605094668862996,740
1860,966227.5,-9662.275000000003,0.22587010593127904,740
1861,897225.0,-8972.250000000002,0.22568940984653402,740
1862,996190.0,-9961.900000000001,0.22550885831865677,740
1863,751565.0,-7515.65,0.22532845123200185,740
1864,914532.5,-9145.324999999999,0.22514818847101625,740
1865,844792.5,-8447.925,0.22496806992023943,740
1866,967487.5,-9674.875000000002,0.22478809546430323,740
1867,534865.0,-5348.65,0.2246082649879318,740
1868,796480.0,-7964.799999999998,0.22442857837594143,740
1869,813032.5,-8130.325000000001,0.22424903551324069,740
1870,906355.0,-9063.55,0.2240696362848301,740
1871,554567.5,-5545.675,0.2238903805758022,740
1872,700775.0,-7007.750000000001,0.22371126827134155,740
1873,697062.5,-6970.625000000002,0.22353229925672446,740
1874,790742.5,-7907.425,0.2233534734173191,740
1875,936882.5,-9368.825,0.22317479063858522,740
1876,1224402.5,-12244.024999999996,0.22299625080607435,740
1877,892630.0,-8926.300000000001,0.22281785380542948,740
1878,1127645.0,-11276.450000000004,0.22263959952238513,740
1879,735002.5,-7350.0250000000015,0.2224614878427672,741
1880,655300.0,-6553.000000000001,0.222283518652493,741
1881,650725.0,-6507.25,0.22210569183757098,741
1882,887780.0,-8877.8,0.22192800728410092,741
1883,700417.5,-7004.175000000001,0.22175046487827363,741
1884,701340.0,-7013.399999999996,0.22157306450637101,741
1885,1187065.0,-11870.649999999998,0.22139580605476591,741
1886,791075.0,-7910.749999999999,0.2212186894099221,741
1887,870785.0,-8707.85,0.22104171445839416,741
1888,1025207.5,-10252.075000000004,0.22086488108682745,741
1889,758750.0,-7587.499999999999,0.22068818918195798,741
1890,1031610.0,-10316.1,0.2205116386306124,741
1891,768265.0,-7682.650000000002,0.22033522931970792,741
1892,673772.5,-6737.725,0.22015896113625216,744
1893,892285.0,-8922.849999999999,0.21998283396734317,744
1894,852447.5,-8524.474999999999,0.21980684770016928,744
1895,806397.5,-8063.9749999999985,0.21963100222200915,744
1896,747072.5,-7470.7249999999985,0.21945529742023154,744
1897,661042.5,-6610.424999999999,0.21927973318229535,744
1898,878535.0,-8785.350000000002,0.2191043093957495,744
1899,794452.5,-7944.524999999999,0.2189290259482329,744
1900,781320.0,-7813.200000000001,0.2187538827274743,744
1901,1039915.0,-10399.150000000003,0.21857887962129233,744
1902,870760.0,-8707.6,0.21840401651759528,744
1903,853495.0,-8534.949999999997,0.2182292933043812,744
1904,772150.0,-7721.499999999999,0.21805470986973768,744
1905,800290.0,-8002.9000000000015,0.21788026610184189,746
1906,815267.5,-8152.675,0.2177059618889604,746
1907,696930.0,-6969.300000000002,0.21753179711944923,746
1908,1086957.5,-10869.574999999999,0.21735777168175366,746
1909,684285.0,-6842.85,0.21718388546440826,746
1910,888607.5,-8886.075,0.21701013835603672,746
1911,811162.5,-8111.624999999999,0.21683653024535188,746
1912,799625.0,-7996.25,0.2166630610211556,746
1913,763977.5,-7639.7750000000015,0.21648973057233867,746
1914,807345.0,-8073.450000000001,0.2163165387878808,746
1915,980727.5,-9807.275000000005,0.21614348555685048,746
1916,919490.0,-9194.899999999996,0.215970570768405,746
1917,731870.0,-7318.700000000002,0.21579779431179028,746
1918,950002.5,-9500.024999999998,0.21562515607634083,746
1919,807075.0,-8070.75,0.21545265595147975,746
1920,716245.0,-7162.449999999997,0.21528029382671857,746
1921,607422.5,-6074.224999999999,0.21510806959165718,746
1922,643947.5,-6439.475000000001,0.21493598313598386,746
1923,722852.5,-7228.5250000000015,0.21476403434947508,747
1924,795930.0,-7959.3,0.2145922231219955,747
1925,937152.5,-9371.525000000001,0.21442054934349788,747
1926,827757.5,-8277.575,0.2142490129040231,747
1927,805785.0,-8057.8499999999985,0.21407761369369988,750
1928,682480.0,-6824.799999999998,0.2139063516027449,750
1929,536912.5,-5369.124999999999,0.2137352265214627,750
1930,769077.5,-7690.775,0.21356423834024554,750
1931,584152.5,-5841.525000000001,0.21339338694957335,750
1932,754445.0,-7544.449999999999,0.21322267224001368,750
1933,665217.5,-6652.175000000001,0.21305209410222167,750
1934,857070.0,-8570.700000000003,0.2128816524269399,750
1935,811485.0,-8114.8499999999985,0.21271134710499834,750
1936,712840.0,-7128.400000000001,0.21254117802731434,751
1937,866285.0,-8662.850000000002,0.2123711450848925,751
1938,858210.0,-8582.099999999997,0.21220124816882457,751
1939,778507.5,-7785.075000000001,0.21203148717028952,751
1940,951360.0,-9513.599999999997,0.2118618619805533,751
1941,699255.0,-6992.550000000002,0.21169237249096884,751
1942,927680.0,-9276.799999999997,0.21152301859297606,751
1943,754960.0,-7549.600000000001,0.21135380017810168,752
1944,803777.5,-8037.775,0.2111847171379592,752
1945,764727.5,-7647.275,0.21101576936424882,752
1946,1164025.0,-11640.249999999996,0.21084695674875742,752
1947,882702.5,-8827.025,0.2106782791833584,752
1948,833520.0,-8335.199999999999,0.2105097365600117,752
1949,751870.0,-7518.699999999998,0.2103413287707637,752
1950,724052.5,-7240.525000000001,0.21017305570774708,752
1951,1104217.5,-11042.175000000001,0.21000491726318088,752
1952,1079222.5,-10792.224999999999,0.20983691332937032,752
1953,727410.0,-7274.099999999999,0.20966904379870682,753
1954,942067.5,-9420.675000000001,0.20950130856366786,753
1955,1013670.0,-10136.7,0.20933370751681693,753
1956,709100.0,-7090.999999999998,0.20916624055080346,753
1957,687560.0,-6875.600000000001,0.2089989075583628,753
1958,677852.5,-6778.5250000000015,0.2088317084323161,753
1959,978877.5,-9788.775,0.20866464306557025,753
1960,790510.0,-7905.1,0.2084977113511178,753
1961,806455.0,-8064.55,0.2083309131820369,753
1962,570032.5,-5700.325000000002,0.20816424845149126,753
1963,858307.5,-8583.074999999999,0.20799771705273007,753
1964,1071082.5,-10710.825,0.20783131887908787,753
1965,690277.5,-6902.774999999999,0.2076650538239846,753
1966,841020.0,-8410.2,0.2074989217809254,753
1967,895657.5,-8956.574999999995,0.20733292264350067,753
1968,832817.5,-8328.175000000003,0.20716705630538587,753
1969,680417.5,-6804.175,0.20700132266034155,753
1970,655680.0,-6556.8,0.20683572160221328,753
1971,1005207.5,-10052.074999999999,0.2066702530249315,753
1972,650235.0,-6502.35,0.20650491682251154,753
1973,787967.5,-7879.675,0.20633971288905353,753
1974,880587.5,-8805.874999999996,0.20617464111874229,753
1975,948800.0,-9488.000000000004,0.2060097014058473,753
1976,601700.0,-6016.999999999999,0.2058448936447226,753
1977,734055.0,-7340.550000000002,0.20568021772980682,753
1978,696275.0,-6962.750000000001,0.20551567355562297,753
1979,1033767.5,-10337.675000000001,0.20535126101677847,753
1980,801462.5,-8014.624999999999,0.20518698000796504,753
1981,888212.5,-8882.125,0.20502283042395866,753
1982,589135.0,-5891.3499999999985,0.20485881215961949,753
1983,935260.0,-9352.6,0.2046949251098918,753
1984,792742.5,-7927.424999999999,0.20453116916980388,754
1985,601542.5,-6015.425000000001,0.20436754423446804,754
1986,811225.0,-8112.250000000001,0.20420405019908047,754
1987,786645.0,-7866.450000000001,0.2040406869589212,754
1988,677250.0,-6772.5,0.20387745440935404,754
1989,1142630.0,-11426.299999999992,0.20371435244582656,754
1990,732155.0,-7321.549999999999,0.2035513809638699,754
1991,906357.5,-9063.574999999997,0.2033885398590988,754
1992,935615.0,-9356.149999999998,0.2032258290272115,754
1993,733297.5,-7332.974999999999,0.20306324836398973,754
1994,908495.0,-9084.95,0.20290079776529854,754
1995,617405.0,-6174.049999999998,0.2027384771270863,754
1996,720275.0,-7202.750000000001,0.2025762863453846,754
1997,686142.5,-6861.425000000001,0.2024142253163083,754
1998,1033740.0,-10337.4,0.20225229393605523,754
1999,765750.0,-7657.500000000002,0.20209049210090638,754
2000,718515.0,-7185.149999999999,0.20192881970722565,754
2001,1003702.5,-10037.025,0.20176727665145985,754
2002,883215.0,-8832.15,0.20160586283013868,754
2003,615870.0,-6158.699999999999,0.20144457813987457,754
2004,729302.5,-7293.025000000001,0.20128342247736267,754
2005,810125.0,-8101.249999999999,0.20112239573938076,754
2006,894337.5,-8943.375,0.20096149782278924,754
2007,882040.0,-8820.4,0.200800728624531,754
2008,643640.0,-6436.399999999999,0.20064008804163136,754
2009,1006857.5,-10068.575,0.20047957597119806,754
2010,1016440.0,-10164.400000000001,0.20031919231042108,754
2011,920980.0,-9209.800000000001,0.20015893695657275,754
2012,791375.0,-7913.749999999998,0.1999988098070075,754
2013,662362.5,-6623.625,0.19983881075916188,754
2014,885385.0,-8853.85,0.19967893971055453,754
2015,567860.0,-5678.6,0.19951919655878608,754
2016,612490.0,-6124.899999999999,0.19935958120153904,754
2017,670557.5,-6705.575000000003,0.1992000935365778,754
2018,721597.5,-7215.975,0.19904073346174853,754
2019,867515.0,-8675.150000000001,0.19888150087497913,754
2020,1098290.0,-10982.900000000001,0.19872239567427916,754
2021,1082972.5,-10829.725000000002,0.19856341775773972,754
2022,791367.5,-7913.675000000001,0.19840456702353354,754
2023,1139507.5,-11395.074999999999,0.19824584336991471,754
2024,637007.5,-6370.074999999999,0.19808724669521877,754
2025,684765.0,-6847.65,0.1979287768978626,754
2026,578007.5,-5780.074999999999,0.1977704338763443,754
2027,675712.5,-6757.125,0.1976122175292432,754
2028,967117.5,-9671.175,0.1974541277552198,754
2029,805380.0,-8053.799999999998,0.19729616445301562,754
2030,739360.0,-7393.599999999999,0.19713832752145322,754
2031,692710.0,-6927.1,0.19698061685943605,754
2032,1061115.0,-10611.15,0.1968230323659485,754
2033,857455.0,-8574.549999999997,0.19666557394005574,754
2034,687287.5,-6872.875,0.19650824148090368,754
2035,740237.5,-7402.375000000001,0.19635103488771896,754
2036,1089100.0,-10890.999999999998,0.19619395405980877,754
2037,984615.0,-9846.15,0.19603699889656093,754
2038,787690.0,-7876.900000000002,0.19588016929744367,754
2039,925162.5,-9251.625,0.19572346516200573,754
2040,668842.5,-6688.425000000001,0.19556688638987613,755
2041,766212.5,-7662.124999999999,0.19541043288076423,760
2042,944530.0,-9445.3,0.19525410453445963,760
2043,1005922.5,-10059.225,0.19509790125083207,760
2044,854550.0,-8545.499999999998,0.1949418229298314,760
2045,1010220.0,-10102.200000000003,0.19478586947148752,760
2046,999490.0,-9994.9,0.1946300407759103,760
2047,864545.0,-8645.449999999999,0.19447433674328957,760
2048,535922.5,-5359.225000000001,0.19431875727389494,760
2049,801075.0,-8010.75,0.19416330226807582,760
2050,618135.0,-6181.35,0.19400797162626135,763
2051,862802.5,-8628.025000000001,0.19385276524896033,763
2052,1006342.5,-10063.425000000003,0.19369768303676116,763
2053,834862.5,-8348.624999999998,0.19354272489033175,763
2054,713687.5,-7136.875000000001,0.19338789071041948,763
2055,894167.5,-8941.675000000001,0.19323318039785115,763
2056,1103715.0,-11037.149999999996,0.19307859385353285,763
2057,1315557.5,-13155.574999999999,0.19292413097845001,763
2058,812257.5,-8122.574999999999,0.19276979167366726,763
2059,664530.0,-6645.299999999999,0.19261557584032832,763
2060,608072.5,-6080.725000000002,0.19246148337965605,765
2061,510932.5,-5109.324999999999,0.1923075141929523,765
2062,634220.0,-6342.200000000001,0.19215366818159793,766
2063,924520.0,-9245.199999999999,0.19199994524705266,767
2064,1146277.5,-11462.775000000001,0.191846345290855,767
2065,609752.5,-6097.525,0.1916928682146223,767
2066,689390.0,-6893.899999999999,0.1915395139200506,767
2067,814317.5,-8143.175,0.19138628230891458,767
2068,668990.0,-6689.899999999999,0.19123317328306744,767
2069,836032.5,-8360.325,0.19108018674444097,767
2070,661315.0,-6613.149999999999,0.1909273225950454,767
2071,1080162.5,-10801.625,0.19077458073696937,767
2072,753947.5,-7539.475,0.1906219610723798,767
2073,1052767.5,-10527.675000000003,0.1904694635035219,767
2074,756422.5,-7564.224999999999,0.19031708793271906,767
2075,1017225.0,-10172.250000000002,0.19016483426237288,767
2076,599665.0,-5996.649999999999,0.19001270239496298,767
2077,774817.5,-7748.175000000001,0.189860692233047,767
2078,926345.0,-9263.450000000003,0.18970880367926055,767
2079,681182.5,-6811.825,0.18955703663631712,767
2080,923722.5,-9237.224999999999,0.18940539100700807,767
2081,642255.0,-6422.550000000001,0.18925386669420247,767
2082,863537.5,-8635.375,0.1891024636008471,767
2083,1145037.5,-11450.375000000002,0.1889511816299664,767
2084,765145.0,-7651.450000000001,0.18880002068466242,767
2085,1251730.0,-12517.3,0.1886489806681147,767
2086,1194925.0,-11949.250000000002,0.1884980614835802,767
2087,696747.5,-6967.4749999999985,0.18834726303439334,767
2088,892487.5,-8924.875,0.18819658522396582,767
2089,813120.0,-8131.199999999998,0.18804602795578665,767
2090,641577.5,-6415.774999999998,0.18789559113342202,767
2091,802442.5,-8024.425000000001,0.18774527466051527,767
2092,703065.0,-7030.65,0.18759507844078685,768
2093,664477.5,-6644.775000000001,0.18744500237803421,768
2094,793755.0,-7937.549999999999,0.18729504637613179,768
2095,847495.0,-8474.95,0.18714521033903087,768
2096,728452.5,-7284.525,0.18699549417075964,768
2097,753525.0,-7535.250000000002,0.18684589777542304,768
2098,840045.0,-8400.45,0.1866964210572027,768
2099,860707.5,-8607.074999999999,0.18654706392035691,768
2100,1155815.0,-11558.15,0.18639782626922063,768
2101,697957.5,-6979.575,0.18624870800820525,768
2102,1014662.5,-10146.625,0.18609970904179868,768
2103,851437.5,-8514.375,0.18595082927456524,768
2104,826027.5,-8260.275,0.1858020686111456,769
2105,760905.0,-7609.05,0.18565342695625667,769
2106,826622.5,-8266.225,0.18550490421469165,769
2107,956932.5,-9569.325,0.1853565002913199,769
2108,1001815.0,-10018.15,0.18520821509108684,769
2109,613917.5,-6139.175000000001,0.18506004851901398,769
2110,653080.0,-6530.800000000002,0.18491200048019876,769
2111,1149710.0,-11497.099999999999,0.1847640708798146,769
2112,931000.0,-9310.000000000002,0.18461625962311076,770
2113,873995.0,-8739.950000000003,0.18446856661541228,770
2114,1253865.0,-12538.650000000001,0.18432099176211994,770
2115,1112645.0,-11126.45,0.18417353496871025,770
2116,945730.0,-9457.300000000001,0.1840261961407353,770
2117,738485.0,-7384.849999999999,0.1838789751838227,770
2118,507637.5,-5076.375000000001,0.18373187200367563,770
2119,797585.0,-7975.850000000002,0.1835848865060727,770
2120,839500.0,-8395.000000000002,0.1834380185968678,770
2121,860395.0,-8603.950000000003,0.18329126818199032,770
2122,870860.0,-8708.600000000002,0.18314463516744472,770
2123,777640.0,-7776.400000000001,0.18299811945931077,770
2124,773970.0,-7739.699999999998,0.18285172096374333,770
2125,972710.0,-9727.1,0.18270543958697233,770
2126,978005.0,-9780.05,0.18255927523530274,770
2127,1220467.5,-12204.675,0.1824132278151145,770
2128,1014280.0,-10142.799999999997,0.1822672972328624,770
2129,563437.5,-5634.375,0.18212148339507608,770
2130,814147.5,-8141.475000000002,0.18197578620836002,770
2131,921287.5,-9212.875000000002,0.18183020557939333,770
2132,711295.0,-7112.95,0.18168474141492982,770
2133,732665.0,-7326.65,0.18153939362179788,770
2134,748865.0,-7488.650000000001,0.18139416210690043,770
2135,816145.0,-8161.45,0.1812490467772149,770
2136,888490.0,-8884.9,0.18110404753979312,770
2137,672677.5,-6726.775000000001,0.1809591643017613,770
2138,726777.5,-7267.7750000000015,0.18081439697031987,770
2139,918477.5,-9184.775000000001,0.1806697454527436,770
2140,668822.5,-6688.2249999999985,0.1805252096563814,770
2141,840745.0,-8407.449999999999,0.1803807894886563,770
2142,637885.0,-6378.85,0.18023648485706537,770
2143,720337.5,-7203.375,0.1800922956691797,770
2144,959435.0,-9594.349999999997,0.17994822183264436,770
2145,775510.0,-7755.0999999999985,0.17980426325517823,770
2146,786000.0,-7859.999999999999,0.1796604198445741,770
2147,847087.5,-8470.875,0.17951669150869842,770
2148,610940.0,-6109.4,0.17937307815549147,770
2149,1155355.0,-11553.549999999997,0.17922957969296707,770
2150,778020.0,-7780.200000000002,0.1790861960292127,770
2151,995432.5,-9954.324999999999,0.17894292707238932,770
2152,730265.0,-7302.649999999999,0.17879977273073142,770
2153,679437.5,-6794.374999999998,0.17865673291254683,770
2154,601465.0,-6014.65,0.1785138075262168,770
2155,599655.0,-5996.549999999998,0.1783709964801958,770
2156,1282327.5,-12823.275,0.17822829968301165,770
2157,834245.0,-8342.45,0.17808571704326523,770
2158,788712.5,-7887.125,0.1779432484696306,770
2159,901622.5,-9016.224999999999,0.1778008938708549,770
2160,982257.5,-9822.575,0.1776586531557582,770
2161,815520.0,-8155.199999999998,0.1775165262332336,770
2162,1020962.5,-10209.624999999996,0.17737451301224702,770
2163,523287.5,-5232.875,0.1772326134018372,770
2164,906330.0,-9063.300000000003,0.17709082731111575,770
2165,685927.5,-6859.275000000001,0.17694915464926686,770
2166,1150247.5,-11502.475000000004,0.17680759532554743,770
2167,807672.5,-8076.725,0.176666149249287,770
2168,864007.5,-8640.075,0.17652481632988756,770
2169,824907.5,-8249.074999999999,0.17638359647682364,770
2170,515087.5,-5150.874999999998,0.17624248959964217,770
2171,747247.5,-7472.475,0.17610149560796245,770
2172,956432.5,-9564.324999999999,0.1759606144114761,772
2173,822562.5,-8225.625,0.1758198459199469,772
2174,742312.5,-7423.125,0.17567919004321095,772
2175,679892.5,-6798.925,0.1755386466911764,772
2176,825117.5,-8251.175,0.17539821577382345,772
2177,920267.5,-9202.674999999997,0.17525789720120438,772
2178,501587.5,-5015.875000000001,0.17511769088344342,772
2179,793522.5,-7935.225,0.17497759673073665,774
2180,658262.5,-6582.625,0.17483761465335207,774
2181,607047.5,-6070.474999999999,0.17469774456162937,774
2182,659372.5,-6593.724999999999,0.17455798636598005,774
2183,920817.5,-9208.175,0.17441833997688727,774
2184,830032.5,-8300.325,0.17427880530490575,774
2185,1127315.0,-11273.150000000001,0.1741393822606618,774
2186,602682.5,-6026.825,0.17400007075485327,774
2187,575397.5,-5753.975000000001,0.17386087069824938,774
2188,719490.0,-7194.9000000000015,0.17372178200169078,774
2189,901170.0,-9011.7,0.17358280457608943,774
2190,715147.5,-7151.475000000003,0.17344393833242855,774
2191,895132.5,-8951.324999999999,0.1733051831817626,774
2192,956167.5,-9561.675000000001,0.1731665390352172,774
2193,734247.5,-7342.474999999999,0.17302800580398903,774
2194,842800.0,-8428.0,0.17288958339934582,774
2195,928842.5,-9288.425000000003,0.17275127173262633,774
2196,811415.0,-8114.150000000001,0.17261307071524024,774
2197,633560.0,-6335.599999999999,0.17247498025866803,774
2198,801550.0,-8015.5,0.17233700027446108,774
2199,818042.5,-8180.425000000001,0.1721991306742415,774
2200,521635.0,-5216.350000000002,0.1720613713697021,774
2201,742962.5,-7429.624999999999,0.17192372227260633,774
2202,631777.5,-6317.775000000001,0.17178618329478823,774
2203,841572.5,-8415.725,0.17164875434815238,774
2204,880422.5,-8804.225000000002,0.17151143534467386,774
2205,906092.5,-9060.925,0.1713742261963981,774
2206,635835.0,-6358.35,0.17123712681544098,775
2207,895907.5,-8959.075,0.17110013711398864,775
2208,777532.5,-7775.325000000003,0.17096325700429743,775
2209,1020950.0,-10209.500000000004,0.170826486398694,775
2210,1259730.0,-12597.300000000001,0.17068982520957504,775
2211,1112915.0,-11129.150000000003,0.17055327334940737,775
2212,731402.5,-7314.025,0.17041683073072783,775
2213,703450.0,-7034.5,0.17028049726614325,775
2214,835950.0,-8359.500000000002,0.17014427286833034,775
2215,773335.0,-7733.35,0.17000815745003567,775
2216,731810.0,-7318.100000000001,0.16987215092407565,775
2217,1031020.0,-10310.2,0.16973625320333638,775
2218,905122.5,-9051.224999999999,0.1696004642007737,775
2219,797195.0,-7971.949999999998,0.16946478382941307,775
2220,946070.0,-9460.700000000003,0.16932921200234954,775
2221,496860.0,-4968.6,0.16919374863274766,775
2222,867865.0,-8678.650000000001,0.16905839363384145,775
2223,804780.0,-8047.800000000001,0.16892314691893437,775
2224,812955.0,-8129.55,0.1687880084013992,775
2225,963810.0,-9638.099999999999,0.1686529779946781,775
2226,991047.5,-9910.475,0.16851805561228236,775
2227,684217.5,-6842.175,0.16838324116779255,775
2228,932162.5,-9321.625,0.1682485345748583,775
2229,855692.5,-8556.925000000001,0.1681139357471984,775
2230,925632.5,-9256.324999999999,0.16797944459860065,775
2231,845572.5,-8455.725000000002,0.16784506104292177,775
2232,786875.0,-7868.749999999999,0.16771078499408743,775
2233,759852.5,-7598.525,0.16757661636609214,775
2234,703905.0,-7039.05,0.16744255507299927,775
2235,695790.0,-6957.900000000001,0.16730860102894085,775
2236,629855.0,-6298.55,0.1671747541481177,775
2237,748985.0,-7489.85,0.1670410143447992,775
2238,896492.5,-8964.925,0.16690738153332335,775
2239,875082.5,-8750.824999999999,0.16677385562809668,775
2240,859490.0,-8594.9,0.1666404365435942,775
2241,971700.0,-9717.000000000002,0.1665071241943593,775
2242,832285.0,-8322.849999999999,0.16637391849500383,776
2243,822497.5,-8224.974999999997,0.16624081936020782,776
2244,561865.0,-5618.65,0.16610782670471966,776
2245,973170.0,-9731.699999999999,0.16597494044335587,776
2246,647572.5,-6475.725,0.16584216049100117,776
2247,642497.5,-6424.974999999999,0.16570948676260835,776
2248,964782.5,-9647.825000000003,0.16557691917319825,776
2249,668852.5,-6688.525000000001,0.1654444576378597,776
2250,878187.5,-8781.874999999998,0.1653121020717494,776
2251,755522.5,-7555.225000000002,0.165179852390092,776
2252,1005257.5,-10052.574999999997,0.16504770850817993,776
2253,865895.0,-8658.950000000003,0.1649156703413734,776
2254,740857.5,-7408.574999999999,0.16478373780510028,776
2255,809615.0,-8096.15,0.1646519108148562,776
2256,766320.0,-7663.2,0.1645201892862043,776
2257,804327.5,-8043.275,0.16438857313477534,776
2258,720600.0,-7206.000000000001,0.16425706227626752,776
2259,977817.5,-9778.175,0.1641256566264465,777
2260,817137.5,-8171.375000000002,0.16399435610114532,777
2261,824920.0,-8249.199999999999,0.1638631606162644,777
2262,894280.0,-8942.800000000001,0.16373207008777138,777
2263,700600.0,-7006.0,0.16360108443170115,777
2264,631080.0,-6310.799999999997,0.16347020356415579,777
2265,626882.5,-6268.824999999998,0.16333942740130447,777
2266,919810.0,-9198.1,0.16320875585938344,777
2267,970585.0,-9705.85,0.16307818885469594,777
2268,670237.5,-6702.375,0.16294772630361218,777
2269,832755.0,-8327.550000000001,0.16281736812256928,778
2270,624677.5,-6246.775,0.16268711422807122,778
2271,548512.5,-5485.124999999998,0.16255696453668877,778
2272,1160955.0,-11609.549999999996,0.16242691896505942,778
2273,565580.0,-5655.8,0.16229697742988738,778
2274,1145582.5,-11455.824999999999,0.16216713984794348,778
2275,647755.0,-6477.549999999998,0.16203740613606513,778
2276,852270.0,-8522.7,0.16190777621115626,778
2277,704172.5,-7041.724999999999,0.16177824999018733,778
2278,468245.0,-4682.450000000002,0.16164882739019518,779
2279,684687.5,-6846.875000000001,0.16151950832828302,780
2280,509812.5,-5098.124999999999,0.1613902927216204,780
2281,707787.5,-7077.874999999998,0.1612611804874431,780
2282,604862.5,-6048.624999999998,0.16113217154305312,780
2283,520350.0,-5203.5,0.16100326580581867,780
2284,705325.0,-7053.250000000002,0.160874463193174,780
2285,719930.0,-7199.299999999998,0.16074576362261947,780
2286,715287.5,-7152.875000000001,0.16061716701172138,780
2287,674085.0,-6740.850000000001,0.160488673278112,780
2288,730395.0,-7303.949999999998,0.1603602823394895,780
2289,451367.5,-4513.674999999999,0.1602319941136179,780
2290,829507.5,-8295.075000000003,0.160103808518327,780
2291,579982.5,-5799.825000000002,0.15997572547151234,780
2292,742672.5,-7426.7249999999985,0.15984774489113512,780
2293,631302.5,-6313.025000000001,0.1597198666952222,780
2294,846062.5,-8460.625,0.159592090801866,780
2295,577877.5,-5778.775000000001,0.15946441712922452,780
2296,716257.5,-7162.574999999999,0.15933684559552114,780
2297,708885.0,-7088.850000000001,0.1592093761190447,780
2298,929862.5,-9298.624999999998,0.15908200861814947,782
2299,813135.0,-8131.3499999999985,0.15895474301125495,782
2300,873065.0,-8730.65,0.15882757921684595,782
2301,648565.0,-6485.649999999999,0.15870051715347247,783
2302,865537.5,-8655.375,0.15857355673974968,783
2303,651492.5,-6514.925,0.1584466978943579,783
2304,743942.5,-7439.425,0.1583199405360424,783
2305,743145.0,-7431.45,0.15819328458361356,784
2306,653102.5,-6531.025000000001,0.15806672995594667,784
2307,821595.0,-8215.95,0.15794027657198192,784
2308,658492.5,-6584.925000000001,0.15781392435072433,784
2309,1135215.0,-11352.149999999998,0.15768767321124375,784
2310,635035.0,-6350.349999999999,0.15756152307267474,785
2311,834657.5,-8346.575,0.1574354738542166,785
2312,545462.5,-5454.624999999998,0.15730952547513322,785
2313,782880.0,-7828.8,0.1571836778547531,785
2314,831195.0,-8311.950000000003,0.15705793091246928,785
2315,616997.5,-6169.975,0.1569322845677393,785
2316,650515.0,-6505.149999999998,0.1568067387400851,785
2317,901575.0,-9015.749999999998,0.15668129334909303,785
2318,534147.5,-5341.474999999999,0.15655594831441375,785
2319,868135.0,-8681.350000000002,0.15643070355576222,785
2320,739880.0,-7398.8,0.1563055589929176,785
2321,983495.0,-9834.95,0.15618051454572326,785
2322,982275.0,-9822.749999999998,0.1560555701340867,785
2323,673702.5,-6737.025,0.15593072567797941,785
2324,810175.0,-8101.749999999999,0.15580598109743704,785
2325,708737.5,-7087.374999999999,0.1556813363125591,785
2326,891085.0,-8910.85,0.15555679124350905,785
2327,1111632.5,-11116.324999999999,0.15543234581051424,785
2328,1033007.5,-10330.074999999997,0.15530799993386582,785
2329,639422.5,-6394.225,0.15518375353391872,785
2330,941702.5,-9417.025000000001,0.15505960653109158,785
2331,709010.0,-7090.100000000002,0.1549355588458667,787
2332,748162.5,-7481.625,0.15481161039879002,787
2333,752332.5,-7523.325000000001,0.15468776111047097,787
2334,1097557.5,-10975.575000000003,0.1545640109015826,787
2335,634817.5,-6348.175000000001,0.15444035969286132,788
2336,803185.0,-8031.8499999999985,0.15431680740510703,788
2337,926397.5,-9263.974999999999,0.15419335395918293,788
2338,941175.0,-9411.750000000002,0.15406999927601558,788
2339,826310.0,-8263.099999999999,0.15394674327659477,788
2340,926627.5,-9266.274999999998,0.15382358588197348,788
2341,1038387.5,-10383.874999999996,0.1537005270132679,788
2342,953652.5,-9536.525,0.15357756659165728,788
2343,826022.5,-8260.225,0.15345470453838395,788
2344,821292.5,-8212.925,0.15333194077475323,788
2345,1132427.5,-11324.274999999996,0.15320927522213343,788
2346,806427.5,-8064.275000000001,0.1530867078019557,788
2347,878760.0,-8787.599999999999,0.15296423843571413,788
2348,704527.5,-7045.275,0.15284186704496555,788
2349,861577.5,-8615.775,0.15271959355132958,788
2350,990652.5,-9906.525,0.1525974178764885,788
2351,875617.5,-8756.175000000001,0.15247533994218732,788
2352,676532.5,-6765.325000000002,0.15235335967023356,788
2353,724860.0,-7248.600000000003,0.15223147698249737,788
2354,1270792.5,-12707.925000000001,0.15210969180091136,788
2355,539190.0,-5391.900000000001,0.15198800404747062,788
2356,669317.5,-6693.175000000001,0.15186641364423265,788
2357,789852.5,-7898.525,0.15174492051331726,788
2358,1200875.0,-12008.749999999998,0.1516235245769066,789
2359,967985.0,-9679.850000000002,0.15150222575724506,789
2360,825790.0,-8257.9,0.15138102397663927,789
2361,899647.5,-8996.475,0.15125991915745796,790
2362,859675.0,-8596.75,0.151138911222132,790
2363,922602.5,-9226.025,0.15101800009315428,790
2364,960007.5,-9600.074999999999,0.15089718569307975,790
2365,618477.5,-6184.775000000002,0.1507764679445253,790
2366,589532.5,-5895.325,0.15065584677016966,790
2367,699497.5,-6994.975,0.15053532209275353,790
2368,801097.5,-8010.974999999999,0.15041489383507933,790
2369,889775.0,-8897.750000000004,0.15029456192001125,791
2370,693532.5,-6935.324999999999,0.15017432627047525,791
2371,808830.0,-8088.3,0.15005418680945887,791
2372,661002.5,-6610.025000000002,0.1499341434600113,791
2373,628222.5,-6282.224999999998,0.14981419614524327,791
2374,815110.0,-8151.099999999999,0.14969434478832708,791
2375,664790.0,-6647.900000000001,0.14957458931249643,791
2376,706692.5,-7066.925,0.14945492964104642,791
2377,828957.5,-8289.575,0.14933536569733358,791
2378,752340.0,-7523.400000000001,0.1492158974047757,791
2379,1181112.5,-11811.125,0.1490965246868519,791
2380,995747.5,-9957.475,0.1489772474671024,791
2381,473300.0,-4733.000000000002,0.1488580656691287,791
2382,757637.5,-7576.375,0.1487389792165934,791
2383,828717.5,-8287.175000000003,0.14861998803322013,791
2384,963490.0,-9634.900000000001,0.14850109204279355,791
2385,755445.0,-7554.449999999999,0.1483822911691593,792
2386,791185.0,-7911.849999999999,0.14826358533622397,792
2387,1139355.0,-11393.550000000003,0.148144974467955,792
2388,938925.0,-9389.249999999998,0.1480264584883806,792
2389,680740.0,-6807.400000000002,0.1479080373215899,792
2390,1018535.0,-10185.35,0.14778971089173265,792
2391,862907.5,-8629.075,0.14767147912301926,792
2392,1121252.5,-11212.525,0.14755334193972083,792
2393,972245.0,-9722.449999999999,0.14743529926616905,792
2394,853735.0,-8537.35,0.1473173510267561,792
2395,940205.0,-9402.05,0.1471994971459347,792
2396,1154907.5,-11549.074999999999,0.14708173754821793,792
2397,823437.5,-8234.375,0.14696407215817936,792
2398,893310.0,-8933.099999999999,0.14684650090045281,792
2399,963515.0,-9635.15,0.14672902369973245,792
2400,944145.0,-9441.45,0.14661164048077266,792
2401,962580.0,-9625.800000000001,0.14649435116838805,792
2402,718322.5,-7183.225000000001,0.14637715568745333,792
2403,899137.5,-8991.375,0.14626005396290337,792
2404,1020912.5,-10209.125,0.14614304591973304,792
2405,975082.5,-9750.825,0.14602613148299726,793
2406,1069407.5,-10694.075000000003,0.14590931057781087,793
2407,868482.5,-8684.825,0.14579258312934862,793
2408,709705.0,-7097.050000000001,0.14567594906284514,793
2409,705232.5,-7052.324999999999,0.14555940830359487,793
2410,574940.0,-5749.399999999997,0.14544296077695198,793
2411,635095.0,-6350.95,0.14532660640833042,793
2412,537577.5,-5375.774999999998,0.14521034512320374,796
2413,782900.0,-7828.999999999999,0.14509417684710518,796
2414,1041490.0,-10414.9,0.14497810150562748,796
2415,796567.5,-7965.675000000003,0.14486211902442298,796
2416,815272.5,-8152.725,0.14474622932920345,796
2417,692822.5,-6928.225,0.14463043234574008,796
2418,672420.0,-6724.199999999999,0.14451472799986348,796
2419,1099977.5,-10999.775000000001,0.1443991162174636,796
2420,1071092.5,-10710.925000000001,0.1442835969244896,796
2421,896907.5,-8969.075000000003,0.14416817004695,796
2422,965530.0,-9655.3,0.14405283551091244,797
2423,853777.5,-8537.775,0.14393759324250371,797
2424,661875.0,-6618.75,0.1438224431679097,797
2425,727830.0,-7278.299999999998,0.14370738521337537,797
2426,790600.0,-7905.999999999998,0.14359241930520467,797
2427,790400.0,-7904.000000000002,0.1434775453697605,797
2428,1027575.0,-10275.75,0.1433627633334647,797
2429,698532.5,-6985.325000000001,0.14324807312279794,797
2430,1025075.0,-10250.75,0.1431334746642997,797
2431,736547.5,-7365.474999999999,0.14301896788456828,797
2432,929342.5,-9293.425000000001,0.14290455271026062,797
2433,841272.5,-8412.725000000002,0.1427902290680924,797
2434,629712.5,-6297.124999999996,0.14267599688483792,797
2435,944042.5,-9440.425,0.14256185608733005,797
2436,872137.5,-8721.375,0.14244780660246018,797
2437,760010.0,-7600.1,0.14233384835717822,797
2438,714440.0,-7144.399999999999,0.14221998127849247,797
2439,644630.0,-6446.299999999999,0.14210620529346968,799
2440,863517.5,-8635.175000000001,0.1419925203292349,799
2441,723955.0,-7239.549999999999,0.1418789263129715,799
2442,606417.5,-6064.175000000001,0.14176542317192112,799
2443,939895.0,-9398.95,0.14165201083338358,799
2444,722367.5,-7223.674999999999,0.14153868922471688,799
2445,789202.5,-7892.025,0.1414254582733371,799
2446,938747.5,-9387.474999999999,0.14131231790671844,799
2447,776515.0,-7765.149999999998,0.14119926805239308,799
2448,1183450.0,-11834.499999999998,0.14108630863795116,799
2449,714405.0,-7144.05,0.1409734395910408,799
2450,596580.0,-5965.8,0.14086066083936796,799
2451,754335.0,-7543.35,0.14074797231069647,799
2452,647477.5,-6474.774999999999,0.14063537393284792,799
2453,782882.5,-7828.825,0.14052286563370164,799
2454,729337.5,-7293.375000000002,0.14041044734119468,799
2455,619287.5,-6192.875,0.14029811898332173,799
2456,1042805.0,-10428.049999999997,0.14018588048813507,799
2457,625292.5,-6252.925000000001,0.14007373178374455,799
2458,818070.0,-8180.7,0.13996167279831756,801
2459,741900.0,-7419.0,0.1398497034600789,801
2460,907197.5,-9071.975000000002,0.13973782369731083,801
2461,775360.0,-7753.600000000001,0.13962603343835298,801
2462,867130.0,-8671.3,0.1395143326116023,801
2463,862870.0,-8628.7,0.139402721145513,801
2464,756480.0,-7564.799999999999,0.1392911989685966,801
2465,741487.5,-7414.874999999999,0.13917976600942172,801
2466,727322.5,-7273.225,0.1390684221966142,801
2467,601290.0,-6012.899999999999,0.1389571674588569,801
2468,812515.0,-8125.150000000001,0.1388460017248898,801
2469,732400.0,-7323.999999999999,0.1387349249235099,801
2470,768862.5,-7688.625,0.1386239369835711,801
2471,908437.5,-9084.375000000002,0.13851303783398422,801
2472,646572.5,-6465.725000000001,0.13840222740371702,801
2473,850137.5,-8501.375,0.13829150562179404,801
2474,601857.5,-6018.575000000001,0.1381808724172966,801
2475,1036657.5,-10366.575,0.13807032771936276,801
2476,695420.0,-6954.200000000001,0.13795987145718727,801
2477,783715.0,-7837.1500000000015,0.1378495035600215,801
2478,1137210.0,-11372.099999999999,0.1377392239571735,801
2479,712337.5,-7123.374999999997,0.13762903257800777,801
2480,738890.0,-7388.9,0.13751892935194535,801
2481,752185.0,-7521.8499999999985,0.1374089142084638,802
2482,794752.5,-7947.525,0.13729898707709703,802
2483,924367.5,-9243.675,0.13718914788743536,802
2484,629220.0,-6292.200000000002,0.1370793965691254,802
2485,895085.0,-8950.849999999997,0.1369697330518701,802
2486,1284227.5,-12842.274999999998,0.1368601572654286,802
2487,1175752.5,-11757.524999999998,0.13675066913961625,802
2488,1157925.0,-11579.250000000002,0.13664126860430456,802
2489,711160.0,-7111.600000000001,0.1365319555894211,802
2490,694025.0,-6940.250000000001,0.13642273002494956,802
2491,748522.5,-7485.225000000001,0.1363135918409296,802
2492,640832.5,-6408.325000000001,0.13620454096745685,802
2493,765035.0,-7650.35,0.1360955773346829,802
2494,858675.0,-8586.749999999996,0.13598670087281514,802
2495,631725.0,-6317.25,0.1358779115121169,802
2496,820817.5,-8208.174999999997,0.1357692091829072,802
2497,764660.0,-7646.5999999999985,0.13566059381556086,802
2498,779275.0,-7792.749999999999,0.13555206534050843,802
2499,803522.5,-8035.224999999999,0.135443623688236,802
2500,752207.5,-7522.074999999998,0.13533526878928542,802
2501,871315.0,-8713.149999999998,0.135227000574254,802
2502,733282.5,-7332.824999999999,0.13511881897379457,802
2503,789940.0,-7899.400000000001,0.13501072391861554,802
2504,985407.5,-9854.074999999997,0.13490271533948064,802
2505,830412.5,-8304.125000000002,0.13479479316720905,802
2506,807565.0,-8075.650000000002,0.13468695733267527,802
2507,960662.5,-9606.624999999998,0.13457920776680912,802
2508,724005.0,-7240.049999999999,0.13447154440059567,802
2509,868227.5,-8682.275,0.13436396716507518,802
2510,884715.0,-8847.150000000001,0.1342564759913431,802
2511,581705.0,-5817.05,0.13414907081055003,806
2512,668385.0,-6683.850000000001,0.13404175155390158,806
2513,784110.0,-7841.0999999999985,0.13393451815265844,806
2514,862112.5,-8621.125,0.13382737053813631,806
2515,675755.0,-6757.55,0.1337203086417058,806
2516,801437.5,-8014.375000000002,0.13361333239479245,806
2517,1222650.0,-12226.499999999998,0.1335064417288766,806
2518,959852.5,-9598.525,0.1333996365754935,806
2519,901907.5,-9019.074999999999,0.1332929168662331,806
2520,1223262.5,-12232.624999999998,0.13318628253274012,806
2521,890147.5,-8901.475,0.13307973350671393,806
2522,701437.5,-7014.375,0.13297326971990855,806
2523,703712.5,-7037.124999999999,0.13286689110413263,806
2524,566800.0,-5668.000000000001,0.13276059759124934,806
2525,884655.0,-8846.550000000001,0.13265438911317634,806
2526,814177.5,-8141.774999999996,0.1325482656018858,806
2527,563612.5,-5636.124999999999,0.13244222698940428,806
2528,673202.5,-6732.024999999999,0.13233627320781274,806
2529,1156900.0,-11569.000000000002,0.1322304041892465,806
2530,1097067.5,-10970.675000000001,0.1321246198658951,806
2531,719085.0,-7190.849999999999,0.13201892017000239,806
2532,494705.0,-4947.049999999997,0.1319133050338664,806
2533,680910.0,-6809.0999999999985,0.1318077743898393,806
2534,867712.5,-8677.125,0.13170232817032743,806
2535,542380.0,-5423.799999999999,0.13159696630779116,806
2536,1034087.5,-10340.874999999996,0.13149168873474493,806
2537,880215.0,-8802.15,0.13138649538375713,807
2538,778347.5,-7783.474999999997,0.1312813861874501,807
2539,860610.0,-8606.099999999999,0.13117636107850014,807
2540,1175742.5,-11757.424999999997,0.13107141998963734,807
2541,925752.5,-9257.525000000001,0.13096656285364563,807
2542,618302.5,-6183.024999999999,0.13086178960336273,807
2543,1017555.0,-10175.55,0.13075710017168005,807
2544,848155.0,-8481.55,0.1306524944915427,807
2545,843927.5,-8439.274999999998,0.13054797249594946,807
2546,738772.5,-7387.725,0.1304435341179527,807
2547,935747.5,-9357.475000000002,0.13033917929065833,807
2548,811597.5,-8115.975,0.1302349079472258,807
2549,949020.0,-9490.2,0.13013072002086803,807
2550,979180.0,-9791.800000000003,0.13002661544485133,808
2551,766227.5,-7662.275,0.12992259415249546,809
2552,1090110.0,-10901.099999999995,0.12981865607717347,809
2553,568910.0,-5689.099999999998,0.12971480115231174,809
2554,927375.0,-9273.750000000002,0.12961102931138987,809
2555,897595.0,-8975.95,0.12950734048794077,809
2556,704922.5,-7049.224999999999,0.1294037346155504,809
2557,814097.5,-8140.9749999999985,0.12930021162785796,809
2558,810982.5,-8109.825,0.12919677145855568,809
2559,730905.0,-7309.05,0.12909341404138883,809
2560,808082.5,-8080.825000000001,0.1289901393101557,809
2561,723560.0,-7235.599999999999,0.12888694719870758,809
2562,862290.0,-8622.900000000001,0.1287838376409486,809
2563,995520.0,-9955.200000000004,0.12868081057083586,809
2564,899792.5,-8997.924999999997,0.1285778659223792,809
2565,717367.5,-7173.674999999999,0.1284750036296413,809
2566,760462.5,-7604.625000000002,0.12837222362673756,809
2567,1156005.0,-11560.049999999996,0.12826952584783616,809
2568,939572.5,-9395.724999999999,0.1281669102271579,809
2569,656642.5,-6566.424999999998,0.12806437669897616,809
2570,647725.0,-6477.25,0.12796192519761698,809
2571,1009237.5,-10092.375,0.12785955565745888,809
2572,707915.0,-7079.15,0.1277572680129329,809
2573,814622.5,-8146.224999999999,0.12765506219852257,809
2574,783065.0,-7830.65,0.12755293814876376,809
2575,956830.0,-9568.3,0.12745089579824473,809
2576,792715.0,-7927.150000000001,0.12734893508160613,809
2577,908170.0,-9081.699999999999,0.12724705593354085,809
2578,736950.0,-7369.499999999999,0.12714525828879403,809
2579,921537.5,-9215.374999999998,0.12704354208216298,809
2580,824127.5,-8241.275,0.12694190724849724,809
2581,612500.0,-6125.000000000001,0.12684035372269845,809
2582,700687.5,-7006.875,0.12673888143972029,809
2583,1076775.0,-10767.750000000002,0.1266374903345685,809
2584,1093625.0,-10936.25,0.12653618034230085,809
2585,629620.0,-6296.2,0.12643495139802702,809
2586,785847.5,-7858.475,0.1263338034369086,809
2587,1011707.5,-10117.075,0.12623273639415905,809
2588,697350.0,-6973.500000000001,0.12613175020504372,810
2589,819642.5,-8196.425000000001,0.1260308448048797,810
2590,974735.0,-9747.349999999999,0.12593002012903579,810
2591,769655.0,-7696.549999999999,0.12582927611293254,810
2592,668582.5,-6685.824999999998,0.1257286126920422,810
2593,770477.5,-7704.775000000001,0.12562802980188856,810
2594,818097.5,-8180.974999999999,0.12552752737804704,810
2595,634310.0,-6343.0999999999985,0.1254271053561446,810
2596,594707.5,-5947.074999999999,0.1253267636718597,810
2597,607870.0,-6078.700000000001,0.1252265022609222,810
2598,1144845.0,-11448.449999999997,0.12512632105911345,810
2599,687072.5,-6870.725,0.12502622000226615,810
2600,578885.0,-5788.849999999999,0.12492619902626434,810
2601,1014435.0,-10144.35,0.12482625806704332,810
2602,856432.5,-8564.324999999997,0.12472639706058969,810
2603,750105.0,-7501.05,0.12462661594294121,810
2604,800090.0,-8000.899999999999,0.12452691465018685,810
2605,926352.5,-9263.525000000001,0.1244272931184667,810
2606,823657.5,-8236.574999999999,0.12432775128397193,810
2607,996780.0,-9967.800000000001,0.12422828908294475,810
2608,891640.0,-8916.4,0.1241289064516784,810
2609,725600.0,-7255.999999999997,0.12402960332651705,810
2610,685510.0,-6855.100000000001,0.12393037964385584,810
2611,850175.0,-8501.750000000002,0.12383123534014075,810
2612,801500.0,-8015.000000000002,0.12373217035186863,810
2613,1483250.0,-14832.5,0.12363318461558713,810
2614,792497.5,-7924.974999999999,0.12353427806789466,810
2615,922405.0,-9224.05,0.12343545064544034,810
2616,566580.0,-5665.799999999999,0.123336702284924,810
2617,728940.0,-7289.400000000002,0.12323803292309606,810
2618,862677.5,-8626.774999999998,0.12313944249675758,810
2619,656630.0,-6566.299999999999,0.12304093094276017,810
2620,829755.0,-8297.55,0.12294249819800596,810
2621,924700.0,-9247.0,0.12284414419944754,810
2622,723817.5,-7238.175000000001,0.12274586888408798,810
2623,648737.5,-6487.375000000001,0.1226476721889807,810
2624,851400.0,-8514.000000000002,0.12254955405122951,810
2625,665822.5,-6658.225,0.12245151440798853,810
2626,639520.0,-6395.199999999998,0.12235355319646214,810
2627,617527.5,-6175.275000000001,0.12225567035390497,810
2628,984000.0,-9839.999999999996,0.12215786581762185,810
2629,642252.5,-6422.525,0.12206013952496775,811
2630,745225.0,-7452.250000000001,0.12196249141334777,811
2631,633867.5,-6338.675,0.12186492142021708,811
2632,1007977.5,-10079.775000000001,0.1217674294830809,811
2633,1048670.0,-10486.699999999999,0.12167001553949444,811
2634,613915.0,-6139.150000000002,0.12157267952706284,811
2635,923795.0,-9237.949999999997,0.12147542138344118,811
2636,653685.0,-6536.849999999998,0.12137824104633442,811
2637,721080.0,-7210.799999999998,0.12128113845349735,811
2638,1170915.0,-11709.15,0.12118411354273455,811
2639,859107.5,-8591.074999999997,0.12108716625190036,811
2640,644662.5,-6446.625,0.12099029651889884,811
2641,901137.5,-9011.375,0.12089350428168372,811
2642,866827.5,-8668.275000000001,0.12079678947825837,811
2643,732655.0,-7326.550000000002,0.12070015204667575,811
2644,769392.5,-7693.925000000001,0.1206035919250384,811
2645,943032.5,-9430.325000000003,0.12050710905149838,811
2646,752745.0,-7527.45,0.12041070336425717,811
2647,726620.0,-7266.199999999998,0.12031437480156576,811
2648,697852.5,-6978.5250000000015,0.1202181233017245,811
2649,578125.0,-5781.250000000001,0.12012194880308312,811
2650,980350.0,-9803.500000000002,0.12002585124404065,811
2651,870580.0,-8705.8,0.11992983056304542,811
2652,918500.0,-9185.000000000002,0.11983388669859497,811
2653,904352.5,-9043.525,0.11973801958923609,811
2654,827422.5,-8274.225,0.1196422291735647,811
2655,852970.0,-8529.699999999999,0.11954651539022584,811
2656,673740.0,-6737.399999999998,0.11945087817791367,811
2657,593992.5,-5939.924999999999,0.11935531747537133,811
2658,552810.0,-5528.1,0.11925983322139103,812
2659,856660.0,-8566.599999999999,0.1191644253548139,812
2660,1044382.5,-10443.825,0.11906909381453006,812
2661,865687.5,-8656.875,0.11897383853947843,812
2662,507225.0,-5072.25,0.11887865946864684,814
2663,719605.0,-7196.049999999999,0.11878355654107192,814
2664,736915.0,-7369.149999999997,0.11868852969583907,815
2665,793252.5,-7932.525,0.1185935788720824,815
2666,783707.5,-7837.075000000002,0.11849870400898473,815
2667,882185.0,-8821.849999999999,0.11840390504577754,815
2668,674560.0,-6745.599999999999,0.11830918192174092,815
2669,793472.5,-7934.725000000001,0.11821453457620353,815
2670,822970.0,-8229.699999999999,0.11811996294854256,815
2671,563022.5,-5630.225000000001,0.11802546697818372,815
2672,642042.5,-6420.425000000001,0.11793104660460117,815
2673,1005060.0,-10050.6,0.11783670176731749,815
2674,963132.5,-9631.324999999999,0.11774243240590364,815
2675,725722.5,-7257.2249999999985,0.11764823845997892,815
2676,827835.0,-8278.35,0.11755411986921094,815
2677,773645.0,-7736.45,0.11746007657331557,815
2678,603992.5,-6039.925,0.11736610851205692,815
2679,806750.0,-8067.5,0.11727221562524727,815
2680,825872.5,-8258.724999999999,0.11717839785274707,815
2681,1045160.0,-10451.600000000002,0.11708465513446487,815
2682,851670.0,-8516.700000000003,0.1169909874103573,815
2683,816072.5,-8160.724999999999,0.116897394620429,815
2684,819222.5,-8192.224999999999,0.11680387670473266,815
2685,948472.5,-9484.724999999999,0.11671043360336887,815
2686,932482.5,-9324.825,0.11661706525648617,815
2687,868212.5,-8682.125000000002,0.11652377160428098,815
2688,642237.5,-6422.375,0.11643055258699755,815
2689,916457.5,-9164.575000000003,0.11633740814492795,815
2690,898045.0,-8980.450000000003,0.116244338218412,815
2691,935840.0,-9358.4,0.11615134274783727,815
2692,810180.0,-8101.799999999999,0.116058421673639,815
2693,707410.0,-7074.0999999999985,0.11596557493630008,815
2694,906042.5,-9060.425000000003,0.11587280247635104,815
2695,1089117.5,-10891.175,0.11578010423436995,815
2696,741092.5,-7410.925000000001,0.11568748015098244,815
2697,859272.5,-8592.724999999999,0.11559493016686166,815
2698,1060222.5,-10602.225000000006,0.11550245422272817,815
2699,963110.0,-9631.1,0.11541005225934999,815
2700,614745.0,-6147.45,0.11531772421754251,815
2701,544070.0,-5440.699999999999,0.11522547003816846,815
2702,783900.0,-7839.000000000001,0.11513328966213793,815
2703,847627.5,-8476.275000000005,0.11504118303040821,815
2704,718662.5,-7186.625,0.11494915008398388,815
2705,465777.5,-4657.775,0.11485719076391669,815
2706,792195.0,-7921.950000000001,0.11476530501130555,815
2707,820767.5,-8207.675,0.1146734927672965,815
2708,778862.5,-7788.624999999999,0.11458175397308266,815
2709,788207.5,-7882.075000000001,0.1144900885699042,815
2710,847887.5,-8478.875,0.11439849649904828,815
2711,852560.0,-8525.6,0.11430697770184904,815
2712,892045.0,-8920.450000000003,0.11421553211968756,815
2713,1010810.0,-10108.100000000002,0.11412415969399181,815
2714,1096317.5,-10963.175000000001,0.11403286036623661,815
2715,738485.0,-7384.8499999999985,0.11394163407794362,815
2716,878785.0,-8787.85,0.11385048077068127,815
2717,709095.0,-7090.950000000001,0.11375940038606472,816
2718,816005.0,-8160.049999999999,0.11366839286575586,816
2719,816635.0,-8166.35,0.11357745815146325,816
2720,1189400.0,-11893.999999999998,0.11348659618494208,816
2721,526395.0,-5263.95,0.11339580690799413,816
2722,1254695.0,-12546.950000000003,0.11330509026246773,816
2723,779040.0,-7790.4,0.11321444619025775,816
2724,894385.0,-8943.85,0.11312387463330555,816
2725,798947.5,-7989.475000000001,0.11303337553359889,816
2726,1082645.0,-10826.449999999999,0.112942948833172,816
2727,712080.0,-7120.800000000001,0.11285259447410546,816
2728,1019217.5,-10192.175000000001,0.11276231239852617,816
2729,839645.0,-8396.449999999999,0.11267210254860735,816
2730,990997.5,-9909.975,0.11258196486656846,816
2731,1163415.0,-11634.15,0.11249189929467521,816
2732,830207.5,-8302.074999999999,0.11240190577523947,816
2733,739950.0,-7399.499999999999,0.11231198425061928,816
2734,785722.5,-7857.224999999999,0.11222213466321879,816
2735,646762.5,-6467.625,0.1121323569554882,816
2736,674177.5,-6741.775,0.11204265106992381,816
2737,757027.5,-7570.275,0.11195301694906787,816
2738,866725.0,-8667.250000000004,0.11186345453550861,816
2739,558172.5,-5581.724999999999,0.1117739637718802,816
2740,1015685.0,-10156.85,0.11168454460086269,816
2741,851640.0,-8516.399999999998,0.111595196965182,816
2742,838777.5,-8387.775000000001,0.11150592080760985,816
2743,792217.5,-7922.174999999999,0.11141671607096376,816
2744,556457.5,-5564.574999999999,0.11132758269810698,818
2745,561222.5,-5612.224999999999,0.1112385206319485,818
2746,608295.0,-6082.950000000001,0.11114952981544295,818
2747,666302.5,-6663.025,0.1110606101915906,818
2748,751677.5,-7516.775000000002,0.11097176170343732,818
2749,693155.0,-6931.549999999999,0.11088298429407457,818
2750,874830.0,-8748.3,0.11079427790663932,818
2751,774487.5,-7744.875000000001,0.110705642484314,818
2752,894915.0,-8949.15,0.11061707797032655,818
2753,570915.0,-5709.15,0.11052858430795029,818
2754,702342.5,-7023.425,0.11044016144050392,818
2755,595957.5,-5959.575,0.11035180931135151,820
2756,939092.5,-9390.925000000001,0.11026352786390242,820
2757,954947.5,-9549.475,0.11017531704161129,820
2758,1136492.5,-11364.924999999997,0.110087176787978,820
2759,1060665.0,-10606.65,0.10999910704654761,820
2760,764562.5,-7645.625000000001,0.10991110776091037,820
2761,707527.5,-7075.274999999999,0.10982317887470164,820
2762,799505.0,-7995.049999999998,0.10973532033160187,820
2763,524330.0,-5243.299999999999,0.10964753207533659,821
2764,484450.0,-4844.5,0.10955981404967632,821
2765,727195.0,-7271.949999999999,0.10947216619843658,821
2766,798712.5,-7987.125,0.10938458846547783,821
2767,730300.0,-7302.999999999999,0.10929708079470545,821
2768,950080.0,-9500.8,0.10920964313006967,821
2769,672927.5,-6729.275000000003,0.10912227541556561,821
2770,582062.5,-5820.625000000001,0.10903497759523316,821
2771,657937.5,-6579.375000000002,0.10894774961315697,821
2772,791140.0,-7911.400000000001,0.10886059141346643,821
2773,585580.0,-5855.8,0.10877350294033566,821
2774,929295.0,-9292.949999999999,0.10868648413798339,821
2775,633162.5,-6331.625000000002,0.108599534950673,821
2776,823370.0,-8233.699999999999,0.10851265532271245,821
2777,854030.0,-8540.300000000001,0.10842584519845429,821
2778,587262.5,-5872.625000000001,0.10833910452229552,823
2779,719945.0,-7199.449999999999,0.10825243323867768,823
2780,842142.5,-8421.425000000003,0.10816583129208673,823
2781,782887.5,-7828.875,0.10807929862705307,823
2782,939292.5,-9392.925,0.10799283518815142,823
2783,735520.0,-7355.200000000002,0.1079064409200009,823
2784,806480.0,-8064.8,0.1078201157672649,823
2785,786797.5,-7867.975,0.10773385967465109,823
2786,778817.5,-7788.174999999998,0.10764767258691137,823
2787,819527.5,-8195.274999999996,0.10756155444884183,823
2788,1102062.5,-11020.625000000002,0.10747550520528275,823
2789,793565.0,-7935.649999999999,0.10738952480111852,823
2790,776192.5,-7761.925000000001,0.10730361318127762,823
2791,752282.5,-7522.825000000002,0.1072177702907326,823
2792,1024257.5,-10242.575000000003,0.10713199607450001,823
2793,511582.5,-5115.824999999999,0.1070462904776404,823
2794,570010.0,-5700.0999999999985,0.10696065344525829,825
2795,876717.5,-8767.175000000001,0.10687508492250208,825
2796,760937.5,-7609.375000000001,0.10678958485456408,825
2797,982082.5,-9820.824999999999,0.10670415318668043,825
2798,864780.0,-8647.8,0.10661878986413108,825
2799,717637.5,-7176.375000000001,0.10653349483223977,825
2800,824982.5,-8249.825000000003,0.10644826803637397,825
2801,780612.5,-7806.125,0.10636310942194487,825
2802,859160.0,-8591.6,0.1062780189344073,825
2803,751532.5,-7515.325000000002,0.10619299651925977,825
2804,764577.5,-7645.775000000002,0.10610804212204436,825
2805,886092.5,-8860.924999999997,0.10602315568834672,825
2806,611647.5,-6116.474999999999,0.10593833716379604,825
2807,866872.5,-8668.724999999997,0.105853586494065,825
2808,758395.0,-7583.949999999999,0.10576890362486974,825
2809,602807.5,-6028.075000000001,0.10568428850196984,825
2810,698852.5,-6988.525,0.10559974107116826,825
2811,667717.5,-6677.175000000001,0.10551526127831133,825
2812,567972.5,-5679.725000000001,0.10543084906928868,825
2813,820450.0,-8204.499999999998,0.10534650439003325,825
2814,679325.0,-6793.25,0.10526222718652122,825
2815,578157.5,-5781.574999999999,0.10517801740477199,825
2816,775572.5,-7755.725000000001,0.10509387499084817,825
2817,962977.5,-9629.775000000003,0.10500979989085549,825
2818,738707.5,-7387.075000000001,0.1049257920509428,825
2819,650547.5,-6505.474999999999,0.10484185141730204,825
2820,770212.5,-7702.125000000002,0.1047579779361682,825
2821,531757.5,-5317.575,0.10467417155381926,825
2822,564712.5,-5647.124999999999,0.10459043221657621,825
2823,701132.5,-7011.324999999999,0.10450675987080295,825
2824,726482.5,-7264.825000000001,0.1044231544629063,825
2825,990817.5,-9908.174999999996,0.10433961593933597,825
2826,678320.0,-6783.200000000001,0.1042561442465845,825
2827,622880.0,-6228.800000000001,0.10417273933118723,825
2828,728202.5,-7282.024999999997,0.10408940113972227,825
2829,777030.0,-7770.299999999999,0.10400612961881049,825
2830,748320.0,-7483.2,0.10392292471511544,825
2831,1211722.5,-12117.224999999997,0.10383978637534334,825
2832,931727.5,-9317.275,0.10375671454624306,825
2833,818690.0,-8186.900000000001,0.10367370917460607,825
2834,718812.5,-7188.124999999999,0.10359077020726638,825
2835,939572.5,-9395.724999999999,0.10350789759110057,825
2836,1137425.0,-11374.249999999996,0.1034250912730277,825
2837,721167.5,-7211.674999999999,0.10334235120000927,825
2838,715180.0,-7151.8,0.10325967731904927,825
2839,789700.0,-7896.999999999999,0.10317706957719402,825
2840,785615.0,-7856.1500000000015,0.10309452792153227,825
2841,500075.0,-5000.750000000002,0.10301205229919505,825
2842,738465.0,-7384.650000000001,0.10292964265735569,825
2843,837572.5,-8375.724999999999,0.1028472989432298,827
2844,869417.5,-8694.175,0.10276502110407522,827
2845,1025425.0,-10254.25,0.10268280908719196,827
2846,1098822.5,-10988.225,0.10260066283992221,827
2847,1095590.0,-10955.900000000003,0.10251858230965027,827
2848,631432.5,-6314.325000000002,0.10243656744380256,827
2849,793490.0,-7934.9,0.10235461818984751,827
2850,921917.5,-9219.175,0.10227273449529563,827
2851,662502.5,-6625.0250000000015,0.10219091630769939,827
2852,625032.5,-6250.325000000001,0.10210916357465323,827
2853,927600.0,-9276.0,0.1020274762437935,827
2854,814882.5,-8148.825,0.10194585426279847,827
2855,914067.5,-9140.675,0.10186429757938822,827
2856,839815.0,-8398.15,0.1017828061413247,827
2857,791727.5,-7917.275,0.10170137989641165,827
2858,709997.5,-7099.974999999998,0.10162001879249452,827
2859,653920.0,-6539.199999999999,0.10153872277746052,827
2860,391470.0,-3914.6999999999994,0.10145749179923855,827
2861,669817.5,-6698.175,0.10137632580579915,827
2862,1033212.5,-10332.124999999996,0.10129522474515451,827
2863,848570.0,-8485.7,0.10121418856535838,827
2864,703690.0,-7036.899999999999,0.10113321721450609,827
2865,747370.0,-7473.700000000001,0.10105231064073449,827
2866,698307.5,-6983.075,0.1009714687922219,827
2867,825430.0,-8254.3,0.10089069161718811,827
2868,613745.0,-6137.449999999999,0.10080997906389436,827
2869,661405.0,-6614.049999999997,0.10072933108064323,827
2870,708207.5,-7082.075,0.10064874761577872,827
2871,594662.5,-5946.624999999998,0.10056822861768609,827
2872,694512.5,-6945.125,0.10048777403479194,827
2873,467712.5,-4677.125000000001,0.1004073838155641,827
2874,1161577.5,-11615.774999999996,0.10032705790851165,827
2875,707797.5,-7077.974999999999,0.10024679626218484,829
2876,807587.5,-8075.875000000002,0.10016659882517509,829
2877,719360.0,-7193.5999999999985,0.10008646554611494,829
2878,801962.5,-8019.625,0.10000639637367804,829
2879,1062652.5,-10626.525000000003,0.0999263912565791,829
2880,745965.0,-7459.649999999999,0.09984645014357382,829
2881,688097.5,-6880.9749999999985,0.09976657298345896,829
2882,690917.5,-6909.174999999999,0.0996867597250722,829
2883,816292.5,-8162.924999999999,0.09960701031729213,829
2884,954282.5,-9542.825000000003,0.0995273247090383,829
2885,741642.5,-7416.425,0.09944770284927107,829
2886,745520.0,-7455.200000000001,0.09936814468699165,829
2887,717052.5,-7170.525000000002,0.09928865017124205,829
2888,622437.5,-6224.375000000001,0.09920921925110505,829
2889,625170.0,-6251.699999999999,0.09912985187570417,829
2890,869710.0,-8697.1,0.0990505479942036,829
2891,869127.5,-8691.275000000001,0.09897130755580823,829
2892,953132.5,-9531.324999999997,0.09889213050976357,829
2893,681095.0,-6810.950000000002,0.09881301680535576,829
2894,757020.0,-7570.200000000001,0.09873396639191147,829
2895,779540.0,-7795.4,0.09865497921879794,829
2896,886777.5,-8867.775000000001,0.0985760552354229,830
2897,1116175.0,-11161.749999999998,0.09849719439123455,830
2898,691212.5,-6912.125,0.09841839663572156,830
2899,481785.0,-4817.849999999999,0.09833966191841298,830
2900,1000140.0,-10001.399999999998,0.09826099018887825,830
2901,837195.0,-8371.95,0.09818238139672715,830
2902,874982.5,-8749.825,0.09810383549160977,830
2903,521017.5,-5210.175,0.09802535242321647,830
2904,781267.5,-7812.675,0.09794693214127789,830
2905,948352.5,-9483.524999999998,0.09786857459556486,830
2906,822682.5,-8226.824999999999,0.09779027973588841,830
2907,608875.0,-6088.75,0.0977120475120997,830
2908,614285.0,-6142.85,0.09763387787409003,830
2909,533010.0,-5330.100000000002,0.09755577077179076,830
2910,824655.0,-8246.55,0.09747772615517332,830
2911,944112.5,-9441.125,0.09739974397424918,830
2912,783075.0,-7830.750000000001,0.09732182417906977,830
2913,555692.5,-5556.925000000001,0.09724396671972652,830
2914,746457.5,-7464.575000000001,0.09716617154635074,831
2915,659515.0,-6595.150000000001,0.09708843860911366,831
2916,848275.0,-8482.750000000002,0.09701076785822636,831
2917,1014347.5,-10143.474999999995,0.09693315924393978,831
2918,822132.5,-8221.325000000003,0.09685561271654462,831
2919,1105682.5,-11056.824999999999,0.09677812822637138,831
2920,780212.5,-7802.125000000002,0.09670070572379029,831
2921,731545.0,-7315.449999999999,0.09662334515921125,831
2922,786895.0,-7868.950000000002,0.09654604648308389,831
2923,770540.0,-7705.399999999998,0.09646880964589742,831
2924,938445.0,-9384.449999999999,0.0963916345981807,831
2925,704320.0,-7043.199999999998,0.09631452129050215,831
2926,770330.0,-7703.299999999999,0.09623746967346974,831
2927,854060.0,-8540.6,0.09616047969773096,831
2928,853752.5,-8537.524999999998,0.09608355131397278,831
2929,944142.5,-9441.425000000001,0.0960066844729216,831
2930,983522.5,-9835.225,0.09592987912534326,831
2931,550912.5,-5509.124999999999,0.09585313522204299,831
2932,768217.5,-7682.175000000001,0.09577645271386535,831
2933,589510.0,-5895.099999999999,0.09569983155169426,831
2934,1096897.5,-10968.975,0.0956232716864529,831
2935,655947.5,-6559.474999999999,0.09554677306910374,831
2936,704312.5,-7043.125000000001,0.09547033565064846,831
2937,1042135.0,-10421.35,0.09539395938212794,831
2938,732975.0,-7329.75,0.09531764421462223,831
2939,516542.5,-5165.425000000001,0.09524139009925053,831
2940,714535.0,-7145.350000000001,0.09516519698717113,831
2941,726142.5,-7261.425000000001,0.09508906482958139,833
2942,1096920.0,-10969.199999999997,0.09501299357771772,833
2943,892382.5,-8923.824999999997,0.09493698318285555,833
2944,704132.5,-7041.325000000002,0.09486103359630926,833
2945,953722.5,-9537.225000000002,0.09478514476943221,833
2946,711975.0,-7119.749999999996,0.09470931665361666,833
2947,651730.0,-6517.3,0.09463354920029377,833
2948,820777.5,-8207.775,0.09455784236093352,833
2949,793937.5,-7939.375,0.09448219608704478,833
2950,831605.0,-8316.05,0.09440661033017514,833
2951,1016465.0,-10164.650000000003,0.094331085041911,833
2952,916200.0,-9162.0,0.09425562017387747,833
2953,734450.0,-7344.499999999999,0.09418021567773836,833
2954,695890.0,-6958.899999999999,0.09410487150519617,833
2955,992540.0,-9925.399999999998,0.09402958760799202,834
2956,1085780.0,-10857.799999999997,0.09395436393790561,834
2957,512460.0,-5124.6,0.09387920044675528,834
2958,753697.5,-7536.975000000002,0.09380409708639788,834
2959,846167.5,-8461.675,0.09372905380872876,834
2960,581257.5,-5812.575,0.09365407056568177,834
2961,847265.0,-8472.65,0.09357914730922923,834
2962,768952.5,-7689.524999999999,0.09350428399138185,834
2963,546042.5,-5460.425000000001,0.09342948056418873,834
2964,687107.5,-6871.075000000001,0.09335473697973738,834
2965,782037.5,-7820.374999999999,0.09328005319015359,834
2966,882557.5,-8825.575,0.09320542914760147,834
2967,861185.0,-8611.849999999999,0.09313086480428338,834
2968,1001252.5,-10012.525,0.09305636011243995,834
2969,974612.5,-9746.125000000002,0.09298191502434999,834
2970,1271200.0,-12712.000000000002,0.09290752949233051,834
2971,628620.0,-6286.199999999999,0.09283320346873665,834
2972,859477.5,-8594.775,0.09275893690596165,834
2973,967870.0,-9678.700000000003,0.09268472975643688,834
2974,695555.0,-6955.549999999999,0.09261058197263172,834
2975,703262.5,-7032.624999999999,0.09253649350705362,834
2976,1081980.0,-10819.800000000001,0.09246246431224797,834
2977,695305.0,-6953.050000000001,0.09238849434079817,834
2978,584050.0,-5840.500000000001,0.09231458354532553,834
2979,850257.5,-8502.574999999999,0.09224073187848926,834
2980,895232.5,-8952.325,0.09216693929298647,834
2981,888840.0,-8888.400000000003,0.09209320574155208,834
2982,770462.5,-7704.624999999998,0.09201953117695884,834
2983,670662.5,-6706.624999999999,0.09194591555201727,834
2984,750502.5,-7505.025,0.09187235881957566,834
2985,614955.0,-6149.550000000001,0.09179886093252,834
2986,772785.0,-7727.849999999999,0.09172542184377398,834
2987,849605.0,-8496.050000000001,0.09165204150629896,834
2988,859897.5,-8598.974999999997,0.09157871987309392,834
2989,813720.0,-8137.199999999999,0.09150545689719544,835
2990,1083642.5,-10836.425000000003,0.09143225253167768,835
2991,1042452.5,-10424.525,0.09135910672965233,835
2992,758677.5,-7586.775000000002,0.0912860194442686,835
2993,648442.5,-6484.425,0.09121299062871319,835
2994,532087.5,-5320.875,0.09114002023621022,835
2995,913097.5,-9130.975,0.09106710822002125,835
2996,785992.5,-7859.925000000001,0.09099425453344523,835
2997,988852.5,-9888.525,0.09092145912981847,838
2998,779690.0,-7796.900000000001,0.09084872196251462,838
2999,881972.5,-8819.725,0.0907760429849446,840
3000,652597.5,-6525.975000000002,0.09070342215055664,840
3001,669085.0,-6690.85,0.09063085941283619,840
3002,751057.5,-7510.574999999998,0.09055835472530592,840
3003,1107270.0,-11072.7,0.09048590804152568,840
3004,826415.0,-8264.150000000001,0.09041351931509245,840
3005,615317.5,-6153.175,0.09034118849964037,840
3006,803592.5,-8035.925,0.09026891554884066,840
3007,953195.0,-9531.95,0.09019670041640158,840
3008,999945.0,-9999.45,0.09012454305606846,840
3009,753467.5,-7534.675000000001,0.0900524434216236,840
3010,811945.0,-8119.449999999999,0.08998040146688631,840
3011,618257.5,-6182.574999999997,0.0899084171457128,840
3012,886752.5,-8867.525000000001,0.08983649041199622,840
3013,641300.0,-6413.0,0.08976462121966662,840
3014,763642.5,-7636.425000000002,0.08969280952269089,840
3015,807370.0,-8073.7,0.08962105527507273,840
3016,767650.0,-7676.500000000002,0.08954935843085267,840
3017,804247.5,-8042.475000000002,0.08947771894410798,840
3018,824307.5,-8243.075,0.08940613676895269,840
3019,936860.0,-9368.599999999999,0.08933461185953753,840
3020,735550.0,-7355.499999999999,0.08926314417004991,840
3021,754257.5,-7542.575000000001,0.08919173365471386,840
3022,1037382.5,-10373.824999999999,0.0891203802677901,841
3023,832842.5,-8328.425000000003,0.08904908396357586,841
3024,1015165.0,-10151.650000000003,0.08897784469640499,841
3025,1060527.5,-10605.274999999994,0.08890666242064786,841
3026,819252.5,-8192.525,0.08883553709071135,841
3027,982237.5,-9822.374999999998,0.08876446866103878,841
3028,852915.0,-8529.15,0.08869345708610994,841
3029,860912.5,-8609.125,0.08862250232044105,841
3030,654630.0,-6546.299999999999,0.0885516043185847,841
3031,885532.5,-8855.325,0.08848076303512983,841
3032,918842.5,-9188.425,0.08840997842470173,841
3033,840935.0,-8409.35,0.08833925044196198,841
3034,931292.5,-9312.925000000001,0.0882685790416084,841
3035,654822.5,-6548.225,0.08819796417837511,841
3036,560392.5,-5603.925,0.0881274058070324,841
3037,791487.5,-7914.874999999999,0.08805690388238678,841
3038,712120.0,-7121.200000000002,0.08798645835928087,841
3039,1038895.0,-10388.950000000003,0.08791606919259344,841
3040,910007.5,-9100.075000000003,0.08784573633723937,841
3041,631935.0,-6319.3499999999985,0.08777545974816958,841
3042,671797.5,-6717.975,0.08770523938037104,841
3043,715360.0,-7153.5999999999985,0.08763507518886675,841
3044,1388940.0,-13889.400000000001,0.08756496712871566,841
3045,1208522.5,-12085.225000000002,0.08749491515501268,841
3046,703865.0,-7038.650000000001,0.08742491922288867,841
3047,876152.5,-8761.525000000001,0.08735497928751036,841
3048,723105.0,-7231.050000000001,0.08728509530408035,841
3049,719892.5,-7198.925000000002,0.08721526722783708,841
3050,791580.0,-7915.799999999998,0.08714549501405482,841
3051,794147.5,-7941.475000000001,0.08707577861804357,841
3052,749930.0,-7499.3,0.08700611799514912,841
3053,893220.0,-8932.2,0.086936513100753,841
3054,690525.0,-6905.250000000001,0.08686696389027239,841
3055,808200.0,-8081.999999999999,0.08679747031916017,841
3056,656215.0,-6562.15,0.08672803234290484,841
3057,746137.5,-7461.375,0.08665864991703051,841
3058,930860.0,-9308.600000000002,0.08658932299709689,841
3059,1191020.0,-11910.200000000003,0.08652005153869921,841
3060,814055.0,-8140.550000000001,0.08645083549746825,841
3061,1018735.0,-10187.350000000002,0.08638167482907028,841
3062,671100.0,-6711.0,0.08631256948920701,841
3063,729427.5,-7294.275000000001,0.08624351943361565,841
3064,925685.0,-9256.849999999999,0.08617452461806875,841
3065,443682.5,-4436.825000000001,0.0861055849983743,842
3066,469897.5,-4698.974999999999,0.0860367005303756,842
3067,722767.5,-7227.674999999999,0.08596787116995129,842
3068,767542.5,-7675.425,0.08589909687301532,842
3069,1118010.0,-11180.1,0.08583037759551691,842
3070,906810.0,-9068.100000000002,0.0857617132934405,842
3071,779682.5,-7796.824999999998,0.08569310392280574,842
3072,930812.5,-9308.125,0.08562454943966749,842
3073,764350.0,-7643.500000000002,0.08555604980011576,842
3074,528600.0,-5286.000000000002,0.08548760496027566,842
3075,703992.5,-7039.925,0.08541921487630744,842
3076,703520.0,-7035.199999999999,0.08535087950440638,842
3077,790562.5,-7905.624999999999,0.08528259880080286,842
3078,536672.5,-5366.725,0.08521437272176222,842
3079,680817.5,-6808.175,0.08514620122358481,842
3080,745000.0,-7450.0,0.08507808426260594,842
3081,832490.0,-8324.9,0.08501002179519584,842
3082,936327.5,-9363.274999999996,0.08494201377775969,842
3083,830190.0,-8301.899999999998,0.08487406016673747,842
3084,965475.0,-9654.749999999998,0.08480616091860409,842
3085,675312.5,-6753.125000000001,0.0847383159898692,842
3086,972520.0,-9725.199999999997,0.0846705253370773,842
3087,954252.5,-9542.525,0.08460278891680763,842
3088,853857.5,-8538.575000000003,0.08453510668567418,842
3089,777980.0,-7779.8,0.08446747860032564,842
3090,596122.5,-5961.2249999999985,0.08439990461744537,842
3091,622830.0,-6228.300000000001,0.08433238469375141,842
3092,510260.0,-5102.600000000001,0.08426491878599641,842
3093,624752.5,-6247.525,0.08419750685096762,842
3094,599030.0,-5990.299999999999,0.08413014884548685,842
3095,908265.0,-9082.65,0.08406284472641046,842
3096,737717.5,-7377.175000000001,0.08399559445062933,842
3097,754740.0,-7547.4,0.08392839797506883,842
3098,587645.0,-5876.450000000002,0.08386125525668878,842
3099,833367.5,-8333.674999999997,0.08379416625248343,842
3100,765340.0,-7653.400000000001,0.08372713091948143,842
3101,679390.0,-6793.900000000001,0.08366014921474585,842
3102,944340.0,-9443.400000000001,0.08359322109537405,842
3103,638182.5,-6381.825,0.08352634651849775,842
3104,687617.5,-6876.174999999998,0.08345952544128295,842
3105,835512.5,-8355.125000000002,0.08339275782092992,842
3106,550372.5,-5503.725000000001,0.08332604361467318,842
3107,686152.5,-6861.525000000001,0.08325938277978144,842
3108,698570.0,-6985.7,0.08319277527355762,842
3109,756720.0,-7567.2,0.08312622105333876,842
3110,480210.0,-4802.0999999999985,0.08305972007649609,842
3111,953470.0,-9534.699999999999,0.08299327230043489,842
3112,930450.0,-9304.499999999998,0.08292687768259455,842
3113,858372.5,-8583.725000000002,0.08286053618044847,842
3114,876350.0,-8763.5,0.08279424775150411,842
3115,857400.0,-8573.999999999998,0.0827280123533029,842
3116,742497.5,-7424.975,0.08266182994342026,842
3117,584260.0,-5842.600000000001,0.08259570047946553,842
3118,923075.0,-9230.750000000004,0.08252962391908196,842
3119,535302.5,-5353.025,0.0824636002199467,842
3120,790880.0,-7908.8,0.08239762933977074,842
3121,941527.5,-9415.275,0.08233171123629893,842
3122,801017.5,-8010.175,0.08226584586730988,842
3123,1072597.5,-10725.975,0.08220003319061603,842
3124,695285.0,-6952.849999999999,0.08213427316406353,842
3125,731907.5,-7319.075,0.08206856574553228,842
3126,854157.5,-8541.575,0.08200291089293586,842
3127,753847.5,-7538.475,0.08193730856422152,842
3128,608085.0,-6080.849999999999,0.08187175871737014,842
3129,703622.5,-7036.225000000002,0.08180626131039624,842
3130,980415.0,-9804.149999999998,0.08174081630134793,842
3131,793735.0,-7937.349999999999,0.08167542364830685,842
3132,610592.5,-6105.925000000002,0.0816100833093882,842
3133,795215.0,-7952.150000000001,0.08154479524274068,842
3134,905417.5,-9054.175,0.08147955940654648,842
3135,909662.5,-9096.624999999998,0.08141437575902125,842
3136,583390.0,-5833.899999999999,0.08134924425841403,842
3137,876475.0,-8764.749999999998,0.0812841648630073,842
3138,793780.0,-7937.8,0.08121913753111688,842
3139,763152.5,-7631.525000000001,0.081154162221092,842
3140,918755.0,-9187.549999999997,0.08108923889131511,842
3141,1072842.5,-10728.424999999997,0.08102436750020206,842
3142,599877.5,-5998.775,0.08095954800620189,842
3143,868165.0,-8681.65,0.08089478036779693,842
3144,772217.5,-7722.175,0.0808300645435027,842
3145,803587.5,-8035.875,0.0807654004918679,842
3146,832722.5,-8327.225,0.0807007881714744,842
3147,664507.5,-6645.075000000002,0.08063622754093722,842
3148,899965.0,-8999.649999999998,0.08057171855890446,842
3149,772990.0,-7729.899999999999,0.08050726118405734,842
3150,784110.0,-7841.1,0.08044285537511009,842
3151,726435.0,-7264.35,0.08037850109081,842
3152,925665.0,-9256.650000000001,0.08031419828993736,842
3153,788837.5,-7888.375,0.08024994693130541,842
3154,1022792.5,-10227.924999999997,0.08018574697376037,843
3155,957472.5,-9574.725,0.08012159837618135,843
3156,808317.5,-8083.174999999998,0.0800575010974804,843
3157,750180.0,-7501.8,0.07999345509660241,843
3158,802792.5,-8027.925000000002,0.07992946033252513,843
3159,567657.5,-5676.575000000002,0.0798655167642591,845
3160,920155.0,-9201.55,0.07980162435084769,845
3161,707210.0,-7072.100000000001,0.079737783051367,845
3162,1116827.5,-11168.275000000001,0.0796739928249259,845
3163,938062.5,-9380.625,0.07961025363066596,845
3164,597057.5,-5970.574999999999,0.07954656542776142,846
3165,959195.0,-9591.950000000003,0.07948292817541922,846
3166,629507.5,-6295.075000000002,0.07941934183287888,846
3167,888982.5,-8889.824999999999,0.07935580635941257,846
3168,631282.5,-6312.825,0.07929232171432504,846
3169,934027.5,-9340.275,0.07922888785695358,846
3170,610637.5,-6106.375,0.07916550474666802,846
3171,726660.0,-7266.599999999998,0.07910217234287067,847
3172,595027.5,-5950.275000000001,0.07903889060499637,847
3173,563042.5,-5630.425,0.07897565949251237,847
3174,941652.5,-9416.525000000001,0.07891247896491836,847
3175,585387.5,-5853.875,0.07884934898174642,847
3176,766502.5,-7665.025,0.07878626950256103,847
3177,868880.0,-8688.800000000001,0.07872324048695897,847
3178,832942.5,-8329.425,0.0786602618945694,847
3179,810800.0,-8107.999999999999,0.07859733368505374,847
3180,1092125.0,-10921.249999999996,0.0785344558181057,847
3181,843190.0,-8431.9,0.0784716282534512,847
3182,714577.5,-7145.775,0.07840885095084844,847
3183,689560.0,-6895.6,0.07834612387008777,847
3184,887860.0,-8878.6,0.0782834469709917,847
3185,661515.0,-6615.15,0.07822082021341491,847
3186,939787.5,-9397.875000000002,0.07815824355724417,847
3187,1058350.0,-10583.500000000002,0.07809571696239838,847
3188,876430.0,-8764.3,0.07803324038882846,847
3189,699970.0,-6999.700000000002,0.0779708137965174,847
3190,746095.0,-7460.950000000002,0.07790843714548018,848
3191,960405.0,-9604.049999999997,0.07784611039576379,848
3192,1066347.5,-10663.475000000002,0.07778383350744718,848
3193,916177.5,-9161.775,0.07772160644064122,848
3194,759442.5,-7594.425000000001,0.07765942915548871,848
3195,791872.5,-7918.725000000002,0.07759730161216431,848
3196,984717.5,-9847.175000000003,0.07753522377087457,848
3197,625087.5,-6250.874999999998,0.07747319559185788,848
3198,723070.0,-7230.700000000002,0.0774112170353844,849
3199,560245.0,-5602.449999999999,0.07734928806175609,849
3200,653115.0,-6531.15,0.07728740863130668,849
3201,858727.5,-8587.275000000001,0.07722557870440162,849
3202,822442.5,-8224.425000000001,0.0771637982414381,849
3203,619105.0,-6191.05,0.07710206720284495,849
3204,595577.5,-5955.774999999998,0.07704038554908267,849
3205,506060.0,-5060.599999999999,0.0769787532406434,849
3206,1274575.0,-12745.750000000002,0.07691717023805089,849
3207,730460.0,-7304.5999999999985,0.07685563650186045,850
3208,795267.5,-7952.675000000001,0.07679415199265896,850
3209,585302.5,-5853.0250000000015,0.07673271667106484,850
3210,721360.0,-7213.6,0.07667133049772798,850
3211,784715.0,-7847.1500000000015,0.07660999343332979,850
3212,758440.0,-7584.400000000001,0.07654870543858312,850
3213,1002085.0,-10020.850000000002,0.07648746647423225,850
3214,721862.5,-7218.624999999997,0.07642627650105287,850
3215,830737.5,-8307.375,0.07636513547985202,850
3216,684840.0,-6848.400000000001,0.07630404337146814,850
3217,638282.5,-6382.825000000002,0.07624300013677096,851
3218,783122.5,-7831.224999999999,0.07618200573666155,852
3219,745672.5,-7456.724999999999,0.07612106013207222,852
3220,760557.5,-7605.575000000001,0.07606016328396656,852
3221,741325.0,-7413.25,0.07599931515333938,852
3222,966175.0,-9661.749999999998,0.07593851570121671,852
3223,779082.5,-7790.825,0.07587776488865573,852
3224,954567.5,-9545.675000000001,0.0758170626767448,852
3225,823560.0,-8235.599999999997,0.07575640902660341,852
3226,699702.5,-6997.025000000001,0.07569580389938213,852
3227,880802.5,-8808.025000000003,0.07563524725626262,852
3228,1147610.0,-11476.099999999999,0.07557473905845762,852
3229,578712.5,-5787.124999999997,0.07551427926721085,852
3230,832520.0,-8325.199999999999,0.07545386784379708,852
3231,815237.5,-8152.375,0.07539350474952204,852
3232,743522.5,-7435.225000000003,0.07533318994572243,852
3233,670395.0,-6703.949999999998,0.07527292339376584,852
3234,775000.0,-7749.999999999999,0.07521270505505083,852
3235,792357.5,-7923.575,0.07515253489100679,852
3236,769085.0,-7690.850000000002,0.07509241286309398,854
3237,702145.0,-7021.450000000002,0.0750323389328035,854
3238,755555.0,-7555.550000000001,0.07497231306165726,854
3239,664587.5,-6645.875000000003,0.07491233521120794,854
3240,619747.5,-6197.474999999999,0.07485240534303897,854
3241,715105.0,-7151.049999999999,0.07479252341876454,854
3242,787112.5,-7871.124999999998,0.07473268940002953,854
3243,1040847.5,-10408.475000000002,0.0746729032485095,854
3244,820895.0,-8208.949999999999,0.07461316492591069,854
3245,1138410.0,-11384.100000000002,0.07455347439396996,854
3246,952975.0,-9529.750000000002,0.07449383161445479,854
3247,999880.0,-9998.8,0.07443423654916323,854
3248,1129622.5,-11296.225,0.0743746891599239,854
3249,620217.5,-6202.174999999997,0.07431518940859597,854
3250,625567.5,-6255.675,0.07425573725706909,854
3251,818707.5,-8187.074999999999,0.07419633266726343,854
3252,934550.0,-9345.500000000002,0.07413697560112961,854
3253,900920.0,-9009.2,0.0740776660206487,854
3254,917587.5,-9175.875,0.07401840388783218,854
3255,1043562.5,-10435.625,0.07395918916472191,854
3256,730365.0,-7303.649999999999,0.07390002181339013,854
3257,627417.5,-6274.175000000001,0.07384090179593941,854
3258,738032.5,-7380.324999999998,0.07378182907450266,854
3259,940690.0,-9406.899999999998,0.07372280361124306,855
3260,1112120.0,-11121.199999999999,0.07366382536835406,855
3261,715527.5,-7155.275000000001,0.07360489430805937,855
3262,917682.5,-9176.824999999999,0.07354601039261292,855
3263,837165.0,-8371.649999999998,0.07348717358429883,856
3264,790590.0,-7905.900000000001,0.07342838384543139,856
3265,822942.5,-8229.425,0.07336964113835505,856
3266,804802.5,-8048.025000000001,0.07331094542544436,856
3267,697387.5,-6973.875000000003,0.073252296669104,856
3268,625557.5,-6255.575,0.07319369483176871,856
3269,645057.5,-6450.575,0.0731351398759033,856
3270,780887.5,-7808.875000000001,0.07307663176400257,856
3271,626647.5,-6266.475,0.07301817045859137,856
3272,665937.5,-6659.375,0.07295975592222449,856
3273,1019882.5,-10198.824999999995,0.07290138811748671,857
3274,990377.5,-9903.774999999998,0.07284306700699272,857
3275,767582.5,-7675.824999999998,0.07278479255338713,857
3276,1188742.5,-11887.424999999997,0.07272656471934441,857
3277,838230.0,-8382.3,0.07266838346756893,857
3278,753715.0,-7537.150000000001,0.07261024876079487,858
3279,813745.0,-8137.450000000001,0.07255216056178623,858
3280,794895.0,-7948.949999999998,0.0724941188333368,858
3281,906280.0,-9062.8,0.07243612353827013,858
3282,1033720.0,-10337.199999999999,0.0723781746394395,858
3283,797982.5,-7979.824999999999,0.07232027209972795,859
3284,605567.5,-6055.674999999999,0.07226241588204817,859
3285,926672.5,-9266.724999999999,0.07220460594934253,859
3286,864305.0,-8643.050000000001,0.07214684226458305,860
3287,1160905.0,-11609.05,0.07208912479077138,860
3288,868020.0,-8680.2,0.07203145349093877,860
3289,989035.0,-9890.35,0.07197382832814601,860
3290,773377.5,-7733.775000000003,0.0719162492654835,861
3291,800817.5,-8008.175,0.07185871626607111,861
3292,767592.5,-7675.924999999997,0.07180122929305825,861
3293,858527.5,-8585.275,0.0717437883096238,861
3294,957577.5,-9575.774999999998,0.07168639327897611,861
3295,939640.0,-9396.399999999998,0.07162904416435292,861
3296,829020.0,-8290.199999999999,0.07157174092902144,861
3297,867117.5,-8671.175000000001,0.07151448353627822,861
3298,1182872.5,-11828.725000000002,0.0714572719494492,861
3299,1132375.0,-11323.750000000002,0.07140010613188964,861
3300,801177.5,-8011.775000000001,0.07134298604698414,861
3301,720007.5,-7200.075,0.07128591165814654,861
3302,815960.0,-8159.6,0.07122888292882003,861
3303,629570.0,-6295.700000000001,0.07117189982247697,861
3304,842800.0,-8428.0,0.07111496230261899,861
3305,960387.5,-9603.875,0.07105807033277689,861
3306,1111952.5,-11119.525000000003,0.07100122387651067,861
3307,1338175.0,-13381.750000000007,0.07094442289740946,861
3308,772375.0,-7723.75,0.07088766735909154,861
3309,923505.0,-9235.05,0.07083095722520426,861
3310,850920.0,-8509.199999999999,0.0707742924594241,861
3311,647582.5,-6475.825000000001,0.07071767302545656,861
3312,783445.0,-7834.45,0.0706610988870362,861
3313,658787.5,-6587.875000000001,0.07060457000792657,861
3314,750192.5,-7501.924999999999,0.07054808635192023,861
3315,936190.0,-9361.899999999998,0.07049164788283868,861
3316,838445.0,-8384.449999999999,0.07043525456453241,861
3317,611535.0,-6115.349999999999,0.07037890636088079,861
3318,926487.5,-9264.875000000002,0.07032260323579208,861
3319,723915.0,-7239.149999999999,0.07026634515320344,861
3320,789242.5,-7892.425000000001,0.07021013207708088,861
3321,878127.5,-8781.275000000001,0.07015396397141921,861
3322,744942.5,-7449.425000000003,0.07009784080024208,861
3323,889177.5,-8891.775,0.07004176252760189,861
3324,1345740.0,-13457.400000000003,0.0699857291175798,861
3325,775690.0,-7756.9,0.06992974053428574,861
3326,701732.5,-7017.325,0.06987379674185831,861
3327,877047.5,-8770.475,0.06981789770446482,861
3328,969540.0,-9695.4,0.06976204338630125,861
3329,667225.0,-6672.25,0.06970623375159221,861
3330,564502.5,-5645.0250000000015,0.06965046876459094,861
3331,831215.0,-8312.150000000001,0.06959474838957927,861
3332,652682.5,-6526.825000000002,0.0695390725908676,861
3333,821202.5,-8212.025000000001,0.0694834413327949,861
3334,557490.0,-5574.900000000001,0.06942785457972867,861
3335,670562.5,-6705.625000000002,0.06937231229606489,861
3336,732067.5,-7320.675,0.06931681444622803,861
3337,798422.5,-7984.225000000001,0.06926136099467105,861
3338,871905.0,-8719.05,0.06920595190587531,861
3339,877607.5,-8776.074999999999,0.0691505871443506,861
3340,735100.0,-7351.0,0.06909526667463511,861
3341,689375.0,-6893.749999999998,0.0690399904612954,861
3342,574882.5,-5748.825,0.06898475846892636,861
3343,828972.5,-8289.725,0.06892957066215122,861
3344,620212.5,-6202.124999999998,0.06887442700562149,861
3345,775457.5,-7754.575000000002,0.06881932746401699,861
3346,659450.0,-6594.499999999999,0.06876427200204578,861
3347,762825.0,-7628.25,0.06870926058444414,861
3348,585030.0,-5850.300000000001,0.06865429317597659,861
3349,648770.0,-6487.700000000002,0.06859936974143581,861
3350,656672.5,-6566.725000000002,0.06854449024564266,861
3351,591150.0,-5911.5,0.06848965465344614,862
3352,732862.5,-7328.625000000001,0.06843486292972338,862
3353,785785.0,-7857.850000000001,0.0683801150393796,862
3354,618165.0,-6181.650000000003,0.06832541094734809,862
3355,663805.0,-6638.050000000002,0.06827075061859021,862
3356,927935.0,-9279.35,0.06821613401809534,862
3357,804105.0,-8041.049999999998,0.06816156111088087,862
3358,561080.0,-5610.799999999999,0.06810703186199216,862
3359,754515.0,-7545.15,0.06805254623650256,862
3360,689437.5,-6894.375,0.06799810419951335,862
3361,922060.0,-9220.6,0.06794370571615374,862
3362,891430.0,-8914.3,0.06788935075158081,862
3363,695237.5,-6952.375000000002,0.06783503927097954,862
3364,715210.0,-7152.1,0.06778077123956276,862
3365,627600.0,-6276.000000000002,0.0677265466225711,862
3366,1042522.5,-10425.224999999999,0.06767236538527305,862
3367,774467.5,-7744.674999999999,0.06761822749296482,862
3368,630165.0,-6301.649999999999,0.06756413291097045,862
3369,524887.5,-5248.875,0.06751008160464167,862
3370,675865.0,-6758.65,0.06745607353935795,862
3371,548377.5,-5483.775000000001,0.06740210868052647,862
3372,674117.5,-6741.175,0.06734818699358205,862
3373,511852.5,-5118.525,0.06729430844398719,862
3374,599107.5,-5991.075000000002,0.067240472997232,862
3375,863410.0,-8634.099999999999,0.06718668061883422,862
3376,533357.5,-5333.575000000001,0.06713293127433916,862
3377,841895.0,-8418.949999999999,0.06707922492931968,862
3378,1119165.0,-11191.650000000001,0.06702556154937622,862
3379,685585.0,-6855.849999999999,0.06697194110013673,862
3380,900682.5,-9006.824999999997,0.06691836354725661,862
3381,767205.0,-7672.049999999998,0.0668648288564188,862
3382,863080.0,-8630.8,0.06681133699333366,862
3383,691195.0,-6911.949999999999,0.06675788792373899,862
3384,715130.0,-7151.3,0.0667044816134,862
3385,953107.5,-9531.075,0.06665111802810927,862
3386,752137.5,-7521.375,0.06659779713368678,862
3387,1112905.0,-11129.050000000001,0.06654451889597983,862
3388,850842.5,-8508.425,0.06649128328086304,862
3389,1002302.5,-10023.025000000001,0.06643809025423834,862
3390,867022.5,-8670.225000000002,0.06638493978203495,863
3391,706467.5,-7064.674999999999,0.06633183183020933,863
3392,651505.0,-6515.0499999999965,0.06627876636474515,863
3393,732452.5,-7324.5250000000015,0.06622574335165336,864
3394,1186185.0,-11861.850000000002,0.06617276275697204,864
3395,709202.5,-7092.0250000000015,0.06611982454676646,864
3396,911455.0,-9114.550000000001,0.06606692868712905,864
3397,765427.5,-7654.275,0.06601407514417934,864
3398,608860.0,-6088.6,0.065961263884064,864
3399,735405.0,-7354.05,0.06590849487295675,864
3400,1135570.0,-11355.7,0.06585576807705838,864
3401,914690.0,-9146.9,0.06580308346259674,864
3402,953427.5,-9534.275,0.06575044099582666,864
3403,1070660.0,-10706.6,0.06569784064303,864
3404,871310.0,-8713.1,0.06564528237051558,864
3405,1124470.0,-11244.7,0.06559276614461916,864
3406,1142257.5,-11422.575,0.06554029193170346,864
3407,991307.5,-9913.074999999999,0.0654878596981581,864
3408,917390.0,-9173.9,0.06543546941039957,864
3409,1235590.0,-12355.9,0.06538312103487125,864
3410,1045722.5,-10457.225,0.06533081453804335,864
3411,848167.5,-8481.675000000001,0.0652785498864129,864
3412,895417.5,-8954.175000000001,0.06522632704650377,864
3413,608207.5,-6082.075000000001,0.06517414598486657,864
3414,973767.5,-9737.675,0.06512200666807867,864
3415,1247555.0,-12475.55,0.06506990906274421,864
3416,676045.0,-6760.449999999998,0.065017853135494,864
3417,843595.0,-8435.95,0.06496583885298561,864
3418,518482.5,-5184.825000000001,0.06491386618190322,864
3419,859417.5,-8594.175,0.0648619350889577,864
3420,1200745.0,-12007.450000000003,0.06481004554088653,864
3421,664742.5,-6647.425,0.06475819750445382,864
3422,927120.0,-9271.2,0.06470639094645025,864
3423,1049837.5,-10498.375000000002,0.0646546258336931,864
3424,1018942.5,-10189.425000000001,0.06460290213302614,864
3425,1052600.0,-10526.000000000002,0.06455121981131971,864
3426,874535.0,-8745.35,0.06449957883547065,864
3427,1221327.5,-12213.275000000001,0.06444797917240228,864
3428,1143022.5,-11430.224999999999,0.06439642078906435,864
3429,581610.0,-5816.100000000003,0.0643449036524331,864
3430,978132.5,-9781.325,0.06429342772951116,864
3431,731362.5,-7313.625,0.06424199298732755,864
3432,1018992.5,-10189.924999999997,0.06419059939293768,864
3433,814105.0,-8141.050000000001,0.06413924691342333,864
3434,1039347.5,-10393.475,0.06408793551589259,864
3435,993820.0,-9938.2,0.06403666516747987,864
3436,626110.0,-6261.1,0.06398543583534588,864
3437,914680.0,-9146.8,0.0639342474866776,864
3438,1072715.0,-10727.150000000005,0.06388310008868826,864
3439,786545.0,-7865.449999999999,0.06383199360861731,864
3440,903007.5,-9030.075,0.06378092801373042,864
3441,912157.5,-9121.575,0.06372990327131943,864
3442,818782.5,-8187.824999999999,0.06367891934870237,864
3443,970422.5,-9704.225000000002,0.06362797621322341,864
3444,545400.0,-5454.0,0.06357707383225283,864
3445,746427.5,-7464.275,0.06352621217318703,864
3446,518070.0,-5180.699999999998,0.06347539120344849,864
3447,598137.5,-5981.375,0.06342461089048572,864
3448,736372.5,-7363.724999999999,0.06337387120177333,864
3449,524750.0,-5247.500000000001,0.0633231721048119,865
3450,609760.0,-6097.5999999999985,0.06327251356712806,865
3451,659527.5,-6595.275000000001,0.06322189555627435,865
3452,506675.0,-5066.75,0.06317131803982932,865
3453,1211957.5,-12119.574999999999,0.06312078098539746,865
3454,387527.5,-3875.2750000000005,0.06307028436060914,865
3455,443737.5,-4437.375000000001,0.06301982813312065,865
3456,460540.0,-4605.4,0.06296941227061416,865
3457,652390.0,-6523.9,0.06291903674079767,865
3458,882690.0,-8826.899999999998,0.06286870151140503,865
3459,549862.5,-5498.625000000001,0.06281840655019591,865
3460,549182.5,-5491.824999999998,0.06276815182495575,865
3461,505892.5,-5058.925000000001,0.06271793730349579,865
3462,896997.5,-8969.975,0.06266776295365299,865
3463,611312.5,-6113.125,0.06261762874329006,865
3464,841402.5,-8414.025000000001,0.06256753464029544,865
3465,743272.5,-7432.725000000001,0.06251748061258319,865
3466,602372.5,-6023.725000000001,0.062467466628093125,865
3467,580107.5,-5801.075000000002,0.06241749265479065,865
3468,641722.5,-6417.224999999999,0.062367558660666816,865
3469,547445.0,-5474.450000000001,0.062317664613738284,865
3470,687702.5,-6877.025000000001,0.06226781048204729,865
3471,747075.0,-7470.749999999999,0.06221799623366165,866
3472,1074020.0,-10740.199999999999,0.06216822183667472,866
3473,552160.0,-5521.6,0.06211848725920538,867
3474,610807.5,-6108.075000000002,0.06206879246939801,867
3475,790080.0,-7900.799999999997,0.06201913743542249,867
3476,742362.5,-7423.624999999999,0.06196952212547415,867
3477,1142835.0,-11428.35,0.06191994650777377,867
3478,988757.5,-9887.575000000003,0.06187041055056755,867
3479,768505.0,-7685.05,0.06182091422212709,867
3480,1063707.5,-10637.075,0.06177145749074939,867
3481,657272.5,-6572.724999999999,0.06172204032475679,867
3482,656417.5,-6564.175000000002,0.06167266269249698,867
3483,705205.0,-7052.05,0.06162332456234298,867
3484,785617.5,-7856.175,0.061574025902693105,867
3485,1032870.0,-10328.7,0.06152476668197095,867
3486,624210.0,-6242.0999999999985,0.061475546868625365,867
3487,788705.0,-7887.050000000001,0.06142636643113046,867
3488,648905.0,-6489.049999999999,0.06137722533798556,867
3489,1147352.5,-11473.525,0.061328123557715164,867
3490,1019395.0,-10193.95,0.06127906105886899,867
3491,555297.5,-5552.975,0.06123003781002189,867
3492,734190.0,-7341.9,0.06118105377977387,867
3493,735315.0,-7353.15,0.06113210893675005,867
3494,860660.0,-8606.6,0.06108320324960065,867
3495,752512.5,-7525.124999999999,0.061034336687000965,867
3496,1013760.0,-10137.6,0.06098550921765136,867
3497,676097.5,-6760.974999999999,0.06093672081027724,867
3498,879065.0,-8790.649999999998,0.06088797143362902,867
3499,598785.0,-5987.849999999999,0.060839261056482116,867
3500,595492.5,-5954.925000000001,0.06079058964763693,867
3501,776820.0,-7768.199999999999,0.06074195717591882,867
3502,1267367.5,-12673.675,0.06069336361017808,867
3503,1024715.0,-10247.15,0.06064480891928994,867
3504,858777.5,-8587.775,0.06059629307215451,867
3505,774695.0,-7746.95,0.06054781603769678,867
3506,681810.0,-6818.0999999999985,0.06049937778486662,867
3507,757592.5,-7575.925,0.06045097828263873,867
3508,668042.5,-6680.425000000002,0.06040261750001261,867
3509,667327.5,-6673.275000000002,0.0603542954060126,867
3510,820582.5,-8205.825,0.06030601196968779,867
3511,896880.0,-8968.8,0.06025776716011204,867
3512,993975.0,-9939.75,0.060209560946383946,867
3513,780967.5,-7809.675000000002,0.06016139329762684,867
3514,762355.0,-7623.549999999998,0.060113264182988735,867
3515,972592.5,-9725.925000000001,0.060065173571642344,867
3516,686442.5,-6864.424999999997,0.06001712143278503,867
3517,1013472.5,-10134.724999999999,0.0599691077356388,867
3518,595412.5,-5954.125000000002,0.05992113244945029,867
3519,1106850.0,-11068.500000000002,0.05987319554349073,867
3520,627630.0,-6276.299999999999,0.05982529698705594,867
3521,650750.0,-6507.500000000001,0.05977743674946629,867
3522,707265.0,-7072.650000000001,0.059729614800066715,867
3523,721292.5,-7212.924999999999,0.05968183110822666,867
3524,895555.0,-8955.550000000003,0.05963408564334008,867
3525,763387.5,-7633.875000000003,0.0595863783748254,867
3526,1196890.0,-11968.9,0.05953870927212554,867
3527,592247.5,-5922.475,0.05949107830470784,867
3528,794797.5,-7947.975000000001,0.05944348544206407,867
3529,906925.0,-9069.249999999998,0.05939593065371042,867
3530,812727.5,-8127.274999999998,0.05934841390918745,867
3531,642417.5,-6424.175,0.0593009351780601,867
3532,513030.0,-5130.299999999997,0.059253494429917654,867
3533,945665.0,-9456.650000000001,0.059206091634373716,867
3534,575167.5,-5751.675000000001,0.05915872676106622,867
3535,1077480.0,-10774.800000000001,0.05911139977965736,868
3536,765082.5,-7650.825000000001,0.059064110659833635,868
3537,756080.0,-7560.800000000002,0.05901685937130577,868
3538,1236830.0,-12368.299999999997,0.05896964588380872,868
3539,771435.0,-7714.35,0.05892247016710167,868
3540,769720.0,-7697.199999999999,0.05887533219096799,868
3541,561885.0,-5618.849999999999,0.05882823192521521,868
3542,791132.5,-7911.325,0.05878116933967504,868
3543,864872.5,-8648.725,0.0587341444042033,868
3544,819220.0,-8192.2,0.058687157088679935,868
3545,915877.5,-9158.774999999998,0.05864020736300899,868
3546,856147.5,-8561.474999999999,0.05859329519711858,868
3547,778342.5,-7783.425000000001,0.058546420560960884,868
3548,618417.5,-6184.174999999999,0.058499583424512114,868
3549,626312.5,-6263.124999999999,0.058452783757772506,868
3550,1314577.5,-13145.775,0.05840602153076629,868
3551,739505.0,-7395.05,0.058359296713541675,868
3552,700257.5,-7002.575000000001,0.05831260927617084,868
3553,664600.0,-6646.0,0.0582659591887499,868
3554,601797.5,-6017.975,0.05821934642139889,868
3555,997262.5,-9972.624999999998,0.05817277094426177,868
3556,1217605.0,-12176.05,0.05812623272750636,868
3557,836322.5,-8363.225,0.05807973174132435,868
3558,1003770.0,-10037.699999999999,0.05803326795593129,868
3559,1021732.5,-10217.324999999997,0.05798684134156654,868
3560,728852.5,-7288.525000000001,0.05794045186849329,868
3561,656685.0,-6566.85,0.05789409950699849,868
3562,491580.0,-4915.799999999998,0.05784778422739289,868
3563,513137.5,-5131.375000000002,0.05780150600001097,868
3564,639757.5,-6397.575,0.05775526479521096,868
3565,814150.0,-8141.5,0.05770906058337479,868
3566,690170.0,-6901.699999999999,0.057662893334908094,868
3567,860930.0,-8609.300000000001,0.057616763020240165,868
3568,720907.5,-7209.075000000002,0.057570669609823974,868
3569,488747.5,-4887.475,0.057524613074136116,868
3570,678477.5,-6784.775,0.05747859338367681,868
3571,445395.0,-4453.950000000001,0.05743261050896986,868
3572,542135.0,-5421.350000000001,0.057386664420562686,868
3573,1345205.0,-13452.050000000001,0.05734075508902623,868
3574,531325.0,-5313.249999999999,0.05729488248495501,869
3575,759305.0,-7593.05,0.057249046578967046,869
3576,687717.5,-6877.175,0.05720324734170387,869
3577,615547.5,-6155.475,0.057157484743830506,869
3578,845262.5,-8452.625000000002,0.05711175875603544,869
3579,487225.0,-4872.249999999998,0.057066069349030614,869
3580,869425.0,-8694.249999999998,0.05702041649355139,870
3581,934490.0,-9344.9,0.05697480016035655,870
3582,626445.0,-6264.449999999999,0.05692922032022826,870
3583,791495.0,-7914.950000000001,0.05688367694397208,871
3584,704647.5,-7046.475000000001,0.0568381700024169,871
3585,1084657.5,-10846.575,0.056792699466414964,872
3586,1001775.0,-10017.75,0.05674726530684183,872
3587,821567.5,-8215.675000000003,0.05670186749459635,872
3588,842142.5,-8421.425,0.056656506000600675,872
3589,823505.0,-8235.049999999997,0.056611180795800194,872
3590,615212.5,-6152.124999999999,0.05656589185116355,872
3591,1142600.0,-11426.000000000002,0.05652063913768262,872
3592,668295.0,-6682.950000000001,0.05647542262637247,872
3593,637620.0,-6376.200000000002,0.05643024228827137,872
3594,892870.0,-8928.699999999999,0.056385098094440755,872
3595,767007.5,-7670.075000000001,0.0563399900159652,872
3596,834100.0,-8341.000000000002,0.05629491802395243,872
3597,947747.5,-9477.475,0.056249882089533264,872
3598,870672.5,-8706.725,0.05620488218386164,872
3599,1002420.0,-10024.199999999999,0.05615991827811455,872
3600,627105.0,-6271.050000000001,0.05611499034349206,872
3601,867365.0,-8673.65,0.05607009835121726,872
3602,614420.0,-6144.2,0.05602524227253629,872
3603,757612.5,-7576.124999999999,0.055980422078718256,872
3604,816010.0,-8160.1,0.05593563774105528,872
3605,748542.5,-7485.424999999999,0.05589088923086244,872
3606,810300.0,-8103.0,0.05584617651947775,872
3607,894867.5,-8948.675,0.055801499578262165,872
3608,586887.5,-5868.874999999996,0.055756858378599554,872
3609,705190.0,-7051.900000000001,0.05571225289189667,872
3610,803085.0,-8030.850000000001,0.055667683089583156,872
3611,699582.5,-6995.825,0.05562314894311149,872
3612,783272.5,-7832.725000000001,0.055578650423957,872
3613,979157.5,-9791.574999999999,0.055534187503617834,872
3614,651902.5,-6519.025,0.05548976015361494,872
3615,634372.5,-6343.724999999999,0.055445368345492047,873
3616,621542.5,-6215.424999999999,0.05540101205081565,874
3617,772597.5,-7725.975,0.055356691241174996,874
3618,858585.0,-8585.849999999999,0.05531240588818206,874
3619,500542.5,-5005.425,0.05526815596347151,875
3620,571025.0,-5710.250000000003,0.055223941438700734,875
3621,1093525.0,-10935.250000000004,0.05517976228554977,875
3622,763442.5,-7634.425000000001,0.05513561847572133,875
3623,1164602.5,-11646.025000000001,0.05509150998094075,875
3624,849800.0,-8498.0,0.055047436772955996,875
3625,566820.0,-5668.200000000001,0.05500339882353763,875
3626,840495.0,-8404.949999999999,0.054959396104478794,875
3627,582915.0,-5829.150000000001,0.05491542858759521,875
3628,764837.5,-7648.375000000004,0.054871496244725135,875
3629,968425.0,-9684.25,0.05482759904772935,875
3630,735347.5,-7353.474999999997,0.05478373696849117,875
3631,1027085.0,-10270.85,0.054739909978916375,875
3632,784417.5,-7844.175,0.05469611805093324,875
3633,844562.5,-8445.624999999998,0.05465236115649249,875
3634,702150.0,-7021.500000000002,0.054608639267567295,875
3635,749950.0,-7499.5,0.05456495235615324,875
3636,792717.5,-7927.175000000001,0.054521300394268314,875
3637,811487.5,-8114.875,0.0544776833539529,875
3638,653342.5,-6533.425,0.054434101207269735,875
3639,986077.5,-9860.775,0.05439055392630392,875
3640,711170.0,-7111.699999999999,0.05434704148316287,875
3641,725447.5,-7254.4749999999985,0.05430356384997634,875
3642,568165.0,-5681.65,0.054260120998896356,875
3643,1132152.5,-11321.525000000005,0.05421671290209724,875
3644,724697.5,-7246.974999999999,0.054173339531775555,875
3645,815092.5,-8150.924999999999,0.054130000860150136,875
3646,754467.5,-7544.674999999999,0.05408669685946201,875
3647,989815.0,-9898.150000000001,0.05404342750197444,875
3648,974517.5,-9745.175000000001,0.05400019275997286,875
3649,936045.0,-9360.449999999999,0.05395699260576488,875
3650,724015.0,-7240.149999999998,0.053913827011680265,875
3651,1072735.0,-10727.35,0.05387069595007092,875
3652,666035.0,-6660.35,0.05382759939331086,875
3653,637617.5,-6376.174999999998,0.05378453731379621,875
3654,919547.5,-9195.475,0.05374150968394517,875
3655,644747.5,-6447.474999999999,0.05369851647619801,875
3656,887430.0,-8874.300000000001,0.05365555766301705,875
3657,577340.0,-5773.4000000000015,0.05361263321688663,876
3658,843440.0,-8434.4,0.05356974311031312,876
3659,584420.0,-5844.2,0.05352688731582487,876
3660,684567.5,-6845.674999999999,0.05348406580597221,876
3661,773127.5,-7731.275,0.053441278553327434,876
3662,885807.5,-8858.074999999999,0.05339852553048477,876
3663,1096707.5,-10967.074999999999,0.05335580671006038,876
3664,773890.0,-7738.899999999996,0.053313122064692325,876
3665,791010.0,-7910.099999999999,0.05327047156704057,876
3666,1030425.0,-10304.25,0.053227855189786934,876
3667,748527.5,-7485.2750000000015,0.0531852729056351,876
3668,900245.0,-9002.45,0.05314272468731059,876
3669,684717.5,-6847.175000000003,0.053100210507560745,876
3670,652190.0,-6521.900000000002,0.053057730339154695,876
3671,683845.0,-6838.449999999998,0.05301528415488337,876
3672,737290.0,-7372.900000000002,0.052972871927559464,876
3673,758562.5,-7585.624999999998,0.052930493630017415,876
3674,684872.5,-6848.725,0.0528881492351134,876
3675,916347.5,-9163.475,0.05284583871572531,876
3676,930290.0,-9302.900000000001,0.05280356204475273,876
3677,709027.5,-7090.275,0.052761319195116924,876
3678,616655.0,-6166.55,0.05271911013976083,877
3679,696320.0,-6963.200000000001,0.05267693485164902,877
3680,625652.5,-6256.525000000001,0.0526347933037677,877
3681,944370.0,-9443.7,0.052592685469124684,877
3682,770095.0,-7700.950000000001,0.05255061132074938,877
3683,736410.0,-7364.1,0.05250857083169278,877
3684,515105.0,-5151.05,0.05246656397502743,877
3685,658437.5,-6584.374999999999,0.052424590723847406,878
3686,520105.0,-5201.049999999999,0.052382651051268325,878
3687,780640.0,-7806.400000000001,0.052340744930427306,878
3688,865730.0,-8657.300000000003,0.052298872334482965,878
3689,781597.5,-7815.975000000001,0.052257033236615374,879
3690,951375.0,-9513.75,0.05221522761002608,879
3691,850395.0,-8503.949999999999,0.05217345542793806,880
3692,664587.5,-6645.875000000001,0.05213171666359571,880
3693,1003747.5,-10037.475,0.05209001129026483,880
3694,807565.0,-8075.650000000002,0.05204833928123262,880
3695,871500.0,-8715.0,0.05200670060980763,880
3696,609897.5,-6098.9749999999985,0.05196509524931978,880
3697,654037.5,-6540.375,0.05192352317312032,880
3698,667225.0,-6672.250000000002,0.05188198435458183,880
3699,723382.5,-7233.825,0.05184047876709816,880
3700,724307.5,-7243.074999999998,0.05179900638408448,880
3701,508370.0,-5083.7,0.05175756717897721,880
3702,578455.0,-5784.549999999999,0.05171616112523403,880
3703,919777.5,-9197.775,0.05167478819633384,880
3704,647492.5,-6474.925000000003,0.05163344836577677,880
3705,1115325.0,-11153.249999999996,0.05159214160708415,880
3706,698140.0,-6981.4,0.05155086789379848,880
3707,739682.5,-7396.824999999999,0.05150962719948344,880
3708,938537.5,-9385.375,0.05146841949772385,880
3709,700665.0,-7006.6500000000015,0.05142724476212567,880
3710,781560.0,-7815.6,0.05138610296631597,880
3711,992642.5,-9926.425,0.05134499408394291,880
3712,1006290.0,-10062.900000000001,0.05130391808867576,880
3713,961687.5,-9616.874999999998,0.05126287495420482,880
3714,922845.0,-9228.449999999997,0.05122186465424145,880
3715,935207.5,-9352.074999999999,0.051180887162518056,880
3716,845920.0,-8459.199999999999,0.05113994245278804,880
3717,1074227.5,-10742.275000000001,0.051099030498825804,880
3718,638727.5,-6387.275,0.05105815127442674,880
3719,837877.5,-8378.775000000001,0.0510173047534072,880
3720,627217.5,-6272.175000000001,0.05097649090960447,881
3721,821342.5,-8213.425,0.05093570971687678,881
3722,874147.5,-8741.474999999999,0.05089496114910328,881
3723,689850.0,-6898.499999999999,0.050854245180184,881
3724,913525.0,-9135.249999999998,0.050813561784039854,882
3725,828720.0,-8287.199999999999,0.05077291093461262,882
3726,689717.5,-6897.174999999998,0.05073229260586493,882
3727,528625.0,-5286.25,0.05069170677178024,882
3728,803360.0,-8033.599999999999,0.050651153406362816,882
3729,709675.0,-7096.749999999998,0.05061063248363772,882
3730,980092.5,-9800.925000000003,0.05057014397765081,882
3731,778287.5,-7782.875000000002,0.05052968786246869,882
3732,869125.0,-8691.25,0.05048926411217872,882
3733,715917.5,-7159.175000000003,0.05044887270088897,882
3734,679855.0,-6798.55,0.05040851360272826,882
3735,715897.5,-7158.974999999999,0.05036818679184608,882
3736,697005.0,-6970.049999999999,0.050327892242412596,882
3737,632590.0,-6325.9000000000015,0.05028762992861866,882
3738,737500.0,-7374.999999999999,0.05024739982467576,882
3739,688815.0,-6888.149999999999,0.05020720190481602,882
3740,1037302.5,-10373.024999999998,0.05016703614329217,882
3741,1101975.0,-11019.75,0.050126902514377535,882
3742,1054477.5,-10544.775,0.05008680099236603,882
3743,698685.0,-6986.849999999999,0.05004673155157214,882
3744,868147.5,-8681.475000000002,0.05000669416633088,883
3745,892312.5,-8923.125000000004,0.04996668881099781,883
3746,722895.0,-7228.95,0.04992671545994901,883
3747,607535.0,-6075.35,0.049886774087581055,883
3748,802035.0,-8020.350000000001,0.04984686466831099,883
3749,789912.5,-7899.125000000001,0.04980698717657634,883
3750,733170.0,-7331.699999999999,0.04976714158683508,883
3751,708600.0,-7086.000000000001,0.04972732787356561,883
3752,708035.0,-7080.349999999997,0.04968754601126676,883
3753,865632.5,-8656.325,0.049647795974457745,883
3754,956345.0,-9563.45,0.049608077737678176,883
3755,937322.5,-9373.225,0.04956839127548803,883
3756,803397.5,-8033.9749999999985,0.04952873656246764,883
3757,803337.5,-8033.375,0.04948911357321766,883
3758,647612.5,-6476.125,0.04944952228235909,883
3759,671957.5,-6719.574999999999,0.0494099626645332,883
3760,730650.0,-7306.499999999998,0.049370434694401576,883
3761,508645.0,-5086.449999999998,0.04933093834664605,883
3762,1160452.5,-11604.525000000001,0.049291473595968735,883
3763,774665.0,-7746.649999999998,0.04925204041709196,883
3764,796747.5,-7967.475000000001,0.04921263878475829,883
3765,495857.5,-4958.574999999999,0.04917326867373048,883
3766,773910.0,-7739.1,0.04913393005879149,883
3767,726470.0,-7264.700000000001,0.04909462291474446,883
3768,821885.0,-8218.849999999999,0.049055347216412665,883
3769,771242.5,-7712.425,0.04901610293863953,883
3770,844317.5,-8443.175000000001,0.04897689005628862,883
3771,650652.5,-6506.524999999998,0.04893770854424359,883
3772,589072.5,-5890.725000000001,0.0488985583774082,883
3773,695382.5,-6953.825,0.04885943953070627,884
3774,675850.0,-6758.499999999999,0.0488203519790817,884
3775,881735.0,-8817.35,0.048781295697498436,884
3776,985110.0,-9851.1,0.04874227066094044,884
3777,723385.0,-7233.849999999999,0.04870327684441168,884
3778,502872.5,-5028.725,0.048664314222936156,884
3779,813775.0,-8137.75,0.048625382771557805,884
3780,396632.5,-3966.3250000000003,0.04858648246534056,884
3781,500342.5,-5003.425,0.04854761327936828,884
3782,614345.0,-6143.449999999999,0.04850877518874479,884
3783,354410.0,-3544.0999999999995,0.048469968168593794,884
3784,534595.0,-5345.950000000001,0.04843119219405892,884
3785,600535.0,-6005.35,0.04839244724030367,885
3786,560060.0,-5600.5999999999985,0.04835373328251143,885
3787,632710.0,-6327.100000000002,0.04831505029588542,885
3788,930650.0,-9306.5,0.04827639825564871,885
3789,749660.0,-7496.599999999999,0.04823777713704419,885
3790,765867.5,-7658.675000000001,0.048199186915334556,885
3791,756977.5,-7569.775,0.048160627565802284,885
3792,1163252.5,-11632.524999999998,0.04812209906374964,885
3793,664070.0,-6640.7,0.04808360138449864,885
3794,648335.0,-6483.349999999999,0.04804513450339104,885
3795,879655.0,-8796.55,0.048006698395788326,885
3796,612067.5,-6120.675000000003,0.047968293037071695,885
3797,730940.0,-7309.399999999998,0.04792991840264204,885
3798,493315.0,-4933.149999999999,0.047891574467919924,885
3799,495817.5,-4958.174999999998,0.047853261208345585,885
3800,468512.5,-4685.125000000001,0.04781497859937891,885
3801,583137.5,-5831.375000000001,0.047776726616499406,885
3802,671837.5,-6718.374999999999,0.0477385052352062,885
3803,833865.0,-8338.650000000001,0.047700314431018034,885
3804,682392.5,-6823.925,0.04766215417947322,885
3805,607222.5,-6072.225,0.04762402445612964,885
3806,793935.0,-7939.35,0.047585925236564734,885
3807,771960.0,-7719.5999999999985,0.04754785649637548,885
3808,1055917.5,-10559.175000000001,0.04750981821117838,885
3809,1064170.0,-10641.7,0.04747181035660944,885
3810,772617.5,-7726.175,0.047433832908324154,885
3811,814427.5,-8144.275000000001,0.04739588584199749,885
3812,674267.5,-6742.674999999999,0.04735796913332389,885
3813,617030.0,-6170.3,0.04732008275801723,885
3814,688330.0,-6883.299999999999,0.047282226691810814,885
3815,814125.0,-8141.25,0.04724440091045736,885
3816,720382.5,-7203.825,0.04720660538972899,885
3817,952842.5,-9528.425000000001,0.047168840105417206,885
3818,995280.0,-9952.8,0.04713110503333287,885
3819,749880.0,-7498.799999999998,0.0470934001493062,885
3820,959302.5,-9593.025000000001,0.047055725429186755,885
3821,1138615.0,-11386.150000000001,0.0470180808488434,885
3822,654250.0,-6542.5,0.046980466384164324,885
3823,877962.5,-8779.625,0.046942882011056994,885
3824,724710.0,-7247.100000000001,0.04690532770544815,885
3825,582610.0,-5826.099999999997,0.04686780344328379,885
3826,1152830.0,-11528.300000000001,0.04683030920052916,885
3827,835305.0,-8353.05,0.04679284495316874,885
3828,931720.0,-9317.200000000003,0.046755410677206205,885
3829,1029007.5,-10290.075,0.04671800634866444,885
3830,715062.5,-7150.624999999999,0.0466806319435855,885
3831,783975.0,-7839.75,0.04664328743803063,885
3832,683025.0,-6830.249999999997,0.0466059728080802,885
3833,929967.5,-9299.675,0.04656868802983374,885
3834,799957.5,-7999.575000000001,0.04653143307940987,885
3835,710337.5,-7103.374999999999,0.04649420793294634,885
3836,782532.5,-7825.324999999999,0.04645701256659998,885
3837,445697.5,-4456.9749999999985,0.0464198469565467,890
3838,738370.0,-7383.699999999999,0.04638271107898146,890
3839,703057.5,-7030.574999999998,0.04634560491011827,890
3840,877815.0,-8778.149999999996,0.046308528426190175,890
3841,737750.0,-7377.5,0.046271481603449224,890
3842,688387.5,-6883.874999999997,0.04623446441816646,890
3843,688250.0,-6882.500000000003,0.046197476846631925,890
3844,917300.0,-9173.000000000002,0.04616051886515462,890
3845,561715.0,-5617.149999999998,0.04612359045006249,890
3846,750802.5,-7508.025000000002,0.04608669157770244,890
3847,516025.0,-5160.250000000001,0.046049822224440276,890
3848,770390.0,-7703.9,0.046012982366660723,890
3849,781670.0,-7816.700000000002,0.045976171980767394,890
3850,693202.5,-6932.025,0.04593939104318278,890
3851,638135.0,-6381.349999999999,0.04590263953034823,890
3852,526332.5,-5263.325000000002,0.04586591741872395,890
3853,626745.0,-6267.449999999998,0.04582922468478897,890
3854,638017.5,-6380.174999999998,0.04579256130504114,890
3855,849095.0,-8490.95,0.04575592725599711,890
3856,842165.0,-8421.650000000001,0.045719322514192307,890
3857,816157.5,-8161.574999999999,0.04568274705618095,890
3858,875245.0,-8752.449999999999,0.045646200858536004,890
3859,676937.5,-6769.374999999999,0.045609683897849175,890
3860,721307.5,-7213.075000000001,0.045573196150730896,890
3861,938612.5,-9386.125,0.04553673759381031,890
3862,651795.0,-6517.95,0.04550030820373526,890
3863,832102.5,-8321.025000000001,0.04546390795717227,890
3864,738450.0,-7384.5,0.04542753683080653,890
3865,738175.0,-7381.749999999999,0.045391194801341885,890
3866,734032.5,-7340.324999999998,0.04535488184550081,890
3867,884422.5,-8844.225,0.04531859794002441,890
3868,636192.5,-6361.925000000001,0.045282343061672385,890
3869,834202.5,-8342.025000000003,0.045246117187223045,890
3870,807517.5,-8075.174999999998,0.04520992029347327,890
3871,1004300.0,-10043.0,0.045173752357238486,890
3872,683455.0,-6834.55,0.04513761335535269,890
3873,970852.5,-9708.525,0.045101503264668406,890
3874,724862.5,-7248.625,0.04506542206205667,890
3875,842995.0,-8429.949999999999,0.04502936972440703,890
3876,811642.5,-8116.424999999998,0.0449933462286275,890
3877,791225.0,-7912.250000000002,0.0449573515516446,890
3878,725405.0,-7254.050000000001,0.04492138567040328,890
3879,886645.0,-8866.450000000003,0.04488544856186696,890
3880,841995.0,-8419.949999999999,0.044849540203017464,890
3881,637292.5,-6372.925000000001,0.04481366057085505,890
3882,565065.0,-5650.65,0.044777809642398365,890
3883,631047.5,-6310.475,0.04474198739468445,890
3884,636932.5,-6369.324999999999,0.0447061938047687,890
3885,810752.5,-8107.525000000001,0.044670428849724886,890
3886,678790.0,-6787.899999999999,0.044634692506645104,893
3887,673535.0,-6735.3499999999985,0.044598984752639785,893
3888,1032722.5,-10327.224999999999,0.044563305564837674,893
3889,516770.0,-5167.699999999998,0.0445276549203858,893
3890,493412.5,-4934.124999999999,0.04449203279644949,893
3891,616077.5,-6160.774999999999,0.04445643917021233,893
3892,796835.0,-7968.35,0.04442087401887616,893
3893,492410.0,-4924.1,0.04438533731966105,893
3894,615810.0,-6158.100000000001,0.04434982904980532,893
3895,449437.5,-4494.375,0.044314349186565474,893
3896,954787.5,-9547.875000000002,0.04427889770721622,893
3897,505490.0,-5054.9,0.044243474589050445,893
3898,679040.0,-6790.399999999999,0.04420807980937921,893
3899,698972.5,-6989.724999999999,0.0441727133455317,893
3900,781100.0,-7810.999999999999,0.044137375174855276,893
3901,743575.0,-7435.750000000001,0.04410206527471539,893
3902,513572.5,-5135.724999999999,0.044066783622495616,893
3903,539680.0,-5396.8,0.04403153019559762,893
3904,809750.0,-8097.5,0.04399630497144114,893
3905,723932.5,-7239.324999999998,0.04396110792746399,893
3906,420240.0,-4202.4,0.04392593904112201,894
3907,960912.5,-9609.124999999998,0.043890798289889114,894
3908,669065.0,-6690.65,0.0438556856512572,894
3909,861730.0,-8617.299999999997,0.043820601102736195,894
3910,884707.5,-8847.074999999999,0.04378554462185401,894
3911,678435.0,-6784.350000000001,0.043750516186156524,894
3912,884432.5,-8844.325,0.0437155157732076,894
3913,653277.5,-6532.774999999999,0.04368054336058903,894
3914,1265820.0,-12658.200000000003,0.04364559892590056,894
3915,769142.5,-7691.425000000001,0.043610682446759835,894
3916,687500.0,-6874.999999999997,0.04357579390080243,894
3917,506752.5,-5067.5250000000015,0.043540933265681786,894
3918,786145.0,-7861.450000000001,0.04350610051906924,895
3919,877587.5,-8775.875,0.043471295638653984,895
3920,518470.0,-5184.7,0.04343651860214306,896
3921,561710.0,-5617.099999999999,0.04340176938726134,896
3922,755342.5,-7553.425,0.04336704797175153,896
3923,744980.0,-7449.8,0.04333235433337413,896
3924,1307247.5,-13072.474999999995,0.04329768844990743,898
3925,622850.0,-6228.500000000001,0.0432630502991475,898
3926,907935.0,-9079.349999999999,0.04322843985890818,898
3927,852135.0,-8521.35,0.043193857107021054,898
3928,628110.0,-6281.099999999998,0.04315930202133544,898
3929,470795.0,-4707.95,0.04312477457971837,898
3930,757677.5,-7576.775,0.043090274760054594,898
3931,751492.5,-7514.924999999999,0.043055802540246546,901
3932,845957.5,-8459.575,0.043021357898214346,901
3933,539275.0,-5392.749999999999,0.042986940811895774,901
3934,1113232.5,-11132.325000000003,0.042952551259246255,901
3935,677285.0,-6772.849999999999,0.04291818921823886,901
3936,652855.0,-6528.549999999999,0.04288385466686427,901
3937,766815.0,-7668.1500000000015,0.04284954758313078,901
3938,755730.0,-7557.3,0.042815267945064274,901
3939,672017.5,-6720.174999999998,0.04278101573070822,901
3940,816057.5,-8160.575000000001,0.04274679091812365,901
3941,1282937.5,-12829.375,0.04271259348538915,901
3942,614892.5,-6148.924999999999,0.04267842341060084,901
3943,626102.5,-6261.025,0.042644280671872356,901
3944,779107.5,-7791.074999999999,0.04261016524733486,901
3945,829495.0,-8294.95,0.04257607711513699,901
3946,907735.0,-9077.349999999999,0.04254201625344488,901
3947,696022.5,-6960.225,0.04250798264044212,901
3948,802580.0,-8025.799999999997,0.04247397625432977,901
3949,849995.0,-8499.950000000003,0.042439997073326304,901
3950,488835.0,-4888.3499999999985,0.04240604507566764,901
3951,644510.0,-6445.099999999998,0.042372120239607104,901
3952,1110882.5,-11108.824999999997,0.04233822254341542,901
3953,1162030.0,-11620.3,0.04230435196538068,901
3954,887137.5,-8871.374999999998,0.042270508483808374,901
3955,673360.0,-6733.599999999999,0.042236692077021326,901
3956,610620.0,-6106.200000000001,0.042202902723359706,901
3957,834505.0,-8345.05,0.04216914040118102,901
3958,712955.0,-7129.549999999999,0.04213540508886007,904
3959,557315.0,-5573.15,0.04210169676478898,904
3960,712130.0,-7121.3,0.04206801540737715,904
3961,797267.5,-7972.674999999998,0.04203436099505125,904
3962,911180.0,-9111.800000000001,0.04200073350625521,904
3963,966860.0,-9668.599999999997,0.04196713291945021,904
3964,614690.0,-6146.899999999999,0.041933559213114646,904
3965,623537.5,-6235.374999999998,0.04190001236574415,904
3966,1116015.0,-11160.15,0.041866492355851555,904
3967,677415.0,-6774.150000000001,0.04183299916196687,904
3968,639642.5,-6396.424999999999,0.0417995327626373,904
3969,611170.0,-6111.699999999999,0.04176609313642719,904
3970,808350.0,-8083.5,0.04173268026191805,904
3971,736497.5,-7364.9749999999985,0.041699294117708514,904
3972,684957.5,-6849.574999999999,0.04166593468241435,904
3973,592252.5,-5922.524999999999,0.04163260193466842,904
3974,579542.5,-5795.425,0.04159929585312068,904
3975,1009252.5,-10092.525000000005,0.04156601641643818,904
3976,581497.5,-5814.974999999999,0.04153276360330503,904
3977,818410.0,-8184.100000000001,0.04149953739242239,904
3978,565122.5,-5651.224999999999,0.04146633776250845,904
3979,656532.5,-6565.325000000001,0.04143316469229844,904
3980,768717.5,-7687.175,0.0414000181605446,904
3981,730780.0,-7307.800000000001,0.041366898146016164,904
3982,941275.0,-9412.749999999998,0.04133380462749935,904
3983,881857.5,-8818.574999999997,0.041300737583797355,904
3984,683787.5,-6837.875,0.04126769699373031,904
3985,727615.0,-7276.149999999999,0.04123468283613533,905
3986,808605.0,-8086.05,0.04120169508986642,905
3987,541555.0,-5415.549999999999,0.04116873373379453,905
3988,675435.0,-6754.35,0.04113579874680749,905
3989,1484227.5,-14842.275000000001,0.04110289010781004,905
3990,625372.5,-6253.725,0.04107000779572379,905
3991,906012.5,-9060.125000000004,0.04103715178948721,905
3992,654955.0,-6549.549999999998,0.04100432206805562,905
3993,558195.0,-5581.95,0.04097151861040117,905
3994,708910.0,-7089.1,0.04093874139551285,905
3995,658247.5,-6582.4749999999985,0.04090599040239644,905
3996,824070.0,-8240.699999999999,0.04087326561007452,905
3997,793340.0,-7933.399999999999,0.04084056699758646,905
3998,965777.5,-9657.775000000001,0.040807894543988386,905
3999,437787.5,-4377.874999999999,0.0407752482283532,905
4000,477857.5,-4778.575000000001,0.040742628029770515,905
4001,774915.0,-7749.1500000000015,0.0407100339273467,905
4002,560617.5,-5606.175,0.04067746590020482,907
4003,936100.0,-9361.0,0.04064492392748466,907
4004,1112710.0,-11127.099999999999,0.04061240798834267,907
4005,1085730.0,-10857.3,0.04057991806195199,907
4006,706272.5,-7062.7249999999985,0.04054745412750243,907
4007,994322.5,-9943.225000000002,0.040515016164200425,907
4008,792835.0,-7928.349999999999,0.040482604151269065,907
4009,1117067.5,-11170.675000000001,0.040450218067948046,907
4010,928407.5,-9284.075,0.04041785789349368,907
4011,696562.5,-6965.625,0.04038552360717889,907
4012,858502.5,-8585.025000000001,0.04035321518829314,907
4013,915197.5,-9151.975000000002,0.04032093261614251,907
4014,373742.5,-3737.4249999999997,0.04028867587004959,907
4015,1258615.0,-12586.15,0.04025644492935355,907
4016,1093337.5,-10933.374999999998,0.04022423977341007,907
4017,802920.0,-8029.200000000001,0.04019206038159134,907
4018,605620.0,-6056.200000000002,0.040159906733286066,907
4019,702192.5,-7021.924999999999,0.04012777880789944,907
4020,710310.0,-7103.099999999999,0.040095676584853114,907
4021,809020.0,-8090.200000000001,0.04006360004358523,907
4022,725012.5,-7250.125000000001,0.04003154916355036,907
4023,744477.5,-7444.775000000001,0.03999952392421952,907
4024,832660.0,-8326.6,0.039967524305080146,907
4025,690522.5,-6905.225,0.03993555028563608,907
4026,752862.5,-7528.624999999999,0.03990360184540757,907
4027,742322.5,-7423.225,0.03987167896393124,907
4028,777342.5,-7773.425000000001,0.039839781620760094,907
4029,871260.0,-8712.600000000002,0.03980790979546348,907
4030,556812.5,-5568.125,0.03977606346762711,907
4031,672505.0,-6725.049999999998,0.039744242616853005,907
4032,770350.0,-7703.500000000003,0.039712447222759524,907
4033,587040.0,-5870.399999999998,0.03968067726498131,907
4034,662005.0,-6620.05,0.03964893272316933,907
4035,913717.5,-9137.175000000003,0.039617213576990794,907
4036,629555.0,-6295.55,0.0395855198061292,908
4037,637375.0,-6373.750000000001,0.03955385139028429,908
4038,611895.0,-6118.95,0.039522208309172066,908
4039,701010.0,-7010.100000000001,0.039490590542524726,908
4040,776162.5,-7761.624999999999,0.039458998070090706,908
4041,661057.5,-6610.574999999999,0.03942743087163463,908
4042,807125.0,-8071.250000000001,0.03939588892693732,908
4043,825337.5,-8253.375,0.03936437221579577,908
4044,717250.0,-7172.499999999998,0.039332880718023135,908
4045,620427.5,-6204.275000000001,0.03930141441344871,908
4046,617180.0,-6171.800000000001,0.039269973281917954,908
4047,740255.0,-7402.549999999998,0.03923855730329242,908
4048,1073847.5,-10738.474999999999,0.03920716645744978,908
4049,702550.0,-7025.500000000002,0.03917580072428382,908
4050,860960.0,-8609.6,0.03914446008370439,908
4051,668635.0,-6686.35,0.039113144515637424,908
4052,634055.0,-6340.549999999999,0.03908185400002491,908
4053,814282.5,-8142.825000000001,0.039050588516824886,908
4054,923305.0,-9233.05,0.039019348046011426,908
4055,754927.5,-7549.275000000001,0.038988132567574614,908
4056,921505.0,-9215.050000000001,0.038956942061520554,908
4057,770360.0,-7703.600000000003,0.03892577650787134,908
4058,421225.0,-4212.25,0.03889463588666504,909
4059,702330.0,-7023.3,0.038863520177955704,909
4060,735127.5,-7351.274999999998,0.03883242936181334,911
4061,639540.0,-6395.399999999999,0.03880136341832389,911
4062,822550.0,-8225.5,0.03877032232758923,911
4063,958262.5,-9582.625,0.038739306069727156,911
4064,571067.5,-5710.675000000001,0.03870831462487137,911
4065,483472.5,-4834.725000000002,0.038677347973171475,911
4066,486877.5,-4868.775000000001,0.03864640609479294,912
4067,804860.0,-8048.6,0.0386154889699171,912
4068,501425.0,-5014.250000000001,0.038584596578741165,912
4069,894935.0,-8949.35,0.03855372890147817,912
4070,770310.0,-7703.099999999999,0.03852288591835699,912
4071,671352.5,-6713.525,0.0384920676096223,912
4072,545330.0,-5453.300000000001,0.0384612739555346,912
4073,659247.5,-6592.475,0.03843050493637017,912
4074,599150.0,-5991.500000000002,0.03839976053242108,912
4075,578337.5,-5783.375,0.03836904072399514,912
4076,750927.5,-7509.275,0.038338345491415945,912
4077,552600.0,-5525.999999999999,0.03830767481502281,912
4078,772640.0,-7726.4,0.03827702867517079,912
4079,939912.5,-9399.125000000002,0.03824640705223065,912
4080,559112.5,-5591.125000000002,0.03821580992658887,912
4081,341225.0,-3412.2499999999995,0.0381852372786476,912
4082,775600.0,-7755.999999999999,0.03815468908882468,912
4083,710490.0,-7104.899999999999,0.03812416533755362,912
4084,816862.5,-8168.624999999999,0.03809366600528358,912
4085,636162.5,-6361.625000000001,0.03806319107247935,912
4086,484057.5,-4840.575000000003,0.03803274051962137,913
4087,623220.0,-6232.200000000001,0.038002314327205675,914
4088,459975.0,-4599.75,0.037971912475743906,914
4089,488480.0,-4884.8,0.03794153494576331,914
4090,506637.5,-5066.375000000002,0.0379111817178067,914
4091,503617.5,-5036.175,0.03788085277243245,914
4092,475107.5,-4751.075,0.03785054809021451,914
4093,808022.5,-8080.224999999999,0.03782026765174233,915
4094,479902.5,-4799.025000000001,0.03779001143762094,915
4095,607167.5,-6071.675000000002,0.03775977942847084,915
4096,760535.0,-7605.3499999999985,0.03772957160492806,915
4097,561287.5,-5612.874999999998,0.03769938794764412,915
4098,833562.5,-8335.625,0.037669228437286,915
4099,542705.0,-5427.05,0.037639093054536166,916
4100,876250.0,-8762.500000000004,0.03760898178009254,916
4101,520052.5,-5200.525,0.03757889459466846,916
4102,360795.0,-3607.95,0.037548831478992725,916
4103,581150.0,-5811.499999999998,0.03751879241380953,916
4104,675207.5,-6752.075,0.037488777379878484,916
4105,397780.0,-3977.799999999999,0.03745878635797458,916
4106,666412.5,-6664.125000000002,0.0374288193288882,916
4107,711960.0,-7119.5999999999985,0.03739887627342509,916
4108,543055.0,-5430.550000000001,0.037368957172406354,916
4109,866727.5,-8667.275,0.03733906200666843,916
4110,540452.5,-5404.524999999999,0.03730919075706309,916
4111,605380.0,-6053.799999999998,0.03727934340445744,916
4112,717705.0,-7177.05,0.037249519929733875,917
4113,612165.0,-6121.650000000001,0.03721972031379009,917
4114,454247.5,-4542.474999999999,0.03718994453753906,917
4115,584120.0,-5841.200000000001,0.03716019258190902,917
4116,560077.5,-5600.775,0.03713046442784349,917
4117,525247.5,-5252.475,0.03710076005630122,917
4118,574385.0,-5743.850000000001,0.037071079448256175,917
4119,445050.0,-4450.499999999998,0.03704142258469757,917
4120,964037.5,-9640.374999999998,0.03701178944662981,917
4121,660172.5,-6601.725,0.03698218001507251,917
4122,598972.5,-5989.725000000002,0.03695259427106045,917
4123,596382.5,-5963.825000000001,0.0369230321956436,917
4124,1425452.5,-14254.525000000003,0.036893493769887084,917
4125,485375.0,-4853.750000000001,0.036863978974871175,917
4126,766615.0,-7666.15,0.03683448779169128,917
4127,506435.0,-5064.35,0.03680502020145793,917
4128,867300.0,-8673.000000000002,0.03677557618529676,917
4129,754825.0,-7548.25,0.03674615572434852,917
4130,682162.5,-6821.624999999997,0.036716758799769045,917
4131,612762.5,-6127.625,0.03668738539272923,917
4132,683035.0,-6830.35,0.03665803548441504,917
4133,639682.5,-6396.824999999999,0.03662870905602751,917
4134,845075.0,-8450.750000000002,0.03659940608878269,919
4135,690790.0,-6907.899999999999,0.03657012656391166,919
4136,796295.0,-7962.950000000001,0.03654087046266053,919
4137,663982.5,-6639.825000000001,0.0365116377662904,919
4138,605522.5,-6055.224999999999,0.03648242845607737,919
4139,773605.0,-7736.050000000001,0.03645324251331251,919
4140,832752.5,-8327.524999999998,0.036424079919301855,919
4141,651760.0,-6517.5999999999985,0.036394940655366415,919
4142,470207.5,-4702.074999999999,0.03636582470284212,919
4143,480957.5,-4809.574999999999,0.03633673204307985,919
4144,604912.5,-6049.125000000002,0.03630766265744539,920
4145,936445.0,-9364.45,0.03627861652731943,920
4146,793542.5,-7935.425000000002,0.03624959363409758,920
4147,738760.0,-7387.6,0.0362205939591903,920
4148,842187.5,-8421.875,0.03619161748402295,920
4149,935770.0,-9357.700000000003,0.03616266419003573,920
4150,688872.5,-6888.725000000001,0.0361337340586837,920
4151,645087.5,-6450.874999999998,0.03610482707143675,920
4152,748927.5,-7489.275000000001,0.0360759432097796,920
4153,850255.0,-8502.55,0.03604708245521178,920
4154,785090.0,-7850.9000000000015,0.03601824478924761,920
4155,1039940.0,-10399.400000000001,0.03598943019341621,920
4156,645715.0,-6457.149999999999,0.035960638649261474,920
4157,700700.0,-7007.000000000002,0.035931870138342065,920
4158,1101200.0,-11012.000000000002,0.03590312464223139,920
4159,628242.5,-6282.425000000001,0.0358744021425176,920
4160,671242.5,-6712.424999999998,0.03584570262080359,920
4161,979605.0,-9796.049999999997,0.035817026058706944,920
4162,789052.5,-7890.524999999999,0.035788372437859976,920
4163,616612.5,-6166.125,0.03575974173990969,920
4164,686790.0,-6867.9,0.03573113394651776,920
4165,1011380.0,-10113.8,0.03570254903936054,920
4166,699997.5,-6999.9749999999985,0.035673987000129054,920
4167,586392.5,-5863.925,0.035645447810528946,920
4168,755222.5,-7552.225,0.03561693145228052,922
4169,628030.0,-6280.3,0.0355884379071187,922
4170,624942.5,-6249.424999999999,0.03555996715679301,922
4171,905820.0,-9058.199999999997,0.03553151918306757,922
4172,731820.0,-7318.2,0.03550309396772112,922
4173,435530.0,-4355.3,0.03547469149254694,922
4174,586415.0,-5864.150000000003,0.035446311739352906,922
4175,863627.5,-8636.275,0.03541795468996142,922
4176,601905.0,-6019.05,0.03538962032620945,922
4177,738517.5,-7385.174999999998,0.03536130862994848,923
4178,465727.5,-4657.2750000000015,0.03533301958304452,923
4179,348302.5,-3483.0250000000015,0.035304753167378085,924
4180,660085.0,-6600.8499999999985,0.03527650936484418,924
4181,565455.0,-5654.55,0.03524828815735231,924
4182,476812.5,-4768.124999999999,0.035220089526826426,924
4183,694157.5,-6941.575,0.03519191345520496,924
4184,617057.5,-6170.575,0.0351637599244408,924
4185,808822.5,-8088.225000000002,0.035135628916501245,924
4186,490365.0,-4903.65,0.035107520413368044,925
4187,494845.0,-4948.450000000001,0.03507943439703735,925
4188,816817.5,-8168.175000000001,0.03505137084951972,925
4189,605232.5,-6052.325000000002,0.0350233297528401,925
4190,610120.0,-6101.199999999998,0.03499531108903783,927
4191,622940.0,-6229.400000000002,0.034967314840166595,927
4192,1049602.5,-10496.025000000001,0.03493934098829446,927
4193,593052.5,-5930.525000000001,0.03491138951550382,927
4194,603865.0,-6038.650000000002,0.03488346040389142,927
4195,638397.5,-6383.974999999998,0.034855553635568304,927
4196,493545.0,-4935.449999999999,0.034827669192659845,927
4197,611927.5,-6119.2750000000015,0.03479980705730572,927
4198,623882.5,-6238.825,0.03477196721165987,927
4199,510095.0,-5100.95,0.03474414963789054,927
4200,481997.5,-4819.975,0.03471635431818023,927
4201,414345.0,-4143.45,0.034688581234725686,927
4202,586757.5,-5867.574999999999,0.034660830369737904,927
4203,815410.0,-8154.099999999999,0.034633101705442114,927
4204,534030.0,-5340.3,0.03460539522407776,928
4205,821535.0,-8215.350000000002,0.0345777109078985,928
4206,532230.0,-5322.299999999999,0.034550048739172175,928
4207,656632.5,-6566.325,0.034522408700180834,928
4208,545732.5,-5457.325000000001,0.034494790773220686,928
4209,806987.5,-8069.875,0.03446719494060211,928
4210,661487.5,-6614.875000000002,0.034439621184649626,928
4211,900387.5,-9003.875,0.0344120694877019,928
4212,630787.5,-6307.874999999999,0.03438453983211174,928
4213,538875.0,-5388.749999999999,0.03435703220024605,928
4214,394807.5,-3948.0750000000003,0.03432954657448586,929
4215,562240.0,-5622.400000000002,0.034302082937226266,929
4216,769507.5,-7695.074999999998,0.03427464127087648,929
4217,588200.0,-5881.999999999999,0.03424722155785978,929
4218,418630.0,-4186.3,0.034219823780613494,929
4219,603880.0,-6038.8,0.034192447921589,930
4220,998710.0,-9987.099999999999,0.03416509396325173,930
4221,508492.5,-5084.925,0.034137761888081125,930
4222,632237.5,-6322.375,0.03411045167857066,930
4223,674940.0,-6749.400000000001,0.0340831633172278,930
4224,714900.0,-7149.000000000002,0.034055896786574016,931
4225,508045.0,-5080.45,0.03402865206914476,931
4226,685137.5,-6851.375000000001,0.034001429147489444,931
4227,625247.5,-6252.474999999998,0.03397422800417145,931
4228,796177.5,-7961.7750000000015,0.03394704862176811,931
4229,701272.5,-7012.724999999999,0.033919890982870696,931
4230,506980.0,-5069.800000000001,0.0338927550700844,931
4231,569042.5,-5690.424999999997,0.033865640866028335,932
4232,578820.0,-5788.2,0.03383854835333551,938
4233,668220.0,-6682.2,0.03381147751465284,939
4234,603407.5,-6034.075000000001,0.033784428332641114,939
4235,776557.5,-7765.574999999998,0.033757400789975,939
4236,842690.0,-8426.900000000001,0.03373039486934302,939
4237,674945.0,-6749.45,0.03370341055344754,939
4238,877010.0,-8770.099999999997,0.033676447825004785,939
4239,851357.5,-8513.574999999999,0.03364950666674478,939
4240,528390.0,-5283.900000000001,0.033622587061411385,939
4241,836705.0,-8367.05,0.033595688991762254,939
4242,897627.5,-8976.275000000001,0.03356881244056884,939
4243,677217.5,-6772.1749999999965,0.033541957390616384,939
4244,584400.0,-5843.999999999999,0.03351512382470389,939
4245,745865.0,-7458.649999999998,0.03348831172564413,939
4246,552885.0,-5528.849999999999,0.033461521076263614,939
4247,494612.5,-4946.125,0.0334347518594026,939
4248,492180.0,-4921.8,0.03340800405791508,939
4249,521887.5,-5218.875000000001,0.03338127765466875,940
4250,474202.5,-4742.025000000002,0.033354572632545015,940
4251,481810.0,-4818.099999999999,0.03332788897443898,940
4252,424397.5,-4243.975,0.03330122666325943,940
4253,588575.0,-5885.749999999998,0.03327458568192882,940
4254,553587.5,-5535.875,0.03324796601338328,941
4255,777987.5,-7779.875,0.03322136764057257,941
4256,610800.0,-6108.000000000002,0.03319479054646011,941
4257,553945.0,-5539.450000000002,0.033168234714022936,941
4258,731450.0,-7314.500000000001,0.033141700126251714,942
4259,765202.5,-7652.024999999999,0.03311518676615071,942
4260,677977.5,-6779.775,0.03308869461673779,943
4261,627882.5,-6278.825,0.033062223661044395,943
4262,598532.5,-5985.325000000002,0.03303577388211556,943
4263,495915.0,-4959.150000000001,0.033009345263009866,943
4264,500607.5,-5006.075000000002,0.032982937786799456,944
4265,947627.5,-9476.274999999998,0.03295655143657002,944
4266,562347.5,-5623.475,0.03293018619542076,944
4267,776932.5,-7769.325,0.032903842046464425,944
4268,592567.5,-5925.675,0.03287751897282725,944
4269,442270.0,-4422.7,0.03285121695764899,944
4270,522575.0,-5225.749999999998,0.03282493598408287,944
4271,609905.0,-6099.049999999999,0.032798676035295606,944
4272,658715.0,-6587.150000000001,0.032772437094467366,944
4273,1321302.5,-13213.025000000001,0.03274621914479179,944
4274,682727.5,-6827.275,0.032720022169475955,945
4275,544070.0,-5440.699999999999,0.032693846151740376,946
4276,810230.0,-8102.299999999999,0.03266769107481898,946
4277,1086307.5,-10863.075,0.03264155692195913,946
4278,533867.5,-5338.674999999999,0.03261544367642156,946
4279,496465.0,-4964.65,0.03258935132148042,946
4280,545710.0,-5457.099999999999,0.03256327984042324,946
4281,702255.0,-7022.550000000004,0.032537229216550896,946
4282,517780.0,-5177.800000000001,0.03251119943317766,946
4283,774305.0,-7743.050000000002,0.03248519047363112,946
4284,599902.5,-5999.025,0.03245920232125221,946
4285,947267.5,-9472.675,0.03243323495939521,947
4286,759272.5,-7592.724999999999,0.032407288371427694,947
4287,443940.0,-4439.400000000001,0.03238136254073055,947
4288,803020.0,-8030.200000000002,0.03235545745069796,947
4289,1116222.5,-11162.225,0.032329573084737405,947
4290,486095.0,-4860.95,0.03230370942626962,947
4291,804110.0,-8041.1,0.0322778664587286,947
4292,456012.5,-4560.124999999999,0.032252044165561614,947
4293,466795.0,-4667.949999999999,0.03222624253022916,947
4294,519695.0,-5196.95,0.032200461536204976,947
4295,494082.5,-4940.824999999998,0.03217470116697601,947
4296,666215.0,-6662.1500000000015,0.032148961406042426,947
4297,560352.5,-5603.524999999999,0.03212324223691759,947
4298,592237.5,-5922.374999999999,0.03209754364312806,947
4299,767275.0,-7672.75,0.032071865608213554,947
4300,989775.0,-9897.750000000002,0.03204620811572698,947
4301,538935.0,-5389.350000000001,0.0320205711492344,947
4302,807540.0,-8075.400000000002,0.03199495469231501,947
4303,470802.5,-4708.025,0.03196935872856116,947
4304,1225950.0,-12259.499999999996,0.03194378324157831,947
4305,406560.0,-4065.5999999999995,0.031918228214985044,947
4306,580940.0,-5809.400000000001,0.03189269363241305,947
4307,423947.5,-4239.474999999999,0.03186717947750712,948
4308,788512.5,-7885.124999999998,0.03184168573392512,948
4309,741202.5,-7412.025,0.03181621238533797,948
4310,667187.5,-6671.875,0.0317907594154297,951
4311,684487.5,-6844.875000000002,0.03176532680789736,951
4312,445892.5,-4458.925,0.03173991454645104,951
4313,578710.0,-5787.100000000001,0.031714522614813875,951
4314,666390.0,-6663.899999999999,0.031689150996722024,951
4315,620017.5,-6200.175,0.03166379967592464,951
4316,704540.0,-7045.400000000001,0.0316384686361839,951
4317,721280.0,-7212.799999999999,0.03161315786127495,951
4318,716440.0,-7164.4000000000015,0.031587867334985927,951
4319,1148865.0,-11488.650000000001,0.03156259704111794,951
4320,895922.5,-8959.225,0.03153734696348504,951
4321,561015.0,-5610.149999999999,0.031512117085914254,951
4322,445645.0,-4456.449999999999,0.03148690739224552,951
4323,866912.5,-8669.125000000002,0.03146171786633172,951
4324,647227.5,-6472.275,0.031436548492038655,951
4325,596285.0,-5962.85,0.03141139925324502,951
4326,753292.5,-7532.925000000002,0.031386270133842424,951
4327,702652.5,-7026.525000000001,0.03136116111773535,951
4328,693635.0,-6936.35,0.03133607218884116,951
4329,1190495.0,-11904.949999999999,0.03131100333109008,951
4330,675277.5,-6752.775000000001,0.03128595452842521,951
4331,591605.0,-5916.049999999999,0.03126092576480247,952
4332,459777.5,-4597.775000000001,0.03123591702419063,952
4333,893380.0,-8933.8,0.031210928290571278,952
4334,860507.5,-8605.074999999999,0.03118595954793882,952
4335,654062.5,-6540.625000000002,0.031161010780300466,952
4336,543287.5,-5432.875,0.031136081971676225,952
4337,659740.0,-6597.400000000001,0.031111173106098882,952
4338,681422.5,-6814.2249999999985,0.031086284167614,952
4339,538780.0,-5387.8,0.031061415140279908,952
4340,674735.0,-6747.350000000001,0.031036566008167683,952
4341,492282.5,-4922.825000000001,0.03101173675536115,952
4342,485332.5,-4853.325000000001,0.03098692736595686,952
4343,808162.5,-8081.624999999999,0.030962137824064092,952
4344,721252.5,-7212.525000000002,0.03093736811380484,952
4345,818447.5,-8184.475000000001,0.030912618219313796,952
4346,717232.5,-7172.324999999998,0.030887888124738343,952
4347,618115.0,-6181.150000000002,0.030863177814238554,953
4348,949612.5,-9496.125000000005,0.030838487271987163,953
4349,996877.5,-9968.775,0.030813816482169572,953
4350,644915.0,-6449.149999999998,0.030789165428983835,953
4351,438820.0,-4388.2,0.030764534096640647,953
4352,769157.5,-7691.574999999999,0.030739922469363332,953
4353,1008767.5,-10087.675,0.030715330531387842,953
4354,835902.5,-8359.025,0.03069075826696273,953
4355,545985.0,-5459.849999999999,0.03066620566034916,953
4356,819362.5,-8193.625,0.03064167269582088,953
4357,505480.0,-5054.799999999998,0.030617159357664223,953
4358,413665.0,-4136.65,0.030592665630178092,953
4359,541572.5,-5415.725,0.03056819149767395,954
4360,471262.5,-4712.624999999999,0.03054373694447581,954
4361,511347.5,-5113.475,0.03051930195492023,954
4362,481082.5,-4810.825000000002,0.03049488651335629,954
4363,674642.5,-6746.424999999999,0.030470490604145604,954
4364,487682.5,-4876.824999999999,0.030446114211662288,954
4365,453572.5,-4535.725,0.030421757320292956,954
4366,590987.5,-5909.875,0.03039741991443672,954
4367,784907.5,-7849.074999999998,0.03037310197850517,954
4368,895990.0,-8959.900000000001,0.030348803496922365,954
4369,517475.0,-5174.750000000001,0.030324524454124827,954
4370,449402.5,-4494.025,0.030300264834561524,954
4371,370525.0,-3705.25,0.030276024622693874,954
4372,675687.5,-6756.875,0.03025180380299572,954
4373,624552.5,-6245.524999999999,0.030227602359953323,954
4374,615342.5,-6153.425000000001,0.03020342027806536,954
4375,352330.0,-3523.3,0.03017925754184291,954
4376,628542.5,-6285.424999999999,0.030155114135809433,954
4377,468042.5,-4680.425000000001,0.030130990044500785,954
4378,773050.0,-7730.5,0.030106885252465184,955
4379,311810.0,-3118.1000000000004,0.03008279974426321,956
4380,536947.5,-5369.4749999999985,0.030058733504467798,956
4381,513105.0,-5131.050000000001,0.030034686517664222,956
4382,661172.5,-6611.725,0.03001065876845009,956
4383,841847.5,-8418.474999999999,0.02998665024143533,956
4384,583655.0,-5836.550000000001,0.029962660921242182,956
4385,687972.5,-6879.7249999999985,0.029938690792505187,956
4386,580647.5,-5806.475,0.029914739839871182,956
4387,559482.5,-5594.825,0.029890808047999283,956
4388,396347.5,-3963.475000000001,0.029866895401560883,956
4389,805040.0,-8050.4,0.029843001885239633,956
4390,671945.0,-6719.450000000001,0.02981912748373144,956
4391,410510.0,-4105.0999999999985,0.029795272181744454,956
4392,533092.5,-5330.925000000001,0.029771435963999057,957
4393,817705.0,-8177.049999999999,0.029747618815227857,957
4394,446107.5,-4461.075000000001,0.029723820720175674,957
4395,565495.0,-5654.95,0.029700041663599533,957
4396,439252.5,-4392.5250000000015,0.029676281630268652,957
4397,743842.5,-7438.424999999999,0.029652540604964438,957
4398,466297.5,-4662.974999999999,0.029628818572480467,957
4399,857655.0,-8576.550000000001,0.02960511551762248,957
4400,659152.5,-6591.525,0.02958143142520838,957
4401,753477.5,-7534.774999999999,0.029557766280068214,957
4402,546562.5,-5465.624999999999,0.02953412006704416,957
4403,671982.5,-6719.8250000000035,0.029510492770990524,957
4404,864817.5,-8648.175000000001,0.02948688437677373,957
4405,627447.5,-6274.475,0.02946329486927231,957
4406,701782.5,-7017.825000000002,0.02943972423337689,957
4407,927882.5,-9278.825,0.02941617245399019,957
4408,704180.0,-7041.800000000001,0.029392639516026997,957
4409,879502.5,-8795.025000000001,0.029369125404414175,957
4410,960090.0,-9600.900000000001,0.029345630104090643,957
4411,1007257.5,-10072.574999999997,0.02932215360000737,957
4412,901032.5,-9010.325,0.029298695877127363,957
4413,1168885.0,-11688.849999999999,0.029275256920425662,957
4414,598895.0,-5988.950000000002,0.02925183671488932,957
4415,647855.0,-6478.549999999999,0.02922843524551741,957
4416,709682.5,-7096.825000000001,0.029205052497320996,957
4417,684847.5,-6848.474999999999,0.029181688455323138,957
4418,732160.0,-7321.6,0.02915834310455888,957
4419,682855.0,-6828.549999999999,0.029135016430075232,957
4420,862617.5,-8626.175,0.02911170841693117,957
4421,644245.0,-6442.450000000002,0.029088419050197625,957
4422,1011057.5,-10110.574999999999,0.029065148314957465,957
4423,1122607.5,-11226.075,0.029041896196305497,957
4424,592645.0,-5926.450000000001,0.029018662679348453,957
4425,629120.0,-6291.200000000001,0.028995447749204973,957
4426,1069285.0,-10692.849999999995,0.028972251391005607,957
4427,603307.5,-6033.075000000001,0.028949073589892804,957
4428,493370.0,-4933.7,0.02892591433102089,957
4429,711922.5,-7119.2249999999985,0.02890277359955607,957
4430,630245.0,-6302.4500000000035,0.028879651380676427,957
4431,700730.0,-7007.3,0.028856547659571886,957
4432,743810.0,-7438.100000000001,0.028833462421444227,957
4433,551105.0,-5511.05,0.028810395651507073,957
4434,603737.5,-6037.374999999999,0.028787347334985867,957
4435,903860.0,-9038.6,0.028764317457117876,957
4436,1131535.0,-11315.349999999999,0.02874130600315218,957
4437,1149102.5,-11491.025000000001,0.02871831295834966,957
4438,661380.0,-6613.8,0.02869533830798298,957
4439,767537.5,-7675.375000000001,0.028672382037336592,957
4440,559510.0,-5595.099999999999,0.02864944413170672,957
4441,513590.0,-5135.900000000001,0.028626524576401354,957
4442,689717.5,-6897.174999999999,0.028603623356740233,957
4443,628325.0,-6283.250000000001,0.02858074045805484,957
4444,574825.0,-5748.25,0.028557875865688396,957
4445,884765.0,-8847.649999999998,0.028535029564995845,957
4446,661345.0,-6613.45,0.02851220154134385,957
4447,877937.5,-8779.374999999998,0.028489391780110774,957
4448,728295.0,-7282.950000000002,0.028466600266686685,957
4449,572780.0,-5727.799999999998,0.028443826986473335,957
4450,1029280.0,-10292.799999999997,0.028421071924884155,957
4451,516177.5,-5161.774999999999,0.028398335067344245,957
4452,493262.5,-4932.624999999999,0.028375616399290367,957
4453,538460.0,-5384.6,0.028352915906170933,957
4454,519822.5,-5198.224999999999,0.028330233573445995,957
4455,668555.0,-6685.549999999999,0.02830756938658724,957
4456,469317.5,-4693.175,0.028284923331077967,957
4457,469010.0,-4690.1,0.028262295392413105,957
4458,514420.0,-5144.2,0.028239685556099174,959
4459,1111150.0,-11111.5,0.028217093807654293,959
4460,713480.0,-7134.800000000001,0.028194520132608168,959
4461,1000470.0,-10004.699999999999,0.02817196451650208,959
4462,483535.0,-4835.35,0.02814942694488888,959
4463,536590.0,-5365.9,0.028126907403332967,959
4464,552010.0,-5520.1,0.0281044058774103,959
4465,595455.0,-5954.5499999999965,0.02808192235270837,959
4466,526142.5,-5261.424999999999,0.028059456814826203,959
4467,667270.0,-6672.700000000001,0.028037009249374342,959
4468,557757.5,-5577.575,0.028014579641974843,959
4469,710755.0,-7107.549999999999,0.027992167978261262,959
4470,615430.0,-6154.299999999997,0.027969774243878653,959
4471,732595.0,-7325.949999999999,0.02794739842448355,959
4472,632672.5,-6326.724999999999,0.027925040505743962,959
4473,785567.5,-7855.675,0.027902700473339367,959
4474,427600.0,-4276.000000000001,0.027880378312960693,960
4475,475727.5,-4757.275,0.027858074010310322,960
4476,922697.5,-9226.975,0.027835787551102074,960
4477,746505.0,-7465.050000000001,0.02781351892106119,960
4478,519615.0,-5196.150000000001,0.027791268105924343,960
4479,719357.5,-7193.575,0.027769035091439603,960
4480,719445.0,-7194.450000000001,0.02774681986336645,960
4481,658400.0,-6583.999999999999,0.027724622407475755,960
4482,594215.0,-5942.1500000000015,0.027702442709549774,960
4483,746480.0,-7464.799999999998,0.027680280755382133,960
4484,617405.0,-6174.050000000001,0.027658136530777828,960
4485,394715.0,-3947.15,0.027636010021553206,960
4486,460580.0,-4605.8,0.027613901213535963,960
4487,734540.0,-7345.4000000000015,0.027591810092565134,960
4488,592892.5,-5928.925,0.027569736644491083,960
4489,546075.0,-5460.75,0.02754768085517549,960
4490,622190.0,-6221.899999999998,0.02752564271049135,960
4491,585547.5,-5855.474999999999,0.027503622196322956,960
4492,655550.0,-6555.499999999997,0.027481619298565896,960
4493,840210.0,-8402.1,0.027459634003127044,960
4494,1183037.5,-11830.374999999998,0.02743766629592454,960
4495,698705.0,-6987.05,0.0274157161628878,960
4496,912052.5,-9120.525,0.02739378358995749,960
4497,1007377.5,-10073.775,0.027371868563085523,960
4498,811722.5,-8117.225000000001,0.027349971068235054,960
4499,945115.0,-9451.15,0.027328091091380464,960
4500,586642.5,-5866.424999999999,0.02730622861850736,960
4501,588265.0,-5882.650000000001,0.02728438363561255,960
4502,578845.0,-5788.449999999999,0.02726255612870406,960
4503,626297.5,-6262.975,0.027240746083801098,962
4504,595775.0,-5957.749999999999,0.027218953486934056,962
4505,569575.0,-5695.750000000002,0.02719717832414451,962
4506,613147.5,-6131.475,0.027175420581485192,962
4507,581445.0,-5814.450000000001,0.027153680245020004,962
4508,791422.5,-7914.225000000001,0.027131957300823985,962
4509,458540.0,-4585.4,0.027110251734983326,962
4510,681270.0,-6812.700000000002,0.027088563533595338,962
4511,731125.0,-7311.250000000004,0.027066892682768462,963
4512,647080.0,-6470.799999999999,0.027045239168622247,963
4513,469077.5,-4690.775,0.02702360297728735,963
4514,672552.5,-6725.525,0.027001984094905517,963
4515,638592.5,-6385.925000000001,0.026980382507629592,963
4516,811515.0,-8115.150000000001,0.026958798201623488,963
4517,670300.0,-6703.0,0.026937231163062188,964
4518,575072.5,-5750.724999999999,0.026915681378131738,964
4519,627422.5,-6274.225,0.026894148833029232,964
4520,541197.5,-5411.974999999998,0.02687263351396281,964
4521,486627.5,-4866.275,0.02685113540715164,964
4522,718400.0,-7183.999999999997,0.02682965449882592,964
4523,716432.5,-7164.325000000001,0.026808190775226858,964
4524,480275.0,-4802.749999999996,0.026786744222606674,964
4525,607920.0,-6079.2,0.02676531482722859,964
4526,827042.5,-8270.425,0.026743902575366806,964
4527,461030.0,-4610.299999999999,0.026722507453306513,964
4528,736485.0,-7364.850000000003,0.026701129447343867,964
4529,533562.5,-5335.624999999999,0.02667976854378599,964
4530,979675.0,-9796.750000000002,0.026658424728950962,964
4531,693617.5,-6936.175,0.0266370979891678,964
4532,504305.0,-5043.049999999998,0.02661578831077647,964
4533,554487.5,-5544.875,0.026594495680127846,964
4534,600685.0,-6006.850000000001,0.026573220083583742,964
4535,459407.5,-4594.075,0.026551961507516875,964
4536,525752.5,-5257.525,0.02653071993831086,964
4537,479247.5,-4792.474999999999,0.026509495362360212,964
4538,573200.0,-5732.000000000001,0.026488287766070324,964
4539,727230.0,-7272.299999999999,0.026467097135857466,964
4540,514230.0,-5142.299999999997,0.02644592345814878,964
4541,699602.5,-6996.0250000000015,0.02642476671938226,964
4542,555872.5,-5558.725000000002,0.026403626906006755,964
4543,544040.0,-5440.4,0.02638250400448195,965
4544,681435.0,-6814.35,0.026361398001278364,966
4545,628362.5,-6283.625000000001,0.02634030888287734,966
4546,767322.5,-7673.225,0.02631923663577104,966
4547,702577.5,-7025.775000000001,0.02629818124646242,966
4548,890257.5,-8902.574999999999,0.02627714270146525,967
4549,861587.5,-8615.875,0.026256120987304076,968
4550,844490.0,-8444.9,0.02623511609051423,968
4551,424972.5,-4249.7249999999985,0.02621412799764182,968
4552,599717.5,-5997.175000000001,0.026193156695243705,968
4553,1264872.5,-12648.724999999999,0.02617220216988751,968
4554,778857.5,-7788.574999999999,0.0261512644081516,968
4555,510432.5,-5104.324999999999,0.026130343396625077,968
4556,673890.0,-6738.9,0.026109439121907777,968
4557,621892.5,-6218.925000000003,0.02608855157061025,968
4558,568287.5,-5682.875,0.026067680729353764,968
4559,558822.5,-5588.225000000003,0.02604682658477028,968
4560,599870.0,-5998.700000000003,0.02602598912350246,968
4561,739510.0,-7395.099999999999,0.02600516833220366,968
4562,541730.0,-5417.3,0.025984364197537895,968
4563,855282.5,-8552.824999999999,0.025963576706179863,968
4564,829020.0,-8290.2,0.02594280584481492,968
4565,356852.5,-3568.5249999999996,0.025922051600139065,968
4566,794797.5,-7947.9749999999985,0.025901313958858953,968
4567,706537.5,-7065.374999999998,0.025880592907691864,968
4568,514267.5,-5142.675,0.02585988843336571,968
4569,880997.5,-8809.974999999999,0.025839200522619017,968
4570,713075.0,-7130.75,0.025818529162200923,968
4571,666360.0,-6663.599999999999,0.025797874338871162,968
4572,364802.5,-3648.025000000001,0.025777236039400065,971
4573,633240.0,-6332.399999999999,0.025756614250568546,971
4574,757765.0,-7577.649999999998,0.02573600895916809,971
4575,462377.5,-4623.7750000000015,0.025715420152000755,971
4576,389502.5,-3895.0250000000005,0.025694847815879152,971
4577,848787.5,-8487.875,0.025674291937626447,971
4578,567965.0,-5679.65,0.025653752504076345,971
4579,407432.5,-4074.325,0.025633229502073085,971
4580,606297.5,-6062.975000000001,0.025612722918471425,971
4581,563512.5,-5635.125,0.025592232740136646,971
4582,662555.0,-6625.55,0.025571758953944534,971
4583,384627.5,-3846.2749999999996,0.02555130154678138,971
4584,403487.5,-4034.874999999999,0.025530860505543953,971
4585,451035.0,-4510.3499999999985,0.025510435817139517,971
4586,490485.0,-4904.850000000003,0.025490027468485804,971
4587,513212.5,-5132.125000000002,0.025469635446511017,972
4588,605285.0,-6052.850000000002,0.025449259738153807,972
4589,638710.0,-6387.1,0.025428900330363283,972
4590,645662.5,-6456.624999999998,0.025408557210098992,972
4591,908680.0,-9086.799999999997,0.025388230364330914,972
4592,832797.5,-8327.974999999999,0.02536791978003945,972
4593,390692.5,-3906.925,0.025347625444215417,972
4594,750870.0,-7508.7,0.025327347343860045,972
4595,424730.0,-4247.3,0.025307085465984955,972
4596,1002100.0,-10020.999999999998,0.025286839797612166,972
4597,544410.0,-5444.100000000002,0.025266610325774076,972
4598,1104337.5,-11043.375,0.025246397037513458,972
4599,688592.5,-6885.925000000001,0.025226199919883445,972
4600,580080.0,-5800.799999999999,0.02520601895994754,972
4601,476755.0,-4767.550000000001,0.02518585414477958,972
4602,408025.0,-4080.2499999999986,0.025165705461463756,972
4603,677500.0,-6774.999999999999,0.025145572897094584,972
4604,549825.0,-5498.250000000001,0.025125456438776908,972
4605,572265.0,-5722.65,0.025105356073625885,972
4606,949100.0,-9491.0,0.025085271788766985,972
4607,729842.5,-7298.425,0.02506520357133597,972
4608,518840.0,-5188.400000000001,0.0250451514084789,972
4609,824450.0,-8244.500000000002,0.02502511528735212,972
4610,616467.5,-6164.675,0.025005095195122236,972
4611,837810.0,-8378.100000000002,0.024985091118966136,972
4612,552377.5,-5523.774999999999,0.024965103046070962,972
4613,509782.5,-5097.825000000001,0.024945130963634106,972
4614,809095.0,-8090.950000000001,0.024925174858863197,972
4615,459945.0,-4599.449999999999,0.024905234718976106,972
4616,507617.5,-5076.174999999998,0.024885310531200924,972
4617,671292.5,-6712.925000000001,0.024865402282775964,972
4618,746922.5,-7469.225000000001,0.02484550996094974,972
4619,613760.0,-6137.600000000001,0.02482563355298098,972
4620,774662.5,-7746.624999999999,0.024805773046138596,972
4621,939412.5,-9394.124999999996,0.024785928427701685,972
4622,559285.0,-5592.85,0.024766099684959523,973
4623,598810.0,-5988.099999999998,0.024746286805211553,973
4624,815745.0,-8157.449999999999,0.02472648977576738,973
4625,523840.0,-5238.4000000000015,0.024706708583946767,973
4626,807690.0,-8076.899999999998,0.024686943217079607,973
4627,1034390.0,-10343.9,0.024667193662505943,973
4628,695302.5,-6953.0250000000015,0.024647459907575938,973
4629,858727.5,-8587.275000000001,0.024627741939649877,973
4630,801322.5,-8013.2249999999985,0.024608039746098157,973
4631,666682.5,-6666.824999999998,0.02458835331430128,973
4632,547030.0,-5470.3,0.024568682631649838,973
4633,425455.0,-4254.550000000002,0.024549027685544518,973
4634,411917.5,-4119.175000000002,0.02452938846339608,973
4635,830140.0,-8301.399999999998,0.024509764952625364,973
4636,545497.5,-5454.974999999999,0.024490157140663264,973
4637,665475.0,-6654.750000000001,0.024470565014950735,973
4638,729060.0,-7290.600000000002,0.024450988562938775,973
4639,586650.0,-5866.499999999999,0.024431427772088423,973
4640,435000.0,-4350.000000000002,0.024411882629870752,973
4641,577775.0,-5777.750000000001,0.024392353123766856,973
4642,668475.0,-6684.75,0.024372839241267843,973
4643,485592.5,-4855.925,0.024353340969874827,973
4644,644225.0,-6442.250000000001,0.02433385829709893,973
4645,663745.0,-6637.450000000001,0.02431439121046125,973
4646,601605.0,-6016.049999999999,0.02429493969749288,973
4647,693540.0,-6935.4,0.024275503745734887,973
4648,822620.0,-8226.2,0.024256083342738297,973
4649,599685.0,-5996.85,0.024236678476064106,973
4650,691167.5,-6911.675,0.024217289133283255,973
4651,547260.0,-5472.5999999999985,0.024197915301976628,973
4652,576305.0,-5763.05,0.024178556969735046,973
4653,663872.5,-6638.725000000002,0.024159214124159258,973
4654,989080.0,-9890.800000000003,0.02413988675285993,973
4655,962470.0,-9624.7,0.024120574843457643,973
4656,630762.5,-6307.625000000002,0.024101278383582878,973
4657,513762.5,-5137.625000000001,0.02408199736087601,973
4658,604795.0,-6047.949999999999,0.02406273176298731,974
4659,661290.0,-6612.900000000001,0.02404348157757692,974
4660,711402.5,-7114.025000000001,0.024024246792314855,974
4661,672897.5,-6728.9749999999985,0.024005027394881,974
4662,712242.5,-7122.425,0.023985823372965096,974
4663,688990.0,-6889.899999999999,0.023966634714266723,974
4664,566377.5,-5663.775,0.02394746140649531,974
4665,670562.5,-6705.624999999999,0.023928303437370114,975
4666,665600.0,-6656.0,0.023909160794620216,975
4667,687297.5,-6872.975,0.02389003346598452,975
4668,845377.5,-8453.775000000001,0.023870921439211733,975
4669,1109777.5,-11097.775,0.023851824702060362,975
4670,922175.0,-9221.749999999998,0.023832743242298712,975
4671,613140.0,-6131.400000000001,0.023813677047704873,975
4672,830112.5,-8301.124999999998,0.02379462610606671,975
4673,730160.0,-7301.6,0.023775590405181856,975
4674,805077.5,-8050.7750000000015,0.02375656993285771,975
4675,590785.0,-5907.85,0.023737564676911422,975
4676,579455.0,-5794.550000000002,0.02371857462516989,975
4677,686110.0,-6861.100000000001,0.023699599765469755,975
4678,688862.5,-6888.625,0.02368064008565738,975
4679,686842.5,-6868.425,0.023661695573588853,975
4680,589145.0,-5891.45,0.023642766217129983,975
4681,611067.5,-6110.674999999999,0.02362385200415628,975
4682,425512.5,-4255.125,0.023604952922552956,977
4683,359945.0,-3599.4500000000007,0.023586068960214913,977
4684,478770.0,-4787.699999999999,0.02356720010504674,978
4685,524315.0,-5243.149999999999,0.023548346344962702,978
4686,512620.0,-5126.200000000001,0.02352950766788673,978
4687,777885.0,-7778.850000000001,0.02351068406175242,978
4688,1031557.5,-10315.574999999999,0.023491875514503015,978
4689,609905.0,-6099.050000000003,0.02347308201409141,978
4690,906775.0,-9067.75,0.02345430354848014,978
4691,628050.0,-6280.499999999997,0.023435540105641355,979
4692,520557.5,-5205.574999999999,0.02341679167355684,979
4693,691702.5,-6917.025,0.023398058240217994,979
4694,460002.5,-4600.025000000001,0.02337933979362582,979
4695,714022.5,-7140.224999999999,0.023360636321790917,979
4696,905805.0,-9058.050000000001,0.023341947812733483,979
4697,500930.0,-5009.299999999998,0.023323274254483297,979
4698,653127.5,-6531.275,0.02330461563507971,979
4699,640877.5,-6408.775,0.023285971942571645,979
4700,817345.0,-8173.45,0.023267343165017586,979
4701,722750.0,-7227.499999999999,0.023248729290485572,979
4702,437517.5,-4375.175,0.023230130307053183,979
4703,495420.0,-4954.2,0.02321154620280754,979
4704,629712.5,-6297.124999999998,0.023192976965845293,979
4705,574495.0,-5744.949999999999,0.023174422584272616,979
4706,482852.5,-4828.5250000000015,0.023155883046205198,979
4707,733730.0,-7337.299999999999,0.023137358339768235,979
4708,388137.5,-3881.3750000000005,0.02311884845309642,979
4709,858295.0,-8582.949999999999,0.023100353374333943,979
4710,534010.0,-5340.1,0.023081873091634474,979
4711,497867.5,-4978.674999999998,0.023063407593161167,979
4712,525902.5,-5259.025000000001,0.023044956867086637,979
4713,461800.0,-4618.0,0.02302652090159297,979
4714,435845.0,-4358.449999999999,0.023008099684871695,979
4715,915560.0,-9155.599999999997,0.0229896932051238,979
4716,350287.5,-3502.875,0.0229713014505597,980
4717,576467.5,-5764.675000000002,0.022952924409399254,982
4718,664900.0,-6648.999999999997,0.022934562069871732,983
4719,486720.0,-4867.200000000001,0.022916214420215835,983
4720,843502.5,-8435.025,0.02289788144867966,983
4721,483840.0,-4838.400000000001,0.022879563143520718,983
4722,508880.0,-5088.799999999999,0.022861259493005902,983
4723,624592.5,-6245.925000000001,0.022842970485411496,983
4724,685995.0,-6859.95,0.022824696109023167,983
4725,542385.0,-5423.850000000001,0.022806436352135948,983
4726,488355.0,-4883.55,0.02278819120305424,983
4727,335487.5,-3354.8749999999995,0.022769960650091795,983
4728,695485.0,-6954.8499999999985,0.02275174468157172,983
4729,522277.5,-5222.7750000000015,0.02273354328582646,983
4730,549770.0,-5497.700000000001,0.0227153564511978,983
4731,488172.5,-4881.725,0.022697184166036843,983
4732,670025.0,-6700.250000000002,0.022679026418704014,983
4733,589412.5,-5894.125,0.02266088319756905,983
4734,581580.0,-5815.8,0.022642754491010997,983
4735,454765.0,-4547.650000000001,0.022624640287418188,983
4736,544965.0,-5449.65,0.022606540575188253,983
4737,593455.0,-5934.550000000001,0.0225884553427281,983
4738,620295.0,-6202.949999999999,0.022570384578453916,983
4739,516695.0,-5166.95,0.022552328270791153,983
4740,642945.0,-6429.45,0.02253428640817452,983
4741,520997.5,-5209.975,0.02251625897904798,983
4742,496210.0,-4962.0999999999985,0.02249824597186474,983
4743,483437.5,-4834.375000000001,0.022480247375087248,983
4744,419295.0,-4192.95,0.022462263177187178,983
4745,687927.5,-6879.275000000001,0.022444293366645426,983
4746,607135.0,-6071.350000000001,0.02242633793195211,983
4747,583557.5,-5835.575000000001,0.022408396861606547,983
4748,550992.5,-5509.925000000002,0.022390470144117262,983
4749,366717.5,-3667.1750000000015,0.02237255776800197,983
4750,397100.0,-3971.000000000001,0.022354659721787566,983
4751,632555.0,-6325.550000000001,0.022336775994010134,983
4752,683235.0,-6832.3499999999985,0.022318906573214926,983
4753,763982.5,-7639.825,0.022301051447956355,983
4754,495452.5,-4954.525000000001,0.022283210606797988,983
4755,470207.5,-4702.075000000001,0.02226538403831255,983
4756,291377.5,-2913.775,0.0222475717310819,983
4757,459347.5,-4593.474999999999,0.022229773673697033,983
4758,746905.0,-7469.050000000001,0.022211989854758075,983
4759,632097.5,-6320.975000000001,0.022194220262874268,983
4760,453947.5,-4539.4749999999985,0.022176464886663968,983
4761,474587.5,-4745.875000000002,0.022158723714754636,983
4762,529200.0,-5292.000000000001,0.02214099673578283,983
4763,476092.5,-4760.925000000001,0.022123283938394203,983
4764,740850.0,-7408.499999999999,0.022105585311243486,983
4765,618832.5,-6188.325,0.02208790084299449,983
4766,441970.0,-4419.699999999999,0.022070230522320093,986
4767,494795.0,-4947.950000000002,0.022052574337902236,987
4768,530442.5,-5304.425000000001,0.022034932278431913,987
4769,949815.0,-9498.150000000001,0.022017304332609167,987
4770,354495.0,-3544.9499999999994,0.02199969048914308,987
4771,444920.0,-4449.2,0.021982090736751763,987
4772,455622.5,-4556.224999999999,0.02196450506416236,987
4773,458252.5,-4582.5250000000015,0.02194693346011103,987
4774,415007.5,-4150.075000000002,0.02192937591334294,987
4775,526832.5,-5268.325,0.021911832412612266,987
4776,494047.5,-4940.4749999999985,0.021894302946682175,987
4777,537272.5,-5372.725,0.021876787504324827,987
4778,518182.5,-5181.825000000001,0.021859286074321367,987
4779,805792.5,-8057.925000000001,0.02184179864546191,987
4780,715380.0,-7153.799999999999,0.02182432520654554,987
4781,550105.0,-5501.05,0.021806865746380303,987
4782,531657.5,-5316.574999999999,0.0217894202537832,987
4783,562160.0,-5621.6,0.02177198871758017,987
4784,511040.0,-5110.4,0.021754571126606108,987
4785,584360.0,-5843.600000000001,0.021737167469704822,987
4786,389720.0,-3897.2000000000007,0.021719777735729057,987
4787,987992.5,-9879.925000000001,0.021702401913540472,987
4788,576562.5,-5765.625000000001,0.02168503999200964,987
4789,611442.5,-6114.425,0.02166769196001603,988
4790,308672.5,-3086.724999999999,0.021650357806448018,988
4791,653132.5,-6531.325000000003,0.02163303752020286,988
4792,414887.5,-4148.874999999999,0.021615731090186698,988
4793,481555.0,-4815.550000000001,0.021598438505314548,988
4794,639977.5,-6399.7750000000015,0.021581159754510297,988
4795,581175.0,-5811.750000000002,0.02156389482670669,988
4796,435450.0,-4354.5,0.021546643710845324,988
4797,670345.0,-6703.450000000001,0.02152940639587665,988
4798,622355.0,-6223.550000000002,0.021512182870759948,988
4799,305900.0,-3059.0000000000005,0.02149497312446334,988
4800,484767.5,-4847.675000000001,0.02147777714596377,988
4801,417432.5,-4174.325,0.021460594924246998,988
4802,507895.0,-5078.950000000002,0.0214434264483076,989
4803,504595.0,-5045.950000000001,0.021426271707148954,989
4804,387495.0,-3874.9499999999985,0.021409130689783236,989
4805,629700.0,-6296.999999999999,0.02139200338523141,989
4806,609850.0,-6098.500000000001,0.021374889782523224,989
4807,666537.5,-6665.375000000002,0.021357789870697204,989
4808,450370.0,-4503.7,0.021340703638800647,989
4809,624007.5,-6240.074999999998,0.021323631075889606,989
4810,875450.0,-8754.499999999998,0.021306572171028895,989
4811,697200.0,-6972.000000000001,0.02128952691329207,990
4812,561082.5,-5610.825,0.021272495291761437,990
4813,443325.0,-4433.250000000001,0.021255477295528027,990
4814,703172.5,-7031.724999999999,0.021238472913691603,990
4815,348715.0,-3487.15,0.02122148213536065,991
4816,878097.5,-8780.975000000004,0.02120450494965236,991
4817,459990.0,-4599.899999999999,0.02118754134569264,991
4818,622935.0,-6229.350000000001,0.021170591312616085,991
4819,506375.0,-5063.749999999999,0.02115365483956599,991
4820,413792.5,-4137.925,0.02113673191569434,991
4821,616840.0,-6168.4000000000015,0.021119822530161782,991
4822,469702.5,-4697.025000000001,0.021102926672137652,991
4823,617465.0,-6174.649999999999,0.02108604433079994,991
4824,513522.5,-5135.225,0.0210691754953353,991
4825,372987.5,-3729.8749999999986,0.02105232015493903,991
4826,445642.5,-4456.425000000001,0.021035478298815077,991
4827,492305.0,-4923.049999999999,0.021018649916176024,991
4828,719082.5,-7190.825000000002,0.02100183499624308,991
4829,482962.5,-4829.625,0.020985033528246086,991
4830,476750.0,-4767.5,0.02096824550142349,992
4831,916777.5,-9167.775,0.02095147090502235,992
4832,467352.5,-4673.525000000001,0.02093470972829833,992
4833,526170.0,-5261.699999999999,0.02091796196051569,992
4834,853185.0,-8531.849999999999,0.02090122759094728,992
4835,330260.0,-3302.6000000000004,0.02088450660887452,992
4836,435047.5,-4350.475,0.02086779900358742,992
4837,382970.0,-3829.7000000000003,0.02085110476438455,992
4838,666497.5,-6664.975,0.020834423880573043,992
4839,1159845.0,-11598.45,0.020817756341468582,992
4840,883947.5,-8839.475,0.020801102136395407,992
4841,547185.0,-5471.85,0.02078446125468629,992
4842,395612.5,-3956.1249999999995,0.02076783368568254,992
4843,512112.5,-5121.125,0.020751219418733993,992
4844,387550.0,-3875.499999999999,0.020734618443199005,994
4845,886980.0,-8869.799999999997,0.020718030748444444,994
4846,728080.0,-7280.799999999999,0.020701456323845686,994
4847,429567.5,-4295.674999999999,0.02068489515878661,994
4848,600140.0,-6001.400000000001,0.02066834724265958,994
4849,537657.5,-5376.574999999999,0.02065181256486545,994
4850,827210.0,-8272.1,0.020635291114813558,994
4851,615317.5,-6153.175,0.020618782881921708,994
4852,662495.0,-6624.949999999999,0.02060228785561617,995
4853,485512.5,-4855.125000000003,0.020585806025331676,995
4854,731105.0,-7311.049999999999,0.02056933738051141,995
4855,550322.5,-5503.225000000001,0.020552881910607,995
4856,592905.0,-5929.050000000001,0.020536439605078515,995
4857,490865.0,-4908.65,0.020520010453394452,995
4858,473822.5,-4738.225,0.020503594445031737,995
4859,449357.5,-4493.575,0.02048719156947571,995
4860,454600.0,-4546.000000000001,0.02047080181622013,995
4861,616342.5,-6163.425000000001,0.020454425174767154,995
4862,463300.0,-4633.000000000001,0.02043806163462734,995
4863,677825.0,-6778.25,0.020421711185319637,995
4864,554922.5,-5549.224999999998,0.02040537381637138,995
4865,753840.0,-7538.399999999999,0.020389049517318285,995
4866,518415.0,-5184.15,0.02037273827770443,995
4867,519757.5,-5197.575,0.020356440087082265,995
4868,498027.5,-4980.275000000001,0.020340154935012598,996
4869,437820.0,-4378.199999999999,0.02032388281106459,996
4870,679437.5,-6794.375,0.020307623704815737,996
4871,749365.0,-7493.650000000001,0.020291377605851885,996
4872,520607.5,-5206.075,0.020275144503767203,996
4873,512405.0,-5124.049999999999,0.02025892438816419,996
4874,470972.5,-4709.725,0.020242717248653657,996
4875,415110.0,-4151.1,0.020226523074854733,996
4876,408215.0,-4082.1499999999983,0.02021034185639485,997
4877,532330.0,-5323.299999999999,0.020194173582909734,997
4878,434597.5,-4345.9749999999985,0.020178018244043406,997
4879,497275.0,-4972.750000000002,0.02016187582944817,997
4880,461975.0,-4619.750000000001,0.02014574632878461,997
4881,462457.5,-4624.575000000001,0.020129629731721582,997
4882,500977.5,-5009.7750000000015,0.020113526027936205,997
4883,326422.5,-3264.2249999999995,0.020097435207113854,997
4884,518362.5,-5183.625,0.020081357258948163,997
4885,359672.5,-3596.725,0.020065292173141003,997
4886,524145.0,-5241.450000000001,0.02004923993940249,997
4887,538595.0,-5385.95,0.020033200547450968,997
4888,373917.5,-3739.175,0.020017173987013005,997
4889,719452.5,-7194.525,0.020001160247823394,997
4890,301782.5,-3017.8250000000003,0.02,997
4891,522537.5,-5225.375000000002,0.02,997
4892,627215.0,-6272.149999999999,0.02,997
4893,431780.0,-4317.800000000001,0.02,997
4894,417435.0,-4174.35,0.02,997
4895,808942.5,-8089.425,0.02,997
4896,494115.0,-4941.15,0.02,997
4897,741900.0,-7419.000000000001,0.02,997
4898,438765.0,-4387.649999999999,0.02,998
4899,717512.5,-7175.125000000001,0.02,998
4900,640582.5,-6405.824999999999,0.02,998
4901,317770.0,-3177.7,0.02,998
4902,722975.0,-7229.749999999999,0.02,998
4903,526815.0,-5268.1500000000015,0.02,998
4904,554800.0,-5547.999999999997,0.02,998
4905,615662.5,-6156.625000000002,0.02,998
4906,748440.0,-7484.4,0.02,998
4907,591345.0,-5913.450000000001,0.02,998
4908,455025.0,-4550.25,0.02,998
4909,723200.0,-7232.0,0.02,998
4910,484262.5,-4842.624999999999,0.02,998
4911,623857.5,-6238.575000000001,0.02,998
4912,581397.5,-5813.975,0.02,998
4913,390705.0,-3907.05,0.02,998
4914,565255.0,-5652.549999999999,0.02,998
4915,543547.5,-5435.475,0.02,998
4916,493342.5,-4933.424999999999,0.02,998
4917,578597.5,-5785.975000000001,0.02,998
4918,776502.5,-7765.024999999999,0.02,998
4919,588190.0,-5881.900000000001,0.02,998
4920,744445.0,-7444.450000000002,0.02,998
4921,382287.5,-3822.875000000001,0.02,998
4922,571425.0,-5714.250000000001,0.02,998
4923,386717.5,-3867.1749999999997,0.02,998
4924,449062.5,-4490.625000000002,0.02,998
4925,529742.5,-5297.425000000001,0.02,998
4926,343265.0,-3432.6499999999987,0.02,998
4927,499310.0,-4993.1,0.02,998
4928,459695.0,-4596.95,0.02,998
4929,616157.5,-6161.575000000001,0.02,998
4930,639002.5,-6390.025000000001,0.02,998
4931,448205.0,-4482.05,0.02,998
4932,392495.0,-3924.9499999999994,0.02,1000
4933,519672.5,-5196.725,0.02,1000
4934,470422.5,-4704.225,0.02,1000
4935,421542.5,-4215.425,0.02,1000
4936,519277.5,-5192.775000000001,0.02,1000
4937,472920.0,-4729.199999999999,0.02,1000
4938,501545.0,-5015.450000000002,0.02,1001
4939,759622.5,-7596.225,0.02,1002
4940,556710.0,-5567.0999999999985,0.02,1002
4941,537742.5,-5377.425,0.02,1002
4942,798945.0,-7989.450000000002,0.02,1002
4943,723975.0,-7239.749999999999,0.02,1002
4944,573535.0,-5735.35,0.02,1002
4945,604600.0,-6046.000000000003,0.02,1002
4946,684557.5,-6845.574999999999,0.02,1002
4947,558800.0,-5588.0,0.02,1002
4948,561765.0,-5617.65,0.02,1002
4949,636210.0,-6362.1,0.02,1002
4950,697460.0,-6974.599999999997,0.02,1002
4951,529985.0,-5299.85,0.02,1002
4952,619235.0,-6192.35,0.02,1002
4953,751367.5,-7513.675,0.02,1003
4954,580062.5,-5800.624999999999,0.02,1003
4955,561302.5,-5613.025000000001,0.02,1003
4956,410002.5,-4100.0250000000015,0.02,1003
4957,569367.5,-5693.675,0.02,1003
4958,542607.5,-5426.074999999999,0.02,1003
4959,671395.0,-6713.950000000003,0.02,1003
4960,871075.0,-8710.75,0.02,1003
4961,607847.5,-6078.4749999999985,0.02,1003
4962,726145.0,-7261.45,0.02,1003
4963,594190.0,-5941.9000000000015,0.02,1003
4964,518952.5,-5189.525000000001,0.02,1003
4965,676840.0,-6768.400000000001,0.02,1004
4966,737900.0,-7379.000000000001,0.02,1004
4967,578255.0,-5782.55,0.02,1004
4968,335757.5,-3357.574999999999,0.02,1004
4969,483315.0,-4833.150000000001,0.02,1004
4970,365180.0,-3651.8000000000006,0.02,1004
4971,749265.0,-7492.650000000001,0.02,1004
4972,659140.0,-6591.4,0.02,1004
4973,627450.0,-6274.5,0.02,1004
4974,647880.0,-6478.8,0.02,1004
4975,631502.5,-6315.024999999999,0.02,1004
4976,579107.5,-5791.074999999998,0.02,1004
4977,570915.0,-5709.150000000001,0.02,1004
4978,425000.0,-4249.999999999999,0.02,1004
4979,502852.5,-5028.524999999999,0.02,1004
4980,461240.0,-4612.400000000001,0.02,1004
4981,736035.0,-7360.3499999999985,0.02,1004
4982,562615.0,-5626.1500000000015,0.02,1004
4983,597715.0,-5977.150000000001,0.02,1004
4984,591790.0,-5917.9,0.02,1004
4985,618850.0,-6188.500000000001,0.02,1004
4986,582217.5,-5822.175000000001,0.02,1004
4987,541205.0,-5412.05,0.02,1004
4988,617955.0,-6179.549999999998,0.02,1004
4989,490170.0,-4901.7,0.02,1004
4990,506295.0,-5062.95,0.02,1004
4991,1030032.5,-10300.325000000003,0.02,1004
4992,704240.0,-7042.400000000001,0.02,1004
4993,398280.0,-3982.799999999999,0.02,1004
4994,544517.5,-5445.175,0.02,1004
4995,444760.0,-4447.600000000002,0.02,1004
4996,567595.0,-5675.950000000001,0.02,1004
4997,541632.5,-5416.325000000001,0.02,1004
4998,506647.5,-5066.475000000001,0.02,1004
4999,463862.5,-4638.624999999999,0.02,1004
5000,483100.0,-4831.0,0.02,1004
5001,446562.5,-4465.625000000001,0.02,1004
5002,362040.0,-3620.3999999999996,0.02,1004
5003,519892.5,-5198.924999999999,0.02,1004
5004,447570.0,-4475.7,0.02,1004
5005,481205.0,-4812.049999999997,0.02,1004
5006,432550.0,-4325.5,0.02,1004
5007,586737.5,-5867.375000000001,0.02,1004
5008,505252.5,-5052.525,0.02,1004
5009,595220.0,-5952.199999999999,0.02,1004
5010,631722.5,-6317.224999999999,0.02,1004
5011,625327.5,-6253.274999999999,0.02,1004
5012,449137.5,-4491.375,0.02,1005
5013,354622.5,-3546.2249999999995,0.02,1005
5014,493905.0,-4939.049999999998,0.02,1005
5015,735445.0,-7354.450000000001,0.02,1005
5016,514497.5,-5144.974999999999,0.02,1009
5017,523820.0,-5238.199999999999,0.02,1009
5018,618572.5,-6185.725000000001,0.02,1010
5019,583947.5,-5839.475,0.02,1010
5020,527242.5,-5272.425000000001,0.02,1010
5021,485102.5,-4851.025000000001,0.02,1010
5022,976560.0,-9765.599999999999,0.02,1010
5023,575610.0,-5756.099999999999,0.02,1013
5024,477002.5,-4770.025000000001,0.02,1013
5025,652700.0,-6526.999999999998,0.02,1013
5026,499277.5,-4992.775000000001,0.02,1013
5027,398200.0,-3982.000000000001,0.02,1013
5028,405937.5,-4059.375,0.02,1013
5029,493962.5,-4939.625000000001,0.02,1013
5030,624175.0,-6241.750000000001,0.02,1013
5031,499055.0,-4990.55,0.02,1013
5032,637305.0,-6373.05,0.02,1013
5033,338637.5,-3386.3749999999995,0.02,1013
5034,571242.5,-5712.424999999999,0.02,1015
5035,430822.5,-4308.224999999999,0.02,1015
5036,432092.5,-4320.924999999999,0.02,1015
5037,410822.5,-4108.224999999999,0.02,1015
5038,536480.0,-5364.799999999998,0.02,1015
5039,371850.0,-3718.5000000000014,0.02,1015
5040,503035.0,-5030.35,0.02,1015
5041,649910.0,-6499.1,0.02,1015
5042,570775.0,-5707.749999999998,0.02,1015
5043,367190.0,-3671.8999999999996,0.02,1015
5044,525362.5,-5253.625,0.02,1015
5045,296182.5,-2961.825,0.02,1015
5046,614697.5,-6146.975,0.02,1016
5047,834945.0,-8349.45,0.02,1016
5048,468552.5,-4685.525000000001,0.02,1016
5049,1108535.0,-11085.350000000002,0.02,1016
5050,375517.5,-3755.1750000000006,0.02,1016
5051,469525.0,-4695.249999999999,0.02,1016
5052,575495.0,-5754.949999999999,0.02,1017
5053,661950.0,-6619.499999999999,0.02,1017
5054,493902.5,-4939.025000000001,0.02,1017
5055,650290.0,-6502.899999999999,0.02,1017
5056,380307.5,-3803.0750000000007,0.02,1017
5057,381427.5,-3814.275,0.02,1017
5058,653152.5,-6531.525000000001,0.02,1017
5059,613570.0,-6135.7,0.02,1017
5060,463707.5,-4637.075,0.02,1017
5061,353735.0,-3537.3499999999995,0.02,1017
5062,508672.5,-5086.7249999999985,0.02,1018
5063,411082.5,-4110.825,0.02,1018
5064,448880.0,-4488.799999999999,0.02,1018
5065,508030.0,-5080.3,0.02,1018
5066,663410.0,-6634.1,0.02,1018
5067,472555.0,-4725.549999999999,0.02,1018
5068,702770.0,-7027.7,0.02,1018
5069,484312.5,-4843.125000000001,0.02,1018
5070,607945.0,-6079.449999999999,0.02,1018
5071,523835.0,-5238.35,0.02,1018
5072,382075.0,-3820.75,0.02,1018
5073,622987.5,-6229.874999999998,0.02,1018
5074,687337.5,-6873.375,0.02,1018
5075,379010.0,-3790.0999999999995,0.02,1018
5076,328757.5,-3287.575,0.02,1018
5077,370955.0,-3709.5500000000006,0.02,1018
5078,665397.5,-6653.9749999999985,0.02,1018
5079,636955.0,-6369.550000000002,0.02,1018
5080,523322.5,-5233.225000000002,0.02,1018
5081,973435.0,-9734.349999999999,0.02,1018
5082,402155.0,-4021.5499999999984,0.02,1018
5083,430162.5,-4301.625000000003,0.02,1018
5084,406352.5,-4063.5249999999996,0.02,1018
5085,754907.5,-7549.074999999999,0.02,1018
5086,417225.0,-4172.25,0.02,1018
5087,608110.0,-6081.1,0.02,1018
5088,603927.5,-6039.274999999999,0.02,1018
5089,368527.5,-3685.275,0.02,1018
5090,531317.5,-5313.175000000001,0.02,1018
5091,559645.0,-5596.450000000001,0.02,1018
5092,1259905.0,-12599.050000000001,0.02,1018
5093,520187.5,-5201.875,0.02,1018
5094,447857.5,-4478.575,0.02,1018
5095,483655.0,-4836.55,0.02,1018
5096,869545.0,-8695.45,0.02,1018
5097,743700.0,-7437.0,0.02,1018
5098,328245.0,-3282.45,0.02,1018
5099,426622.5,-4266.224999999999,0.02,1018
5100,335855.0,-3358.55,0.02,1018
5101,362782.5,-3627.8250000000003,0.02,1018
5102,432845.0,-4328.45,0.02,1019
5103,395587.5,-3955.875,0.02,1019
5104,417155.0,-4171.55,0.02,1020
5105,343137.5,-3431.375,0.02,1020
5106,390892.5,-3908.925,0.02,1020
5107,382035.0,-3820.35,0.02,1020
5108,465885.0,-4658.85,0.02,1020
5109,524332.5,-5243.324999999997,0.02,1020
5110,529850.0,-5298.500000000001,0.02,1020
5111,361540.0,-3615.399999999999,0.02,1020
5112,601260.0,-6012.599999999999,0.02,1020
5113,598495.0,-5984.95,0.02,1020
5114,621790.0,-6217.9,0.02,1020
5115,494890.0,-4948.900000000001,0.02,1020
5116,452675.0,-4526.750000000001,0.02,1020
5117,409350.0,-4093.5,0.02,1020
5118,595330.0,-5953.3,0.02,1020
5119,331932.5,-3319.325000000001,0.02,1020
5120,753982.5,-7539.825,0.02,1020
5121,502182.5,-5021.825,0.02,1020
5122,303365.0,-3033.65,0.02,1020
5123,585987.5,-5859.874999999999,0.02,1020
5124,427900.0,-4279.000000000002,0.02,1020
5125,755935.0,-7559.349999999999,0.02,1021
5126,475292.5,-4752.925,0.02,1022
5127,479367.5,-4793.675000000001,0.02,1022
5128,393537.5,-3935.3749999999995,0.02,1023
5129,1038032.5,-10380.325000000003,0.02,1023
5130,546960.0,-5469.599999999999,0.02,1023
5131,491517.5,-4915.175000000001,0.02,1023
5132,337522.5,-3375.225,0.02,1023
5133,552370.0,-5523.700000000003,0.02,1023
5134,427517.5,-4275.175000000001,0.02,1023
5135,391655.0,-3916.5499999999997,0.02,1023
5136,549955.0,-5499.549999999999,0.02,1023
5137,502737.5,-5027.375000000001,0.02,1023
5138,549950.0,-5499.500000000001,0.02,1023
5139,414365.0,-4143.650000000001,0.02,1023
5140,582722.5,-5827.225,0.02,1023
5141,631557.5,-6315.575,0.02,1023
5142,627865.0,-6278.65,0.02,1023
5143,516547.5,-5165.475,0.02,1023
5144,473775.0,-4737.75,0.02,1024
5145,510645.0,-5106.45,0.02,1024
5146,336752.5,-3367.5250000000005,0.02,1024
5147,581900.0,-5819.000000000003,0.02,1024
5148,427982.5,-4279.825000000001,0.02,1024
5149,340750.0,-3407.500000000001,0.02,1024
5150,581627.5,-5816.275,0.02,1024
5151,494615.0,-4946.150000000001,0.02,1024
5152,870725.0,-8707.25,0.02,1024
5153,313915.0,-3139.150000000001,0.02,1024
5154,370010.0,-3700.100000000001,0.02,1024
5155,480560.0,-4805.599999999999,0.02,1024
5156,613702.5,-6137.025000000001,0.02,1024
5157,266130.0,-2661.3,0.02,1024
5158,416760.0,-4167.599999999999,0.02,1024
5159,638630.0,-6386.300000000001,0.02,1024
5160,464185.0,-4641.849999999999,0.02,1024
5161,597575.0,-5975.75,0.02,1024
5162,418630.0,-4186.300000000001,0.02,1024
5163,461157.5,-4611.575,0.02,1024
5164,492550.0,-4925.499999999998,0.02,1024
5165,708137.5,-7081.375000000001,0.02,1024
5166,547650.0,-5476.500000000001,0.02,1024
5167,392867.5,-3928.674999999999,0.02,1024
5168,434327.5,-4343.2750000000015,0.02,1024
5169,433297.5,-4332.975,0.02,1024
5170,368910.0,-3689.1000000000004,0.02,1024
5171,631862.5,-6318.625000000001,0.02,1024
5172,565172.5,-5651.725000000001,0.02,1024
5173,429595.0,-4295.950000000001,0.02,1025
5174,646565.0,-6465.65,0.02,1025
5175,486375.0,-4863.75,0.02,1025
5176,325115.0,-3251.1499999999996,0.02,1026
5177,491957.5,-4919.575000000001,0.02,1026
5178,548947.5,-5489.475,0.02,1026
5179,639495.0,-6394.950000000002,0.02,1026
5180,386785.0,-3867.849999999999,0.02,1026
5181,521542.5,-5215.425000000001,0.02,1026
5182,786827.5,-7868.274999999996,0.02,1026
5183,611167.5,-6111.675000000001,0.02,1026
5184,593140.0,-5931.4000000000015,0.02,1026
5185,746752.5,-7467.525,0.02,1026
5186,790635.0,-7906.350000000001,0.02,1026
5187,557745.0,-5577.45,0.02,1026
5188,506500.0,-5065.000000000001,0.02,1027
5189,670565.0,-6705.65,0.02,1027
5190,725042.5,-7250.424999999999,0.02,1027
5191,593165.0,-5931.65,0.02,1027
5192,705157.5,-7051.575000000001,0.02,1027
5193,295517.5,-2955.1749999999997,0.02,1027
5194,665845.0,-6658.450000000001,0.02,1027
5195,875102.5,-8751.025000000001,0.02,1027
5196,1098990.0,-10989.899999999998,0.02,1028
5197,564070.0,-5640.700000000002,0.02,1028
5198,378000.0,-3780.0,0.02,1028
5199,571990.0,-5719.900000000001,0.02,1028
5200,534600.0,-5346.0,0.02,1028
5201,517467.5,-5174.675000000002,0.02,1028
5202,445597.5,-4455.975,0.02,1029
5203,496635.0,-4966.349999999999,0.02,1029
5204,465925.0,-4659.25,0.02,1029
5205,371920.0,-3719.2000000000007,0.02,1029
5206,529685.0,-5296.849999999999,0.02,1029
5207,621057.5,-6210.575,0.02,1029
5208,701955.0,-7019.549999999999,0.02,1029
5209,417285.0,-4172.849999999999,0.02,1029
5210,979852.5,-9798.525000000001,0.02,1029
5211,441852.5,-4418.525,0.02,1029
5212,988347.5,-9883.475,0.02,1029
5213,516175.0,-5161.750000000001,0.02,1029
5214,572967.5,-5729.674999999999,0.02,1029
5215,379855.0,-3798.550000000001,0.02,1029
5216,376585.0,-3765.85,0.02,1029
5217,506202.5,-5062.025,0.02,1029
5218,504317.5,-5043.175000000002,0.02,1029
5219,871592.5,-8715.924999999997,0.02,1029
5220,420865.0,-4208.650000000001,0.02,1029
5221,547937.5,-5479.375000000001,0.02,1029
5222,531607.5,-5316.0750000000035,0.02,1029
5223,457927.5,-4579.274999999998,0.02,1029
5224,537845.0,-5378.449999999999,0.02,1029
5225,977320.0,-9773.2,0.02,1029
5226,649235.0,-6492.350000000001,0.02,1029
5227,321035.0,-3210.35,0.02,1029
5228,948515.0,-9485.15,0.02,1029
5229,485127.5,-4851.275,0.02,1029
5230,496747.5,-4967.4749999999985,0.02,1029
5231,625695.0,-6256.95,0.02,1029
5232,431557.5,-4315.575,0.02,1029
5233,538230.0,-5382.299999999999,0.02,1029
5234,524585.0,-5245.85,0.02,1029
5235,479415.0,-4794.150000000001,0.02,1029
5236,717017.5,-7170.175,0.02,1029
5237,415865.0,-4158.65,0.02,1029
5238,515000.0,-5150.0,0.02,1029
5239,525985.0,-5259.85,0.02,1029
5240,576435.0,-5764.350000000003,0.02,1029
5241,767175.0,-7671.75,0.02,1029
5242,522287.5,-5222.875,0.02,1029
5243,948630.0,-9486.299999999997,0.02,1029
5244,511687.5,-5116.874999999999,0.02,1029
5245,789655.0,-7896.55,0.02,1029
5246,560130.0,-5601.3,0.02,1029
5247,465110.0,-4651.099999999999,0.02,1029
5248,590040.0,-5900.400000000001,0.02,1029
5249,411935.0,-4119.349999999999,0.02,1029
5250,648865.0,-6488.65,0.02,1029
5251,811877.5,-8118.774999999996,0.02,1029
5252,444605.0,-4446.049999999999,0.02,1029
5253,849682.5,-8496.824999999999,0.02,1029
5254,816942.5,-8169.424999999999,0.02,1029
5255,557067.5,-5570.675,0.02,1029
5256,364577.5,-3645.7750000000005,0.02,1029
5257,442402.5,-4424.0250000000015,0.02,1029
5258,600875.0,-6008.75,0.02,1029
5259,528682.5,-5286.825000000002,0.02,1029
5260,381770.0,-3817.699999999999,0.02,1029
5261,481280.0,-4812.800000000002,0.02,1029
5262,416642.5,-4166.425,0.02,1029
5263,514540.0,-5145.400000000001,0.02,1029
5264,333265.0,-3332.65,0.02,1029
5265,599962.5,-5999.625,0.02,1029
5266,393582.5,-3935.825000000001,0.02,1029
5267,564802.5,-5648.025,0.02,1029
5268,731845.0,-7318.450000000001,0.02,1029
5269,572337.5,-5723.374999999998,0.02,1029
5270,608395.0,-6083.950000000001,0.02,1029
5271,471652.5,-4716.525,0.02,1029
5272,655122.5,-6551.225000000002,0.02,1029
5273,409530.0,-4095.2999999999997,0.02,1029
5274,732512.5,-7325.125000000001,0.02,1029
5275,453702.5,-4537.025000000001,0.02,1029
5276,462635.0,-4626.349999999999,0.02,1029
5277,842202.5,-8422.025,0.02,1029
5278,295402.5,-2954.024999999999,0.02,1029
5279,605935.0,-6059.349999999999,0.02,1029
5280,449467.5,-4494.675000000001,0.02,1029
5281,461992.5,-4619.925000000002,0.02,1029
5282,905492.5,-9054.925000000001,0.02,1031
5283,636530.0,-6365.299999999999,0.02,1031
5284,968757.5,-9687.574999999999,0.02,1031
5285,324580.0,-3245.7999999999997,0.02,1031
5286,694107.5,-6941.075000000001,0.02,1031
5287,415617.5,-4156.174999999999,0.02,1031
5288,685370.0,-6853.699999999997,0.02,1031
5289,798605.0,-7986.050000000002,0.02,1031
5290,655240.0,-6552.400000000001,0.02,1031
5291,653800.0,-6537.999999999999,0.02,1031
5292,387617.5,-3876.175,0.02,1031
5293,757612.5,-7576.125000000001,0.02,1031
5294,641102.5,-6411.024999999999,0.02,1032
5295,392765.0,-3927.649999999999,0.02,1032
5296,746502.5,-7465.024999999997,0.02,1032
5297,789340.0,-7893.4,0.02,1032
5298,764937.5,-7649.374999999999,0.02,1032
5299,941517.5,-9415.175000000003,0.02,1032
5300,450545.0,-4505.449999999999,0.02,1032
5301,375075.0,-3750.7500000000005,0.02,1032
5302,472115.0,-4721.149999999999,0.02,1032
5303,597712.5,-5977.125000000002,0.02,1032
5304,596025.0,-5960.25,0.02,1032
5305,531605.0,-5316.05,0.02,1033
5306,407117.5,-4071.1749999999993,0.02,1033
5307,475682.5,-4756.824999999999,0.02,1033
5308,595257.5,-5952.574999999998,0.02,1033
5309,459805.0,-4598.049999999998,0.02,1033
5310,818075.0,-8180.75,0.02,1033
5311,468430.0,-4684.299999999999,0.02,1034
5312,747400.0,-7474.0,0.02,1035
5313,774247.5,-7742.474999999996,0.02,1035
5314,807615.0,-8076.149999999999,0.02,1035
5315,628547.5,-6285.4749999999985,0.02,1035
5316,539002.5,-5390.025000000001,0.02,1036
5317,777507.5,-7775.075000000001,0.02,1036
5318,534000.0,-5340.000000000001,0.02,1036
5319,375795.0,-3757.9500000000016,0.02,1036
5320,407217.5,-4072.1750000000006,0.02,1036
5321,491385.0,-4913.8499999999985,0.02,1036
5322,668980.0,-6689.799999999998,0.02,1036
5323,851765.0,-8517.649999999998,0.02,1036
5324,503207.5,-5032.074999999999,0.02,1036
5325,528915.0,-5289.149999999999,0.02,1036
5326,838037.5,-8380.375,0.02,1036
5327,713657.5,-7136.574999999999,0.02,1036
5328,631007.5,-6310.075000000001,0.02,1036
5329,614695.0,-6146.95,0.02,1036
5330,820267.5,-8202.675000000001,0.02,1036
5331,343707.5,-3437.0750000000003,0.02,1036
5332,487032.5,-4870.325000000002,0.02,1036
5333,561370.0,-5613.699999999999,0.02,1036
5334,531465.0,-5314.650000000001,0.02,1036
5335,499407.5,-4994.074999999999,0.02,1037
5336,626512.5,-6265.125,0.02,1037
5337,553805.0,-5538.05,0.02,1037
5338,438672.5,-4386.725,0.02,1037
5339,645570.0,-6455.700000000001,0.02,1037
5340,451197.5,-4511.974999999999,0.02,1037
5341,385292.5,-3852.9250000000006,0.02,1038
5342,468360.0,-4683.6,0.02,1038
5343,717170.0,-7171.700000000001,0.02,1039
5344,461825.0,-4618.249999999999,0.02,1039
5345,311885.0,-3118.85,0.02,1039
5346,378445.0,-3784.4500000000003,0.02,1039
5347,514432.5,-5144.325,0.02,1039
5348,768287.5,-7682.874999999999,0.02,1039
5349,457895.0,-4578.949999999999,0.02,1039
5350,445887.5,-4458.875,0.02,1039
5351,403960.0,-4039.6,0.02,1041
5352,511272.5,-5112.724999999999,0.02,1042
5353,450555.0,-4505.549999999999,0.02,1042
5354,439170.0,-4391.7,0.02,1042
5355,299177.5,-2991.775,0.02,1042
5356,879447.5,-8794.475,0.02,1042
5357,549087.5,-5490.875,0.02,1042
5358,491642.5,-4916.424999999999,0.02,1044
5359,477570.0,-4775.7,0.02,1044
5360,456645.0,-4566.449999999999,0.02,1044
5361,402075.0,-4020.7500000000005,0.02,1044
5362,507490.0,-5074.899999999999,0.02,1044
5363,518195.0,-5181.950000000001,0.02,1044
5364,712092.5,-7120.924999999998,0.02,1044
5365,661632.5,-6616.324999999998,0.02,1044
5366,710492.5,-7104.925000000001,0.02,1044
5367,389330.0,-3893.3,0.02,1045
5368,634192.5,-6341.925,0.02,1045
5369,636230.0,-6362.3,0.02,1045
5370,469345.0,-4693.450000000001,0.02,1045
5371,483870.0,-4838.700000000001,0.02,1045
5372,513475.0,-5134.750000000001,0.02,1045
5373,390545.0,-3905.4499999999994,0.02,1045
5374,465855.0,-4658.549999999999,0.02,1045
5375,540377.5,-5403.775000000001,0.02,1045
5376,763970.0,-7639.699999999998,0.02,1045
5377,523382.5,-5233.825000000001,0.02,1045
5378,435650.0,-4356.5,0.02,1045
5379,684472.5,-6844.7249999999985,0.02,1045
5380,540702.5,-5407.025000000001,0.02,1045
5381,413090.0,-4130.900000000001,0.02,1045
5382,784552.5,-7845.524999999997,0.02,1045
5383,482427.5,-4824.275000000001,0.02,1045
5384,531372.5,-5313.725,0.02,1045
5385,569847.5,-5698.475,0.02,1045
5386,591750.0,-5917.499999999997,0.02,1045
5387,484130.0,-4841.3,0.02,1045
5388,455762.5,-4557.625000000002,0.02,1045
5389,586290.0,-5862.9000000000015,0.02,1045
5390,1017392.5,-10173.925000000001,0.02,1048
5391,818055.0,-8180.549999999999,0.02,1049
5392,537047.5,-5370.474999999999,0.02,1049
5393,595242.5,-5952.424999999999,0.02,1049
5394,480517.5,-4805.174999999999,0.02,1049
5395,533610.0,-5336.1,0.02,1049
5396,525632.5,-5256.324999999999,0.02,1049
5397,750622.5,-7506.225,0.02,1049
5398,527107.5,-5271.075000000001,0.02,1049
5399,491917.5,-4919.174999999999,0.02,1049
5400,445387.5,-4453.875000000001,0.02,1049
5401,341790.0,-3417.9,0.02,1050
5402,511732.5,-5117.325000000001,0.02,1050
5403,560795.0,-5607.950000000001,0.02,1050
5404,511662.5,-5116.625,0.02,1050
5405,862875.0,-8628.750000000002,0.02,1050
5406,449655.0,-4496.550000000001,0.02,1050
5407,525070.0,-5250.699999999998,0.02,1050
5408,270455.0,-2704.5499999999993,0.02,1050
5409,251267.5,-2512.6749999999997,0.02,1050
5410,447975.0,-4479.749999999999,0.02,1050
5411,716205.0,-7162.05,0.02,1050
5412,349560.0,-3495.6,0.02,1050
5413,690765.0,-6907.649999999999,0.02,1050
5414,381282.5,-3812.824999999999,0.02,1050
5415,414960.0,-4149.599999999999,0.02,1050
5416,483737.5,-4837.375,0.02,1051
5417,636975.0,-6369.75,0.02,1051
5418,403350.0,-4033.5000000000005,0.02,1051
5419,444767.5,-4447.675000000002,0.02,1051
5420,427165.0,-4271.650000000001,0.02,1051
5421,433967.5,-4339.674999999999,0.02,1051
5422,407040.0,-4070.3999999999996,0.02,1052
5423,472002.5,-4720.0250000000015,0.02,1052
5424,538772.5,-5387.725,0.02,1052
5425,841195.0,-8411.949999999999,0.02,1053
5426,387730.0,-3877.3,0.02,1053
5427,509912.5,-5099.125000000001,0.02,1053
5428,468505.0,-4685.05,0.02,1053
5429,519907.5,-5199.075,0.02,1053
5430,488910.0,-4889.099999999999,0.02,1053
5431,433432.5,-4334.325000000001,0.02,1053
5432,401915.0,-4019.15,0.02,1053
5433,776765.0,-7767.649999999997,0.02,1053
5434,738495.0,-7384.949999999998,0.02,1054
5435,1019390.0,-10193.900000000001,0.02,1054
5436,418760.0,-4187.6,0.02,1055
5437,503855.0,-5038.549999999997,0.02,1055
5438,414265.0,-4142.649999999999,0.02,1055
5439,500020.0,-5000.2,0.02,1055
5440,706250.0,-7062.499999999999,0.02,1055
5441,411765.0,-4117.649999999999,0.02,1055
5442,672332.5,-6723.325000000001,0.02,1055
5443,502102.5,-5021.025000000001,0.02,1055
5444,436325.0,-4363.25,0.02,1055
5445,623317.5,-6233.175,0.02,1055
5446,549512.5,-5495.125000000001,0.02,1055
5447,957525.0,-9575.250000000002,0.02,1055
5448,508267.5,-5082.674999999997,0.02,1055
5449,477032.5,-4770.324999999999,0.02,1055
5450,617860.0,-6178.6,0.02,1055
5451,449730.0,-4497.3,0.02,1055
5452,509265.0,-5092.650000000001,0.02,1055
5453,484755.0,-4847.550000000001,0.02,1055
5454,411167.5,-4111.675,0.02,1055
5455,502672.5,-5026.724999999999,0.02,1055
5456,546292.5,-5462.925,0.02,1055
5457,518765.0,-5187.649999999999,0.02,1055
5458,375577.5,-3755.775,0.02,1055
5459,541762.5,-5417.624999999999,0.02,1056
5460,417957.5,-4179.575000000001,0.02,1056
5461,354422.5,-3544.2250000000004,0.02,1056
5462,580897.5,-5808.9749999999985,0.02,1056
5463,457725.0,-4577.25,0.02,1056
5464,391047.5,-3910.4750000000004,0.02,1056
5465,304967.5,-3049.6749999999997,0.02,1056
5466,500492.5,-5004.925,0.02,1056
5467,867925.0,-8679.250000000004,0.02,1056
5468,622117.5,-6221.174999999998,0.02,1056
5469,423500.0,-4235.000000000001,0.02,1056
5470,627600.0,-6275.999999999999,0.02,1056
5471,399252.5,-3992.524999999999,0.02,1056
5472,652602.5,-6526.0250000000015,0.02,1056
5473,649627.5,-6496.275000000001,0.02,1056
5474,445052.5,-4450.525,0.02,1056
5475,664867.5,-6648.675000000002,0.02,1056
5476,424895.0,-4248.949999999999,0.02,1056
5477,371840.0,-3718.3999999999983,0.02,1056
5478,432902.5,-4329.024999999999,0.02,1056
5479,494452.5,-4944.525000000001,0.02,1056
5480,403205.0,-4032.05,0.02,1056
5481,515085.0,-5150.850000000002,0.02,1056
5482,516250.0,-5162.499999999999,0.02,1056
5483,1058785.0,-10587.850000000002,0.02,1056
5484,736465.0,-7364.649999999999,0.02,1056
5485,538405.0,-5384.049999999999,0.02,1056
5486,717282.5,-7172.825000000002,0.02,1056
5487,503425.0,-5034.249999999999,0.02,1056
5488,345657.5,-3456.5749999999994,0.02,1056
5489,367230.0,-3672.300000000001,0.02,1056
5490,674180.0,-6741.800000000004,0.02,1056
5491,692335.0,-6923.349999999999,0.02,1056
5492,621387.5,-6213.875,0.02,1056
5493,462470.0,-4624.699999999999,0.02,1056
5494,665012.5,-6650.125000000001,0.02,1056
5495,453197.5,-4531.974999999999,0.02,1056
5496,364562.5,-3645.6250000000014,0.02,1056
5497,473520.0,-4735.2,0.02,1056
5498,463522.5,-4635.225,0.02,1056
5499,363355.0,-3633.55,0.02,1056
5500,457325.0,-4573.249999999999,0.02,1056
5501,594332.5,-5943.325000000002,0.02,1056
5502,453202.5,-4532.025000000001,0.02,1056
5503,456757.5,-4567.574999999998,0.02,1056
5504,450052.5,-4500.525000000001,0.02,1056
5505,561037.5,-5610.375,0.02,1056
5506,411450.0,-4114.5,0.02,1056
5507,366745.0,-3667.45,0.02,1056
5508,552790.0,-5527.9,0.02,1056
5509,448927.5,-4489.275000000001,0.02,1057
5510,603260.0,-6032.6,0.02,1057
5511,611065.0,-6110.649999999998,0.02,1057
5512,599582.5,-5995.825000000001,0.02,1057
5513,366737.5,-3667.3750000000005,0.02,1057
5514,585345.0,-5853.450000000002,0.02,1057
5515,603920.0,-6039.200000000002,0.02,1057
5516,488550.0,-4885.5,0.02,1057
5517,694877.5,-6948.775000000001,0.02,1057
5518,485337.5,-4853.375000000001,0.02,1057
5519,363990.0,-3639.9,0.02,1057
5520,706115.0,-7061.15,0.02,1057
5521,447500.0,-4474.999999999999,0.02,1057
5522,437672.5,-4376.7249999999985,0.02,1057
5523,843787.5,-8437.875,0.02,1057
5524,465507.5,-4655.075,0.02,1057
5525,443235.0,-4432.349999999999,0.02,1057
5526,297612.5,-2976.1250000000005,0.02,1057
5527,582887.5,-5828.875,0.02,1057
5528,429590.0,-4295.899999999999,0.02,1057
5529,709617.5,-7096.175000000002,0.02,1057
5530,507712.5,-5077.125000000001,0.02,1057
5531,678945.0,-6789.449999999999,0.02,1057
5532,400540.0,-4005.399999999999,0.02,1057
5533,562265.0,-5622.6500000000015,0.02,1057
5534,595127.5,-5951.2750000000015,0.02,1058
5535,641145.0,-6411.449999999999,0.02,1058
5536,566600.0,-5666.0,0.02,1058
5537,400502.5,-4005.0250000000005,0.02,1058
5538,501330.0,-5013.299999999999,0.02,1058
5539,554440.0,-5544.4,0.02,1059
5540,437782.5,-4377.825,0.02,1059
5541,696610.0,-6966.100000000001,0.02,1059
5542,435085.0,-4350.8499999999985,0.02,1059
5543,545987.5,-5459.875,0.02,1059
5544,493480.0,-4934.799999999999,0.02,1059
5545,470842.5,-4708.425000000001,0.02,1059
5546,563965.0,-5639.649999999998,0.02,1059
5547,376812.5,-3768.125,0.02,1059
5548,420370.0,-4203.7,0.02,1059
5549,542085.0,-5420.85,0.02,1059
5550,369852.5,-3698.5250000000005,0.02,1059
5551,574362.5,-5743.624999999999,0.02,1059
5552,550495.0,-5504.95,0.02,1059
5553,388755.0,-3887.5499999999993,0.02,1059
5554,391807.5,-3918.0750000000007,0.02,1059
5555,445530.0,-4455.299999999999,0.02,1059
5556,545722.5,-5457.2249999999985,0.02,1060
5557,475130.0,-4751.3,0.02,1060
5558,760050.0,-7600.5,0.02,1060
5559,451935.0,-4519.35,0.02,1060
5560,454895.0,-4548.950000000001,0.02,1060
5561,524400.0,-5244.000000000001,0.02,1060
5562,470980.0,-4709.799999999999,0.02,1060
5563,489895.0,-4898.949999999999,0.02,1060
5564,626697.5,-6266.975000000001,0.02,1060
5565,501072.5,-5010.725000000001,0.02,1064
5566,545942.5,-5459.424999999999,0.02,1064
5567,591022.5,-5910.225000000001,0.02,1064
5568,390615.0,-3906.149999999999,0.02,1064
5569,384425.0,-3844.250000000001,0.02,1064
5570,526637.5,-5266.374999999999,0.02,1064
5571,520387.5,-5203.875000000001,0.02,1064
5572,467545.0,-4675.450000000001,0.02,1064
5573,564002.5,-5640.025,0.02,1064
5574,610132.5,-6101.324999999999,0.02,1064
5575,736932.5,-7369.325000000001,0.02,1064
5576,443282.5,-4432.825,0.02,1064
5577,485272.5,-4852.724999999999,0.02,1064
5578,616962.5,-6169.625000000002,0.02,1064
5579,814290.0,-8142.900000000001,0.02,1066
5580,577722.5,-5777.225,0.02,1066
5581,465357.5,-4653.575000000001,0.02,1069
5582,604975.0,-6049.749999999998,0.02,1069
5583,306492.5,-3064.9250000000006,0.02,1069
5584,397232.5,-3972.3250000000003,0.02,1069
5585,676785.0,-6767.85,0.02,1069
5586,715185.0,-7151.850000000002,0.02,1069
5587,387192.5,-3871.9249999999993,0.02,1069
5588,724000.0,-7240.000000000001,0.02,1070
5589,531817.5,-5318.174999999999,0.02,1070
5590,611092.5,-6110.925,0.02,1070
5591,688407.5,-6884.075,0.02,1070
5592,484172.5,-4841.725,0.02,1070
5593,407075.0,-4070.7500000000005,0.02,1070
5594,498302.5,-4983.025,0.02,1070
5595,448302.5,-4483.025,0.02,1070
5596,417862.5,-4178.625000000001,0.02,1070
5597,377097.5,-3770.975,0.02,1070
5598,551415.0,-5514.149999999999,0.02,1070
5599,508482.5,-5084.824999999999,0.02,1070
5600,742060.0,-7420.599999999999,0.02,1070
5601,293635.0,-2936.3499999999995,0.02,1070
5602,428582.5,-4285.825000000001,0.02,1070
5603,1019202.5,-10192.025,0.02,1070
5604,803425.0,-8034.25,0.02,1070
5605,373890.0,-3738.8999999999996,0.02,1070
5606,531517.5,-5315.175,0.02,1070
5607,600312.5,-6003.125,0.02,1070
5608,387770.0,-3877.699999999999,0.02,1071
5609,582237.5,-5822.375000000001,0.02,1071
5610,419507.5,-4195.074999999999,0.02,1071
5611,509962.5,-5099.624999999999,0.02,1071
5612,823755.0,-8237.550000000001,0.02,1071
5613,470300.0,-4703.000000000001,0.02,1071
5614,535270.0,-5352.700000000001,0.02,1071
5615,543895.0,-5438.950000000002,0.02,1071
5616,728277.5,-7282.7750000000015,0.02,1071
5617,567255.0,-5672.549999999998,0.02,1071
5618,577780.0,-5777.799999999999,0.02,1071
5619,523517.5,-5235.175,0.02,1071
5620,517790.0,-5177.899999999999,0.02,1071
5621,902840.0,-9028.4,0.02,1071
5622,407170.0,-4071.7,0.02,1071
5623,502287.5,-5022.875,0.02,1071
5624,777232.5,-7772.324999999997,0.02,1071
5625,956590.0,-9565.9,0.02,1071
5626,454625.0,-4546.25,0.02,1071
5627,504395.0,-5043.950000000002,0.02,1071
5628,409322.5,-4093.2249999999995,0.02,1071
5629,708750.0,-7087.499999999998,0.02,1071
5630,542225.0,-5422.249999999998,0.02,1071
5631,497872.5,-4978.725000000001,0.02,1071
5632,703970.0,-7039.7,0.02,1071
5633,672945.0,-6729.450000000003,0.02,1071
5634,653640.0,-6536.4,0.02,1071
5635,354817.5,-3548.175,0.02,1071
5636,801590.0,-8015.9,0.02,1071
5637,376257.5,-3762.5749999999994,0.02,1071
5638,524132.5,-5241.325000000001,0.02,1071
5639,400620.0,-4006.2000000000003,0.02,1071
5640,418247.5,-4182.475000000001,0.02,1072
5641,442167.5,-4421.675,0.02,1072
5642,370042.5,-3700.4249999999997,0.02,1073
5643,362497.5,-3624.975,0.02,1073
5644,523407.5,-5234.075,0.02,1073
5645,490365.0,-4903.650000000001,0.02,1073
5646,498042.5,-4980.424999999999,0.02,1073
5647,498305.0,-4983.049999999998,0.02,1073
5648,572372.5,-5723.7249999999985,0.02,1073
5649,466995.0,-4669.949999999999,0.02,1075
5650,477635.0,-4776.3499999999985,0.02,1075
5651,580495.0,-5804.950000000001,0.02,1075
5652,432237.5,-4322.375000000001,0.02,1075
5653,513145.0,-5131.450000000001,0.02,1075
5654,382805.0,-3828.0500000000006,0.02,1075
5655,595747.5,-5957.475,0.02,1075
5656,625352.5,-6253.525,0.02,1075
5657,580015.0,-5800.149999999999,0.02,1075
5658,582980.0,-5829.799999999999,0.02,1075
5659,461430.0,-4614.300000000001,0.02,1075
5660,483232.5,-4832.325000000001,0.02,1075
5661,574770.0,-5747.700000000001,0.02,1075
5662,670412.5,-6704.125000000003,0.02,1075
5663,632235.0,-6322.350000000001,0.02,1075
5664,360665.0,-3606.6499999999996,0.02,1075
5665,664977.5,-6649.7750000000015,0.02,1075
5666,391222.5,-3912.225,0.02,1075
5667,624975.0,-6249.75,0.02,1075
5668,704167.5,-7041.675000000001,0.02,1075
5669,384990.0,-3849.9,0.02,1075
5670,558722.5,-5587.225,0.02,1075
5671,540960.0,-5409.6,0.02,1075
5672,614342.5,-6143.4249999999965,0.02,1075
5673,396012.5,-3960.125,0.02,1075
5674,500877.5,-5008.775,0.02,1075
5675,320767.5,-3207.675000000001,0.02,1075
5676,552412.5,-5524.125000000001,0.02,1075
5677,462972.5,-4629.725000000001,0.02,1075
5678,466245.0,-4662.450000000001,0.02,1075
5679,677937.5,-6779.374999999998,0.02,1075
5680,438652.5,-4386.525000000001,0.02,1075
5681,441287.5,-4412.874999999999,0.02,1075
5682,504460.0,-5044.599999999999,0.02,1075
5683,568427.5,-5684.275,0.02,1075
5684,479147.5,-4791.475,0.02,1075
5685,512235.0,-5122.350000000001,0.02,1075
5686,878977.5,-8789.775000000001,0.02,1075
5687,521595.0,-5215.949999999999,0.02,1075
5688,652210.0,-6522.099999999998,0.02,1075
5689,643737.5,-6437.374999999999,0.02,1075
5690,573277.5,-5732.7750000000015,0.02,1075
5691,433940.0,-4339.4,0.02,1075
5692,566517.5,-5665.174999999998,0.02,1076
5693,374577.5,-3745.7749999999996,0.02,1076
5694,588942.5,-5889.424999999999,0.02,1076
5695,391215.0,-3912.1499999999987,0.02,1076
5696,694645.0,-6946.450000000001,0.02,1076
5697,517795.0,-5177.95,0.02,1076
5698,370222.5,-3702.2250000000004,0.02,1076
5699,441942.5,-4419.424999999999,0.02,1076
5700,670592.5,-6705.925,0.02,1076
5701,334252.5,-3342.525,0.02,1076
5702,558145.0,-5581.449999999999,0.02,1076
5703,515490.0,-5154.900000000001,0.02,1076
5704,418410.0,-4184.099999999999,0.02,1076
5705,650705.0,-6507.05,0.02,1076
5706,522087.5,-5220.874999999999,0.02,1077
5707,756545.0,-7565.449999999998,0.02,1077
5708,584397.5,-5843.9749999999985,0.02,1078
5709,602232.5,-6022.325000000001,0.02,1078
5710,557460.0,-5574.599999999999,0.02,1079
5711,390537.5,-3905.3750000000005,0.02,1079
5712,553810.0,-5538.0999999999985,0.02,1079
5713,812842.5,-8128.425,0.02,1079
5714,554722.5,-5547.225000000003,0.02,1079
5715,658585.0,-6585.85,0.02,1079
5716,436425.0,-4364.249999999999,0.02,1079
5717,651797.5,-6517.975000000002,0.02,1079
5718,658515.0,-6585.149999999999,0.02,1079
5719,428150.0,-4281.499999999999,0.02,1079
5720,358720.0,-3587.2000000000007,0.02,1079
5721,536617.5,-5366.175,0.02,1079
5722,488010.0,-4880.1,0.02,1079
5723,463312.5,-4633.125000000001,0.02,1079
5724,380825.0,-3808.25,0.02,1079
5725,392452.5,-3924.524999999998,0.02,1079
5726,585127.5,-5851.275000000002,0.02,1079
5727,348565.0,-3485.65,0.02,1079
5728,662392.5,-6623.924999999997,0.02,1079
5729,638790.0,-6387.899999999999,0.02,1079
5730,562770.0,-5627.700000000002,0.02,1079
5731,481597.5,-4815.9749999999985,0.02,1079
5732,390407.5,-3904.075000000001,0.02,1079
5733,790090.0,-7900.9,0.02,1079
5734,433405.0,-4334.05,0.02,1079
5735,359880.0,-3598.8000000000006,0.02,1079
5736,611197.5,-6111.975,0.02,1079
5737,432952.5,-4329.525,0.02,1080
5738,530477.5,-5304.775000000001,0.02,1080
5739,487435.0,-4874.349999999999,0.02,1080
5740,564100.0,-5640.999999999999,0.02,1080
5741,457942.5,-4579.425000000001,0.02,1080
5742,854005.0,-8540.050000000001,0.02,1080
5743,497127.5,-4971.275,0.02,1080
5744,584835.0,-5848.35,0.02,1080
5745,553045.0,-5530.45,0.02,1080
5746,336017.5,-3360.1749999999997,0.02,1080
5747,578250.0,-5782.5,0.02,1080
5748,424287.5,-4242.875,0.02,1080
5749,530435.0,-5304.349999999999,0.02,1080
5750,1040547.5,-10405.475000000002,0.02,1080
5751,706527.5,-7065.274999999998,0.02,1080
5752,307000.0,-3070.0000000000014,0.02,1082
5753,442995.0,-4429.95,0.02,1082
5754,445632.5,-4456.325,0.02,1084
5755,518170.0,-5181.7,0.02,1084
5756,487927.5,-4879.2750000000015,0.02,1084
5757,499735.0,-4997.35,0.02,1085
5758,394407.5,-3944.075,0.02,1085
5759,410042.5,-4100.425,0.02,1085
5760,529885.0,-5298.850000000002,0.02,1085
5761,413530.0,-4135.3,0.02,1085
5762,484127.5,-4841.275000000001,0.02,1085
5763,369877.5,-3698.7749999999987,0.02,1085
5764,448257.5,-4482.575,0.02,1085
5765,677385.0,-6773.8499999999985,0.02,1085
5766,981892.5,-9818.925,0.02,1085
5767,655445.0,-6554.45,0.02,1085
5768,666822.5,-6668.225000000001,0.02,1085
5769,477860.0,-4778.6,0.02,1085
5770,717920.0,-7179.200000000001,0.02,1086
5771,489850.0,-4898.499999999999,0.02,1086
5772,677540.0,-6775.4000000000015,0.02,1086
5773,487962.5,-4879.624999999998,0.02,1086
5774,751765.0,-7517.6500000000015,0.02,1086
5775,598900.0,-5989.0,0.02,1086
5776,530310.0,-5303.100000000003,0.02,1086
5777,461927.5,-4619.275000000001,0.02,1086
5778,442067.5,-4420.675000000001,0.02,1086
5779,605260.0,-6052.600000000002,0.02,1086
5780,392037.5,-3920.3750000000005,0.02,1086
5781,306532.5,-3065.325,0.02,1087
5782,558017.5,-5580.174999999999,0.02,1087
5783,407657.5,-4076.5750000000007,0.02,1087
5784,422372.5,-4223.725000000001,0.02,1087
5785,989807.5,-9898.075,0.02,1087
5786,406390.0,-4063.8999999999996,0.02,1087
5787,615852.5,-6158.525000000001,0.02,1087
5788,331272.5,-3312.7250000000004,0.02,1087
5789,409682.5,-4096.825,0.02,1087
5790,366817.5,-3668.175,0.02,1087
5791,367080.0,-3670.7999999999997,0.02,1087
5792,512047.5,-5120.474999999999,0.02,1087
5793,392867.5,-3928.675000000001,0.02,1087
5794,461860.0,-4618.599999999999,0.02,1088
5795,631585.0,-6315.850000000001,0.02,1088
5796,335695.0,-3356.95,0.02,1088
5797,370752.5,-3707.5250000000005,0.02,1088
5798,496632.5,-4966.325000000002,0.02,1088
5799,558737.5,-5587.374999999999,0.02,1088
5800,614767.5,-6147.675,0.02,1088
5801,813975.0,-8139.75,0.02,1088
5802,501947.5,-5019.474999999999,0.02,1088
5803,357970.0,-3579.6999999999994,0.02,1088
5804,677470.0,-6774.700000000001,0.02,1088
5805,442677.5,-4426.774999999999,0.02,1088
5806,458875.0,-4588.75,0.02,1088
5807,432460.0,-4324.6,0.02,1088
5808,566565.0,-5665.650000000001,0.02,1088
5809,761640.0,-7616.4000000000015,0.02,1088
5810,487932.5,-4879.325,0.02,1088
5811,790232.5,-7902.325,0.02,1088
5812,593510.0,-5935.1,0.02,1088
5813,499542.5,-4995.424999999999,0.02,1088
5814,389740.0,-3897.3999999999996,0.02,1088
5815,499372.5,-4993.725,0.02,1088
5816,744725.0,-7447.25,0.02,1088
5817,495902.5,-4959.025,0.02,1088
5818,525042.5,-5250.424999999999,0.02,1088
5819,602227.5,-6022.275,0.02,1088
5820,476902.5,-4769.025000000001,0.02,1088
5821,584347.5,-5843.475,0.02,1088
5822,430317.5,-4303.175000000001,0.02,1088
5823,428317.5,-4283.175,0.02,1088
5824,312377.5,-3123.775,0.02,1088
5825,533585.0,-5335.85,0.02,1088
5826,390210.0,-3902.100000000001,0.02,1088
5827,482937.5,-4829.375,0.02,1088
5828,517332.5,-5173.325000000001,0.02,1088
5829,437980.0,-4379.799999999999,0.02,1088
5830,649580.0,-6495.799999999999,0.02,1088
5831,900070.0,-9000.7,0.02,1089
5832,593340.0,-5933.4,0.02,1089
5833,424325.0,-4243.249999999999,0.02,1089
5834,475105.0,-4751.05,0.02,1089
5835,509447.5,-5094.4749999999985,0.02,1089
5836,752660.0,-7526.599999999999,0.02,1089
5837,370155.0,-3701.5499999999997,0.02,1089
5838,534212.5,-5342.125,0.02,1089
5839,529462.5,-5294.625,0.02,1090
5840,601542.5,-6015.424999999998,0.02,1090
5841,541220.0,-5412.2,0.02,1090
5842,415697.5,-4156.975,0.02,1090
5843,523295.0,-5232.95,0.02,1090
5844,559192.5,-5591.925000000002,0.02,1090
5845,429540.0,-4295.4,0.02,1090
5846,659442.5,-6594.424999999999,0.02,1090
5847,548855.0,-5488.55,0.02,1090
5848,581420.0,-5814.2,0.02,1090
5849,597970.0,-5979.699999999999,0.02,1090
5850,444195.0,-4441.950000000001,0.02,1090
5851,483765.0,-4837.650000000002,0.02,1090
5852,485270.0,-4852.700000000001,0.02,1090
5853,435925.0,-4359.25,0.02,1090
5854,490037.5,-4900.375,0.02,1090
5855,581697.5,-5816.974999999999,0.02,1090
5856,679825.0,-6798.250000000003,0.02,1090
5857,772797.5,-7727.974999999997,0.02,1090
5858,553112.5,-5531.124999999999,0.02,1090
5859,453187.5,-4531.874999999999,0.02,1090
5860,317537.5,-3175.375,0.02,1090
5861,494770.0,-4947.699999999999,0.02,1090
5862,459145.0,-4591.450000000002,0.02,1090
5863,361342.5,-3613.425,0.02,1090
5864,411067.5,-4110.674999999999,0.02,1090
5865,657082.5,-6570.825,0.02,1090
5866,622735.0,-6227.349999999999,0.02,1090
5867,703185.0,-7031.849999999999,0.02,1090
5868,502707.5,-5027.074999999999,0.02,1090
5869,540125.0,-5401.249999999999,0.02,1090
5870,335660.0,-3356.600000000001,0.02,1090
5871,591390.0,-5913.9,0.02,1090
5872,458075.0,-4580.749999999999,0.02,1090
5873,447042.5,-4470.424999999999,0.02,1090
5874,411277.5,-4112.775,0.02,1090
5875,619247.5,-6192.474999999999,0.02,1090
5876,488130.0,-4881.3,0.02,1090
5877,540705.0,-5407.05,0.02,1090
5878,465072.5,-4650.725,0.02,1090
5879,429810.0,-4298.100000000001,0.02,1090
5880,604445.0,-6044.450000000001,0.02,1090
5881,622512.5,-6225.125000000001,0.02,1090
5882,533792.5,-5337.925000000002,0.02,1090
5883,655422.5,-6554.225000000001,0.02,1090
5884,702325.0,-7023.250000000002,0.02,1090
5885,552212.5,-5522.125,0.02,1090
5886,583285.0,-5832.850000000002,0.02,1090
5887,357130.0,-3571.300000000001,0.02,1090
5888,466267.5,-4662.675,0.02,1090
5889,553515.0,-5535.15,0.02,1090
5890,355382.5,-3553.825,0.02,1090
5891,555072.5,-5550.725,0.02,1090
5892,735760.0,-7357.599999999999,0.02,1090
5893,600187.5,-6001.875,0.02,1090
5894,479550.0,-4795.500000000001,0.02,1090
5895,458985.0,-4589.85,0.02,1090
5896,633042.5,-6330.424999999998,0.02,1090
5897,419270.0,-4192.7,0.02,1090
5898,678610.0,-6786.1,0.02,1090
5899,535462.5,-5354.625,0.02,1090
5900,655242.5,-6552.425000000001,0.02,1090
5901,414880.0,-4148.8,0.02,1090
5902,470187.5,-4701.875,0.02,1090
5903,554212.5,-5542.124999999998,0.02,1090
5904,553535.0,-5535.349999999999,0.02,1090
5905,746910.0,-7469.100000000001,0.02,1090
5906,311017.5,-3110.174999999999,0.02,1090
5907,617780.0,-6177.799999999999,0.02,1090
5908,389227.5,-3892.275,0.02,1090
5909,500320.0,-5003.2,0.02,1090
5910,657377.5,-6573.7750000000015,0.02,1090
5911,354902.5,-3549.025,0.02,1090
5912,333907.5,-3339.0750000000007,0.02,1090
5913,550730.0,-5507.299999999999,0.02,1090
5914,545662.5,-5456.624999999999,0.02,1090
5915,581860.0,-5818.600000000002,0.02,1090
5916,619000.0,-6190.0,0.02,1090
5917,542485.0,-5424.85,0.02,1090
5918,589770.0,-5897.700000000001,0.02,1090
5919,503827.5,-5038.275,0.02,1090
5920,556335.0,-5563.35,0.02,1090
5921,515245.0,-5152.450000000001,0.02,1090
5922,519752.5,-5197.5250000000015,0.02,1090
5923,411502.5,-4115.025,0.02,1090
5924,469927.5,-4699.275000000001,0.02,1090
5925,488075.0,-4880.749999999998,0.02,1090
5926,342955.0,-3429.550000000001,0.02,1090
5927,485917.5,-4859.174999999999,0.02,1090
5928,510065.0,-5100.650000000001,0.02,1090
5929,386190.0,-3861.8999999999996,0.02,1090
5930,534505.0,-5345.049999999999,0.02,1090
5931,509347.5,-5093.474999999999,0.02,1090
5932,402570.0,-4025.699999999999,0.02,1090
5933,535080.0,-5350.8,0.02,1090
5934,712270.0,-7122.699999999999,0.02,1090
5935,420995.0,-4209.950000000002,0.02,1090
5936,356055.0,-3560.5499999999993,0.02,1090
5937,515772.5,-5157.725,0.02,1090
5938,398495.0,-3984.95,0.02,1090
5939,506132.5,-5061.325,0.02,1090
5940,572300.0,-5723.000000000002,0.02,1090
5941,344672.5,-3446.7249999999995,0.02,1090
5942,298447.5,-2984.475,0.02,1090
5943,380617.5,-3806.175,0.02,1090
5944,521712.5,-5217.124999999999,0.02,1090
5945,602625.0,-6026.25,0.02,1090
5946,450307.5,-4503.075,0.02,1091
5947,436482.5,-4364.825,0.02,1091
5948,301747.5,-3017.475,0.02,1091
5949,728345.0,-7283.450000000002,0.02,1091
5950,457607.5,-4576.075,0.02,1091
5951,510540.0,-5105.400000000001,0.02,1091
5952,308365.0,-3083.65,0.02,1091
5953,910645.0,-9106.45,0.02,1091
5954,450930.0,-4509.3,0.02,1091
5955,672217.5,-6722.174999999999,0.02,1091
5956,395322.5,-3953.225000000001,0.02,1091
5957,577775.0,-5777.750000000001,0.02,1091
5958,447155.0,-4471.549999999999,0.02,1091
5959,397977.5,-3979.775000000001,0.02,1091
5960,327562.5,-3275.6250000000005,0.02,1091
5961,496800.0,-4968.0,0.02,1091
5962,534240.0,-5342.4,0.02,1091
5963,720972.5,-7209.724999999999,0.02,1091
5964,733515.0,-7335.150000000001,0.02,1091
5965,465582.5,-4655.825,0.02,1092
5966,445545.0,-4455.45,0.02,1092
5967,521025.0,-5210.250000000001,0.02,1093
5968,561597.5,-5615.975000000001,0.02,1093
5969,575425.0,-5754.25,0.02,1095
5970,746537.5,-7465.375,0.02,1095
5971,441075.0,-4410.75,0.02,1095
5972,464302.5,-4643.025,0.02,1095
5973,479357.5,-4793.575000000002,0.02,1095
5974,651847.5,-6518.474999999999,0.02,1095
5975,265982.5,-2659.825,0.02,1095
5976,500657.5,-5006.574999999999,0.02,1095
5977,547692.5,-5476.924999999998,0.02,1095
5978,319195.0,-3191.95,0.02,1095
5979,432745.0,-4327.449999999999,0.02,1095
5980,374580.0,-3745.7999999999997,0.02,1095
5981,437397.5,-4373.9749999999985,0.02,1095
5982,415722.5,-4157.224999999999,0.02,1095
5983,465707.5,-4657.074999999998,0.02,1095
5984,638407.5,-6384.075000000002,0.02,1095
5985,694395.0,-6943.95,0.02,1095
5986,470325.0,-4703.250000000002,0.02,1095
5987,591555.0,-5915.5499999999965,0.02,1095
5988,616305.0,-6163.05,0.02,1095
5989,373380.0,-3733.8,0.02,1095
5990,412297.5,-4122.974999999999,0.02,1095
5991,559400.0,-5593.999999999999,0.02,1095
5992,421657.5,-4216.575,0.02,1096
5993,499847.5,-4998.4749999999985,0.02,1096
5994,289780.0,-2897.8,0.02,1096
5995,484895.0,-4848.949999999999,0.02,1096
5996,534165.0,-5341.650000000001,0.02,1096
5997,438607.5,-4386.075,0.02,1096
5998,256832.5,-2568.324999999999,0.02,1096
5999,369372.5,-3693.724999999999,0.02,1096
6000,755717.5,-7557.174999999999,0.02,1096
